2.2_name,2.2_address,size,byte_sha256,family,1.8_ida_name,1.8_raw_symbol,1.8_demangled_symbol,1.8_address,address_delta_2.2_minus_1.8,1.8_name_origin,1.8_source_kind
BZ2_bzCompressEnd,0x2814ec,156,2b056290f9888b07a1932f959803b4c32ad97c8a58216eb4c40665a6cecc4736,bzip2,BZ2_bzCompressEnd,,,0x27407c,0xd470,ida_named_non_elf,
BZ2_bzDecompressEnd,0x282300,156,6b1304424609fd3c597454acf003fc8922f2be6102311693ae7f1bf5ebdbb3a8,bzip2,BZ2_bzDecompressEnd,,,0x274e90,0xd470,ida_named_non_elf,
DGifExtensionToGCB,0x2bb3a0,96,e4a3c73e5656dac3927d1952e0dee2d618e9ccc4e93a3032a087fc735ef19f76,GIF,DGifExtensionToGCB,,,0x2adf80,0xd420,ida_named_non_elf,
FT_Activate_Size,0x25b108,40,3a396ccbaa7faebdd2f412a777e8d13a72027e90257c9195ed137f11984133e2,FreeType/TrueType,FT_Activate_Size,,,0x24dc98,0xd470,ida_named_non_elf,
FT_Angle_Diff,0x25d984,92,acbfc85043978c294856b92d464b703f6325a5a6eb5e5a358f443f29ef3c0e5c,FreeType/TrueType,FT_Angle_Diff,,,0x250514,0xd470,ida_named_non_elf,
FT_Bitmap_New,0x27ea08,36,4e66f89a9cdf36656ad7cdddd082b1fee5ba8ec30aff2d296745c9ee0b49c7c6,FreeType/TrueType,FT_Bitmap_New,,,0x271598,0xd470,ida_named_non_elf,
FT_CeilFix,0x2591f4,40,7e61073b976d5909c6aa70091157174ddaa4455acb34e546265c8d47fd65380d,FreeType/TrueType,FT_CeilFix,,,0x24bd84,0xd470,ida_named_non_elf,
FT_DivFix,0x2594ac,168,3e73ddee4d8028277232cafc9b5670c750ef49a73fad994b6b8abfd7993f3085,FreeType/TrueType,FT_DivFix,,,0x24c03c,0xd470,ida_named_non_elf,
FT_Done_Memory,0x261834,32,4ccfc6635c1082e97f5d6decee43fdc2ef6a49fd8f8d458650e635c43548fe8a,FreeType/TrueType,FT_Done_Memory,,,0x2543c4,0xd470,ida_named_non_elf,
FT_FloorFix,0x25921c,28,4440753952e8d5ed387fc5db2aa76afc0e33ed7e26981a0bcb1a31a9a427582a,FreeType/TrueType,FT_FloorFix,,,0x24bdac,0xd470,ida_named_non_elf,
FT_Get_Char_Index,0x25a704,60,d88fc67cb1e05a29516093b7ca0b5c045b52f7b2c9b426acd9a7568cedfe7f59,FreeType/TrueType,FT_Get_Char_Index,,,0x24d294,0xd470,ida_named_non_elf,
FT_Get_Charmap_Index,0x25a6a8,92,1402e2149890d7f42642b5d7480f67bb830a0af405880ffa2d07c92e20031903,FreeType/TrueType,FT_Get_Charmap_Index,,,0x24d238,0xd470,ida_named_non_elf,
FT_Get_Next_Char,0x25a740,104,323e5a2046ffbd66d79ed16f3e384fc3c2fa2a96bc19382bdfd9e7f89dcb6eb9,FreeType/TrueType,FT_Get_Next_Char,,,0x24d2d0,0xd470,ida_named_non_elf,
FT_Get_SubGlyph_Info,0x25b398,120,b2fce37dc28b15294c6c34d13f531b1eeba30f432dfc6aae2e3e2254a17fae4e,FreeType/TrueType,FT_Get_SubGlyph_Info,,,0x24df28,0xd470,ida_named_non_elf,
FT_GlyphLoader_Prepare,0x2598a4,128,099d620152fb0b613a7f330f0a3ce8a92eeff0eb39f7933f6525ab4a671f3e91,FreeType/TrueType,FT_GlyphLoader_Prepare,,,0x24c434,0xd470,ida_named_non_elf,
FT_GlyphLoader_Rewind,0x259864,64,1da63e4d0ce2a1505e1ac5c660b16d8792b626f626431b25965df5cc3360cce9,FreeType/TrueType,FT_GlyphLoader_Rewind,,,0x24c3f4,0xd470,ida_named_non_elf,
FT_Glyph_Get_CBox,0x28025c,228,597f10111ad3963773aca75589f57aa0a259fec55de65fa6d002c8a11417712e,FreeType/TrueType,FT_Glyph_Get_CBox,,,0x272dec,0xd470,ida_named_non_elf,
FT_Library_Version,0x25b2e8,60,d7483e881ef607efb6cf5ba21747f6eeafc692a4e152a8dfde8753414cd21557,FreeType/TrueType,FT_Library_Version,,,0x24de78,0xd470,ida_named_non_elf,
FT_List_Add,0x25f720,40,164b0f3744a8ed368ff822fdb1abea47310831b1ae667061163065a03c120b55,FreeType/TrueType,FT_List_Add,,,0x2522b0,0xd470,ida_named_non_elf,
FT_List_Find,0x25f6f4,44,114df72986a3756d63cd53b418b7c02a8914ccbdaf54bcf9fcf49f4100be694d,FreeType/TrueType,FT_List_Find,,,0x252284,0xd470,ida_named_non_elf,
FT_List_Insert,0x25f880,40,ea40718530fc14ddaad3dbc04783571b0d56deec5d505ae8f77f4206d94bbc9a,FreeType/TrueType,FT_List_Insert,,,0x252410,0xd470,ida_named_non_elf,
FT_List_Iterate,0x260230,88,b9d14aae0ade45c03deb51f97ef0c4b764983d407b7aba41827bac0a55cc60db,FreeType/TrueType,FT_List_Iterate,,,0x252dc0,0xd470,ida_named_non_elf,
FT_List_Remove,0x25f8a8,44,5d1f738f12928ec40514a0d395f907c845677c6b18e1faa7b89c6c4241d94ee5,FreeType/TrueType,FT_List_Remove,,,0x252438,0xd470,ida_named_non_elf,
FT_List_Up,0x25f9fc,56,ed85204953fc8d93d560d343f775f06ccf4a233ad20fb61852bca45b45040f48,FreeType/TrueType,FT_List_Up,,,0x25258c,0xd470,ida_named_non_elf,
FT_Lookup_Renderer,0x25b130,80,8e88160595aaf57f0fc3981973680229b2f93b99ae00b7954a19d683ae244b9e,FreeType/TrueType,FT_Lookup_Renderer,,,0x24dcc0,0xd470,ida_named_non_elf,
FT_Match_Size,0x259ba8,320,8ea6cb1d1895a61fb347ce8a8f14b7d7150cb9246c53c90a7bceefc4d1078ed8,FreeType/TrueType,FT_Match_Size,,,0x24c738,0xd470,ida_named_non_elf,
FT_MulDiv,0x259238,272,a54c877605d88e30008ebe4cd12bab710dfceb760c7767f31571679e8a20d400,FreeType/TrueType,FT_MulDiv,,,0x24bdc8,0xd470,ida_named_non_elf,
FT_MulDiv_No_Round,0x259348,236,2f365bcb4bb59807a6d57d82e8db155c39e0428a8b272c2fea28bbb8bba94f32,FreeType/TrueType,FT_MulDiv_No_Round,,,0x24bed8,0xd470,ida_named_non_elf,
FT_MulFix,0x259434,120,5ae2448c35aa260be44b565f9fd1e279483969edc862988eacf3d906be06946c,FreeType/TrueType,FT_MulFix,,,0x24bfc4,0xd470,ida_named_non_elf,
FT_Outline_Check,0x25b868,120,909cc9487cd3d1a27d648ddef4a8214ce9670a8a7a91e7e4920735239c412ee7,FreeType/TrueType,FT_Outline_Check,,,0x24e3f8,0xd470,ida_named_non_elf,
FT_Outline_Decompose,0x25b410,1112,2a1fcd1a36210fb551fa9aa1e9e3c85e81ff338b1069f73c3ccbb2215fb4a26d,FreeType/TrueType,FT_Outline_Decompose,,,0x24dfa0,0xd470,ida_named_non_elf,
FT_Outline_Get_CBox,0x25b990,628,7b4e265189523406da8afb20371cb1d01738602c0b9ef8309cba228e58d51217,FreeType/TrueType,FT_Outline_Get_CBox,,,0x24e520,0xd470,ida_named_non_elf,
FT_Outline_Reverse,0x25bc4c,180,1e56c828462528a9cda30c79ca1e0c6638c7beac27849f56702e7976dc85315d,FreeType/TrueType,FT_Outline_Reverse,,,0x24e7dc,0xd470,ida_named_non_elf,
FT_Outline_Translate,0x25bc04,72,a1dff871802435c4757416ff29a345c3498f638cad1ec2a323d421fbff7f344f,FreeType/TrueType,FT_Outline_Translate,,,0x24e794,0xd470,ida_named_non_elf,
FT_Raccess_Guess,0x25c370,296,2b9bb5e6fac647096fd5ebe2140895b2ca25c4ecb0ea0066bc4b29b39fd0fa9b,FreeType/TrueType,FT_Raccess_Guess,,,0x24ef00,0xd470,ida_named_non_elf,
FT_RoundFix,0x2591d0,36,8cc4141cce00a9409a8b1b55eca5e967aedf467add9a61f42bd5932a2c90e83c,FreeType/TrueType,FT_RoundFix,,,0x24bd60,0xd470,ida_named_non_elf,
FT_Select_Charmap,0x25a594,276,3ac1ec5c5d48d45383c29b957cb10f8836491e8a169e162f28432912a716faea,FreeType/TrueType,FT_Select_Charmap,,,0x24d124,0xd470,ida_named_non_elf,
FT_Set_Debug_Hook,0x25b324,40,889b4d756e213abfb84979421eabfbeb8b5388b22ac4cc4465c77481e1b08781,FreeType/TrueType,FT_Set_Debug_Hook,,,0x24deb4,0xd470,ida_named_non_elf,
FT_Set_Transform,0x259b00,168,8b1490b8a61b01c4df15dda32afe5fed4a87c4fa01eff8e04aa387a778bc8afb,FreeType/TrueType,FT_Set_Transform,,,0x24c690,0xd470,ida_named_non_elf,
FT_SqrtFixed,0x2596d4,84,3e17bc7c99cbcbbbf9367beaaa9829e8a35e4a74ecc45f8716cf204523fc13e7,FreeType/TrueType,FT_SqrtFixed,,,0x24c264,0xd470,ida_named_non_elf,
FT_Stream_Close,0x25c4b4,36,69c199d6975fb1baf14d8c38666c1c4889c6d6d5e37b177bdf3aba01f9366e98,FreeType/TrueType,FT_Stream_Close,,,0x24f044,0xd470,ida_named_non_elf,
FT_Stream_GetChar,0x25c68c,40,6580512847f29cd671323488f4d7e64e62156ad712544300521edc97fcab67b9,FreeType/TrueType,FT_Stream_GetChar,,,0x24f21c,0xd470,ida_named_non_elf,
FT_Stream_GetLong,0x25c768,76,69db1b2b5a0c55bbd901667f39bf25a14563aa9e7f98c10522034f210f4817f7,FreeType/TrueType,FT_Stream_GetLong,,,0x24f2f8,0xd470,ida_named_non_elf,
FT_Stream_GetLongLE,0x25c7b4,76,2fbb38b6ea0bcc502714ea94609f02ac682bf8c3a620402a056a71bf5b790ff7,FreeType/TrueType,FT_Stream_GetLongLE,,,0x24f344,0xd470,ida_named_non_elf,
FT_Stream_GetOffset,0x25c724,68,80ef7c527a279cee5c6e3ae774b0ca8b884fb61a67873e4b1edca07017fea914,FreeType/TrueType,FT_Stream_GetOffset,,,0x24f2b4,0xd470,ida_named_non_elf,
FT_Stream_GetShort,0x25c6b4,56,1a525eb9d07befa78dede927a41e863cc102286e2ee9b6ab87cfa8a4994b5883,FreeType/TrueType,FT_Stream_GetShort,,,0x24f244,0xd470,ida_named_non_elf,
FT_Stream_GetShortLE,0x25c6ec,56,b1550652d26ff4f173c191c14bb3de6f092db31a18740ae8c882a9d9972a3bd3,FreeType/TrueType,FT_Stream_GetShortLE,,,0x24f27c,0xd470,ida_named_non_elf,
FT_Stream_OpenMemory,0x25c498,28,d0dc28236f7ca512499860e156af5a34bf404523b536bfd5171da0bb01020a35,FreeType/TrueType,FT_Stream_OpenMemory,,,0x24f028,0xd470,ida_named_non_elf,
FT_Stream_ReadChar,0x25c800,148,ebd2eb529e8ac78d14494f977056736274917b299065e9d31eb2041c58029082,FreeType/TrueType,FT_Stream_ReadChar,,,0x24f390,0xd470,ida_named_non_elf,
FT_Stream_ReadLong,0x25cda4,196,4b97b37a18b3c306f36d2786caf126509aa79f3623650efa1fd0a66701a1f541,FreeType/TrueType,FT_Stream_ReadLong,,,0x24f934,0xd470,ida_named_non_elf,
FT_Stream_ReadLongLE,0x25ce68,196,fef17a3b5d2afe276ff3f7e5b5a30ddc4623a54b633d529d93541f4619dcab56,FreeType/TrueType,FT_Stream_ReadLongLE,,,0x24f9f8,0xd470,ida_named_non_elf,
FT_Stream_ReadOffset,0x25cce8,188,366c80c2a3ef994b6b92b3bbdb1f8e9d0940af79e5a0725ee73422724761e727,FreeType/TrueType,FT_Stream_ReadOffset,,,0x24f878,0xd470,ida_named_non_elf,
FT_Stream_ReadShort,0x25c894,172,d97308943927198bdcf13e6eae36132bb6dd06e646b00bfaf55a0e442402eac5,FreeType/TrueType,FT_Stream_ReadShort,,,0x24f424,0xd470,ida_named_non_elf,
FT_Stream_ReadShortLE,0x25cc3c,172,1c8c321cb17b90b7a7ae45e8b58fc8a422d901006fb6619409b80df6e6d29df3,FreeType/TrueType,FT_Stream_ReadShortLE,,,0x24f7cc,0xd470,ida_named_non_elf,
FT_Stream_Seek,0x25c4d8,84,f12415b1288cab384b80e0f0253b011c6ad112866ba5dce9fdaceff3fc2c36bf,FreeType/TrueType,FT_Stream_Seek,,,0x24f068,0xd470,ida_named_non_elf,
FT_Vector_Length,0x25d5f4,404,0cf526a4ea36a458bb451b8a4d739bbde207d2bf19adde18b1a04fa79fb8a487,FreeType/TrueType,FT_Vector_Length,,,0x250184,0xd470,ida_named_non_elf,
GifApplyTranslation,0x2bc54c,56,1161ac656ebc4e328ea47586435d3c94b21d86cbf5a5bdc009bdc72924db1244,GIF,GifApplyTranslation,,,0x2aefc8,0xd584,ida_named_non_elf,
GifBitSize,0x2bbef4,132,5a309d226d4463e81a290f185785f10efcb20328e94cb0c7bddf13f46db08ee0,GIF,GifBitSize,,,0x2ae970,0xd584,ida_named_non_elf,
Move_CVT,0x26b9dc,20,910741c0160d21f88c082cddf8d3c509229c0b3705e02f85f5f4242057237106,other,Move_CVT,,,0x25e56c,0xd470,ida_named_non_elf,
Read_CVT,0x26b9c4,12,245011f488d0f2dc593af1fd9b731b65da7f549d718777d5239bb008430bcfc5,other,Read_CVT,,,0x25e554,0xd470,ida_named_non_elf,
TT_Load_Glyph_Header,0x26b8c4,144,f8289e8076e1f1cb5cc544eaa7b787fc4acbc63463e270df46d9b3a14151ec64,FreeType/TrueType,TT_Load_Glyph_Header,,,0x25e454,0xd470,ida_named_non_elf,
Write_CVT,0x26b9d0,12,6d426a181a5e775f5dc6fe46bbee63c6373fe24f1bdb4de2cc712798a3da48fb,other,Write_CVT,,,0x25e560,0xd470,ida_named_non_elf,
_Z10AiE9BagwJIPhj,0x115360,88,6106bfbe9664de46434292c73a457e968d9b43e39ce00feac73efa58fd6f963c,other,bitmapConvertRGB_to_5551_c_uchar_uint,_Z26bitmapConvertRGB_to_5551_cPhj,"bitmapConvertRGB_to_5551_c(uchar *,uint)",0x112a90,0x28d0,elf_symbol,function
_Z10Arc4SetKeyP4Arc4PKhj,0x2c5e60,340,d4871251b69b7c301bf422e3ca6b0a29cfeaee3cb6e4500a5f1a15997ac1f4c1,crypto-like,Arc4SetKey_Arc4_uchar_const_uint,_Z10Arc4SetKeyP4Arc4PKhj,"Arc4SetKey(Arc4 *,uchar const*,uint)",0x2b88d0,0xd590,elf_symbol,function
_Z10D5YAqbt0IZi,0x19025c,40,e710b6a9659df22fd59f3878cd556aab3dd600c80dc320faec6971af486a9424,other,getPlayerAttrForNetIndex_int,_Z24getPlayerAttrForNetIndexi,getPlayerAttrForNetIndex(int),0x18b994,0x48c8,elf_symbol,function
_Z10EtEHGaGFkxPKfS0_Pf,0x1e652c,836,5466c2c3e5e9352afcd25cd965d51b9066279d89305a4df9a1d5046c53f3b445,other,m_matF_x_matF_float_const_float_const_float,_Z13m_matF_x_matFPKfS0_Pf,"m_matF_x_matF(float const*,float const*,float *)",0x1e265c,0x3ed0,elf_symbol,function
_Z10FlZHGaYdCxPf,0x1e6060,100,f86d3c757501e1658ef1f7521c33873391e2681eb2a5262e420fe1f1026e0b02,other,m_matF_transpose_float,_Z16m_matF_transposePf,m_matF_transpose(float *),0x1e2190,0x3ed0,elf_symbol,function
_Z10GKUHGaVlyxPfPKf,0x1e60c4,196,3ff082386490a1e475ea12b5c9fc52cb180eed581d561ca223fbbd55c5322de7,other,m_matF_scale_float_float_const,_Z12m_matF_scalePfPKf,"m_matF_scale(float *,float const*)",0x1e21f4,0x3ed0,elf_symbol,function
_Z10HW2HGa14FxPKf,0x1e63ac,76,5735fdfa6a8c5367ec670e1a7669d4bbbab4d0ef81aa4be479fcf34f6616458d,other,m_matF_determinant_float_const,_Z18m_matF_determinantPKf,m_matF_determinant(float const*),0x1e24dc,0x3ed0,elf_symbol,function
_Z10InitSha256P6Sha256,0x2d0934,112,030c2098c6c862731712ad37e4796f82c1ca3b100d4f17f5f789d74afe5a9bfb,crypto-like,InitSha256_Sha256,_Z10InitSha256P6Sha256,InitSha256(Sha256 *),0x2c33a4,0xd590,elf_symbol,function
_Z10NxfkmbbHEoPh,0x11e1a4,36,63d27d3389a5e9c6b33f22578a7170502b6c59c02dfff8bbd638a41f6a746bb0,other,png_getint_uchar,_Z10png_getintPh,png_getint(uchar *),0x11b674,0x2b30,elf_symbol,function
_Z10OBUwqbzeiWi,0x18fce8,476,efac9c5da11771e9b1db0cfe1b59fcbd69d96ce7f59340da998ffb7443f086c8,other,getAlignmentColorF_int,_Z18getAlignmentColorFi,getAlignmentColorF(int),0x18b41c,0x48cc,elf_symbol,function
_Z10YIt9BaCCAIPhj,0x1158e0,72,7f4e59ea49cdbed9e8b50ea7f72603b0d7d321a77c0c518df7dbbcc881edc4c7,other,bitmapConvertRGBA_to_RGB_uchar_uint,_Z24bitmapConvertRGBA_to_RGBPhj,"bitmapConvertRGBA_to_RGB(uchar *,uint)",0x113010,0x28d0,elf_symbol,function
_Z10Zw3R_axA5uPKvS0_,0x1b7034,68,3c82fa39ccb1a179520f1d64e229787a32df4bc3800463cf43333084975ba8d8,other,GuiControl_compare_y_void_const_void_const,_Z20GuiControl_compare_yPKvS0_,"GuiControl_compare_y(void const*,void const*)",0x1b2b34,0x4500,elf_symbol,function
_Z10_6WeJaGlbGcRK10C8THgaTQxF,0xf4ebc,100,1b72aeea8948813a6d44c3bb422b1871dece31cf8f36ce3d3829e788289c7646,other,LastDelimiterChar_char_TString_const,_Z17LastDelimiterCharcRK7TString,"LastDelimiterChar(char,TString const&)",0xf379c,0x1720,elf_symbol,function
_Z10hBiIGa2fTxPf,0x1e5d48,76,b060e8c4c50699363ab79d0fc4733656c3218fb496bafb1dbf07f727b49bd3a7,other,m_matF_identity_float,_Z15m_matF_identityPf,m_matF_identity(float *),0x1e1e78,0x3ed0,elf_symbol,function
_Z10hH98Ba5LjIPhS_P10NLT0HaSwmEj,0x115c9c,48,bb44c646b8327dae285c657e5e9b48ad52385e3cc316132a00affaa0b134b58b,other,bitmapConvertPalettized_to_RGBA_uchar_uchar_TPalette_uint,_Z31bitmapConvertPalettized_to_RGBAPhS_P8TPalettej,"bitmapConvertPalettized_to_RGBA(uchar *,uchar *,TPalette *,uint)",0x1133cc,0x28d0,elf_symbol,function
_Z10hwJNhbKUrAPKvS0_,0xf0110,36,a84e77d91fb0c15e2099acf5edf520aa7861be9b40fd348d9b5c33f5d95859d6,other,resourceobjects_modtimecompare_void_const_void_const,_Z30resourceobjects_modtimecomparePKvS0_,"resourceobjects_modtimecompare(void const*,void const*)",0xeeefc,0x1214,elf_symbol,function
_Z10lRS1LatLb1PKvS0_,0x17fcf0,116,fcf761737414c3b77332316abe870ffbee9bd0f25ea5f81e86cc6fc6d7eff8e9,other,ObjectsYCompare_void_const_void_const,_Z15ObjectsYComparePKvS0_,"ObjectsYCompare(void const*,void const*)",0x17b948,0x43a8,elf_symbol,function
_Z10oFj9Baq9rIPhj,0x115888,88,8de579391845cf57dd74f7be0f1cd1e29df7d638244ed4219695dc5f2267919f,other,bitmapConvertRGBA_to_5551_uchar_uint,_Z25bitmapConvertRGBA_to_5551Phj,"bitmapConvertRGBA_to_5551(uchar *,uint)",0x112fb8,0x28d0,elf_symbol,function
_Z10ooEeJa7AWFRK10C8THgaTQxF,0xf54f8,304,d880070a8fb69f4b237372407adb84e1e578692f58cc21a4cca7be665f869323,other,isnumber2_TString_const,_Z9isnumber2RK7TString,isnumber2(TString const&),0xf3dd8,0x1720,elf_symbol,function
_Z10r1P8BaVn2HPhS_P10NLT0HaSwmEj,0x115ccc,80,ec40925be59f1c579eba4ea6d951427d3dd43fe3d2f7d143130f03410853d5b0,other,bitmapConvertPalettized_to_RGB_uchar_uchar_TPalette_uint,_Z30bitmapConvertPalettized_to_RGBPhS_P8TPalettej,"bitmapConvertPalettized_to_RGB(uchar *,uchar *,TPalette *,uint)",0x1133fc,0x28d0,elf_symbol,function
_Z10rC_8BaXhbIPhS_j,0x115928,884,674cf020f94a8176a5acf748f8ceccb085de5723b336215b36531407545d8005,other,bitmapConvertRGB_to_RGBA_uchar_uchar_uint,_Z24bitmapConvertRGB_to_RGBAPhS_j,"bitmapConvertRGB_to_RGBA(uchar *,uchar *,uint)",0x113058,0x28d0,elf_symbol,function
_Z10rW_jmbMyroiPh,0x11e1c8,32,c14bb009c91d80694f3c581d458e67e7d59517276d8024ec99dfac44ffa28666,other,png_setint_int_uchar,_Z10png_setintiPh,"png_setint(int,uchar *)",0x11b698,0x2b30,elf_symbol,function
_Z10sGhaCakugJPhj,0x115854,52,1ebc6243c10d243d68c2df84a0bc3342970627167625698e2c2d222f00ec30df,other,bitmapConvertRGBA_to_BGRA_uchar_uint,_Z25bitmapConvertRGBA_to_BGRAPhj,"bitmapConvertRGBA_to_BGRA(uchar *,uint)",0x112f84,0x28d0,elf_symbol,function
_Z10tFNHGaBosxPKfS0_Pf,0x1e6870,212,f3d7d82f4ce7b534c0f186a46af452439533aaf4931db24b38a595d5764c9a96,other,m_matF_x_T4DFloatPoint_float_const_float_const_float,_Z22m_matF_x_T4DFloatPointPKfS0_Pf,"m_matF_x_T4DFloatPoint(float const*,float const*,float *)",0x1e29a0,0x3ed0,elf_symbol,function
_Z10v2vBqbJza_i,0x190238,36,43fef5484f180cc49555c73dd0af599895c6fd4a35b68b42f9ae9487ec80ac4f,other,getNetIndexForPlayerAttr_int,_Z24getNetIndexForPlayerAttri,getNetIndexForPlayerAttr(int),0x18b970,0x48c8,elf_symbol,function
_Z11Arc4ProcessP4Arc4PhPKhj,0x2c60c0,116,09c4ab094fa60f31627babeb4b699556fb394ac08bd7805d33071ed422d3bc7b,crypto-like,Arc4Process_Arc4_uchar_uchar_const_uint,_Z11Arc4ProcessP4Arc4PhPKhj,"Arc4Process(Arc4 *,uchar *,uchar const*,uint)",0x2b8b30,0xd590,elf_symbol,function
_Z13BZ2_blockSortP6EState,0x28ca40,296,2580358188cd204339a08f4eb374840422df9e81faccadf305bacf49fbb35c63,bzip2,BZ2_blockSort_EState,_Z13BZ2_blockSortP6EState,BZ2_blockSort(EState *),0x27f5d0,0xd470,elf_symbol,function
_Z13jdiv_round_upll,0x2a52b0,16,b5b2ca047f15a8b2587d1dd4bfea872d147375eeb04163797e5efc5314557715,JPEG-like,jdiv_round_up_long_long,_Z13jdiv_round_upll,"jdiv_round_up(long,long)",0x297e40,0xd470,elf_symbol,function
_Z13jpeg_idct_1x1P22jpeg_decompress_structP19jpeg_component_infoPsPPhj,0x2aeea4,52,cad6841fb61a976397be3f7e71dfd195d81859524400c13599522e77c6c93c8f,JPEG-like,jpeg_idct_1x1_jpeg_decompress_struct_jpeg_component_info_short_uchar_uint,_Z13jpeg_idct_1x1P22jpeg_decompress_structP19jpeg_component_infoPsPPhj,"jpeg_idct_1x1(jpeg_decompress_struct *,jpeg_component_info *,short *,uchar **,uint)",0x2a1a34,0xd470,elf_symbol,function
_Z13jpeg_idct_2x2P22jpeg_decompress_structP19jpeg_component_infoPsPPhj,0x2aec0c,664,cc67a6f6db46a28adbc81e5da820809ebf3641f7a3c7abc85ad4b80fdba267f8,JPEG-like,jpeg_idct_2x2_jpeg_decompress_struct_jpeg_component_info_short_uchar_uint,_Z13jpeg_idct_2x2P22jpeg_decompress_structP19jpeg_component_infoPsPPhj,"jpeg_idct_2x2(jpeg_decompress_struct *,jpeg_component_info *,short *,uchar **,uint)",0x2a179c,0xd470,elf_symbol,function
_Z13jpeg_idct_4x4P22jpeg_decompress_structP19jpeg_component_infoPsPPhj,0x2ae8b4,856,3d361fdc782f25a997e9508f54e0b6ee8560e3fd171d62d772da509732c4c1ab,JPEG-like,jpeg_idct_4x4_jpeg_decompress_struct_jpeg_component_info_short_uchar_uint,_Z13jpeg_idct_4x4P22jpeg_decompress_structP19jpeg_component_infoPsPPhj,"jpeg_idct_4x4(jpeg_decompress_struct *,jpeg_component_info *,short *,uchar **,uint)",0x2a1444,0xd470,elf_symbol,function
_Z13unzSetOffset1Pvm,0x25902c,100,e8b2fa2959a9f675a8f96c97da672d761faa3a1cb3b8078cbad83b467ce8d78e,other,unzSetOffset,,,0x24bbbc,0xd470,ida_named_non_elf,
_Z14BZ2_indexIntoFiPi,0x281674,56,ee23f0bda76fc71382bba58375c7bef2ee28a29289431c1d84cd3a956f5bb28b,bzip2,BZ2_indexIntoF_int_int,_Z14BZ2_indexIntoFiPi,"BZ2_indexIntoF(int,int *)",0x274204,0xd470,elf_symbol,function
_Z14yajl_buf_allocP16yajl_alloc_funcs,0x2bcd54,52,9af84d191b394ecdff8239a9f3c1f101d29d250fa645a3df113ca9fb6e3ca192,YAJL,yajl_buf_alloc_yajl_alloc_funcs,_Z14yajl_buf_allocP16yajl_alloc_funcs,yajl_buf_alloc(yajl_alloc_funcs *),0x2af7d0,0xd584,elf_symbol,function
_Z14yajl_buf_clearP10yajl_buf_t,0x2bcf20,20,54a4014b8eee8c1232d8a68fbfa3e5cafdd5f456d654c3272a7f29ed44a056a9,YAJL,yajl_buf_clear_yajl_buf_t,_Z14yajl_buf_clearP10yajl_buf_t,yajl_buf_clear(yajl_buf_t *),0x2af99c,0xd584,elf_symbol,function
_Z15BZ2_bsInitWriteP6EState,0x2861a0,12,918688d2635b2f04f7c584df221bb90b4a732bf5f096b1483a2dccf89916f493,bzip2,BZ2_bsInitWrite_EState,_Z15BZ2_bsInitWriteP6EState,BZ2_bsInitWrite(EState *),0x278d30,0xd470,elf_symbol,function
_Z15crc32_combine64mml,0x28d1a0,4,cd5b08f4224584f1c3a76d43cdfd376e2b19989c64d6b2a74eb97bef938f696d,other,crc32_combine64_ulong_ulong_long,_Z15crc32_combine64mml,"crc32_combine64(ulong,ulong,long)",0x27fd30,0xd470,elf_symbol,function
_Z15jpeg_fdct_floatPf,0x2b94d0,924,71bc194c3bb10dd4190679931c649960c01b902d74147f5f41413a0aad6d1c67,JPEG-like,jpeg_fdct_float_float,_Z15jpeg_fdct_floatPf,jpeg_fdct_float(float *),0x2ac060,0xd470,elf_symbol,function
_Z15jpeg_fdct_ifastPi,0x2b98b0,924,b6c52b2af0f9479f00107de820eafc856ee4101c6dd2a9e55387640ffa1469eb,JPEG-like,jpeg_fdct_ifast_int,_Z15jpeg_fdct_ifastPi,jpeg_fdct_ifast(int *),0x2ac440,0xd470,elf_symbol,function
_Z15jpeg_fdct_islowPi,0x2b9c60,808,6152afd832358e940bccf99d9892822fabd6aba3c5115c0adcad822657918cff,JPEG-like,jpeg_fdct_islow_int,_Z15jpeg_fdct_islowPi,jpeg_fdct_islow(int *),0x2ac7f0,0xd470,elf_symbol,function
_Z15jpeg_idct_floatP22jpeg_decompress_structP19jpeg_component_infoPsPPhj,0x2adb54,892,bc9a2db42098dbe6266f75b289de0e9b880fb9b55600c52f4fcfc436de80a618,JPEG-like,jpeg_idct_float_jpeg_decompress_struct_jpeg_component_info_short_uchar_uint,_Z15jpeg_idct_floatP22jpeg_decompress_structP19jpeg_component_infoPsPPhj,"jpeg_idct_float(jpeg_decompress_struct *,jpeg_component_info *,short *,uchar **,uint)",0x2a06e4,0xd470,elf_symbol,function
_Z15jpeg_idct_ifastP22jpeg_decompress_structP19jpeg_component_infoPsPPhj,0x2adee0,1136,f72ec3bf419053eb3429944f326bb50a6678b690e7ac1246bc5654c64caf22fa,JPEG-like,jpeg_idct_ifast_jpeg_decompress_struct_jpeg_component_info_short_uchar_uint,_Z15jpeg_idct_ifastP22jpeg_decompress_structP19jpeg_component_infoPsPPhj,"jpeg_idct_ifast(jpeg_decompress_struct *,jpeg_component_info *,short *,uchar **,uint)",0x2a0a70,0xd470,elf_symbol,function
_Z15jpeg_idct_islowP22jpeg_decompress_structP19jpeg_component_infoPsPPhj,0x2ae350,1380,3c625d8d97f7c88bff71e2865c53807d4f2e7803f5cf8d4babb3cd04f2faa57f,JPEG-like,jpeg_idct_islow_jpeg_decompress_struct_jpeg_component_info_short_uchar_uint,_Z15jpeg_idct_islowP22jpeg_decompress_structP19jpeg_component_infoPsPPhj,"jpeg_idct_islow(jpeg_decompress_struct *,jpeg_component_info *,short *,uchar **,uint)",0x2a0ee0,0xd470,elf_symbol,function
_Z17BZ2_hbAssignCodesPiPhiii,0x28a834,96,c6749f6f90726578a1c3b1e253c63911c9d5092ee2bc4912edfd5640aa1e7483,bzip2,BZ2_hbAssignCodes_int_uchar_int_int_int,_Z17BZ2_hbAssignCodesPiPhiii,"BZ2_hbAssignCodes(int *,uchar *,int,int,int)",0x27d3c4,0xd470,elf_symbol,function
_Z18yajl_lex_get_errorP12yajl_lexer_t,0x2bfb14,20,5640ed5906c267b5d7a77c9a2bf5a15832e62f75069f7cca3c118460a2af3211,YAJL,yajl_lex_get_error_yajl_lexer_t,_Z18yajl_lex_get_errorP12yajl_lexer_t,yajl_lex_get_error(yajl_lexer_t *),0x2b258c,0xd588,elf_symbol,function
_Z20jpeg_fill_bit_bufferP21bitread_working_statelii,0x2ac8b8,388,a2299b8ee6371cbe0193c4465856e8bebcec04866bb154b6979efb0b15d9306b,JPEG-like,jpeg_fill_bit_buffer_bitread_working_state_long_int_int,_Z20jpeg_fill_bit_bufferP21bitread_working_statelii,"jpeg_fill_bit_buffer(bitread_working_state *,long,int,int)",0x29f448,0xd470,elf_symbol,function
_Z21BZ2_hbMakeCodeLengthsPhPiii,0x28a280,1460,d58f169e404e693e38e97039aaf15d3c9e5d5b25600dd8b81bae2ca8db8d2851,bzip2,BZ2_hbMakeCodeLengths_uchar_int_int_int,_Z21BZ2_hbMakeCodeLengthsPhPiii,"BZ2_hbMakeCodeLengths(uchar *,int *,int,int)",0x27ce10,0xd470,elf_symbol,function
_Z21yajl_lex_current_lineP12yajl_lexer_t,0x2bfb28,8,4197ad96213c98161e13fbfd6185a724b5570ba296d316558cbd5cc5c1842369,YAJL,yajl_lex_current_line_yajl_lexer_t,_Z21yajl_lex_current_lineP12yajl_lexer_t,yajl_lex_current_line(yajl_lexer_t *),0x2b25a0,0xd588,elf_symbol,function
_Z23jpeg_open_backing_storeP18jpeg_common_structP20backing_store_structl,0x2a2380,40,53539e45ff1f5b0dbb4376a9f563d3da7ee0892145c0939610c9f7dc9d186777,JPEG-like,jpeg_open_backing_store_jpeg_common_struct_backing_store_struct_long,_Z23jpeg_open_backing_storeP18jpeg_common_structP20backing_store_structl,"jpeg_open_backing_store(jpeg_common_struct *,backing_store_struct *,long)",0x294f10,0xd470,elf_symbol,function
_Z24BZ2_hbCreateDecodeTablesPiS_S_Phiii,0x28a894,716,d1ffc3c120de70d0e7538ae71d8580ba0247573d5487306194f3fb1477e3617d,bzip2,BZ2_hbCreateDecodeTables_int_int_int_uchar_int_int_int,_Z24BZ2_hbCreateDecodeTablesPiS_S_Phiii,"BZ2_hbCreateDecodeTables(int *,int *,int *,uchar *,int,int,int)",0x27d424,0xd470,elf_symbol,function
_Z25yajl_string_validate_utf8PKhm,0x2c1054,284,352953f6dcd3477c7d52816a6244ada6b77a656221c72264bdbc793b559e4906,YAJL,yajl_string_validate_utf8_uchar_const_ulong,_Z25yajl_string_validate_utf8PKhm,"yajl_string_validate_utf8(uchar const*,ulong)",0x2b3acc,0xd588,elf_symbol,function
_Z7InitMd5P3Md5,0x2cbc5c,64,31381cdcd37cecbba6218ed49d23cb042f47c5814e07b717cf4939359090156b,crypto-like,InitMd5_Md5,_Z7InitMd5P3Md5,InitMd5(Md5 *),0x2be6cc,0xd590,elf_symbol,function
_Z7InitShaP3Sha,0x2cebc8,76,86281c3e75adcc1d213783cdc09f9d68370cd6dc5e1ee94c60f6060b370a9994,crypto-like,InitSha_Sha,_Z7InitShaP3Sha,InitSha(Sha *),0x2c1638,0xd590,elf_symbol,function
_Z8AesSetIVP3AesPKh,0x2c57a8,44,47bd2f7ab606c7dc2bd4e8dd212c4e3c4d33bdd60732422002917a0c32bf23fe,crypto-like,AesSetIV_Aes_uchar_const,_Z8AesSetIVP3AesPKh,"AesSetIV(Aes *,uchar const*)",0x2b8220,0xd588,elf_symbol,function
_Z9jround_upll,0x2a52c0,24,8fd90cca5256a403325b16d5351f920abdd65e3ea823e69c271062a85b76f4d7,other,jround_up_long_long,_Z9jround_upll,"jround_up(long,long)",0x297e50,0xd470,elf_symbol,function
_ZN10AS80gaE4zW10EGlRgaCRuNEv,0x1d606c,8,1022535a245769cbea72f288a368f7ee8bb6bb2fb3f57df64486cc3305996664,other,THTMLPage_initLineTags_void,_ZN9THTMLPage12initLineTagsEv,THTMLPage::initLineTags(void),0x1d1418,0x4c54,elf_symbol,function
_ZN10AS80gaE4zW10EmhRgaNdrNEv,0x1d73c0,12,567ceb836e7050a47b50108443ba0e5324ab05cf3c4fbdaee19d35b35328b77a,other,THTMLPage_initLists_void,_ZN9THTMLPage9initListsEv,THTMLPage::initLists(void),0x1d276c,0x4c54,elf_symbol,function
_ZN10AS80gaE4zW10F1pSga8voOEbjj,0x1d5090,16,089a36e4c1b65e0bef2143e8f9f2ab8a28c7a4901c3a65bb49fc87df5457edd8,other,THTMLPage_setSelection_bool_uint_uint,_ZN9THTMLPage12setSelectionEbjj,"THTMLPage::setSelection(bool,uint,uint)",0x1d043c,0x4c54,elf_symbol,function
_ZN10AS80gaE4zW10FOVQgamf8MEv,0x1d4fd0,20,ad24219334343d9729b8a3b1cc6a278e32ab37340f7accc1d893f6bedf1f12d3,other,THTMLPage_setDirty_void,_ZN9THTMLPage8setDirtyEv,THTMLPage::setDirty(void),0x1d037c,0x4c54,elf_symbol,function
_ZN10AS80gaE4zW10Ga_QgaJVbNEv,0x1d5fb0,52,3465213f3bfc81d808a564fa67530f54b118be7db5e8cafe8a7758658cdd9f3f,other,THTMLPage_freeTabStops_void,_ZN9THTMLPage12freeTabStopsEv,THTMLPage::freeTabStops(void),0x1d135c,0x4c54,elf_symbol,function
_ZN10AS80gaE4zW10In6QgaHZhNEv,0x1d69f0,16,461353fd693c088467df41662fbba5854a8953c081a493c37194801f95ed1a2c,other,THTMLPage_initLines_void,_ZN9THTMLPage9initLinesEv,THTMLPage::initLines(void),0x1d1d9c,0x4c54,elf_symbol,function
_ZN10AS80gaE4zW10TdfRgasqpNEv,0x1d5ed4,16,d5255d066e4825e706cce644825e2282a94a1d419ba3269c02bb5aeb76384932,other,THTMLPage_initURLs_void,_ZN9THTMLPage8initURLsEv,THTMLPage::initURLs(void),0x1d1280,0x4c54,elf_symbol,function
_ZN10AS80gaE4zW10XBgRgaCAqNEv,0x1d614c,12,9ddff7515464a16d0ed3d32ea551620764a326e2cf4d41a10a5465cb5a73758f,other,THTMLPage_initStyles_void,_ZN9THTMLPage10initStylesEv,THTMLPage::initStyles(void),0x1d14f8,0x4c54,elf_symbol,function
_ZN10AS80gaE4zW10g3mRgak0vNEv,0x1d5f6c,12,4e63dee99adf2b0dd773210177590c4874c18595730d8ac8c6329b7ce9a28bf2,other,THTMLPage_initTabStops_void,_ZN9THTMLPage12initTabStopsEv,THTMLPage::initTabStops(void),0x1d1318,0x4c54,elf_symbol,function
_ZN10AS80gaE4zW10pMwQgakbOMEv,0x1d446c,24,ebd8cf56899922e5e54cc5535eae4b6047a33bda0c7749f4a6f99cffbb9fc6a1,other,THTMLPage_clearFontPointers_void,_ZN9THTMLPage17clearFontPointersEv,THTMLPage::clearFontPointers(void),0x1cf818,0x4c54,elf_symbol,function
_ZN10AS80gaE4zW10uWkRgaPduNEv,0x1d62f0,8,a2c9588381b5934d0c0c88e7e8c8a35ab20fd5e800e4c68360caa397b6f3d82f,other,THTMLPage_initSubPages_void,_ZN9THTMLPage12initSubPagesEv,THTMLPage::initSubPages(void),0x1d169c,0x4c54,elf_symbol,function
_ZN10AS80gaE4zW10xDk3gaZYpYEi,0x1d88a4,60,1b1f8d07b3cfb3d0f06cf71a88a208950e5d61a45036c4e645224c6d49d6a4ab,other,THTMLPage_moveLeftMargin_int,_ZN9THTMLPage14moveLeftMarginEi,THTMLPage::moveLeftMargin(int),0x1d3c4c,0x4c58,elf_symbol,function
_ZN10ApdygafUox10EpjwgajXNvERK10eY2wgaf6pw,0x1dc948,44,8780e65e76d83948cb9a29b94ce2f33681e3bd636331f306e636642ebcc7982e,other,GuiContextTextListCtrl_onCellSelected_TPoint_const,_ZN22GuiContextTextListCtrl14onCellSelectedERK6TPoint,GuiContextTextListCtrl::onCellSelected(TPoint const&),0x1d7c80,0x4cc8,elf_symbol,function
_ZN10BEXWLaNNcX10Sq9XJanydhEP10Fcx_gaoydV,0x23b490,60,395eae4f5b8832c8d0af1eb4c9f9a060a77d3a27b3247a54db562b0049959e2a,other,TTilesPanel_checkCorrectBitmap_TBitmap,_ZN11TTilesPanel18checkCorrectBitmapEP7TBitmap,TTilesPanel::checkCorrectBitmap(TBitmap *),0x231518,0x9f78,elf_symbol,function
_ZN10BEXWLaNNcXC1Eb,0x23ae18,20,c02f7bfefde482f4e1ea7be12762426efcb8742441a0e4fb9f5e5f6539e38221,other,TTilesPanel_TTilesPanel_bool,_ZN11TTilesPanelC1Eb,TTilesPanel::TTilesPanel(bool),0x230ea0,0x9f78,elf_symbol,function
_ZN10BEXWLaNNcXC2Eb,0x23ae18,20,c02f7bfefde482f4e1ea7be12762426efcb8742441a0e4fb9f5e5f6539e38221,other,TTilesPanel_TTilesPanel_bool,_ZN11TTilesPanelC1Eb,TTilesPanel::TTilesPanel(bool),0x230ea0,0x9f78,elf_symbol,function
_ZN10D6TlgajP1m10R8CcIadyeOEP10G0gxgajWBw,0x21ecd0,64,7499884b4eeef65c5ae79ea6c35f8bb5778d3a73a1b9537b3549cd6c47966451,other,TScriptEnvironment_destroyScriptVariable_TGraalVar,_ZN18TScriptEnvironment21destroyScriptVariableEP9TGraalVar,TScriptEnvironment::destroyScriptVariable(TGraalVar *),0x217d74,0x6f5c,elf_symbol,function
_ZN10DFeOfaFXSU10j9gLgaw2nIEv,0x10f7ac,44,a8b786d45b1f584d58ae352fe665de2ace54a6e4ad94ab822c59cc532b9578c3,other,TFontCharInfo_initObject_void,_ZN13TFontCharInfo10initObjectEv,TFontCharInfo::initObject(void),0x10ce5c,0x2950,elf_symbol,function
_ZN10DFeOfaFXSU10u6glKaa0vBEP10TZf6gaQ3S_i,0x10fc54,40,73ed6fbeb4b33090f84171dc405b2bdabbb1bc1b94b6f0f848b9f88c49599397,other,TFontCharInfo_setData_TFont_int,_ZN13TFontCharInfo7setDataEP5TFonti,"TFontCharInfo::setData(TFont *,int)",0x10d2e8,0x296c,elf_symbol,function
_ZN10Dq2rua2Ece10JhjWgazQFREv,0x246730,136,4bf290671740fdcf4af329a99c994cb33784e400df39044db6171d85c48a33c6,other,TExplosion_getOrderPoint_void,_ZN10TExplosion13getOrderPointEv,TExplosion::getOrderPoint(void),0x23c880,0x9eb0,elf_symbol,function
_ZN10EYMwkbFObT10BVRwkbbZfTEPhiii,0x152d90,120,32949c7d099e2dd8adbe7b51fd54f86c433e4e9927f3893e0ffd06af9db6d4f1,other,TImageFilter_gray_uchar_int_int_int,_ZN12TImageFilter4grayEPhiii,"TImageFilter::gray(uchar *,int,int,int)",0x150250,0x2b40,elf_symbol,function
_ZN10EYMwkbFObT10CD4vkb3vBSEPhiii,0x152f44,112,da48f36c3bbb4d22d2dfc6fb4313d45ecc8c14b8cda6655a740f7e58aa9007e0,other,TImageFilter_negative_uchar_int_int_int,_ZN12TImageFilter8negativeEPhiii,"TImageFilter::negative(uchar *,int,int,int)",0x150404,0x2b40,elf_symbol,function
_ZN10EYMwkbFObT10GgGAkbGatWEPhiii,0x1533f4,352,2638688a590498b9a922ff2106bc81b4ddfb7b755cc8bb65d120420af79c6e80,other,TImageFilter_reducedcolors_uchar_int_int_int,_ZN12TImageFilter13reducedcolorsEPhiii,"TImageFilter::reducedcolors(uchar *,int,int,int)",0x1508b4,0x2b40,elf_symbol,function
_ZN10EYMwkbFObT10IfDwkbSD3SEPhiii,0x152e08,316,2c6803137b6cd1184a0eca93442ff0b65db101061195419fd382bcb80115690c,other,TImageFilter_nightGoggle_uchar_int_int_int,_ZN12TImageFilter11nightGoggleEPhiii,"TImageFilter::nightGoggle(uchar *,int,int,int)",0x1502c8,0x2b40,elf_symbol,function
_ZN10EYMwkbFObT10SXUAkb8wFWEPhiii,0x153218,476,5332d0f18fba503558433193759f545b595e127d51d4d4e4f12d2d62af1f20bc,other,TImageFilter_twocolor_uchar_int_int_int,_ZN12TImageFilter8twocolorEPhiii,"TImageFilter::twocolor(uchar *,int,int,int)",0x1506d8,0x2b40,elf_symbol,function
_ZN10EYMwkbFObT10x_PAkbemBWEPhiii,0x152fb4,612,12a0a8aec3de3cf4b10f52ee202e7d94d5928036df827855e7fdd2567ae861bc,other,TImageFilter_updown_uchar_int_int_int,_ZN12TImageFilter6updownEPhiii,"TImageFilter::updown(uchar *,int,int,int)",0x150474,0x2b40,elf_symbol,function
_ZN10EbOa3arQHh10rMBEgasoMCEv,0x11a238,80,cc9c5e395d029fa0eec2149f36bc5245d8bfacf410a0d71575d674fbf140ac11,other,TPanelOperation_DrawImage_getBounds_void,_ZN25TPanelOperation_DrawImage9getBoundsEv,TPanelOperation_DrawImage::getBounds(void),0x1177d8,0x2a60,elf_symbol,function
_ZN10FY2VgaG6rR10JhjWgazQFREv,0x16dbd8,20,c1f0a4ac31c491998a82b61e2efcb601c83132235a29e1cf2a8a33fc3898d9f0,other,TLevelObject_getOrderPoint_void,_ZN12TLevelObject13getOrderPointEv,TLevelObject::getOrderPoint(void),0x16a180,0x3a58,elf_symbol,function
_ZN10FY2VgaG6rR10QL5FfaVs1NEP10MpGzgariDy,0x168edc,8,fd31d20e614a992ced70136232d6c0ea9df98fef11f6d147abba5915def3a180,other,TLevelObject_setAttachedTo_TServerPlayer,_ZN12TLevelObject13setAttachedToEP13TServerPlayer,TLevelObject::setAttachedTo(TServerPlayer *),0x1656d0,0x380c,elf_symbol,function
_ZN10FY2VgaG6rR10gkQVgaDDgREv,0x16d540,84,de48e5cd498f5e73a8251fb9c7ac169087520f3fb2218e7fe1e80da6673b8e20,other,TLevelObject_getz_void,_ZN12TLevelObject4getzEv,TLevelObject::getz(void),0x169ae8,0x3a58,elf_symbol,function
_ZN10FY2VgaG6rR10gtHggaibFiEP10W6NzgawMJy,0x16d4a0,56,a69181465203e695803887db24fee757379dc601912de930e8a11615972e5b1a,other,TLevelObject_getRotationCenter_TPlayer,_ZN12TLevelObject17getRotationCenterEP7TPlayer,TLevelObject::getRotationCenter(TPlayer *),0x169a48,0x3a58,elf_symbol,function
_ZN10FY2VgaG6rR10iZDhga9esjEd,0x16dc2c,20,4cb3994b5e960ef489b55736ea088c0a2f311510426792c9f213c3da63fa9610,other,TLevelObject_setz_double,_ZN12TLevelObject4setzEd,TLevelObject::setz(double),0x16a1d4,0x3a58,elf_symbol,function
_ZN10FY2VgaG6rR10rysVgaGDXQEdb,0x16dc10,28,6e8a6addc44cb3dba8ceaf646141eb768638e48da0766eb9b7d7a806195216e7,other,TLevelObject_setlocaly_double_bool,_ZN12TLevelObject9setlocalyEdb,"TLevelObject::setlocaly(double,bool)",0x16a1b8,0x3a58,elf_symbol,function
_ZN10FY2VgaG6rR10yizVgakj2QEdb,0x16dbf4,28,ba35b6a820f0a3939f53a61ea925591dd6b913bc6afd796ed549e9238f3ea5a2,other,TLevelObject_setlocalx_double_bool,_ZN12TLevelObject9setlocalxEdb,"TLevelObject::setlocalx(double,bool)",0x16a19c,0x3a58,elf_symbol,function
_ZN10FZpembCtKj10oJUhmbNkGmEv,0x11e12c,52,2091e32bc9b2d15446e39c2fa681833ca8dd7b62bcbc11879d6bc6001263eeac,other,TMNGAnimationStep_getPixelBits_void,_ZN17TMNGAnimationStep12getPixelBitsEv,TMNGAnimationStep::getPixelBits(void),0x11b5fc,0x2b30,elf_symbol,function
_ZN10Fcx_gaoydV10hS36BafSyGEP10NLT0HaSwmE,0x115744,64,fd1759780531096413dfb757208203263120d8cc9c67058ffacee997fdb2089a,other,TBitmap_setPalette_TPalette,_ZN7TBitmap10setPaletteEP8TPalette,TBitmap::setPalette(TPalette *),0x112e74,0x28d0,elf_symbol,function
_ZN10Fkb1ga78BWC1Ev,0x1d308c,16,6dc7ce1ac8bd20e9acfa9dc2bcc2b68c88c7239cedff404c884c231e41391329,other,html_tag_html_tag_void,_ZN8html_tagC1Ev,html_tag::html_tag(void),0x1ce47c,0x4c10,elf_symbol,function
_ZN10Fkb1ga78BWC2Ev,0x1d308c,16,6dc7ce1ac8bd20e9acfa9dc2bcc2b68c88c7239cedff404c884c231e41391329,other,html_tag_html_tag_void,_ZN8html_tagC1Ev,html_tag::html_tag(void),0x1ce47c,0x4c10,elf_symbol,function
_ZN10G0gxgajWBw10AGqGMay3izEv,0x21530c,24,de4c46c10f6f1b4c6ef07e827abd00b62620df2342eb99d9a1f7c71965485df8,other,TGraalVar_getShowTimer_void,_ZN9TGraalVar12getShowTimerEv,TGraalVar::getShowTimer(void),0x20ee40,0x64cc,elf_symbol,function
_ZN10G0gxgajWBw10DGtmMaBAwiEv,0xe7778,8,c9b2a0cdb85008af6a1f71226c45150e8385985933292dba021cda789b207e1c,other,TGraalVar_isPaused_void,_ZN9TGraalVar8isPausedEv,TGraalVar::isPaused(void),0xe6b90,0xbe8,elf_symbol,function
_ZN10G0gxgajWBw10GXtpMaRO2kEb,0x215394,20,5ee38af2fede1d13bb3b0385e84bfaac1b0f2f8a684a5f5338cd92b7e98081d1,other,TGraalVar_setScriptLogMissingFunctions_bool,_ZN9TGraalVar28setScriptLogMissingFunctionsEb,TGraalVar::setScriptLogMissingFunctions(bool),0x20eec8,0x64cc,elf_symbol,function
_ZN10G0gxgajWBw10K31GMaUlPzEv,0x21504c,40,54552a101646cdf68a1a5cedf12c0a0f744953b4d78c1794bbfddb0cabaadc4f,other,TGraalVar_hasScript_void,_ZN9TGraalVar9hasScriptEv,TGraalVar::hasScript(void),0x20eb64,0x64e8,elf_symbol,function
_ZN10G0gxgajWBw10LfDmgaVDEnEv,0x216938,48,193d50bb824d9ee6e571a41e37523b05f32d53a189074a18fea723edcd4679d2,other,TGraalVar_readObject_void,_ZN9TGraalVar10readObjectEv,TGraalVar::readObject(void),0x210248,0x66f0,elf_symbol,function
_ZN10G0gxgajWBw10QKRlMaaQ_hEv,0x2153ac,24,f142df9f1d2fc8a8cdfec30038ae06eae575359749a3fdf3377553d04ab38c13,other,TGraalVar_getMaxLoopLimit_void,_ZN9TGraalVar15getMaxLoopLimitEv,TGraalVar::getMaxLoopLimit(void),0x20eee0,0x64cc,elf_symbol,function
_ZN10G0gxgajWBw10QgrlMaWyEhEi,0x2153c8,52,d9cd6db362112930c1c6abfe1a76a4342685f5d552e9e7a87f85c86191bf1f65,other,TGraalVar_setMaxLoopLimit_int,_ZN9TGraalVar15setMaxLoopLimitEi,TGraalVar::setMaxLoopLimit(int),0x20eefc,0x64cc,elf_symbol,function
_ZN10G0gxgajWBw10lJVsMaKaXnEPS_,0x218cf4,124,c424359313b13c3e74e7895e76f8e985d05e3123c177df7761b8f84fd751bf68,other,TGraalVar_indexOfObject_TGraalVar,_ZN9TGraalVar13indexOfObjectEPS_,TGraalVar::indexOfObject(TGraalVar*),0x212444,0x68b0,elf_symbol,function
_ZN10G0gxgajWBw10tpNgMa2aKdEv,0x215e40,16,100d3aa90489e9e727aac79dbf9cad48af5f0ab1b45b4dd3ead841ca13b7af35,other,TGraalVar_setArrayWasUpdated_void,_ZN9TGraalVar18setArrayWasUpdatedEv,TGraalVar::setArrayWasUpdated(void),0x20f878,0x65c8,elf_symbol,function
_ZN10G0gxgajWBw10wCKpMa1PglEv,0x215378,24,1ed1adeff05891d71c9c1814d85f76e54d86a1d1a57627c2d99d4c651e3ed505,other,TGraalVar_getScriptLogMissingFunctions_void,_ZN9TGraalVar28getScriptLogMissingFunctionsEv,TGraalVar::getScriptLogMissingFunctions(void),0x20eeac,0x64cc,elf_symbol,function
_ZN10G0gxgajWBw10wjnCga8dUAEi,0xe7780,8,7e35cbbbac831aa9539f9d5e822b13406f94b2da142c12247226e30367428d17,other,TGraalVar_setProtectedObject_int,_ZN9TGraalVar18setProtectedObjectEi,TGraalVar::setProtectedObject(int),0xe6b98,0xbe8,elf_symbol,function
_ZN10G0gxgajWBw10yj7DMaaMmxEv,0x216324,44,b6a6f37589fec4456922f0edeaacbd60eef7e9ed184766f4e2abf64e0083bfe9,other,TGraalVar_readFloat_void,_ZN9TGraalVar9readFloatEv,TGraalVar::readFloat(void),0x20fd2c,0x65f8,elf_symbol,function
_ZN10G0gxgajWBw10zYM_faGOq4Ev,0x21364c,24,1956b2c5b05b6c399e3a40174feff16905107e1ab252ed8b8bb07f2181705530,other,TGraalVar_getArraySize_void,_ZN9TGraalVar12getArraySizeEv,TGraalVar::getArraySize(void),0x20d28c,0x63c0,elf_symbol,function
_ZN10GbMhIaz9yS10F1EBMa87hvEv,0x1c10a4,32,ece988f3dd30c6777e49ebd53f72d5f313dc3438776bb2b6aaac9d3323e10a3b,other,GuiMLTextCtrl_getLineCount_void,_ZN13GuiMLTextCtrl12getLineCountEv,GuiMLTextCtrl::getLineCount(void),0x1bd708,0x399c,elf_symbol,function
_ZN10GbMhIaz9yS10Ud7zgatH_yEi,0x1c00e8,80,c921ccf0bee6a77f83e4b2441aaf059291338ef1e0036b3992bd89d74521d005,other,GuiMLTextCtrl_setCursorPosition_int,_ZN13GuiMLTextCtrl17setCursorPositionEi,GuiMLTextCtrl::setCursorPosition(int),0x1bc7bc,0x392c,elf_symbol,function
_ZN10GbMhIaz9yS10ckNxLaz61BEv,0x1c2448,28,1a0a5b5b793bc9deb6a81528586ba01003fd0ed541a7a32de31ca06df7c03571,other,GuiMLTextCtrl_getFlowExtent_void,_ZN13GuiMLTextCtrl13getFlowExtentEv,GuiMLTextCtrl::getFlowExtent(void),0x1bea5c,0x39ec,elf_symbol,function
_ZN10GbMhIaz9yS10quuLLaigzNEv,0x1c0f80,104,4442916eefb1ffda887b075dafcfa3935a8ffa6e3bb418959411f204d1c0dc7d,other,GuiMLTextCtrl_getCursorLineObject_void,_ZN13GuiMLTextCtrl19getCursorLineObjectEv,GuiMLTextCtrl::getCursorLineObject(void),0x1bd5e4,0x399c,elf_symbol,function
_ZN10IIAnGagvsg5clearEv,0xfd6cc,116,c12115088557806f6b8a4ff95efb2b290d286e8258263ba3f555ecf72424b9b2,other,TBSPTree_clear_void,_ZN8TBSPTree5clearEv,TBSPTree::clear(void),0xfb14c,0x2580,elf_symbol,function
_ZN10IoTkgardbm10R4DkgaLkZlEi,0x16c6bc,56,43f0244ce64e28b0019b8769c1be8ccdd871997283415e875531480487f6d639,other,TControlBinding_isKeyMatching_int,_ZN15TControlBinding13isKeyMatchingEi,TControlBinding::isKeyMatching(int),0x168cbc,0x3a00,elf_symbol,function
_ZN10J0CfgbmrLh10cuc8IaZ6vAEb,0x161720,64,6f4db34f2c66455d27c2425853783685c6b8a3adf488ab9f9665e1c0d263566f,other,TGaniParam_setLevelVisible_bool,_ZN10TGaniParam15setLevelVisibleEb,TGaniParam::setLevelVisible(bool),0x15e50c,0x3214,elf_symbol,function
_ZN10KKhLga4xoI10AhL3TaqoMMEP10R_MvgaEQlv,0xeb1c0,20,9404f3f71a8b2e79267268fbc9daaf0c299c6dae6aae4fb44fe36e1061f54d94,other,THashList_registerIterator_THashListIterator,_ZN9THashList16registerIteratorEP17THashListIterator,THashList::registerIterator(THashListIterator *),0xea5d4,0xbec,elf_symbol,function
_ZN10KKhLga4xoI10TBCvgay5cvEj,0xeb220,64,e1727c3c66172390c560716640516fc886556c35b1b4c926c4a69c3c7f7c4dc1,other,THashList_getObject_uint,_ZN9THashList9getObjectEj,THashList::getObject(uint),0xea634,0xbec,elf_symbol,function
_ZN10KKhLga4xoI10g4ouMaaIbpEPv,0xeafa4,108,8605b9e03a0e11900f09012a348fd0038cf6d144811060ff36f44d4ce5359af5,other,THashList_getHashcode_void,_ZN9THashList11getHashcodeEPv,THashList::getHashcode(void *),0xea3b8,0xbec,elf_symbol,function
_ZN10KKhLga4xoI10g4ouMaaIbpERK10C8THgaTQxF,0xeaeb8,96,2d78d6297b40ab002436d91983749c08732c03cbec720cfdec61b6ff37f634b6,other,THashList_getHashcode_TString_const,_ZN9THashList11getHashcodeERK7TString,THashList::getHashcode(TString const&),0xea358,0xb60,elf_symbol,function
_ZN10KKhLga4xoI10iwP3TaRXPMEP10R_MvgaEQlv,0xeb1d4,76,62291971c98a5f193e8e3eccae4c18be0ea896ea1f469665102cb3c2f9965a41,other,THashList_unregisterIterator_THashListIterator,_ZN9THashList18unregisterIteratorEP17THashListIterator,THashList::unregisterIterator(THashListIterator *),0xea5e8,0xbec,elf_symbol,function
_ZN10KKhLga4xoI10mrL7TaCw8PEP10U1slUah2F0,0xeb714,64,6171a41a1c6d349b694f99fe0be1676764b5ee67d7e7ffa6b4a24c6c1e5c9d9b,other,THashList_addLink_THashListLink,_ZN9THashList7addLinkEP13THashListLink,THashList::addLink(THashListLink *),0xeaa74,0xca0,elf_symbol,function
_ZN10KKhLga4xoI10r8HDgaOK0BEP10J7zOgaf09Kj,0xeb64c,120,9df5f66e8eb7202465e2766bbfb0f5eaa371d7e50fa57f857392ebef724b0467,other,THashList_contains_THashListObject_uint,_ZN9THashList8containsEP15THashListObjectj,"THashList::contains(THashListObject *,uint)",0xea918,0xd34,elf_symbol,function
_ZN10KsGWqbQkZg10Txw60ah_5xEv,0x1ca604,28,9ef2928b93b00c113821c97247e8d565885c0d189bfdd63b7c08699098192385,other,GuiStretchCtrl_requiredCacheSize_void,_ZN14GuiStretchCtrl17requiredCacheSizeEv,GuiStretchCtrl::requiredCacheSize(void),0x1c5b28,0x4adc,elf_symbol,function
_ZN10LJyzga9Pwy10ImAEJaLcL0Ev,0x1098c0,40,3bcfd57fb49d34eab729e11750596be3eddd9f5947305a99edceba0653df6887,other,TWindow_getFullscreenResolutions_void,_ZN7TWindow24getFullscreenResolutionsEv,TWindow::getFullscreenResolutions(void),0x1070c0,0x2800,elf_symbol,function
_ZN10LJyzga9Pwy10QF9dxaSKwzEi,0x10ab64,8,c54cd369570b4715db08e12beed23191efab158079bf879c506d9c18d3955180,other,TWindow_setFlags_int,_ZN7TWindow8setFlagsEi,TWindow::setFlags(int),0x108214,0x2950,elf_symbol,function
_ZN10LJyzga9Pwy10Ud7zgatH_yEii,0x108eb8,20,83fc050e9828d6e048763674cf2b0dfca1a80408c923603cdc2a7b968bcd9cfe,other,TWindow_setCursorPosition_int_int,_ZN7TWindow17setCursorPositionEii,"TWindow::setCursorPosition(int,int)",0x1066c8,0x27f0,elf_symbol,function
_ZN10LJyzga9Pwy10Z0uAgaCIjzEv,0x10ab44,16,bf3b0517b6a1087695c63fddc968d56c1a5d4ba8f11c4ca651785bd648ecc80c,other,TWindow_getPreferredPosition_void,_ZN7TWindow20getPreferredPositionEv,TWindow::getPreferredPosition(void),0x1081f4,0x2950,elf_symbol,function
_ZN10LJyzga9Pwy10ZQLOfagSjVEv,0x10954c,28,e1ba27ad46580e83c9dc65c86f13e7bea2042394063bf8ff6dc40061effe6341,other,TWindow_getScreenHeight_void,_ZN7TWindow15getScreenHeightEv,TWindow::getScreenHeight(void),0x106d4c,0x2800,elf_symbol,function
_ZN10LJyzga9Pwy10ji5BVa_3E4Ev,0x10ab7c,8,b6e45e39862790ae55b102d5f150b1bbc78fa7a04f35a7d988e35311df9744cb,other,TWindow_getCursorVisible_void,_ZN7TWindow16getCursorVisibleEv,TWindow::getCursorVisible(void),0x10822c,0x2950,elf_symbol,function
_ZN10LJyzga9Pwy10sUaPfacNFVEv,0x109530,28,dbe5d2d71978afb13694648344d8516a85c5126c728b8c102611a7067e8b9d38,other,TWindow_getScreenWidth_void,_ZN7TWindow14getScreenWidthEv,TWindow::getScreenWidth(void),0x106d30,0x2800,elf_symbol,function
_ZN10LJyzga9Pwy10sbxBValxb4Ev,0x10ab88,8,cdeaf6b1ac4916c3e6e3dbdf534155b2aa5fd12bda0dc04759e51a50cb1473ae,other,TWindow_getDockable_void,_ZN7TWindow11getDockableEv,TWindow::getDockable(void),0x108238,0x2950,elf_symbol,function
_ZN10MpGzgariDy10BBd0Lag3N_Ev,0x18e9ec,8,efb15bac357e04e02ca8aab9584aade6fd731da2e61dc56488cd964d1bca0725,other,TServerPlayer_getEnabledFeatures_void,_ZN13TServerPlayer18getEnabledFeaturesEv,TServerPlayer::getEnabledFeatures(void),0x18a274,0x4778,elf_symbol,function
_ZN10MpGzgariDy10Bp9swagx8VEv,0x18ea2c,8,c27982055755f7171b27e519f36b99eeab621ed9d7dfbb5a8e668639ea983b2e,other,TServerPlayer_getID,,,0x18a6f8,0x4334,ida_named_non_elf,
_ZN10MpGzgariDy10BwUDLa39aHEv,0x18e99c,8,a23b18a33f481bdec874f4888daa3c96e33c44cf6873ce4431cea8503396159e,other,TServerPlayer_getShieldPower_void,_ZN13TServerPlayer14getShieldPowerEv,TServerPlayer::getShieldPower(void),0x18a214,0x4788,elf_symbol,function
_ZN10MpGzgariDy10CPrDLa90NGEv,0x18e9ac,8,9076a6e495faabdff722cae910379e8ee89fe9333f59a81fb6e09cffedcd50e7,other,TServerPlayer_getAlignment_void,_ZN13TServerPlayer12getAlignmentEv,TServerPlayer::getAlignment(void),0x18a224,0x4788,elf_symbol,function
_ZN10MpGzgariDy10CavpwaFQ3SEi,0x18e9f4,8,9a031ee7ff6621bfa8871c23df9a1f92570eda3c9261832b5603a01f9711f405,other,TServerPlayer_setEnabledFeatures_int,_ZN13TServerPlayer18setEnabledFeaturesEi,TServerPlayer::setEnabledFeatures(int),0x18a27c,0x4778,elf_symbol,function
_ZN10MpGzgariDy10Cd4pwa59xTEi,0x18e9a4,8,5b4b48c721453baae3cf0f1dc69ab889db7acf2d0cd657bd30b08ce8c5d9dee9,other,TServerPlayer_setShieldPower_int,_ZN13TServerPlayer14setShieldPowerEi,TServerPlayer::setShieldPower(int),0x18a21c,0x4788,elf_symbol,function
_ZN10MpGzgariDy10bzl1LagLK0Ev,0x18e9cc,8,7349ec286e02317b62b381d07c9c32136dffbfb6d1b981d10c131b4f3c08b27f,other,TServerPlayer_getCarrySprite_void,_ZN13TServerPlayer14getCarrySpriteEv,TServerPlayer::getCarrySprite(void),0x18a244,0x4788,elf_symbol,function
_ZN10MpGzgariDy10c8FDLaz3ZGEv,0x18e9bc,8,0f8bc120188c1138afa022354a2105dbdb3d7fdab5d82682aa8a0b3c6680b14f,other,TServerPlayer_getMagicPoints_void,_ZN13TServerPlayer14getMagicPointsEv,TServerPlayer::getMagicPoints(void),0x18a234,0x4788,elf_symbol,function
_ZN10MpGzgariDy10grzpwawq7SEi,0x18e9c4,8,ad73f4a6d969da1856767ee302ba67a86b7c93db71815be8c9c8eb7ff8dffb9e,other,TServerPlayer_setMagicPoints_int,_ZN13TServerPlayer14setMagicPointsEi,TServerPlayer::setMagicPoints(int),0x18a23c,0x4788,elf_symbol,function
_ZN10MpGzgariDy10mLApwaxx8SEi,0x18e9b4,8,cbe1c9b5a0a7abf0a20744c4209026574d7c238930fa1f0f792626a9578c583f,other,TServerPlayer_setAlignment_int,_ZN13TServerPlayer12setAlignmentEi,TServerPlayer::setAlignment(int),0x18a22c,0x4788,elf_symbol,function
_ZN10MpGzgariDy10xjHpwa92dTEi,0x18e9d4,8,2845147cb86127584c5572f93efc155fab59f7165844c613f5fbeb0cdeadaace,other,TServerPlayer_setCarrySprite_int,_ZN13TServerPlayer14setCarrySpriteEi,TServerPlayer::setCarrySprite(int),0x18a24c,0x4788,elf_symbol,function
_ZN10MpHWLal8ZW10inqvmbbO2xEddi,0x1a5d88,72,4c9a4c5704734cf3e6eb36ab656226e0288be7a686f91dcf507089cbed22bfd9,other,TTilesLayer_settile_double_double_int,_ZN11TTilesLayer7settileEddi,"TTilesLayer::settile(double,double,int)",0x1a10d8,0x4cb0,elf_symbol,function
_ZN10MpHWLal8ZW10sumvmbkx_xEdd,0x1a5d2c,80,e263182149a93304604d480eb71de4b1fd15cc9cfb2096d18e396fea50253d55,other,TTilesLayer_gettile_double_double,_ZN11TTilesLayer7gettileEdd,"TTilesLayer::gettile(double,double)",0x1a107c,0x4cb0,elf_symbol,function
_ZN10N67CMatrxw10B0GWfbeOZ0E10RiQ7IaxCcA,0x230cac,24,5b9cb595f99be6415208fd0d94245fd6f684d8e6651f7154490ecbe9e75b5740,other,TScriptSpace_needWholeScriptEvent_script_event,_ZN12TScriptSpace20needWholeScriptEventE12script_event,TScriptSpace::needWholeScriptEvent(script_event),0x227eb8,0x8df4,elf_symbol,function
_ZN10N67CMatrxw10aamHMa7f5zEv,0x233bb0,64,dab4a545e59fbcc372a493febe02b55666ed8b497adae6c9657da5450566687b,other,TScriptSpace_hasScheduledEvents_void,_ZN12TScriptSpace18hasScheduledEventsEv,TScriptSpace::hasScheduledEvents(void),0x22a314,0x989c,elf_symbol,function
_ZN10N67CMatrxw10flS_fbykv4Ev,0x230214,52,8eea9899381666e29d1bcfa035de48130a060147247930c6376b98f18c220c37,other,TScriptSpace_freeScriptErrors_void,_ZN12TScriptSpace16freeScriptErrorsEv,TScriptSpace::freeScriptErrors(void),0x2274d0,0x8d44,elf_symbol,function
_ZN10N67CMatrxw10nBwpMa214kEv,0x230988,8,746df51fc535a22786339edc5eca06ad9f3415878d9b4bd2727a1eb89186a6f9,other,TScriptSpace_getTimeout_void,_ZN12TScriptSpace10getTimeoutEv,TScriptSpace::getTimeout(void),0x227b94,0x8df4,elf_symbol,function
_ZN10N67CMatrxw10vZjWfbmqG0E10RiQ7IaxCcA,0x230cc4,24,a5c591f5c36c63c9de152721130d995a1e9693095dd8cf11f32c26d7f473cda8,other,TScriptSpace_needFunctionEvent_script_event,_ZN12TScriptSpace17needFunctionEventE12script_event,TScriptSpace::needFunctionEvent(script_event),0x227ed0,0x8df4,elf_symbol,function
_ZN10OYYKfaPU7R10NkzLfaflDSEv,0x100bb4,44,73a4b496070c9675bf9b991f73413d54e9e9e10d00e0fd02053fcf54092891af,other,TDrawingPanelPort_getTransformedClippingRectangle_void,_ZN17TDrawingPanelPort31getTransformedClippingRectangleEv,TDrawingPanelPort::getTransformedClippingRectangle(void),0xfe54c,0x2668,elf_symbol,function
_ZN10OYYKfaPU7R10PHFwgaxH5vEii,0x100fd0,84,46a389476975d79536d66d10410b21fbfea0d24cbddf7660e997b74ab9a49cbe,other,TDrawingPanelPort_setSize_int_int,_ZN17TDrawingPanelPort7setSizeEii,"TDrawingPanelPort::setSize(int,int)",0xfe968,0x2668,elf_symbol,function
_ZN10OYYKfaPU7R10_wfkVayGEQERfS0_S0_S0_,0x1013a0,784,66dd7a54e51e4a84c72cb9b31cc1defeab7aa2c2cde9f40ec0196313cd5a5d57,other,TDrawingPanelPort_clipLine_float_float_float_float,_ZN17TDrawingPanelPort8clipLineERfS0_S0_S0_,"TDrawingPanelPort::clipLine(float &,float &,float &,float &)",0xfed38,0x2668,elf_symbol,function
_ZN10OYYKfaPU7R10eR3LfamR2SEffff,0x100af0,196,013002e62c60fb32da718679254ff2992c401b5b59e4c820ee1bb9243c4b3e4c,other,TDrawingPanelPort_setTransformedClippingRectangle_float_float_float_float,_ZN17TDrawingPanelPort31setTransformedClippingRectangleEffff,"TDrawingPanelPort::setTransformedClippingRectangle(float,float,float,float)",0xfe488,0x2668,elf_symbol,function
_ZN10OYYKfaPU7R10okvPKaRYW_Effff,0x100a70,128,21f474da91ce08b3c81029f1b12a0b0791dfbaef3f60dcbd70daa4937951ec82,other,TDrawingPanelPort_addModificationClipped_float_float_float_float,_ZN17TDrawingPanelPort22addModificationClippedEffff,"TDrawingPanelPort::addModificationClipped(float,float,float,float)",0xfe408,0x2668,elf_symbol,function
_ZN10OYYKfaPU7R10wk8UYaTCGRERfS0_S0_S0_S0_S0_S0_S0_,0x10119c,516,8576f80e6e826b953dddb37c7c935641428c5c32c63ebc00968ad3cc198dce3c,other,TDrawingPanelPort_clipRectangle_float_float_float_float_float_float_float_float,_ZN17TDrawingPanelPort13clipRectangleERfS0_S0_S0_S0_S0_S0_S0_,"TDrawingPanelPort::clipRectangle(float &,float &,float &,float &,float &,float &,float &,float &)",0xfeb34,0x2668,elf_symbol,function
_ZN10PRPTfaXeAZC1Eh,0x21b3ac,20,2822bca11e127e17fa391ac471a791dc72f68bb41949eac8b4d6db037e853387,other,TScriptCom_TScriptCom_uchar,_ZN10TScriptComC2Eh,TScriptCom::TScriptCom(uchar),0x2147f8,0x6bb4,elf_symbol,function
_ZN10PRPTfaXeAZC1Ehd,0x21b3c0,16,0265a6d9c5ff98c4da55248f8462fc17ad6cd4ec8bae42ea76267f346fb6beae,other,TScriptCom_TScriptCom_uchar_double,_ZN10TScriptComC2Ehd,"TScriptCom::TScriptCom(uchar,double)",0x21480c,0x6bb4,elf_symbol,function
_ZN10PRPTfaXeAZC2Eh,0x21b3ac,20,2822bca11e127e17fa391ac471a791dc72f68bb41949eac8b4d6db037e853387,other,TScriptCom_TScriptCom_uchar,_ZN10TScriptComC2Eh,TScriptCom::TScriptCom(uchar),0x2147f8,0x6bb4,elf_symbol,function
_ZN10PRPTfaXeAZC2Ehd,0x21b3c0,16,0265a6d9c5ff98c4da55248f8462fc17ad6cd4ec8bae42ea76267f346fb6beae,other,TScriptCom_TScriptCom_uchar_double,_ZN10TScriptComC2Ehd,"TScriptCom::TScriptCom(uchar,double)",0x21480c,0x6bb4,elf_symbol,function
_ZN10PfQXva4zXuIdE10IS1sMaMb2nEid,0x18eaec,28,e4cbd6fc90e8d664df9689fbae2fcaf7a124bd2c09ba6177f4833f4217f4f70a,other,TNumberArrayVar_double_setArrayCellFloat_int_double,_ZN15TNumberArrayVarIdE17setArrayCellFloatEid,"TNumberArrayVar<double>::setArrayCellFloat(int,double)",0x18a2fc,0x47f0,elf_symbol,function
_ZN10PfQXva4zXuIdE10MFApgaUs8pEi,0x18eac4,40,eb35d2fb168224d7fed4409a44114d5a86cb0fd008d18eb9db5f7a860c2c54f4,other,TNumberArrayVar_double_getArrayCellFloat_int,_ZN15TNumberArrayVarIdE17getArrayCellFloatEi,TNumberArrayVar<double>::getArrayCellFloat(int),0x18a2d4,0x47f0,elf_symbol,function
_ZN10PfQXva4zXuIsE10IS1sMaMb2nEid,0x1afb54,32,79f539ca69b438308553eb8d422164bc62d39db088a1acadc15da5e0acaeb554,other,TNumberArrayVar_short_setArrayCellFloat_int_double,_ZN15TNumberArrayVarIsE17setArrayCellFloatEid,"TNumberArrayVar<short>::setArrayCellFloat(int,double)",0x1aba04,0x4150,elf_symbol,function
_ZN10PfQXva4zXuIsE10MFApgaUs8pEi,0x1b0044,44,c686b5639a79083bd857d2caeb0e2e02e8c89724525d3bbc72b146209a19da9a,other,TNumberArrayVar_short_getArrayCellFloat_int,_ZN15TNumberArrayVarIsE17getArrayCellFloatEi,TNumberArrayVar<short>::getArrayCellFloat(int),0x1abe84,0x41c0,elf_symbol,function
_ZN10Q8n_Fa6V5W10cH35gaVII_Ev,0x1cb35c,24,16471b53a4255f4c0f9eb048c0c92540ec7736ef96311c8547244deca9ca15b3,other,GuiTextCtrl_getTextLength_void,_ZN11GuiTextCtrl13getTextLengthEv,GuiTextCtrl::getTextLength(void),0x1c6850,0x4b0c,elf_symbol,function
_ZN10QPh5pbnC3y10pTqwgajeUvEv,0xe4164,8,b5f756a94e2a4fd04c581b81886364460d3cd7c165e6a51d5f3195a9439a10c4,other,TSoundEffectJava_hasChannel_void,_ZN16TSoundEffectJava10hasChannelEv,TSoundEffectJava::hasChannel(void),0xe359c,0xbc8,elf_symbol,function
_ZN10QPh5pbnC3y10spDMga7LwJEi,0xe379c,8,23e2a2078bd41e84b46906ac0e13db3743cb4f934a32dac307e79ba21bc620b5,other,TSoundEffectJava_setPan_int,_ZN16TSoundEffectJava6setPanEi,TSoundEffectJava::setPan(int),0xe2bac,0xbf0,elf_symbol,function
_ZN10QPh5pbnC3y10uosMgajvnJEi,0xe3794,8,bec88c0b626323e3656f327f9dbd2aef67c785ce4650404cbbf20ffdd9b27c95,other,TSoundEffectJava_setVolume_int,_ZN16TSoundEffectJava9setVolumeEi,TSoundEffectJava::setVolume(int),0xe2ba4,0xbf0,elf_symbol,function
_ZN10RWahgahP3i10_hfzFaWtgAERK10bagMga8cdJi,0x1ea0b4,356,186d7ec536f3ab5228231b57625e9f1c04f4dc3766f5f3e5305c1cceba3ef6de,other,TColorTransform_setEffect_ColorF_const_int,_ZN15TColorTransform9setEffectERK6ColorFi,"TColorTransform::setEffect(ColorF const&,int)",0x1e5dc8,0x42ec,elf_symbol,function
_ZN10RWahgahP3i10bcVzIaPJP6ERKS_,0x1ea21c,392,73cab9b6ee1e31a0cd1949d6aa8c84cbf908c1d72ebdbf7ce5e578206e46cc3a,other,TColorTransform_concatenate_TColorTransform_const,_ZN15TColorTransform11concatenateERKS_,TColorTransform::concatenate(TColorTransform const&),0x1e5f30,0x42ec,elf_symbol,function
_ZN10RWahgahP3i10waxLfatwBSEv,0x1ea018,52,95e315dc2d28b0de32f144ffcf6d31c33a3c8092f5ddda83c05220aab7adc3de,other,TColorTransform_identity_void,_ZN15TColorTransform8identityEv,TColorTransform::identity(void),0x1e5d2c,0x42ec,elf_symbol,function
_ZN10RWahgahP3iC1ERK10_79OJaq8E9,0x1ea050,96,7d050c1ba7a6b7dbfa6987a785cedeb701a0a1080f236871a20619e928346ec9,other,TColorTransform_TColorTransform_TColor_const,_ZN15TColorTransformC1ERK6TColor,TColorTransform::TColorTransform(TColor const&),0x1e5d64,0x42ec,elf_symbol,function
_ZN10RWahgahP3iC2ERK10_79OJaq8E9,0x1ea050,96,7d050c1ba7a6b7dbfa6987a785cedeb701a0a1080f236871a20619e928346ec9,other,TColorTransform_TColorTransform_TColor_const,_ZN15TColorTransformC1ERK6TColor,TColorTransform::TColorTransform(TColor const&),0x1e5d64,0x42ec,elf_symbol,function
_ZN10R_MvgaEQlv10yq16Ta3OwPEv,0xec400,132,6d97c09548e4c9c1c8a264798c2088a9a497fb35aac2f670652b805cbf079962,other,THashListIterator_findNextObject_void,_ZN17THashListIterator14findNextObjectEv,THashListIterator::findNextObject(void),0xeb6d4,0xd2c,elf_symbol,function
_ZN10S2m6gab0Y_10Cpq6gahQ0_Ei,0x1d3ed4,8,cf9ba67002cd8d3271068d0d8dcf883aea02f0e4e521c63f5083025bd8dfb1aa,other,THTMLAtom_setLengthInBuffer_int,_ZN9THTMLAtom17setLengthInBufferEi,THTMLAtom::setLengthInBuffer(int),0x1cf280,0x4c54,elf_symbol,function
_ZN10S2m6gab0Y_10Vqz6gakq8_Eji,0x1d3ec8,12,ef961b5c426ac1280339b5fabfe5e31b1c43b361919d1ff2992c8b08227836b3,other,THTMLAtom_setTextInBuffer_uint_int,_ZN9THTMLAtom15setTextInBufferEji,"THTMLAtom::setTextInBuffer(uint,int)",0x1cf274,0x4c54,elf_symbol,function
_ZN10SU3JfaCUmR10arzfHawqI_Ev,0x10c680,16,961b31901d212f42f47fe37a80bb2f6a292298e27cce867f0a2cdf8034c8dfeb,other,TScreenPanelOpenGL_clearStates_void,_ZN18TScreenPanelOpenGL11clearStatesEv,TScreenPanelOpenGL::clearStates(void),0x109d30,0x2950,elf_symbol,function
_ZN10SU3JfaCUmR10gRTfHauBZ_Eii,0x10d77c,60,25e83b2d1d737112cc618afd7fdead2664708f5b75f9f3a64f0e67abaa40ec59,other,TScreenPanelOpenGL_requestState_int_int,_ZN18TScreenPanelOpenGL12requestStateEii,"TScreenPanelOpenGL::requestState(int,int)",0x10ae2c,0x2950,elf_symbol,function
_ZN10SsrLga3IwI10fdfZgaPp8TERK10eY2wgaf6pw,0x1b3954,100,6d72527ed279b827979b21359f788b1482b7dcac0e0a019b6b5c80ac90787785,other,GuiCanvas_isAcceptingDropFiles_TPoint_const,_ZN9GuiCanvas20isAcceptingDropFilesERK6TPoint,GuiCanvas::isAcceptingDropFiles(TPoint const&),0x1af79c,0x41b8,elf_symbol,function
_ZN10TZf6gaQ3S_10T8Jn4a9qAiEi,0x10fd9c,116,606d18768ecdf2025247df2daa0c525245915e9943bf68270782cf5563ac6cad,other,TFont_testFitInWidth_int,_ZN5TFont14testFitInWidthEi,TFont::testFitInWidth(int),0x10d410,0x298c,elf_symbol,function
_ZN10TZf6gaQ3S_10XK8OfabZDVEv,0x110488,52,e13a724ec299047b0fff7afe53376523366443ec86a5f51ff6ff952939975425,other,TFont_canRender_void,_ZN5TFont9canRenderEv,TFont::canRender(void),0x10dabc,0x29cc,elf_symbol,function
_ZN10TZf6gaQ3S_10vg75gavJL_ERi,0x10fd70,44,d9bacf26738636af92a3e87328b43a8a9d90197e0f0bd413863723c6b4c5e506,other,TFont_clampFontSize_int,_ZN5TFont13clampFontSizeERi,TFont::clampFontSize(int &),0x10d3e4,0x298c,elf_symbol,function
_ZN10U1slUah2F0C1EP10J7zOgaf09Kj,0xeb02c,20,2a3bb7fdacdfe1485238646e1cc09a23634370ddbec61ebd78d7ce012e7c5cc7,other,THashListLink_THashListLink_THashListObject_uint,_ZN13THashListLinkC1EP15THashListObjectj,"THashListLink::THashListLink(THashListObject *,uint)",0xea440,0xbec,elf_symbol,function
_ZN10U1slUah2F0C2EP10J7zOgaf09Kj,0xeb02c,20,2a3bb7fdacdfe1485238646e1cc09a23634370ddbec61ebd78d7ce012e7c5cc7,other,THashListLink_THashListLink_THashListObject_uint,_ZN13THashListLinkC1EP15THashListObjectj,"THashListLink::THashListLink(THashListObject *,uint)",0xea440,0xbec,elf_symbol,function
_ZN10UU64BayqVEC1EiiiiiiiP10NLT0HaSwmE,0x1153b8,44,133faacd69cf676d4ad0d3506b89149bbfecdf6f318355538324094a8c552622,other,TBitmap_AnimationStep_TBitmap_AnimationStep_int_int_int_int_int_int_int_TPalette,_ZN21TBitmap_AnimationStepC1EiiiiiiiP8TPalette,"TBitmap_AnimationStep::TBitmap_AnimationStep(int,int,int,int,int,int,int,TPalette *)",0x112ae8,0x28d0,elf_symbol,function
_ZN10UU64BayqVEC2EiiiiiiiP10NLT0HaSwmE,0x1153b8,44,133faacd69cf676d4ad0d3506b89149bbfecdf6f318355538324094a8c552622,other,TBitmap_AnimationStep_TBitmap_AnimationStep_int_int_int_int_int_int_int_TPalette,_ZN21TBitmap_AnimationStepC1EiiiiiiiP8TPalette,"TBitmap_AnimationStep::TBitmap_AnimationStep(int,int,int,int,int,int,int,TPalette *)",0x112ae8,0x28d0,elf_symbol,function
_ZN10Vx2_xajLEd10_nXZxaZzJcEv,0x1e7160,164,73bedb5a7aa8fda65eb15f6c536db70d739c7e2642ce45c33c26ac573717884f,other,MRandomLCG_randI_void,_ZN10MRandomLCG5randIEv,MRandomLCG::randI(void),0x1e3290,0x3ed0,elf_symbol,function
_ZN10WcQ5gaFxw_C1EP10J7zOgaf09K,0x1d441c,80,1c294cdd1a0ebcd9e6a5cf47053895e18a07b3e0d6b7fc3ad1c549d588316677,other,THTMLSubPage_THTMLSubPage_THashListObject,_ZN12THTMLSubPageC1EP15THashListObject,THTMLSubPage::THTMLSubPage(THashListObject *),0x1cf7c8,0x4c54,elf_symbol,function
_ZN10WcQ5gaFxw_C2EP10J7zOgaf09K,0x1d441c,80,1c294cdd1a0ebcd9e6a5cf47053895e18a07b3e0d6b7fc3ad1c549d588316677,other,THTMLSubPage_THTMLSubPage_THashListObject,_ZN12THTMLSubPageC1EP15THashListObject,THTMLSubPage::THTMLSubPage(THashListObject *),0x1cf7c8,0x4c54,elf_symbol,function
_ZN10ZAuvgaUl6u10LPjGHaiidmEv,0x206504,48,a9c067aa6bee4c831eb6e1e9b23d66411e762f12d0795a8e4ce0c3e26e453f77,other,THTTPRequest_getDownloadProgress_void,_ZN12THTTPRequest19getDownloadProgressEv,THTTPRequest::getDownloadProgress(void),0x200d14,0x57f0,elf_symbol,function
_ZN10Zb7cUaSFEU10yq16Ta3OwPEv,0xecad8,128,7319332190bdd05f53f9bee71e08a55c4cb40182c8db46ea2fe547614e7d513f,other,THashStringsIterator_findNextObject_void,_ZN20THashStringsIterator14findNextObjectEv,THashStringsIterator::findNextObject(void),0xebd34,0xda4,elf_symbol,function
_ZN10ZwL1xarB5e10_nXZxaZzJcEv,0x1e7204,96,16b8586a43c8414fe75d79cdfaa2beb3032e61d2b32b6937e62afd4d28439435,other,MRandomR250_randI_void,_ZN11MRandomR2505randIEv,MRandomR250::randI(void),0x1e3334,0x3ed0,elf_symbol,function
_ZN10_79OJaq8E910HuhPJazkL9ERKS_S1_f,0x1e9f70,168,7bed641465756a3ba9e48954c264bb3ae0967485f0c747b258a57cc15a00cd87,other,TColor_set_lerp_TColor_const_TColor_const_float,_ZN6TColor8set_lerpERKS_S1_f,"TColor::set_lerp(TColor const&,TColor const&,float)",0x1e5c84,0x42ec,elf_symbol,function
_ZN10_WevgakbUu10Ek0Mfa6TQTEv,0x107a94,104,ae4a68fc7dcc4c7ad9f688de900ac1a586c52e30d1c04a155837e5594b5808c7,other,TTexture_getWidth_void,_ZN8TTexture8getWidthEv,TTexture::getWidth(void),0x10540c,0x2688,elf_symbol,function
_ZN10_WevgakbUu10Jw2MfabKSTEv,0x107afc,104,fe36bd5d22e6bfdbdd0d8955e4bad18c9f5886d1988622ba050a5feb22857753,other,TTexture_getHeight_void,_ZN8TTexture9getHeightEv,TTexture::getHeight(void),0x105474,0x2688,elf_symbol,function
_ZN10_WevgakbUu10YgmYga3loTEv,0x107ee8,64,d84dbc06c5794cd71fa569b7035b7b978f88da8b96f2305360bf63421360f54a,other,TTexture_destroyTexture_void,_ZN8TTexture14destroyTextureEv,TTexture::destroyTexture(void),0x105848,0x26a0,elf_symbol,function
_ZN10_WevgakbUu10bpABEaLeeMEv,0x107760,56,47d049f922a8ff3638040de6be59c0289b77dc07ab11d77d6fa614bc2d8e68d1,other,TTexture_deleteBitmap_void,_ZN8TTexture12deleteBitmapEv,TTexture::deleteBitmap(void),0x1050d8,0x2688,elf_symbol,function
_ZN10_k_Bgam3zA10evncIaXn1NERK10eY2wgaf6pwi,0x1c655c,572,58762ebb162f4de26e384369b408a8cae82a6e2b8c1072d3e533435d47723e0d,other,GuiScrollCtrl_findHitRegion_TPoint_const_int,_ZN13GuiScrollCtrl13findHitRegionERK6TPointi,"GuiScrollCtrl::findHitRegion(TPoint const&,int)",0x1c1a80,0x4adc,elf_symbol,function
_ZN10_thLgaWjoI10zv4pGahpyiEv,0x1ce12c,40,4e9645eae0ca67ac77447fc0f505f120984a81d0781490c64dc2d073a0fb9bdf,other,GuiTextEditCtrl_hasText_void,_ZN15GuiTextEditCtrl7hasTextEv,GuiTextEditCtrl::hasText(void),0x1c95a8,0x4b84,elf_symbol,function
_ZN10awDo2aJRkD10nyRxgawF5wEv,0x1ddeac,40,8c4b2a2e8957acea49014f0178304c127733e8ae0c6265d83d2a082c3f919366,other,GuiPopUpMenuCtrl_closePopUp_void,_ZN16GuiPopUpMenuCtrl10closePopUpEv,GuiPopUpMenuCtrl::closePopUp(void),0x1d9170,0x4d3c,elf_symbol,function
_ZN10awDo2aJRkD10wjnCga8dUAEi,0x1dde80,44,3882dce00e9a8c9521047c08082e8ee9fd7ede6c101a1e729233a4dd74cdafbd,other,GuiPopUpMenuCtrl_setProtectedObject_int,_ZN16GuiPopUpMenuCtrl18setProtectedObjectEi,GuiPopUpMenuCtrl::setProtectedObject(int),0x1d9144,0x4d3c,elf_symbol,function
_ZN10bNZvga2Awv10K0dBQahpWRC1Ev,0xf08d0,52,e8c8338ea2431eb8c119d5893ee27b90c6e5610c53ae04f8c58cbe23754e888d,other,TResourceObject_TResourceObjectEx_TResourceObjectEx_void,_ZN15TResourceObject17TResourceObjectExC1Ev,TResourceObject::TResourceObjectEx::TResourceObjectEx(void),0xef5dc,0x12f4,elf_symbol,function
_ZN10bNZvga2Awv10K0dBQahpWRC2Ev,0xf08d0,52,e8c8338ea2431eb8c119d5893ee27b90c6e5610c53ae04f8c58cbe23754e888d,other,TResourceObject_TResourceObjectEx_TResourceObjectEx_void,_ZN15TResourceObject17TResourceObjectExC1Ev,TResourceObject::TResourceObjectEx::TResourceObjectEx(void),0xef5dc,0x12f4,elf_symbol,function
_ZN10c3fygag7qx10MaCBgaJJfAEb,0x1dca50,88,cc255ab3b99d217699bd7809e7fbfe661d377e63efc37d17b11293b1714b8425,other,GuiContextMenuCtrl_setScriptAccessRestricted_bool,_ZN18GuiContextMenuCtrl25setScriptAccessRestrictedEb,GuiContextMenuCtrl::setScriptAccessRestricted(bool),0x1d7d88,0x4cc8,elf_symbol,function
_ZN10c3fygag7qx10wjnCga8dUAEi,0x1dc9fc,84,4423f376420d4ff79e8e164253a6d7d7d6933e982ddbcea16afc91221459d49d,other,GuiContextMenuCtrl_setProtectedObject_int,_ZN18GuiContextMenuCtrl18setProtectedObjectEi,GuiContextMenuCtrl::setProtectedObject(int),0x1d7d34,0x4cc8,elf_symbol,function
_ZN10cWWYfaxbT210VHrJ2aDVQUEP10c76BgaJBGAcPvS2_RK10C8THgaTQxF,0x22e9e0,60,94016dd15af8451d8301324c78c4b1af534fc0759d9253da4bf83a1e1f85bef1,other,TScriptProperty_setProperty_TProperties_char_void_void_TString_const,_ZN15TScriptProperty11setPropertyEP11TPropertiescPvS2_RK7TString,"TScriptProperty::setProperty(TProperties *,char,void *,void *,TString const&)",0x2260a0,0x8940,elf_symbol,function
_ZN10cXoLgatBuI10lHUsfa3iWCEii,0x1b8ba4,160,120a26121bcaf5492ca97cce643986c05cbc25bb54c16ff1287e26a994e1e4e0,other,GuiEvent_getFullModifierKey_int_int,_ZN8GuiEvent18getFullModifierKeyEii,"GuiEvent::getFullModifierKey(int,int)",0x1b4528,0x467c,elf_symbol,function
_ZN10e3mhxao0dC10nhHKJaj1T5Ev,0x1ea954,32,d1ecd3aa6c0fc9bdc21a0ec80b0c8baff8f9861f86e3d8a841193068a6a5665b,other,TRegion_isEmpty_void,_ZN7TRegion7isEmptyEv,TRegion::isEmpty(void),0x1e6668,0x42ec,elf_symbol,function
_ZN10e3mhxao0dCC1Ev,0x1ea8dc,8,66985e94d68bb55c9dd2238b467227dbc2502f5538f829a06da0d91e7e591729,other,TRegion_TRegion_void,_ZN7TRegionC2Ev,TRegion::TRegion(void),0x1e65f0,0x42ec,elf_symbol,function
_ZN10e3mhxao0dCC2Ev,0x1ea8dc,8,66985e94d68bb55c9dd2238b467227dbc2502f5538f829a06da0d91e7e591729,other,TRegion_TRegion_void,_ZN7TRegionC2Ev,TRegion::TRegion(void),0x1e65f0,0x42ec,elf_symbol,function
_ZN10eHD62a2_be10Qqi72af7KeEP10K9562aXNAe,0x11d288,144,1f8fceacc85cb00c1aa98799ba1003b8efc2ffa1e39ceae62e4cffc0b1046e9e,other,TPanelOperation_Clear_covers_TDrawingPanelOperation,_ZN21TPanelOperation_Clear6coversEP22TDrawingPanelOperation,TPanelOperation_Clear::covers(TDrawingPanelOperation *),0x11a780,0x2b08,elf_symbol,function
_ZN10eODlJaQ5OL10NE5cXa4mDqEv,0x23f3dc,8,e577a2852093e63b4a8e4ed730f8118ee2399c9fad8a1b1e01b507ab0c6d1524,other,TShowImg_tilewidthplain_void,_ZN8TShowImg14tilewidthplainEv,TShowImg::tilewidthplain(void),0x235554,0x9e88,elf_symbol,function
_ZN10eODlJaQ5OL10Osj7Xa_ZLbEb,0x241c28,428,4e78ec76363824bca8e376325c6eae34856acb07732900259b11049c6a433fa3,other,TShowImg_setAttachToOwner_bool,_ZN8TShowImg16setAttachToOwnerEb,TShowImg::setAttachToOwner(bool),0x237d88,0x9ea0,elf_symbol,function
_ZN10eODlJaQ5OL10Q1ZqgadOjrERK10V6P7faBscb,0x241734,172,533cf4e8348e7a5b2aafe2713ed9bed50ecbfa7cb69da06d3e69b68d9fcf6dbe,other,TShowImg_setPosition_T3DFloatPoint_const,_ZN8TShowImg11setPositionERK13T3DFloatPoint,TShowImg::setPosition(T3DFloatPoint const&),0x237894,0x9ea0,elf_symbol,function
_ZN10eODlJaQ5OL10QJ7UWae7FaEv,0x240608,256,03a2c0a35d448e4e7363b76b7b52ab5f2eff27e4f3ce801bbadc979319fd1e00,other,TShowImg_checkAttachToOwner_void,_ZN8TShowImg18checkAttachToOwnerEv,TShowImg::checkAttachToOwner(void),0x236780,0x9e88,elf_symbol,function
_ZN10eODlJaQ5OL10Z6dcXaFuUpEiiii,0x23f9a8,88,ff3d1a3fed1d089f068391c735a4a410c1b49863407f53835e6f877fdb140bf8,other,TShowImg_setImagePart_int_int_int_int,_ZN8TShowImg12setImagePartEiiii,"TShowImg::setImagePart(int,int,int,int)",0x235b20,0x9e88,elf_symbol,function
_ZN10eODlJaQ5OL10cuc8IaZ6vAEb,0x23f37c,84,b0037ad84564791232cb7e5223636183d96bb80a39b1e0c90a96bb149b457d16,other,TShowImg_setLevelVisible_bool,_ZN8TShowImg15setLevelVisibleEb,TShowImg::setLevelVisible(bool),0x2354f4,0x9e88,elf_symbol,function
_ZN10eODlJaQ5OL10hvx3Xa_NA8Ev,0x241de4,40,66c56d0181e5a392d1d253d7e9d70dfceb9788467e73d283f04d2b1dcac6ec84,other,TShowImg_getAttachOffset_void,_ZN8TShowImg15getAttachOffsetEv,TShowImg::getAttachOffset(void),0x237f44,0x9ea0,elf_symbol,function
_ZN10eODlJaQ5OL10pPR7XaXTdcERK10V6P7faBscb,0x241e48,272,19718c87bbe6309552876e3f029a314d0a516800d4f9b3414e536e054cde770a,other,TShowImg_setAttachOffset_T3DFloatPoint_const,_ZN8TShowImg15setAttachOffsetERK13T3DFloatPoint,TShowImg::setAttachOffset(T3DFloatPoint const&),0x237fa8,0x9ea0,elf_symbol,function
_ZN10eODlJaQ5OL10yr4wgaUlrwEv,0x241680,120,50b4131c12372a5c3385cf97ac79cd31f6c4403a560068370aed180dfa771336,other,TShowImg_getPosition_void,_ZN8TShowImg11getPositionEv,TShowImg::getPosition(void),0x2377e0,0x9ea0,elf_symbol,function
_ZN10esKIvakHfi10I4VHgaCtzFEb,0xfc7a4,8,bdf8e167682b3eceaf4b55c1f8fa21a5934c593d7ef0a0ef12366315e7f2aec0,other,TProfiler_enable_bool,_ZN9TProfiler6enableEb,TProfiler::enable(bool),0xfa174,0x2630,elf_symbol,function
_ZN10fEVMgax6LJ10pTqwgajeUvEv,0xe3714,16,050779ad69d9ecb36aeb20d9711d4766a9ee4d8c062b802a823589fed5d1f4db,other,TSoundEffect_hasChannel_void,_ZN12TSoundEffect10hasChannelEv,TSoundEffect::hasChannel(void),0xe2b24,0xbf0,elf_symbol,function
_ZN10fJ8VgaKXwR10JhjWgazQFREv,0x247318,116,b470d9d011fdf8fc639a5d26af24f0c68f110f58e7264d0933308d2db58482de,other,TServerCarry_getOrderPoint_void,_ZN12TServerCarry13getOrderPointEv,TServerCarry::getOrderPoint(void),0x23d400,0x9f18,elf_symbol,function
_ZN10giqpgaXJ_p10LlopgaY5YpEv,0x2131cc,76,e22b8beca7caf082da4fe379fc05ecbfddcb99ba3807c8bef87a8a9383d56008,other,TFormat2_FormatParameters_getNextF64_void,_ZN25TFormat2_FormatParameters10getNextF64Ev,TFormat2_FormatParameters::getNextF64(void),0x20ce38,0x6394,elf_symbol,function
_ZN10giqpgaXJ_p10iJypgaNP6pEi,0x213328,56,ce62831c4d5e0334be6d0014205afcf33ead42c3a29805a867e00ddb46c651ab,other,TFormat2_FormatParameters_getIndexedF64_int,_ZN25TFormat2_FormatParameters13getIndexedF64Ei,TFormat2_FormatParameters::getIndexedF64(int),0x20cf98,0x6390,elf_symbol,function
_ZN10i7FHgaP2lF10FwfGfa7F9NERKS_,0x1ea778,108,0dea23582bb5920417a76a8cfc2b36b843bbc1bf7a8a3b3861ff599032776a56,other,TRectangle_unionRects_TRectangle_const,_ZN10TRectangle10unionRectsERKS_,TRectangle::unionRects(TRectangle const&),0x1e648c,0x42ec,elf_symbol,function
_ZN10ieJzgaIFFy10JhjWgazQFREv,0x160904,136,17ebadfd46fe8356a84b460ff0b069f7edb2a8970eaa4d961e2115cf4e0ef03a,other,TGaniObject_getOrderPoint_void,_ZN11TGaniObject13getOrderPointEv,TGaniObject::getOrderPoint(void),0x15d834,0x30d0,elf_symbol,function
_ZN10ieJzgaIFFy10bE03Iat9ZwEv,0x1607d8,132,729c21c14a571827e706948f96fd013df63399ee9e62e139d1c47e1637b4c44f,other,TGaniObject_getBlockingRectangle_void,_ZN11TGaniObject20getBlockingRectangleEv,TGaniObject::getBlockingRectangle(void),0x15d708,0x30d0,elf_symbol,function
_ZN10ieJzgaIFFy10cuc8IaZ6vAEb,0x161464,80,544aba140a0672523729a0d27d9fcf7e132505a5cf513d9cfb92effc6c736948,other,TGaniObject_setLevelVisible_bool,_ZN11TGaniObject15setLevelVisibleEb,TGaniObject::setLevelVisible(bool),0x15e2f4,0x3170,elf_symbol,function
_ZN10ieJzgaIFFy10ex97IaxDtAEv,0x16098c,8,028124664cbfe6975487d9717bdd5de14166d8961f0590371388a4e3210c197a,other,TGaniObject_getLevelVisible_void,_ZN11TGaniObject15getLevelVisibleEv,TGaniObject::getLevelVisible(void),0x15d8bc,0x30d0,elf_symbol,function
_ZN10ieJzgaIFFy10sgdTJasM3cEi,0x168ef8,8,6acb17d7bda0033b4e87d390677be1e5157f95761c7f6ef2509cdb601d985d91,other,TGaniObject_setdir_int,_ZN11TGaniObject6setdirEi,TGaniObject::setdir(int),0x1656ec,0x380c,elf_symbol,function
_ZN10k1h4JaIMdn10JhjWgazQFREv,0x2486bc,152,f1cba97a6e0956ecf300758d25f4676ff715a27038aadcc68b50d7fbaea75a10,other,TServerExtra_getOrderPoint_void,_ZN12TServerExtra13getOrderPointEv,TServerExtra::getOrderPoint(void),0x23e734,0x9f88,elf_symbol,function
_ZN10k3yv6au694D1Ev,0x19b414,40,425fce5364f6a8c5402d56f536afeb698f3110843b7e3610fbfefec59745bbd2,other,TGraalActorMod_TGraalActorMod,_ZN14TGraalActorModD1Ev,TGraalActorMod::~TGraalActorMod(),0x1968ec,0x4b28,elf_symbol,function
_ZN10k3yv6au694D2Ev,0x19b414,40,425fce5364f6a8c5402d56f536afeb698f3110843b7e3610fbfefec59745bbd2,other,TGraalActorMod_TGraalActorMod,_ZN14TGraalActorModD1Ev,TGraalActorMod::~TGraalActorMod(),0x1968ec,0x4b28,elf_symbol,function
_ZN10kd5l5aU_b710Jmv5XaM_eaEi,0x23f084,140,b398359fd3e844c51453b0273e2844462b0456517c71639302ef822281f9a1d9,other,TShowImgList_getByImgIndex_int,_ZN12TShowImgList13getByImgIndexEi,TShowImgList::getByImgIndex(int),0x2351fc,0x9e88,elf_symbol,function
_ZN10lKR7faAPdb10F21aKaZkUsEffffff,0x1e6b48,224,54bb61f95138ddcd39d72735e40668cfd45537303300e07d1b41980e8dca6beb,other,MatrixF_frustum_float_float_float_float_float_float,_ZN7MatrixF7frustumEffffff,"MatrixF::frustum(float,float,float,float,float,float)",0x1e2c78,0x3ed0,elf_symbol,function
_ZN10lKR7faAPdb10iYxaKajbusEff,0x1e6b1c,44,3cd00c336fd498a9cbf93b3bcffa73901c2be9159c2edbb3f049581094d47f0c,other,MatrixF_setOrthoClipping_float_float,_ZN7MatrixF16setOrthoClippingEff,"MatrixF::setOrthoClipping(float,float)",0x1e2c4c,0x3ed0,elf_symbol,function
_ZN10lKR7faAPdb10tQ0eKaRjfwEPf,0x1e69cc,132,1fecfc89521dc87b36d115456e26c2417a3e087b95ca7bbda41aed8c497d024b,other,MatrixF_setTranspose_float,_ZN7MatrixF12setTransposeEPf,MatrixF::setTranspose(float *),0x1e2afc,0x3ed0,elf_symbol,function
_ZN10lKR7faAPdb10xegqIaRgIZEffffff,0x1e6a50,204,ee0a51a73a111d0f324f52c9ab7615937d45b8b1c97bf3738b2c396a2479889f,other,MatrixF_ortho_float_float_float_float_float_float,_ZN7MatrixF5orthoEffffff,"MatrixF::ortho(float,float,float,float,float,float)",0x1e2b80,0x3ed0,elf_symbol,function
_ZN10m0ka3aUhjh10rMBEgasoMCEv,0x11d400,100,2ef9508a1cbae65d75ab0bc608d48a732a8dde6da5ed1a6fc4baccf75053c2aa,other,TPanelOperation_DrawLine_getBounds_void,_ZN24TPanelOperation_DrawLine9getBoundsEv,TPanelOperation_DrawLine::getBounds(void),0x11a8f8,0x2b08,elf_symbol,function
_ZN10m9DfJatoMG10B8wpgaSu5pEv,0xf6880,60,b96685d68b8fd32590e30876aee4433dee6ab47d953ccea34710b04ec4864c09,other,TVAArgs_FormatParameters_getNextString_void,_ZN24TVAArgs_FormatParameters13getNextStringEv,TVAArgs_FormatParameters::getNextString(void),0xf5108,0x1778,elf_symbol,function
_ZN10m9DfJatoMG10LlopgaY5YpEv,0xf67cc,60,caa0ef89118a1a52ce3efd52a27997a790d65fcf4616bd77ad18560f53a4098f,other,TVAArgs_FormatParameters_getNextF64_void,_ZN24TVAArgs_FormatParameters10getNextF64Ev,TVAArgs_FormatParameters::getNextF64(void),0xf5054,0x1778,elf_symbol,function
_ZN10nDIHgaJ9nF10uW3JGaPVmzEc,0x11db94,76,329069f5e78e1a29a8c1730ddb99a05ea177ae157674cda21dbe6d18be089e5e,other,THTMLColors_getHexVal_char,_ZN11THTMLColors9getHexValEc,THTMLColors::getHexVal(char),0x11b08c,0x2b08,elf_symbol,function
_ZN10o3AZxayNqc10EgL2xaEnWfEv,0xe7788,44,848ff798d6a7442da83db3807e7d066b2453027d55708f68bcf2551c192e5704,other,MRandomGenerator_randF_void,_ZN16MRandomGenerator5randFEv,MRandomGenerator::randF(void),0xe6ba0,0xbe8,elf_symbol,function
_ZN10oAgxlbdzBJ10l95wlbsNsJEPhRK10i7FHgaP2lF,0x245e70,40,603d841456801ab9d2de83032b45f25388b49dc2354520a68ce29631537fde42,other,TBodySubPanel_setColorsAndRectangle_uchar_TRectangle_const,_ZN13TBodySubPanel21setColorsAndRectangleEPhRK10TRectangle,"TBodySubPanel::setColorsAndRectangle(uchar *,TRectangle const&)",0x23bfc0,0x9eb0,elf_symbol,function
_ZN10oMhmIajzmW10tkhIfaQbSPERK10C8THgaTQxFffffiiiiii,0x1062f0,456,7d40637cdfadfdf7e3ca3b6564174d5fb32f0e801eb8728073bfc745ff9e6ca9,other,TPanelInterface_drawImageTiled_TString_const_float_float_float_float_int_int_int_int_int_int,_ZN15TPanelInterface14drawImageTiledERK7TStringffffiiiiii,"TPanelInterface::drawImageTiled(TString const&,float,float,float,float,int,int,int,int,int,int)",0x103c88,0x2668,elf_symbol,function
_ZN10oSV5gamiB_C1EPS_,0x1d43ec,48,fe26f3777e7eb5ec888d9767cd30d72278b8bbc5cd09976ffe98033094ea3267,other,THTMLList_THTMLList_THTMLList,_ZN9THTMLListC1EPS_,THTMLList::THTMLList(THTMLList*),0x1cf798,0x4c54,elf_symbol,function
_ZN10oSV5gamiB_C2EPS_,0x1d43ec,48,fe26f3777e7eb5ec888d9767cd30d72278b8bbc5cd09976ffe98033094ea3267,other,THTMLList_THTMLList_THTMLList,_ZN9THTMLListC1EPS_,THTMLList::THTMLList(THTMLList*),0x1cf798,0x4c54,elf_symbol,function
_ZN10ohGYZakbFK10cqUMgaI4KJEii,0xe3768,32,25c46c48de0c334b3d55708f122e9a09bd439d02985f9ace07b50c001d8cdcf8,other,TSoundPlayerJava_setMusicVolumeAndPan_int_int,_ZN16TSoundPlayerJava20setMusicVolumeAndPanEii,"TSoundPlayerJava::setMusicVolumeAndPan(int,int)",0xe2b78,0xbf0,elf_symbol,function
_ZN10ohGYZakbFK10j3HMgatGAJEv,0xe3848,48,390534962812910ea64e723b5fa1d70b269e38f3c319b1b97d3415470f0387d4,other,TSoundPlayerJava_unload_void,_ZN16TSoundPlayerJava6unloadEv,TSoundPlayerJava::unload(void),0xe2c58,0xbf0,elf_symbol,function
_ZN10ohGYZakbFK10xcTMgag3JJEv,0xe3748,32,2f731065b7c1fda88be4c604fd26e8416af02690521b043e4d095f63be0d69a1,other,TSoundPlayerJava_stopMidi_void,_ZN16TSoundPlayerJava8stopMidiEv,TSoundPlayerJava::stopMidi(void),0xe2b58,0xbf0,elf_symbol,function
_ZN10pdnkJaZ8KK10Gt6lJaI3cMEi,0x2437f0,28,5037365c61ee8a9c04fb6b2d453ce9e585c42ab59f17723a87fbf436e22025a6,other,TParticleEmitter_setNrofParticles_int,_ZN16TParticleEmitter16setNrofParticlesEi,TParticleEmitter::setNrofParticles(int),0x239950,0x9ea0,elf_symbol,function
_ZN10pdnkJaZ8KK10ULfmJaZSkMEi,0x2437c4,40,280d753c6de0ac97a657b5dc3195fe4827dcf4806441499da3ada7658916707c,other,TParticleEmitter_setMaxParticles_int,_ZN16TParticleEmitter15setMaxParticlesEi,TParticleEmitter::setMaxParticles(int),0x239924,0x9ea0,elf_symbol,function
_ZN10pdnkJaZ8KK10rVjVga1mQQERK10C8THgaTQxF10RiQ7IaxCcAP10G0gxgajWBw,0x242228,104,e9dc145b35f01a3dc925dcc2eba9f71b0caba765591caba9a972cb4d97054111,other,TParticleEmitter_receiveEvent_TString_const_script_event_TGraalVar,_ZN16TParticleEmitter12receiveEventERK7TString12script_eventP9TGraalVar,"TParticleEmitter::receiveEvent(TString const&,script_event,TGraalVar *)",0x238388,0x9ea0,elf_symbol,function
_ZN10psSDxavq9U10VrWDYaaNcDEv,0x2043ac,24,7102ac018057159a325034d3e211485e3a5ba731f81476fa4372d8072aa34a59,other,TGraalConnection_isblocked_void,_ZN16TGraalConnection9isblockedEv,TGraalConnection::isblocked(void),0x1fea58,0x5954,elf_symbol,function
_ZN10psSDxavq9U10gUchYaVs5jEv,0x202780,12,e399477e6711e3fda1955d388d4674f3faccba167f39b31737c53c900386826a,other,TGraalConnection_printSocketError_void,_ZN16TGraalConnection16printSocketErrorEv,TGraalConnection::printSocketError(void),0x1fce4c,0x5934,elf_symbol,function
_ZN10qsr_gawI8U10OY5TgaPDOPEPhii,0x100640,40,03cb452988afaeaa8e050541ddf24e7eb38ae14abfbf89f5ee6527239ea2a5b3,other,TDrawingPanelPixelBuffer_setPixels_uchar_int_int,_ZN24TDrawingPanelPixelBuffer9setPixelsEPhii,"TDrawingPanelPixelBuffer::setPixels(uchar *,int,int)",0xfdfd8,0x2668,elf_symbol,function
_ZN10qsr_gawI8U10s9A_gaFSgVEv,0x100a60,16,c28f3fd5fe4ef40a344f4303ee516dc95fd10c51150aeba8cb3127ed6cb94d27,other,TDrawingPanelPixelBuffer_getPitch_void,_ZN24TDrawingPanelPixelBuffer8getPitchEv,TDrawingPanelPixelBuffer::getPitch(void),0xfe3f4,0x266c,elf_symbol,function
_ZN10rizMgadjtJ10FzM7JaEt9pERK10qdSBga_dtAS2_S2_S2_S2_S2_,0x1e9868,636,e3705a9a7376f6cff255d24c72f46de3a32f07a8e6f141e427ecb20cf4937b42,other,T2DMatrix_setTriangleTransform_TFloatPoint_const_TFloatPoint_const_TFloatPoint_const_TFloatPoint_const_TFloatPoint_const_TFloatPoint_const,_ZN9T2DMatrix20setTriangleTransformERK11TFloatPointS2_S2_S2_S2_S2_,"T2DMatrix::setTriangleTransform(TFloatPoint const&,TFloatPoint const&,TFloatPoint const&,TFloatPoint const&,TFloatPoint const&,TFloatPoint const&)",0x1e557c,0x42ec,elf_symbol,function
_ZN10rizMgadjtJ10LV0wIafoo4Eff,0x1e9d84,64,e5c58b4e09a17a576659ebb205e63f1eedfe08eca4fc1a77734ce5a29dde46e1,other,T2DMatrix_concatenate_translation_float_float,_ZN9T2DMatrix23concatenate_translationEff,"T2DMatrix::concatenate_translation(float,float)",0x1e5a98,0x42ec,elf_symbol,function
_ZN10rizMgadjtJ10bcVzIaPJP6ERKS_,0x1e9cfc,136,2ebd5ada4e8f511234aac17f08e65adf1db07de5cdddd884867802655e8ce0ce,other,T2DMatrix_concatenate_T2DMatrix_const,_ZN9T2DMatrix11concatenateERKS_,T2DMatrix::concatenate(T2DMatrix const&),0x1e5a10,0x42ec,elf_symbol,function
_ZN10rizMgadjtJ10dv5QLaQehSEf,0x1e9dc4,56,734294bb4be2711167e53d4c7dd8250761ce7d524880d5ac09eb5a11bffdecda,other,T2DMatrix_concatenate_scale_float,_ZN9T2DMatrix17concatenate_scaleEf,T2DMatrix::concatenate_scale(float),0x1e5ad8,0x42ec,elf_symbol,function
_ZN10rizMgadjtJ10kQK7faC07aEPf,0x1e9784,60,b78bef5e521cfc9195762786f0d0fe9f7c8ee3dae8d0e5e5859a64cf1e798c31,other,T2DMatrix_setMatrix_float,_ZN9T2DMatrix9setMatrixEPf,T2DMatrix::setMatrix(float *),0x1e5498,0x42ec,elf_symbol,function
_ZN10rizMgadjtJ10kQK7faC07aEPfS0_,0x1e97c0,64,299bfe978573e1a92b08f0748e166968c198e6dc6995f789e4c48aba353c75f3,other,T2DMatrix_setMatrix_float_float,_ZN9T2DMatrix9setMatrixEPfS0_,"T2DMatrix::setMatrix(float *,float *)",0x1e54d4,0x42ec,elf_symbol,function
_ZN10rizMgadjtJ10waxLfatwBSEv,0x1e9754,44,d9bc98de694b12c45267f2a8e8cb5573b765f22762aeee6f641e40777688d50b,other,T2DMatrix_identity_void,_ZN9T2DMatrix8identityEv,T2DMatrix::identity(void),0x1e5468,0x42ec,elf_symbol,function
_ZN10s_YwgafWlw10PHFwgaxH5vERK10eY2wgaf6pw,0x1dab64,92,ecdaddcb8fa3f7178991b893e04486892836a9815d3548055ae10bb7f8b67131,other,GuiArrayCtrl_setSize_TPoint_const,_ZN12GuiArrayCtrl7setSizeERK6TPoint,GuiArrayCtrl::setSize(TPoint const&),0x1d5f0c,0x4c58,elf_symbol,function
_ZN10s_YwgafWlw10kF183as0c6ERiS0_,0x1db204,20,af59b620a923ee9469f68e1457b283c50cab0e911149bc0a1b7d020257ec815c,other,GuiArrayCtrl_getScrollDimensions_int_int,_ZN12GuiArrayCtrl19getScrollDimensionsERiS0_,"GuiArrayCtrl::getScrollDimensions(int &,int &)",0x1d6574,0x4c90,elf_symbol,function
_ZN10tIiGfa7lcO10FwfGfa7F9NERKS_,0x1ea860,124,8cb2cf3848e6b7e40220cc7988fb8976576afef7ac26714d9be7aa15911134fd,other,TDoubleRectangle_unionRects_TDoubleRectangle_const,_ZN16TDoubleRectangle10unionRectsERKS_,TDoubleRectangle::unionRects(TDoubleRectangle const&),0x1e6574,0x42ec,elf_symbol,function
_ZN10tJIwIaYe8310cKDLFar2GKEf,0x23c918,104,309ef8e0defb4478dc74c656097e1697b45e004b4b16665d9fca1189b51b00f9,other,TParticleDataEx_setPartHeightInTiles_float,_ZN15TParticleDataEx20setPartHeightInTilesEf,TParticleDataEx::setPartHeightInTiles(float),0x232b68,0x9db0,elf_symbol,function
_ZN10tJIwIaYe8310hacLFaeRjKEf,0x23c9a0,104,300b5cbc34d28f9a71ac99c715e0cb44f4541250d7f55910cb4d424fbc31a9af,other,TParticleDataEx_setPartWidthInTiles_float,_ZN15TParticleDataEx19setPartWidthInTilesEf,TParticleDataEx::setPartWidthInTiles(float),0x232bf0,0x9db0,elf_symbol,function
_ZN10tJIwIaYe835clearEv,0x23c880,96,45c3ad1d871ae855b34a62abf0f93d12b3688a4071436e5e47f10a1d94a7cea5,other,TParticleDataEx_clear_void,_ZN15TParticleDataEx5clearEv,TParticleDataEx::clear(void),0x232ad0,0x9db0,elf_symbol,function
_ZN10u0eyga1eqx10EWwjob4j23ERK10eY2wgaf6pw,0x1ddd1c,12,2e2cc06f287c46c1a1febfa8c15b054c4d6e2e8deb1ff5cf6b8a046c717adf33,other,GuiTextListCtrl_setCellSize_TPoint_const,_ZN15GuiTextListCtrl11setCellSizeERK6TPoint,GuiTextListCtrl::setCellSize(TPoint const&),0x1d8fe0,0x4d3c,elf_symbol,function
_ZN10u0eyga1eqx10H8ZnobYTN7ER10eY2wgaf6pw,0x1ddd28,12,465975fe2e9e0d308dd9f465abb1f2b328fb4a9a4f88bc9760a6cf39098a4dc0,other,GuiTextListCtrl_getCellSize_TPoint,_ZN15GuiTextListCtrl11getCellSizeER6TPoint,GuiTextListCtrl::getCellSize(TPoint &),0x1d8fec,0x4d3c,elf_symbol,function
_ZN10u0eyga1eqx10UudwgaGYIvEP10RZNxgaOF2w,0x1e1a70,88,c9ed15a0984db39dc11944affd3d5236fc969bc449b1e138017b96ae591b5584,other,GuiTextListCtrl_onCellUpdated_GuiTextListEntry,_ZN15GuiTextListCtrl13onCellUpdatedEP16GuiTextListEntry,GuiTextListCtrl::onCellUpdated(GuiTextListEntry *),0x1ddcd4,0x3d9c,elf_symbol,function
_ZN10u0eyga1eqx10tJLRHaSLQvEiPKc,0x1e07c0,36,28d0d9c73ef986336cea168c53de8802cba261c222f0fce601c01d87f3c5a3f7,other,GuiTextListCtrl_addEntry_int_char_const,_ZN15GuiTextListCtrl8addEntryEiPKc,"GuiTextListCtrl::addEntry(int,char const*)",0x1dca24,0x3d9c,elf_symbol,function
_ZN10u0eyga1eqx10ynlCgaxBSAEv,0x1e24b0,12,e4dd7c4bdfcbe399bdeaf395174969779aebad3f43fb4b777d1ed2de7b77229b,other,GuiTextListCtrl_getNumEntries_void,_ZN15GuiTextListCtrl13getNumEntriesEv,GuiTextListCtrl::getNumEntries(void),0x1de714,0x3d9c,elf_symbol,function
_ZN10u3cBgayBVzC1Ev,0x20c38c,120,6abace0270f3581c07f06e02410e4644ca84f213ccb5e649194c30be40b77a31,other,TSocketConnection_TSocketConnection_void,_ZN17TSocketConnectionC2Ev,TSocketConnection::TSocketConnection(void),0x206240,0x614c,elf_symbol,function
_ZN10u3cBgayBVzC2Ev,0x20c38c,120,6abace0270f3581c07f06e02410e4644ca84f213ccb5e649194c30be40b77a31,other,TSocketConnection_TSocketConnection_void,_ZN17TSocketConnectionC2Ev,TSocketConnection::TSocketConnection(void),0x206240,0x614c,elf_symbol,function
_ZN10uSjUgask_P10OY5TgaPDOPEPhii,0x1072cc,76,1213a44fa7d6699ca475984dc528726cbfcfb3060c499bbc53cca5e761be7adf,other,TPixelBuffer_setPixels_uchar_int_int,_ZN12TPixelBuffer9setPixelsEPhii,"TPixelBuffer::setPixels(uchar *,int,int)",0x104c44,0x2688,elf_symbol,function
_ZN10uSjUgask_P10SzGlKaXqRBEi,0x107540,8,23e2a2078bd41e84b46906ac0e13db3743cb4f934a32dac307e79ba21bc620b5,other,TSoundEffectJava_setPan_int,_ZN16TSoundEffectJava6setPanEi,TSoundEffectJava::setPan(int),0xe2bac,0x24994,elf_symbol,function
_ZN10uSjUgask_P10dplYgaNCnTEiiii,0x10773c,32,f7eb0614d10b8c96e1ccd702dafa0532708e1b1759033c123b99eeac31ebeb98,other,TPixelBuffer_updateTexture_int_int_int_int,_ZN12TPixelBuffer13updateTextureEiiii,"TPixelBuffer::updateTexture(int,int,int,int)",0x1050b4,0x2688,elf_symbol,function
_ZN10uzvDgataRB10QDeNMahW1EEv,0x1b1684,8,88f02348febddeb9843c48f46e5a1addd46585d2e7eb93f6a3bc260ab6625eec,other,GuiButtonBaseCtrl_getChecked_void,_ZN17GuiButtonBaseCtrl10getCheckedEv,GuiButtonBaseCtrl::getChecked(void),0x1ad4c4,0x41c0,elf_symbol,function
_ZN10vEhDgaHsFB10FwfGfa7F9NERKS_,0x1ea7e4,124,6c99bf5a404b7bb5958a6db4940c6b7030bd993705178a6ea871426164e83e07,other,TFloatRectangle_unionRects_TFloatRectangle_const,_ZN15TFloatRectangle10unionRectsERKS_,TFloatRectangle::unionRects(TFloatRectangle const&),0x1e64f8,0x42ec,elf_symbol,function
_ZN10vy1JgaKVkH7ReplaceEiPv,0xed9c8,28,c0e0123b14387a1ccea3b3c2e9719cf8c63f5b9f4a2f49c9f5a676cd186b3e73,other,TList_Replace_int_void,_ZN5TList7ReplaceEiPv,"TList::Replace(int,void *)",0xec9f8,0xfd0,elf_symbol,function
_ZN10w7keKa2nGv10DnLcKawtluEii,0x23aad4,36,bf32a6b2ee0fe9013877d2ac766cce0ff1997c0f4e3e7b7aa23ba2f80a9ff81f,other,TTilesBlock_isTransparentWithout_int_int,_ZN11TTilesBlock20isTransparentWithoutEii,"TTilesBlock::isTransparentWithout(int,int)",0x230b5c,0x9f78,elf_symbol,function
_ZN10w7keKa2nGv10N2HYJa6FGhEii,0x23ad2c,36,0002ddf74fba8e43ae86d15aa1cfd1348df3b4682376824b1d8f154e2ec46b69,other,TTilesBlock_isBlackWithout_int_int,_ZN11TTilesBlock14isBlackWithoutEii,"TTilesBlock::isBlackWithout(int,int)",0x230db4,0x9f78,elf_symbol,function
_ZN10w7keKa2nGv10khjdKaaQOuEv,0x23a9a4,52,49a865d5ce8ac392e96219b5216ba370974d508afcf83ef8c628fb97211573c3,other,TTilesBlock_destroyImage_void,_ZN11TTilesBlock12destroyImageEv,TTilesBlock::destroyImage(void),0x230a2c,0x9f78,elf_symbol,function
_ZN10w7keKa2nGv10rvAYJa3jAhEv,0x23ab80,20,8d941da72f2aad7156a7b99bed221d425ce2c3b8410580b742b92012e8addb0e,other,TTilesBlock_isBlack_void,_ZN11TTilesBlock7isBlackEv,TTilesBlock::isBlack(void),0x230c08,0x9f78,elf_symbol,function
_ZN10w7keKa2nGv10yXNcKaPDnuEv,0x23aac0,20,90ebe87d3e73af203dc9ccfc7517f63431d15ef33544fadbb60aff98da277abf,other,TTilesBlock_isTransparent_void,_ZN11TTilesBlock13isTransparentEv,TTilesBlock::isTransparent(void),0x230b48,0x9f78,elf_symbol,function
_ZN10w9XxgaJdbx10JCFhCaeDtPEv,0x1b09a0,28,0f3f86964cfd6598755d87a9b13d372652f5f5f797e1ae92fdd2ec2d4fa6171a,other,GuiControl_updateClientBounds_void,_ZN10GuiControl18updateClientBoundsEv,GuiControl::updateClientBounds(void),0x1ac7e0,0x41c0,elf_symbol,function
_ZN10w9XxgaJdbx10JTxWHaD7RzEv,0x1bb800,100,4363dfddb304f6f4183875cc46212f617ad746202dcb661bd84d57cede660dc4,other,GuiControl_isActuallyVisible_void,_ZN10GuiControl17isActuallyVisibleEv,GuiControl::isActuallyVisible(void),0x1b7040,0x47c0,elf_symbol,function
_ZN10w9XxgaJdbx10MaCBgaJJfAEb,0x1b09cc,8,371ff88a50458892351d051ba383dad992bcfea994fdb372c0023e2948745c88,other,GuiControl_setScriptAccessRestricted_bool,_ZN10GuiControl25setScriptAccessRestrictedEb,GuiControl::setScriptAccessRestricted(bool),0x1ac80c,0x41c0,elf_symbol,function
_ZN10w9XxgaJdbx10QsYBgaWtyAEPS_,0x1b8524,88,cb7e52cbe91bab87f62a495927071fcbb99f5396ff94a4a196e8ce8dfb1c1c3c,other,GuiControl_setFirstResponder_GuiControl,_ZN10GuiControl17setFirstResponderEPS_,GuiControl::setFirstResponder(GuiControl*),0x1b3ea8,0x467c,elf_symbol,function
_ZN10w9XxgaJdbx10TwTrxark4KERK10cXoLgatBuI,0x1b84bc,104,9db13dffd90dad5c93bf08941845fc52b013f9899fcc1f9a480eca345fd73dba,other,GuiControl_onMouseWheelDown_GuiEvent_const,_ZN10GuiControl16onMouseWheelDownERK8GuiEvent,GuiControl::onMouseWheelDown(GuiEvent const&),0x1b3e40,0x467c,elf_symbol,function
_ZN10w9XxgaJdbx10Txw60ah_5xEv,0x1b0910,28,4a3304827eb4137e60903656264c416279eb26966837fee8a33250172bdf5f4f,other,GuiControl_requiredCacheSize_void,_ZN10GuiControl17requiredCacheSizeEv,GuiControl::requiredCacheSize(void),0x1ac750,0x41c0,elf_symbol,function
_ZN10w9XxgaJdbx10XDCwLai72AERK10cXoLgatBuI,0x1b0938,8,e41f87bc8ce8d9a36c89f3d9178e8c30c9d70231f3be62605ea6019a827fd578,other,GuiControl_getCursorType_GuiEvent_const,_ZN10GuiControl13getCursorTypeERK8GuiEvent,GuiControl::getCursorType(GuiEvent const&),0x1ac778,0x41c0,elf_symbol,function
_ZN10w9XxgaJdbx10Xuxl1aJNJKERK10cXoLgatBuI,0x1b73c4,32,c05142c8781f7a09963b51d16b8219f964490d940ed7c9e01f26ad1eb2118cc1,other,GuiControl_onKeyRepeat_GuiEvent_const,_ZN10GuiControl11onKeyRepeatERK8GuiEvent,GuiControl::onKeyRepeat(GuiEvent const&),0x1b2ec4,0x4500,elf_symbol,function
_ZN10w9XxgaJdbx10_VJw1aAf9TEv,0x1b7420,40,cd8c00a90e2ed785ef9c085669035e248b65e4b196e8aca93628441a2671dfb9,other,GuiControl_showAlwaysTop_void,_ZN10GuiControl13showAlwaysTopEv,GuiControl::showAlwaysTop(void),0x1b2f20,0x4500,elf_symbol,function
_ZN10w9XxgaJdbx10_crxLaDvKBEPjS0_,0x1b7448,20,9e623da12da4b79385dcb899246f09413070c0be9e4507a41f097e1e2c2e59d2,other,GuiControl_getScrollLineSizes_uint_uint,_ZN10GuiControl18getScrollLineSizesEPjS0_,"GuiControl::getScrollLineSizes(uint *,uint *)",0x1b2f48,0x4500,elf_symbol,function
_ZN10w9XxgaJdbx10bvLrxaOzYKERK10cXoLgatBuI,0x1b8454,104,aa7de8805bf3402893859cd23fc22db5b1ea6fbfbf6c313f202529ee211a4fc8,other,GuiControl_onMouseWheelUp_GuiEvent_const,_ZN10GuiControl14onMouseWheelUpERK8GuiEvent,GuiControl::onMouseWheelUp(GuiEvent const&),0x1b3dd8,0x467c,elf_symbol,function
_ZN10w9XxgaJdbx10e2Ij1ayvcJEv,0x1b9650,120,f077400ac32beac075a754e87e9432d98a1d85941c0e8f5db928fba6995d513b,other,GuiControl_updateClientBoundsAndResize_void,_ZN10GuiControl27updateClientBoundsAndResizeEv,GuiControl::updateClientBoundsAndResize(void),0x1b4f84,0x46cc,elf_symbol,function
_ZN10w9XxgaJdbx10kAX50afKCxEv,0x1be99c,76,6fa1359529c37d9276ca3efc99110b986560b53851d192b78362661ec271c35f,other,GuiControl_updateUseColors_void,_ZN10GuiControl15updateUseColorsEv,GuiControl::updateUseColors(void),0x1ba078,0x4924,elf_symbol,function
_ZN10w9XxgaJdbx10kTJA1aedwXEPS_,0x1b9150,48,8ac7857ed106d9558fea303abd3e60dff6a6a47425240fc16418d2a0bfb6c0fc,other,GuiControl_isParent_GuiControl,_ZN10GuiControl8isParentEPS_,GuiControl::isParent(GuiControl*),0x1b4a84,0x46cc,elf_symbol,function
_ZN10w9XxgaJdbx10kZdPBahnIqEPS_,0x1b9180,32,6de93e5a5be67071606bd47a62567cef6c58b6e99ffb7ce2dbecb72b86b3cf9b,other,GuiControl_isChild_GuiControl,_ZN10GuiControl7isChildEPS_,GuiControl::isChild(GuiControl*),0x1b4ab4,0x46cc,elf_symbol,function
_ZN10w9XxgaJdbx10nEbx1azpxUERK10eY2wgaf6pw,0x1b092c,12,befc4cf3ddb0aa16cdb129353a83f7319f4f3b20eaecb3f1c29eb8674715438b,other,GuiControl_setMinExtent_TPoint_const,_ZN10GuiControl12setMinExtentERK6TPoint,GuiControl::setMinExtent(TPoint const&),0x1ac76c,0x41c0,elf_symbol,function
_ZN10w9XxgaJdbx10qnwBgapRaAERK10cXoLgatBuI,0x1b7398,40,5b1f7ee09fcdaabf59bae496c1e7b5ff25f48a3060fd45a891f45f9932f7129e,other,GuiControl_onChildMouseDown_GuiEvent_const,_ZN10GuiControl16onChildMouseDownERK8GuiEvent,GuiControl::onChildMouseDown(GuiEvent const&),0x1b2e98,0x4500,elf_symbol,function
_ZN10w9XxgaJdbx10tK0KBaIeanEv,0x1bab44,16,81e958aa478f5f62dd4cecbe887e62f1fe2498f8222919f073954c6616d62458,other,GuiControl_buildUpdateRegion_void,_ZN10GuiControl17buildUpdateRegionEv,GuiControl::buildUpdateRegion(void),0x1b6478,0x46cc,elf_symbol,function
_ZN10w9XxgaJdbx10z1lDgaX8IBEv,0x1bb494,68,24efc2e00e8df34ab1cf92458876887dba917795a040cd755f3842d52eaaae15,other,GuiControl_isFirstResponder_void,_ZN10GuiControl16isFirstResponderEv,GuiControl::isFirstResponder(void),0x1b6d0c,0x4788,elf_symbol,function
_ZN10w9XxgaJdbx10zaQqFaCvbtERK10cXoLgatBuI,0x1b73e4,60,360779bcc9639a2e58bdc1dae09d1bc12a68c539d26ec0a92ecf8312f55effa9,other,GuiControl_onKeyUp_GuiEvent_const,_ZN10GuiControl7onKeyUpERK8GuiEvent,GuiControl::onKeyUp(GuiEvent const&),0x1b2ee4,0x4500,elf_symbol,function
_ZN10xKbb3aMu1h10rMBEgasoMCEv,0x11d344,100,e6e80ce0270dfca82a8ec2eb012258d2b5c5cba5be8da05a575acd22123d8221,other,TPanelOperation_DrawCurve_getBounds_void,_ZN25TPanelOperation_DrawCurve9getBoundsEv,TPanelOperation_DrawCurve::getBounds(void),0x11a83c,0x2b08,elf_symbol,function
_ZN10yB4QvadugpC1Ev,0x238f30,24,f94d0989b3345cba68f58564fd2b110ea407b21b6d2412c39c9252058cf480a8,other,TTempTile_TTempTile_void,_ZN9TTempTileC2Ev,TTempTile::TTempTile(void),0x22f314,0x9c1c,elf_symbol,function
_ZN10yB4QvadugpC2Ev,0x238f30,24,f94d0989b3345cba68f58564fd2b110ea407b21b6d2412c39c9252058cf480a8,other,TTempTile_TTempTile_void,_ZN9TTempTileC2Ev,TTempTile::TTempTile(void),0x22f314,0x9c1c,elf_symbol,function
_ZN10yL3_IaDMFt10a5u9TaVLBREi,0xeba28,8,4f1731a5a3d5539e5c40e4019b837526eaa31ef7b03eb65ceaee7084e15a198b,other,THashStrings_setMaxCount_int,_ZN12THashStrings11setMaxCountEi,THashStrings::setMaxCount(int),0xeaddc,0xc4c,elf_symbol,function
_ZN10zF9VgaBKxR10jOmXmbVNyVEv,0x1a65ec,24,3c4b29553d545800deb9e1c23dcd2d9ba48d528a05d172a4b159eb9912a6400e,other,TServerLevel_getNPCList_void,_ZN12TServerLevel10getNPCListEv,TServerLevel::getNPCList(void),0x1a193c,0x4cb0,elf_symbol,function
_ZN10zW2NgaU4IK10Dy0WfaM4f1EP10G0gxgajWBw,0x21ba9c,16,1e4739e6c98338cd474fd9a343dd2aa160cb04893f464561207b5aed0e566f7e,other,TScript_copyAccessRights_TGraalVar,_ZN7TScript16copyAccessRightsEP9TGraalVar,TScript::copyAccessRights(TGraalVar *),0x214e8c,0x6c10,elf_symbol,function
_ZN10zW2NgaU4IK10yNYVfajLn0Ev,0x21c948,76,6ca2ea8d24054a59c3b22a121a22ca12e08d4575ecc18716375d8c71a1495999,other,TScript_checkOnlyFunctions_void,_ZN7TScript18checkOnlyFunctionsEv,TScript::checkOnlyFunctions(void),0x215c04,0x6d44,elf_symbol,function
_ZN10zfJa3aJGDh10rMBEgasoMCEv,0x11d3a8,44,f772d037264bcab211be56683000ff13462d59daec50b8cbb3b61254f97865ad,other,TPanelOperation_DrawRectangle_getBounds_void,_ZN29TPanelOperation_DrawRectangle9getBoundsEv,TPanelOperation_DrawRectangle::getBounds(void),0x11a8a0,0x2b08,elf_symbol,function
_ZN6CyaInt10InitRsaKeyEPNS_6RsaKeyEPv,0x2cca10,48,4f928e891d2c9705e410b347344fa59ccd65ef8a782820a271616aa72d2b1630,CyaSSL,CyaInt_InitRsaKey_CyaInt_RsaKey_void,_ZN6CyaInt10InitRsaKeyEPNS_6RsaKeyEPv,"CyaInt::InitRsaKey(CyaInt::RsaKey *,void *)",0x2bf480,0xd590,elf_symbol,function
_ZN6CyaInt10InitSuitesEPNS_6SuitesENS_15ProtocolVersionEhhhhhhi,0x2d6340,624,f6ddaec79754a9cca4721e154add165e382f9a980d8cc1514b800c0f12bf3a56,CyaSSL,CyaInt_InitSuites_CyaInt_Suites_CyaInt_ProtocolVersion_uchar_uchar_uchar_uchar_uchar_uchar_int,_ZN6CyaInt10InitSuitesEPNS_6SuitesENS_15ProtocolVersionEhhhhhhi,"CyaInt::InitSuites(CyaInt::Suites *,CyaInt::ProtocolVersion,uchar,uchar,uchar,uchar,uchar,uchar,int)",0x2c8db0,0xd590,elf_symbol,function
_ZN6CyaInt10mp_cmp_magEPNS_6mp_intES1_,0x2c6e60,164,8520ea37738ee73e4ca46521db66aae8aa8f107266642c09adb37f41e89fa2b7,CyaSSL,CyaInt_mp_cmp_mag_CyaInt_mp_int_CyaInt_mp_int,_ZN6CyaInt10mp_cmp_magEPNS_6mp_intES1_,"CyaInt::mp_cmp_mag(CyaInt::mp_int *,CyaInt::mp_int *)",0x2b98d0,0xd590,elf_symbol,function
_ZN6CyaInt11CyaSSL_dtlsEPNS_6CYASSLE,0x2d0fac,8,6ce0f2221b7b3f1c0b77528b3b3b4dd1c97b6cd1473a97e31f843b516815e6c4,CyaSSL,CyaInt_CyaSSL_dtls_CyaInt_CYASSL,_ZN6CyaInt11CyaSSL_dtlsEPNS_6CYASSLE,CyaInt::CyaSSL_dtls(CyaInt::CYASSL *),0x2c3a1c,0xd590,elf_symbol,function
_ZN6CyaInt11InitCiphersEPNS_6CYASSLE,0x2d62a4,28,2d389e2df7a9892e6a4e72c962daaee48b95877d4d734bbdb29ca55084ae547b,CyaSSL,CyaInt_InitCiphers_CyaInt_CYASSL,_ZN6CyaInt11InitCiphersEPNS_6CYASSLE,CyaInt::InitCiphers(CyaInt::CYASSL *),0x2c8d14,0xd590,elf_symbol,function
_ZN6CyaInt11MakeTLSv1_1Ev,0x2d45e4,24,6bc9644e7d4da58101b537d08e105c0b03ad0b29e0e853a9cf41d59593ce2d90,CyaSSL,CyaInt_MakeTLSv1_1_void,_ZN6CyaInt11MakeTLSv1_1Ev,CyaInt::MakeTLSv1_1(void),0x2c7054,0xd590,elf_symbol,function
_ZN6CyaInt11MakeTLSv1_2Ev,0x2d45fc,8,6fc05d5f95bc1f0e2e8970fec7b70e9e4db7dedc264c6b42603192469e9ebaf5,CyaSSL,CyaInt_MakeTLSv1_2_void,_ZN6CyaInt11MakeTLSv1_2Ev,CyaInt::MakeTLSv1_2(void),0x2c706c,0xd590,elf_symbol,function
_ZN6CyaInt11mp_dr_setupEPNS_6mp_intEPj,0x2c89a8,24,7a68d411bfe633abb769e27d45f90bc1b6ea02b9561b2eec90a96b6de690c90a,CyaSSL,CyaInt_mp_dr_setup_CyaInt_mp_int_uint,_ZN6CyaInt11mp_dr_setupEPNS_6mp_intEPj,"CyaInt::mp_dr_setup(CyaInt::mp_int *,uint *)",0x2bb418,0xd590,elf_symbol,function
_ZN6CyaInt13CyaSSL_set_fdEPNS_6CYASSLEi,0x2d0f68,36,3bf656cf2c54dac1118fe8248f927bc85a49313db9a80bfe50a021e2f0669254,CyaSSL,CyaInt_CyaSSL_set_fd_CyaInt_CYASSL_int,_ZN6CyaInt13CyaSSL_set_fdEPNS_6CYASSLEi,"CyaInt::CyaSSL_set_fd(CyaInt::CYASSL *,int)",0x2c39d8,0xd590,elf_symbol,function
_ZN6CyaInt13mp_count_bitsEPNS_6mp_intE,0x2c6370,60,7715b1926b3d2dc3d48c75d09463597cff29ba62b2ff36667548845ab0bb6a7f,CyaSSL,CyaInt_mp_count_bits_CyaInt_mp_int,_ZN6CyaInt13mp_count_bitsEPNS_6mp_intE,CyaInt::mp_count_bits(CyaInt::mp_int *),0x2b8de0,0xd590,elf_symbol,function
_ZN6CyaInt14CyaSSL_pendingEPNS_6CYASSLE,0x2d14a4,8,b0bd221a3ab255b85ed0f90013e4457b189c2c6d3ae3765214fe4da17aa28ba0,CyaSSL,CyaInt_CyaSSL_pending_CyaInt_CYASSL,_ZN6CyaInt14CyaSSL_pendingEPNS_6CYASSLE,CyaInt::CyaSSL_pending(CyaInt::CYASSL *),0x2c3f14,0xd590,elf_symbol,function
_ZN6CyaInt14InitSSL_MethodEPNS_13CYASSL_METHODENS_15ProtocolVersionE,0x2d622c,20,637d94b4e35a67fc43e83f277f66068ea824e3b7ebb51bec29914f357188e5c0,CyaSSL,CyaInt_InitSSL_Method_CyaInt_CYASSL_METHOD_CyaInt_ProtocolVersion,_ZN6CyaInt14InitSSL_MethodEPNS_13CYASSL_METHODENS_15ProtocolVersionE,"CyaInt::InitSSL_Method(CyaInt::CYASSL_METHOD *,CyaInt::ProtocolVersion)",0x2c8c9c,0xd590,elf_symbol,function
_ZN6CyaInt15InitCipherSpecsEPNS_11CipherSpecsE,0x2d6310,48,47862770fa6a5d6f6106536ab39d6e4cef76a6b208372ede29ca8928f48a72a9,CyaSSL,CyaInt_InitCipherSpecs_CyaInt_CipherSpecs,_ZN6CyaInt15InitCipherSpecsEPNS_11CipherSpecsE,CyaInt::InitCipherSpecs(CyaInt::CipherSpecs *),0x2c8d80,0xd590,elf_symbol,function
_ZN6CyaInt15InitDecodedCertEPNS_11DecodedCertEPhjPv,0x2c281c,104,da8eacb38948dcfc1314120083846481390cf99626001d4158fe32232d5d3ae6,CyaSSL,CyaInt_InitDecodedCert_CyaInt_DecodedCert_uchar_uint_void,_ZN6CyaInt15InitDecodedCertEPNS_11DecodedCertEPhjPv,"CyaInt::InitDecodedCert(CyaInt::DecodedCert *,uchar *,uint,void *)",0x2b5294,0xd588,elf_symbol,function
_ZN6CyaInt16CyaSSL_SetIORecvEPNS_10CYASSL_CTXEPFiPNS_6CYASSLEPciPvE,0x2d0dfc,8,26d33720148fbeae51b6e8374653f8e33a441b63dd86a85ebb27431a74a0c6a2,CyaSSL,CyaInt_CyaSSL_SetIORecv_CyaInt_CYASSL_CTX_int_CyaInt_CYASSL_char_int_void,_ZN6CyaInt16CyaSSL_SetIORecvEPNS_10CYASSL_CTXEPFiPNS_6CYASSLEPciPvE,"CyaInt::CyaSSL_SetIORecv(CyaInt::CYASSL_CTX *,int (*)(CyaInt::CYASSL *,char *,int,void *))",0x2c386c,0xd590,elf_symbol,function
_ZN6CyaInt16CyaSSL_SetIOSendEPNS_10CYASSL_CTXEPFiPNS_6CYASSLEPciPvE,0x2d0e04,8,4978e85eb8bb0e8364997760c243c68236f2726cbba3d0438863c1edfa6c9f64,CyaSSL,CyaInt_CyaSSL_SetIOSend_CyaInt_CYASSL_CTX_int_CyaInt_CYASSL_char_int_void,_ZN6CyaInt16CyaSSL_SetIOSendEPNS_10CYASSL_CTXEPFiPNS_6CYASSLEPciPvE,"CyaInt::CyaSSL_SetIOSend(CyaInt::CYASSL_CTX *,int (*)(CyaInt::CYASSL *,char *,int,void *))",0x2c3874,0xd590,elf_symbol,function
_ZN6CyaInt16CyaSSL_get_errorEPNS_6CYASSLEi,0x2d12ac,72,b8322429e322c10f8795e253ae5b23a46da0053de1238ad9132cc543f2739cc3,CyaSSL,CyaInt_CyaSSL_get_error_CyaInt_CYASSL_int,_ZN6CyaInt16CyaSSL_get_errorEPNS_6CYASSLEi,"CyaInt::CyaSSL_get_error(CyaInt::CYASSL *,int)",0x2c3d1c,0xd590,elf_symbol,function
_ZN6CyaInt16CyaSSL_want_readEPNS_6CYASSLE,0x2d1310,16,b9b75ed7db68d686cafac1453dcb826eb0d368557e5618f2067b688add5c847f,CyaSSL,CyaInt_CyaSSL_want_read_CyaInt_CYASSL,_ZN6CyaInt16CyaSSL_want_readEPNS_6CYASSLE,CyaInt::CyaSSL_want_read(CyaInt::CYASSL *),0x2c3d80,0xd590,elf_symbol,function
_ZN6CyaInt16IsAtLeastTLSv1_2EPKNS_6CYASSLE,0x2d5f68,72,b2e20058daa2917ad7d1c1c693913ae62b1d58eec81b93979b209bb704c8cd18,CyaSSL,CyaInt_IsAtLeastTLSv1_2_CyaInt_CYASSL_const,_ZN6CyaInt16IsAtLeastTLSv1_2EPKNS_6CYASSLE,CyaInt::IsAtLeastTLSv1_2(CyaInt::CYASSL const*),0x2c89d8,0xd590,elf_symbol,function
_ZN6CyaInt16mp_dr_is_modulusEPNS_6mp_intE,0x2c8910,76,d31ef9b9e2c8254fb01a7bfd3708d8fd069bf109e893020a86d028d659828531,CyaSSL,CyaInt_mp_dr_is_modulus_CyaInt_mp_int,_ZN6CyaInt16mp_dr_is_modulusEPNS_6mp_intE,CyaInt::mp_dr_is_modulus(CyaInt::mp_int *),0x2bb380,0xd590,elf_symbol,function
_ZN6CyaInt17CyaSSL_KeepArraysEPNS_6CYASSLE,0x2d1374,16,27fad5f559cc7152df7c87e66be0fbe0ad3011b28351ea10ae7f69acf1a2d1f3,CyaSSL,CyaInt_CyaSSL_KeepArrays_CyaInt_CYASSL,_ZN6CyaInt17CyaSSL_KeepArraysEPNS_6CYASSLE,CyaInt::CyaSSL_KeepArrays(CyaInt::CYASSL *),0x2c3de4,0xd590,elf_symbol,function
_ZN6CyaInt17CyaSSL_set_verifyEPNS_6CYASSLEiPFiiPNS_21CYASSL_X509_STORE_CTXEE,0x2d29e8,60,b3393db3b5397659883fd6fc3e11b73a581db389808aec7d72bf61013b6a8c62,CyaSSL,CyaInt_CyaSSL_set_verify_CyaInt_CYASSL_int_int_int_CyaInt_CYASSL_X509_STORE_CTX,_ZN6CyaInt17CyaSSL_set_verifyEPNS_6CYASSLEiPFiiPNS_21CYASSL_X509_STORE_CTXEE,"CyaInt::CyaSSL_set_verify(CyaInt::CYASSL *,int,int (*)(int,CyaInt::CYASSL_X509_STORE_CTX *))",0x2c5458,0xd590,elf_symbol,function
_ZN6CyaInt17CyaSSL_want_writeEPNS_6CYASSLE,0x2d1320,16,4bda41b32778363131f01d8fc38cc971533dd2e1cd32c9adfde601deda2dfd5b,CyaSSL,CyaInt_CyaSSL_want_write_CyaInt_CYASSL,_ZN6CyaInt17CyaSSL_want_writeEPNS_6CYASSLE,CyaInt::CyaSSL_want_write(CyaInt::CYASSL *),0x2c3d90,0xd590,elf_symbol,function
_ZN6CyaInt17mp_reduce_is_2k_lEPNS_6mp_intE,0x2c8820,84,84408a2e696b5dc883fa25a761e1787429f64d38b6d1ebf21f696a02849fe629,CyaSSL,CyaInt_mp_reduce_is_2k_l_CyaInt_mp_int,_ZN6CyaInt17mp_reduce_is_2k_lEPNS_6mp_intE,CyaInt::mp_reduce_is_2k_l(CyaInt::mp_int *),0x2bb290,0xd590,elf_symbol,function
_ZN6CyaInt18CyaSSL_CTX_SetCACbEPNS_10CYASSL_CTXEPFvPhiiE,0x2d2a24,20,82531008dbdbb19ee5d18444a14068734d655bf5fbc540b866e0df1236936b18,CyaSSL,CyaInt_CyaSSL_CTX_SetCACb_CyaInt_CYASSL_CTX_void_uchar_int_int,_ZN6CyaInt18CyaSSL_CTX_SetCACbEPNS_10CYASSL_CTXEPFvPhiiE,"CyaInt::CyaSSL_CTX_SetCACb(CyaInt::CYASSL_CTX *,void (*)(uchar *,int,int))",0x2c5494,0xd590,elf_symbol,function
_ZN6CyaInt18CyaSSL_set_timeoutEPNS_6CYASSLEj,0x2d2ee4,24,efe22a42299172b8949f7a0accd3cd1b2875e1165371d8c611dd093b79cca577,CyaSSL,CyaInt_CyaSSL_set_timeout_CyaInt_CYASSL_uint,_ZN6CyaInt18CyaSSL_set_timeoutEPNS_6CYASSLEj,"CyaInt::CyaSSL_set_timeout(CyaInt::CYASSL *,uint)",0x2c5954,0xd590,elf_symbol,function
_ZN6CyaInt19CyaSSL_SetIOReadCtxEPNS_6CYASSLEPv,0x2d0e0c,8,23608447872f67b85286bf91fb47ad7e1a2947fa8cf3e151a2ff6aa20c9d7189,CyaSSL,CyaInt_CyaSSL_SetIOReadCtx_CyaInt_CYASSL_void,_ZN6CyaInt19CyaSSL_SetIOReadCtxEPNS_6CYASSLEPv,"CyaInt::CyaSSL_SetIOReadCtx(CyaInt::CYASSL *,void *)",0x2c387c,0xd590,elf_symbol,function
_ZN6CyaInt19CyaSSL_get_shutdownEPKNS_6CYASSLE,0x2d3814,24,6042c73223fc3d385abbe80202072f631e4c86252a81db38e937399008b7e05e,CyaSSL,CyaInt_CyaSSL_get_shutdown_CyaInt_CYASSL_const,_ZN6CyaInt19CyaSSL_get_shutdownEPKNS_6CYASSLE,CyaInt::CyaSSL_get_shutdown(CyaInt::CYASSL const*),0x2c6284,0xd590,elf_symbol,function
_ZN6CyaInt19mp_montgomery_setupEPNS_6mp_intEPj,0x2c895c,76,c79f4a50bc36de0febaedac6d6fe4dad5ddd31c2f93d75609c3bda29a1ce24eb,CyaSSL,CyaInt_mp_montgomery_setup_CyaInt_mp_int_uint,_ZN6CyaInt19mp_montgomery_setupEPNS_6mp_intEPj,"CyaInt::mp_montgomery_setup(CyaInt::mp_int *,uint *)",0x2bb3cc,0xd590,elf_symbol,function
_ZN6CyaInt20CyaSSL_GetObjectSizeEv,0x2d0fc4,8,60b6beb52ab07f2f25c83678665c937f69d4bff1906e35ab511ed1881aa36043,CyaSSL,CyaInt_CyaSSL_GetObjectSize_void,_ZN6CyaInt20CyaSSL_GetObjectSizeEv,CyaInt::CyaSSL_GetObjectSize(void),0x2c3a34,0xd590,elf_symbol,function
_ZN6CyaInt20CyaSSL_SetIOWriteCtxEPNS_6CYASSLEPv,0x2d0e14,8,0436ad221b5834aba06e18c32c986855f9a0dccf34b5432f362fbcd587353532,CyaSSL,CyaInt_CyaSSL_SetIOWriteCtx_CyaInt_CYASSL_void,_ZN6CyaInt20CyaSSL_SetIOWriteCtxEPNS_6CYASSLEPv,"CyaInt::CyaSSL_SetIOWriteCtx(CyaInt::CYASSL *,void *)",0x2c3884,0xd590,elf_symbol,function
_ZN6CyaInt21CyaSSL_CTX_set_verifyEPNS_10CYASSL_CTXEiPFiiPNS_21CYASSL_X509_STORE_CTXEE,0x2d29ac,60,7051ffeba50ac44883be88358ce99ce85fed7f786d1f8957c7fb96a75ca85066,CyaSSL,CyaInt_CyaSSL_CTX_set_verify_CyaInt_CYASSL_CTX_int_int_int_CyaInt_CYASSL_X509_STORE_CTX,_ZN6CyaInt21CyaSSL_CTX_set_verifyEPNS_10CYASSL_CTXEiPFiiPNS_21CYASSL_X509_STORE_CTXEE,"CyaInt::CyaSSL_CTX_set_verify(CyaInt::CYASSL_CTX *,int,int (*)(int,CyaInt::CYASSL_X509_STORE_CTX *))",0x2c541c,0xd590,elf_symbol,function
_ZN6CyaInt21CyaSSL_SetIOReadFlagsEPNS_6CYASSLEi,0x2d0e1c,8,d824babfa8bb58037210503ad5f8c5f8e5989641c875dcf80442015b09c6c7d8,CyaSSL,CyaInt_CyaSSL_SetIOReadFlags_CyaInt_CYASSL_int,_ZN6CyaInt21CyaSSL_SetIOReadFlagsEPNS_6CYASSLEi,"CyaInt::CyaSSL_SetIOReadFlags(CyaInt::CYASSL *,int)",0x2c388c,0xd590,elf_symbol,function
_ZN6CyaInt21CyaSSL_session_reusedEPNS_6CYASSLE,0x2d382c,8,9acfc0583ecca2db8d11268dde4842734dfdbb9e99b3ee4917580b0724845f67,CyaSSL,CyaInt_CyaSSL_session_reused_CyaInt_CYASSL,_ZN6CyaInt21CyaSSL_session_reusedEPNS_6CYASSLE,CyaInt::CyaSSL_session_reused(CyaInt::CYASSL *),0x2c629c,0xd590,elf_symbol,function
_ZN6CyaInt22CyaSSL_CTX_set_timeoutEPNS_10CYASSL_CTXEj,0x2d2efc,24,f550f78450ab9b95b045c98c5c406bc3a568a5fc415759c1e045782ee401e072,CyaSSL,CyaInt_CyaSSL_CTX_set_timeout_CyaInt_CYASSL_CTX_uint,_ZN6CyaInt22CyaSSL_CTX_set_timeoutEPNS_10CYASSL_CTXEj,"CyaInt::CyaSSL_CTX_set_timeout(CyaInt::CYASSL_CTX *,uint)",0x2c596c,0xd590,elf_symbol,function
_ZN6CyaInt22CyaSSL_SetIOWriteFlagsEPNS_6CYASSLEi,0x2d0e24,8,69292ad12985d8afdfde5eb2aa40a6fe29862a5ee4b945d7bbac9465f65ca5b8,CyaSSL,CyaInt_CyaSSL_SetIOWriteFlags_CyaInt_CYASSL_int,_ZN6CyaInt22CyaSSL_SetIOWriteFlagsEPNS_6CYASSLEi,"CyaInt::CyaSSL_SetIOWriteFlags(CyaInt::CYASSL *,int)",0x2c3894,0xd590,elf_symbol,function
_ZN6CyaInt23CyaSSL_is_init_finishedEPNS_6CYASSLE,0x2d3748,28,4917a67c978745899b1ae0436861ccfe5a66286508b43a14fb162903071c7754,CyaSSL,CyaInt_CyaSSL_is_init_finished_CyaInt_CYASSL,_ZN6CyaInt23CyaSSL_is_init_finishedEPNS_6CYASSLE,CyaInt::CyaSSL_is_init_finished(CyaInt::CYASSL *),0x2c61b8,0xd590,elf_symbol,function
_ZN6CyaInt24CyaSSL_get_alert_historyEPNS_6CYASSLEPNS_20CYASSL_ALERT_HISTORYE,0x2d12f4,28,9885fac6a9e1079d7b118908a409d70a4266e60632fa61a5931d1985a2867fec,CyaSSL,CyaInt_CyaSSL_get_alert_history_CyaInt_CYASSL_CyaInt_CYASSL_ALERT_HISTORY,_ZN6CyaInt24CyaSSL_get_alert_historyEPNS_6CYASSLEPNS_20CYASSL_ALERT_HISTORYE,"CyaInt::CyaSSL_get_alert_history(CyaInt::CYASSL *,CyaInt::CYASSL_ALERT_HISTORY *)",0x2c3d64,0xd590,elf_symbol,function
_ZN6CyaInt25CyaSSL_X509_get_subjectCNEPNS_11CYASSL_X509E,0x2d3a84,16,975ceb74766f03f612be583eef153611080343b106588fa10f6b67c6181c7639,CyaSSL,CyaInt_CyaSSL_X509_get_subjectCN_CyaInt_CYASSL_X509,_ZN6CyaInt25CyaSSL_X509_get_subjectCNEPNS_11CYASSL_X509E,CyaInt::CyaSSL_X509_get_subjectCN(CyaInt::CYASSL_X509 *),0x2c64f4,0xd590,elf_symbol,function
_ZN6CyaInt25CyaSSL_get_current_cipherEPNS_6CYASSLE,0x2d38f0,16,d3ba0854b356c1871932edd63472c0b6a3926293d2e975c704715455a0d055e9,CyaSSL,CyaInt_CyaSSL_get_current_cipher_CyaInt_CYASSL,_ZN6CyaInt25CyaSSL_get_current_cipherEPNS_6CYASSLE,CyaInt::CyaSSL_get_current_cipher(CyaInt::CYASSL *),0x2c6360,0xd590,elf_symbol,function
_ZN6CyaInt25CyaSSL_get_using_nonblockEPNS_6CYASSLE,0x2d0fa4,8,7ed457fb24f29d1216d6a1b32a14c6499152cb554cf71a76b8ad9dd33213bc94,CyaSSL,CyaInt_CyaSSL_get_using_nonblock_CyaInt_CYASSL,_ZN6CyaInt25CyaSSL_get_using_nonblockEPNS_6CYASSLE,CyaInt::CyaSSL_get_using_nonblock(CyaInt::CYASSL *),0x2c3a14,0xd590,elf_symbol,function
_ZN6CyaInt25CyaSSL_set_group_messagesEPNS_6CYASSLE,0x2d14cc,32,1b5524d046694a4d98dba1d8a948882f16c535613154849b6e6105e8b2b731b2,CyaSSL,CyaInt_CyaSSL_set_group_messages_CyaInt_CYASSL,_ZN6CyaInt25CyaSSL_set_group_messagesEPNS_6CYASSLE,CyaInt::CyaSSL_set_group_messages(CyaInt::CYASSL *),0x2c3f3c,0xd590,elf_symbol,function
_ZN6CyaInt25CyaSSL_set_using_nonblockEPNS_6CYASSLEi,0x2d0f94,16,1ceacb77f7fe8af214036905632238201af0228fac661e984f41d098be085a0f,CyaSSL,CyaInt_CyaSSL_set_using_nonblock_CyaInt_CYASSL_int,_ZN6CyaInt25CyaSSL_set_using_nonblockEPNS_6CYASSLEi,"CyaInt::CyaSSL_set_using_nonblock(CyaInt::CYASSL *,int)",0x2c3a04,0xd590,elf_symbol,function
_ZN6CyaInt27CyaSSL_CTX_OCSP_set_optionsEPNS_10CYASSL_CTXEl,0x2d3a94,8,d124e575c1e74615941ae8c9493f3b78861ee21df43139dec90082df32a88dfa,CyaSSL,CyaInt_CyaSSL_CTX_OCSP_set_options_CyaInt_CYASSL_CTX_long,_ZN6CyaInt27CyaSSL_CTX_OCSP_set_optionsEPNS_10CYASSL_CTXEl,"CyaInt::CyaSSL_CTX_OCSP_set_options(CyaInt::CYASSL_CTX *,long)",0x2c6504,0xd590,elf_symbol,function
_ZN6CyaInt27CyaSSL_CertManagerEnableCRLEPNS_19CYASSL_CERT_MANAGEREi,0x2d28e4,20,33094eda7ed8e5671945ce9846815c23b2e626d5b3dd989b5c0275dc9efdeb7a,CyaSSL,CyaInt_CyaSSL_CertManagerEnableCRL_CyaInt_CYASSL_CERT_MANAGER_int,_ZN6CyaInt27CyaSSL_CertManagerEnableCRLEPNS_19CYASSL_CERT_MANAGEREi,"CyaInt::CyaSSL_CertManagerEnableCRL(CyaInt::CYASSL_CERT_MANAGER *,int)",0x2c5354,0xd590,elf_symbol,function
_ZN6CyaInt27CyaSSL_get_peer_certificateEPNS_6CYASSLE,0x2d3800,20,9a8a385785c9d8c301233e521ccb00565a4cb50b683c0ae68ad93b7adfacebe3,CyaSSL,CyaInt_CyaSSL_get_peer_certificate_CyaInt_CYASSL,_ZN6CyaInt27CyaSSL_get_peer_certificateEPNS_6CYASSLE,CyaInt::CyaSSL_get_peer_certificate(CyaInt::CYASSL *),0x2c6270,0xd590,elf_symbol,function
_ZN6CyaInt28CyaSSL_CertManagerDisableCRLEPNS_19CYASSL_CERT_MANAGERE,0x2d28f8,24,17d30c3bf4dd48deb0af0024b448f5743761c9e1e1d3f56e1a9ca711f0c1f2ff,CyaSSL,CyaInt_CyaSSL_CertManagerDisableCRL_CyaInt_CYASSL_CERT_MANAGER,_ZN6CyaInt28CyaSSL_CertManagerDisableCRLEPNS_19CYASSL_CERT_MANAGERE,CyaInt::CyaSSL_CertManagerDisableCRL(CyaInt::CYASSL_CERT_MANAGER *),0x2c5368,0xd590,elf_symbol,function
_ZN6CyaInt28CyaSSL_X509_get_subject_nameEPNS_11CYASSL_X509E,0x2d3768,8,cae898945314f6b914c4d50a75e5e0b0345cded9dce263c01769e36e344fadc2,CyaSSL,CyaInt_CyaSSL_X509_get_subject_name_CyaInt_CYASSL_X509,_ZN6CyaInt28CyaSSL_X509_get_subject_nameEPNS_11CYASSL_X509E,CyaInt::CyaSSL_X509_get_subject_name(CyaInt::CYASSL_X509 *),0x2c61d8,0xd590,elf_symbol,function
_ZN6CyaInt28CyaSSL_use_PrivateKey_bufferEPNS_6CYASSLEPKhli,0x2d3714,24,3432af903dca12c642032bdeaaa4b15b9ef2ca8f592a5af2e8af4c34a30227ee,CyaSSL,CyaInt_CyaSSL_use_PrivateKey_buffer_CyaInt_CYASSL_uchar_const_long_int,_ZN6CyaInt28CyaSSL_use_PrivateKey_bufferEPNS_6CYASSLEPKhli,"CyaInt::CyaSSL_use_PrivateKey_buffer(CyaInt::CYASSL *,uchar const*,long,int)",0x2c6184,0xd590,elf_symbol,function
_ZN6CyaInt29CyaSSL_CTX_load_verify_bufferEPNS_10CYASSL_CTXEPKhli,0x2d35d8,228,c3d0189f3514890f348261ae10c8d4e064091ad878778801f29492e83ea2ddab,CyaSSL,CyaInt_CyaSSL_CTX_load_verify_buffer_CyaInt_CYASSL_CTX_uchar_const_long_int,_ZN6CyaInt29CyaSSL_CTX_load_verify_bufferEPNS_10CYASSL_CTXEPKhli,"CyaInt::CyaSSL_CTX_load_verify_buffer(CyaInt::CYASSL_CTX *,uchar const*,long,int)",0x2c6048,0xd590,elf_symbol,function
_ZN6CyaInt29CyaSSL_CTX_set_group_messagesEPNS_10CYASSL_CTXE,0x2d14ac,32,c6605e033ec011faaec92bd00f418dc7ed91f2399978e9240825fe57ba772295,CyaSSL,CyaInt_CyaSSL_CTX_set_group_messages_CyaInt_CYASSL_CTX,_ZN6CyaInt29CyaSSL_CTX_set_group_messagesEPNS_10CYASSL_CTXE,CyaInt::CyaSSL_CTX_set_group_messages(CyaInt::CYASSL_CTX *),0x2c3f1c,0xd590,elf_symbol,function
_ZN6CyaInt29CyaSSL_use_certificate_bufferEPNS_6CYASSLEPKhli,0x2d36fc,24,d71a3d87b8e4f7cec0ed453a5d097179d823afc574e4a0062247f002e1a89093,CyaSSL,CyaInt_CyaSSL_use_certificate_buffer_CyaInt_CYASSL_uchar_const_long_int,_ZN6CyaInt29CyaSSL_use_certificate_bufferEPNS_6CYASSLEPKhli,"CyaInt::CyaSSL_use_certificate_buffer(CyaInt::CYASSL *,uchar const*,long,int)",0x2c616c,0xd590,elf_symbol,function
_ZN6CyaInt31CyaSSL_get_current_cipher_suiteEPNS_6CYASSLE,0x2d38d4,28,6ad8a68dc410792b5692509169702648bec6b9a63e4295898a1d10724ed50bb7,CyaSSL,CyaInt_CyaSSL_get_current_cipher_suite_CyaInt_CYASSL,_ZN6CyaInt31CyaSSL_get_current_cipher_suiteEPNS_6CYASSLE,CyaInt::CyaSSL_get_current_cipher_suite(CyaInt::CYASSL *),0x2c6344,0xd590,elf_symbol,function
_ZN6CyaInt32CyaSSL_CTX_load_verify_locationsEPNS_10CYASSL_CTXEPKcS3_,0x2d279c,24,33041b0071ef06eca649f6beb4cfbf2dc31bd84373b99ca8d9d0904e5e6ee6d2,CyaSSL,CyaInt_CyaSSL_CTX_load_verify_locations_CyaInt_CYASSL_CTX_char_const_char_const,_ZN6CyaInt32CyaSSL_CTX_load_verify_locationsEPNS_10CYASSL_CTXEPKcS3_,"CyaInt::CyaSSL_CTX_load_verify_locations(CyaInt::CYASSL_CTX *,char const*,char const*)",0x2c520c,0xd590,elf_symbol,function
_ZN6CyaInt32CyaSSL_CTX_use_PrivateKey_bufferEPNS_10CYASSL_CTXEPKhli,0x2d36d0,20,078f73325c818aebed4cb0d8454fac14e6e55f0eab73ae94ca7ae9b5ba30b68e,CyaSSL,CyaInt_CyaSSL_CTX_use_PrivateKey_buffer_CyaInt_CYASSL_CTX_uchar_const_long_int,_ZN6CyaInt32CyaSSL_CTX_use_PrivateKey_bufferEPNS_10CYASSL_CTXEPKhli,"CyaInt::CyaSSL_CTX_use_PrivateKey_buffer(CyaInt::CYASSL_CTX *,uchar const*,long,int)",0x2c6140,0xd590,elf_symbol,function
_ZN6CyaInt33CyaSSL_CTX_set_session_cache_modeEPNS_10CYASSL_CTXEl,0x2d2a60,48,5e3204ccbb82d274ad9d5fdbc08785f5669e4321dec7b82ab2e890c5777c6a9c,CyaSSL,CyaInt_CyaSSL_CTX_set_session_cache_mode_CyaInt_CYASSL_CTX_long,_ZN6CyaInt33CyaSSL_CTX_set_session_cache_modeEPNS_10CYASSL_CTXEl,"CyaInt::CyaSSL_CTX_set_session_cache_mode(CyaInt::CYASSL_CTX *,long)",0x2c54d0,0xd590,elf_symbol,function
_ZN6CyaInt33CyaSSL_CTX_use_certificate_bufferEPNS_10CYASSL_CTXEPKhli,0x2d36bc,20,158f5c390a59bc20330b12d7d4aa13ce664760da422616eb8d1a41a2c190340a,CyaSSL,CyaInt_CyaSSL_CTX_use_certificate_buffer_CyaInt_CYASSL_CTX_uchar_const_long_int,_ZN6CyaInt33CyaSSL_CTX_use_certificate_bufferEPNS_10CYASSL_CTXEPKhli,"CyaInt::CyaSSL_CTX_use_certificate_buffer(CyaInt::CYASSL_CTX *,uchar const*,long,int)",0x2c612c,0xd590,elf_symbol,function
_ZN6CyaInt35CyaSSL_use_certificate_chain_bufferEPNS_6CYASSLEPKhl,0x2d372c,28,b9fd3a08600fe3bc05422f5ddf0be06e9523211fd06269d462cf220e12897793,CyaSSL,CyaInt_CyaSSL_use_certificate_chain_buffer_CyaInt_CYASSL_uchar_const_long,_ZN6CyaInt35CyaSSL_use_certificate_chain_bufferEPNS_6CYASSLEPKhl,"CyaInt::CyaSSL_use_certificate_chain_buffer(CyaInt::CYASSL *,uchar const*,long)",0x2c619c,0xd590,elf_symbol,function
_ZN6CyaInt39CyaSSL_CTX_use_certificate_chain_bufferEPNS_10CYASSL_CTXEPKhl,0x2d36e4,24,26460369bc4eafe2d4c26b3fa64342c0cb6f019b69b9ca34a6b3e10004f9e0af,CyaSSL,CyaInt_CyaSSL_CTX_use_certificate_chain_buffer_CyaInt_CYASSL_CTX_uchar_const_long,_ZN6CyaInt39CyaSSL_CTX_use_certificate_chain_bufferEPNS_10CYASSL_CTXEPKhl,"CyaInt::CyaSSL_CTX_use_certificate_chain_buffer(CyaInt::CYASSL_CTX *,uchar const*,long)",0x2c6154,0xd590,elf_symbol,function
_ZN6CyaInt5IsTLSEPKNS_6CYASSLE,0x2d5f40,40,1b37839ebfacb8410b90d7648006777547bf15460bd09eff9668aeb38c0877e2,CyaSSL,CyaInt_IsTLS_CyaInt_CYASSL_const,_ZN6CyaInt5IsTLSEPKNS_6CYASSLE,CyaInt::IsTLS(CyaInt::CYASSL const*),0x2c89b0,0xd590,elf_symbol,function
_ZN6CyaInt7c32to24EjPh,0x2d6214,24,e74425eba622d26878946f14bb60c59bd3723ad2c746a5bfee792dcc3525cb73,CyaSSL,CyaInt_c32to24_uint_uchar,_ZN6CyaInt7c32to24EjPh,"CyaInt::c32to24(uint,uchar *)",0x2c8c84,0xd590,elf_symbol,function
_ZN6CyaInt7mp_exchEPNS_6mp_intES1_,0x2c65d0,52,0ec99d94152a8825222f673e127b6b267490b94fb91967af69d1597134ab258b,CyaSSL,CyaInt_mp_exch_CyaInt_mp_int_CyaInt_mp_int,_ZN6CyaInt7mp_exchEPNS_6mp_intES1_,"CyaInt::mp_exch(CyaInt::mp_int *,CyaInt::mp_int *)",0x2b9040,0xd590,elf_symbol,function
_ZN6CyaInt7mp_zeroEPNS_6mp_intE,0x2c655c,52,5b94c7378caa8bde22fcb651ed312d58537e39c0bfe37bf8af12b5f9b1899f52,CyaSSL,CyaInt_mp_zero_CyaInt_mp_int,_ZN6CyaInt7mp_zeroEPNS_6mp_intE,CyaInt::mp_zero(CyaInt::mp_int *),0x2b8fcc,0xd590,elf_symbol,function
_ZN6CyaInt8mp_clampEPNS_6mp_intE,0x2c6590,64,aeb5637093ac6fa5918670adc3f85f5bda9ad6f40921182276d4f64dc2f44d2d,CyaSSL,CyaInt_mp_clamp_CyaInt_mp_int,_ZN6CyaInt8mp_clampEPNS_6mp_intE,CyaInt::mp_clamp(CyaInt::mp_int *),0x2b9000,0xd590,elf_symbol,function
_ZN6CyaInt8mp_cmp_dEPNS_6mp_intEj,0x2c6f40,68,73bd7cb7c1a5527efb9afab564002a24d3fb43ca7bf43a5407716033a529452d,CyaSSL,CyaInt_mp_cmp_d_CyaInt_mp_int_uint,_ZN6CyaInt8mp_cmp_dEPNS_6mp_intEj,"CyaInt::mp_cmp_d(CyaInt::mp_int *,uint)",0x2b99b0,0xd590,elf_symbol,function
_ZN6CyaInt9MakeSSLv3Ev,0x2d65f4,8,008816324250c06e66ca174f257c933b0d3a7d05ae19334ddb101a72517eaadd,CyaSSL,CyaInt_MakeSSLv3_void,_ZN6CyaInt9MakeSSLv3Ev,CyaInt::MakeSSLv3(void),0x2c9064,0xd590,elf_symbol,function
_ZN6CyaInt9MakeTLSv1Ev,0x2d45cc,24,b84399df9c127a503d6163a903d31a7e22a64c61fd1953d549cbde5d2a49e5b5,CyaSSL,CyaInt_MakeTLSv1_void,_ZN6CyaInt9MakeTLSv1Ev,CyaInt::MakeTLSv1(void),0x2c703c,0xd590,elf_symbol,function
_ZN7_JNIEnv16CallObjectMethodEP8_jobjectP10_jmethodIDz,0x253b94,140,565ac1009fba1752f674eede2adbb1988966ba137e25af4ddb8e4aabd92ef608,other,JNIEnv_CallObjectMethod_jobject_jmethodID,_ZN7_JNIEnv16CallObjectMethodEP8_jobjectP10_jmethodIDz,"_JNIEnv::CallObjectMethod(_jobject *,_jmethodID *,...)",0x246720,0xd474,elf_symbol,function
_ZN7_JNIEnv19CallStaticIntMethodEP7_jclassP10_jmethodIDz,0x253cac,140,faa21e081bbd902d11561504dc2b9914434611ec486a8ac9e90ae8394c5454c3,other,JNIEnv_CallStaticIntMethod_jclass_jmethodID,_ZN7_JNIEnv19CallStaticIntMethodEP7_jclassP10_jmethodIDz,"_JNIEnv::CallStaticIntMethod(_jclass *,_jmethodID *,...)",0x246838,0xd474,elf_symbol,function
_ZN7_JNIEnv20CallStaticVoidMethodEP7_jclassP10_jmethodIDz,0xe4290,140,686d18932d37c5cd1defa8597e21492744a728c1570dde763c952d178ee454db,other,JNIEnv_CallStaticVoidMethod_jclass_jmethodID,_ZN7_JNIEnv20CallStaticVoidMethodEP7_jclassP10_jmethodIDz,"_JNIEnv::CallStaticVoidMethod(_jclass *,_jmethodID *,...)",0xe36c8,0xbc8,elf_symbol,function
_ZN7_JNIEnv22CallStaticObjectMethodEP7_jclassP10_jmethodIDz,0x253c20,140,a2306b0a23a3c9d8bf27044f3a493014fa38906e0440688ad2c4f3ecb3eebc09,other,JNIEnv_CallStaticObjectMethod_jclass_jmethodID,_ZN7_JNIEnv22CallStaticObjectMethodEP7_jclassP10_jmethodIDz,"_JNIEnv::CallStaticObjectMethod(_jclass *,_jmethodID *,...)",0x2467ac,0xd474,elf_symbol,function
_ZN7_JNIEnv23CallStaticBooleanMethodEP7_jclassP10_jmethodIDz,0xe4204,140,f1169d3d4c3dc4a4a8fd7b1a6b8288bf480f526d6c5701b8831a9cb767fbd4c0,other,JNIEnv_CallStaticBooleanMethod_jclass_jmethodID,_ZN7_JNIEnv23CallStaticBooleanMethodEP7_jclassP10_jmethodIDz,"_JNIEnv::CallStaticBooleanMethod(_jclass *,_jmethodID *,...)",0xe363c,0xbc8,elf_symbol,function
_ZN8TUnicode10MRoQgaUwHMEPKci,0x112fb8,352,41362db87db07b6b57c8dad649f93839c159a32a013f57ed24540f2004e218c7,other,TUnicode_isStringUTF8_char_const_int,_ZN8TUnicode12isStringUTF8EPKci,"TUnicode::isStringUTF8(char const*,int)",0x11073c,0x287c,elf_symbol,function
_ZN8TUnicode10ZbqQgaSEIMERPKc,0x112938,352,5377e2d94e61f0b5f0bee1880b5645cf38bde1f309ee8221eb6d0f1b66335c04,other,TUnicode_getNextChar_char_const,_ZN8TUnicode11getNextCharERPKc,TUnicode::getNextChar(char const*&),0x1100bc,0x287c,elf_symbol,function
_ZNK10FY2VgaG6rR10Qi2VgaCyrREv,0x168ecc,8,e20e96126368d90f210b8a8977c2707f06415d9977e7cb18d4e02dd317c7ee58,other,TLevelObject_getlocalx_void,_ZNK12TLevelObject9getlocalxEv,TLevelObject::getlocalx(void),0x1656c0,0x380c,elf_symbol,function
_ZNK10Fcx_gaoydV10dSBZKabtr8EP10lXCVKawn54P10WfGVKaba84P10QIbWKaotz5,0x118fe4,376,1e74cc104770265061b0203195f6d33c9b6ab05ce9b4e3c622ce5398ecc462b7,other,TBitmap_fillMSBmpInfo_winBITMAPINFOHEADER_winBITMAPFILEHEADER_winRGBQUAD,_ZNK7TBitmap13fillMSBmpInfoEP19winBITMAPINFOHEADERP19winBITMAPFILEHEADERP10winRGBQUAD,"TBitmap::fillMSBmpInfo(winBITMAPINFOHEADER *,winBITMAPFILEHEADER *,winRGBQUAD *)",0x116580,0x2a64,elf_symbol,function
_ZNK10RWahgahP3i9transformER10bagMga8cdJ,0x1ea3a4,308,512b46a17b366eb7c5f7cf593882e6f94680f80dbdeacadf8082310728d78188,other,TColorTransform_transform_ColorF,_ZNK15TColorTransform9transformER6ColorF,TColorTransform::transform(ColorF &),0x1e60b8,0x42ec,elf_symbol,function
_ZNK10S2m6gab0Y_10EWu6gaZD4_Ev,0x1d3eec,16,e65ef2396d10798adf3d2665b67766a92a201cc5dac231ff5984dfb96270a1fe,other,THTMLAtom_getEndInBuffer_void,_ZNK9THTMLAtom14getEndInBufferEv,THTMLAtom::getEndInBuffer(void),0x1cf298,0x4c54,elf_symbol,function
_ZNK10S2m6gab0Y_10PU25gaz3H_Ev,0x1d3efc,32,7cbbefb1b33f2604fedc2fd60efe731cdde2ae2ae6cd7f06eb5276b015a2da25,other,THTMLAtom_getTextInBuffer_void,_ZNK9THTMLAtom15getTextInBufferEv,THTMLAtom::getTextInBuffer(void),0x1cf2a8,0x4c54,elf_symbol,function
_ZNK10S2m6gab0Y_10cH35gaVII_Ev,0x1d3f48,40,b98a348f6fdc0ffe7870bf26a82b665ba4fbb61fd4cddb21550fbe6ff682caaf,other,THTMLAtom_getTextLength_void,_ZNK9THTMLAtom13getTextLengthEv,THTMLAtom::getTextLength(void),0x1cf2f4,0x4c54,elf_symbol,function
_ZNK10S2m6gab0Y_10sVs6ga2W2_Ev,0x1d3ee4,8,ca9be5891608b757b7bc8d84905b452237de4af4115e73ad7cd6348b92859bf1,other,THTMLAtom_getLengthInBuffer_void,_ZNK9THTMLAtom17getLengthInBufferEv,THTMLAtom::getLengthInBuffer(void),0x1cf290,0x4c54,elf_symbol,function
_ZNK10S2m6gab0Y_10zwr6ga1L1_Ev,0x1d3edc,8,6f1929ee2376e6ada94db6d2aafe012dfc8382613e73b99aea0c7dea270fac13,other,THTMLAtom_getStartInBuffer_void,_ZNK9THTMLAtom16getStartInBufferEv,THTMLAtom::getStartInBuffer(void),0x1cf288,0x4c54,elf_symbol,function
_ZNK10SsrLga3IwI10H7iLgadIpIEv,0x1b621c,48,4fe5c2c218ff4d148d607f0207d104a9a853cd53a53f73c282664318d569230e,other,GuiCanvas_getRoot_void,_ZNK9GuiCanvas7getRootEv,GuiCanvas::getRoot(void),0x1b1d1c,0x4500,elf_symbol,function
_ZNK10SsrLga3IwI10sryA1aIAmXEv,0x1b624c,60,28d22c5b52ecc0e1c1e68f2609a97ea3eac0895d97d43ae3b2747a835b5fad18,other,GuiCanvas_getExternalWindow_void,_ZNK9GuiCanvas17getExternalWindowEv,GuiCanvas::getExternalWindow(void),0x1b1d4c,0x4500,elf_symbol,function
_ZNK10lKR7faAPdb10JHnaKarylsEPf,0x1e6948,132,0c4340c274b0180fb9f9879b3a308644f9b8eb0f01015203788b9494745ea6a8,other,MatrixF_transposeTo_float,_ZNK7MatrixF11transposeToEPf,MatrixF::transposeTo(float *),0x1e2a78,0x3ed0,elf_symbol,function
_ZNK10ln7yHaeP9f10rMBEgasoMCEv,0x1cea0c,116,9fe502abb5d37eab399998024ab3128b469ff4800606d762db07b5120890a588,other,TGUIAnimation_getBounds_void,_ZNK13TGUIAnimation9getBoundsEv,TGUIAnimation::getBounds(void),0x1c9e8c,0x4b80,elf_symbol,function
_ZNK10nulqJa9GMP10Jumr_aBxD8ERK10V6P7faBscbRK10lKR7faAPdb,0x1eaed4,1176,c91f2f7dd11bf8dd58e6f64847a1ccc877fa013366727de6f5945df2166c5100,other,Box3F_collideOrientedBox_T3DFloatPoint_const_MatrixF_const,_ZNK5Box3F18collideOrientedBoxERK13T3DFloatPointRK7MatrixF,"Box3F::collideOrientedBox(T3DFloatPoint const&,MatrixF const&)",0x1e6b4c,0x4388,elf_symbol,function
_ZNK10nulqJa9GMP10UKOr_a8i08ERK10V6P7faBscbS2_PfPS0_,0x1ead24,384,eb1d6fe97f2b692644e79718d7bbd7bb4a0dc9815da5cc11d8b6953f2f6abadb,other,Box3F_collideLine_T3DFloatPoint_const_T3DFloatPoint_const_float_T3DFloatPoint,_ZNK5Box3F11collideLineERK13T3DFloatPointS2_PfPS0_,"Box3F::collideLine(T3DFloatPoint const&,T3DFloatPoint const&,float *,T3DFloatPoint*)",0x1e699c,0x4388,elf_symbol,function
_ZNK10psSDxavq9U10S86dLaeDulEv,0x2044d4,24,7bf6125c0581012f15b8777c2b450de4c35e14c13f86cce04552af00360ebd75,other,TGraalConnection_getSSLError_void,_ZNK16TGraalConnection11getSSLErrorEv,TGraalConnection::getSSLError(void),0x1feb80,0x5954,elf_symbol,function
_ZNK10rizMgadjtJ10Ei6bKaqVNtEv,0x1e9ae4,28,64eb89ac2793f6aa7dc779156405b6ca412dbb30fb78676e15843d4bf5c11c5d,other,T2DMatrix_getDeterminant_void,_ZNK9T2DMatrix14getDeterminantEv,T2DMatrix::getDeterminant(void),0x1e57f8,0x42ec,elf_symbol,function
_ZNK10rizMgadjtJ10ZdVKJayL45Ev,0x1e9c48,16,f169a7b7e08224efabf71bb7f493c90942220db17c1ff1d536c1763c19dc4f28,other,T2DMatrix_hasRotation_void,_ZNK9T2DMatrix11hasRotationEv,T2DMatrix::hasRotation(void),0x1e595c,0x42ec,elf_symbol,function
_ZNK10rizMgadjtJ9transformERK10qdSBga_dtA,0x1e9f08,104,dd2a9e4752bd4b4af4b29b5251f0cbd0184b721f4034f5e731cbff9df2ec95a5,other,T2DMatrix_transform_TFloatPoint_const,_ZNK9T2DMatrix9transformERK11TFloatPoint,T2DMatrix::transform(TFloatPoint const&),0x1e5c1c,0x42ec,elf_symbol,function
_ZNK10rizMgadjtJ9transformERfS0_,0x1e9ebc,76,c3117ed4a01ddd6ddf5d10640ece480aaf7ec0fab6c1fdf8914548df97443db1,other,T2DMatrix_transform_float_float,_ZNK9T2DMatrix9transformERfS0_,"T2DMatrix::transform(float &,float &)",0x1e5bd0,0x42ec,elf_symbol,function
_ZNK10tJIwIaYe8310CZfLFaz3mKEv,0x23c988,20,8694dc20e9d0e41a73517c342a1f1eb0e1fba9167c51b6dc790d1e005d0a65a4,other,TParticleDataEx_getPartWidthInTiles_void,_ZNK15TParticleDataEx19getPartWidthInTilesEv,TParticleDataEx::getPartWidthInTiles(void),0x232bd8,0x9db0,elf_symbol,function
_ZNK10tJIwIaYe8310Z1gNFamX3LEPfS0_,0x23d194,256,aeefa3b9ad92ce375b04081c61f27ec605d10dbf6019c74535f55e51e4f80b19,other,TParticleDataEx_getPolyMinMaxX_float_float,_ZNK15TParticleDataEx14getPolyMinMaxXEPfS0_,"TParticleDataEx::getPolyMinMaxX(float *,float *)",0x23341c,0x9d78,elf_symbol,function
_ZNK10tJIwIaYe8310f8iOFawIWMEv,0x23cef0,48,223f2497a56103941c6736b226ddafe17a798316c8577728980195ded3d8c2c8,other,TParticleDataEx_getDirection_void,_ZNK15TParticleDataEx12getDirectionEv,TParticleDataEx::getDirection(void),0x233128,0x9dc8,elf_symbol,function
_ZNK10tJIwIaYe8310rTcNFals0LEPfS0_,0x23d294,260,95ef3d8a938cee54452aca12e7b26b1b77b8553aaf6c1b2810b6dd666dbf2124,other,TParticleDataEx_getPolyMinMaxY_float_float,_ZNK15TParticleDataEx14getPolyMinMaxYEPfS0_,"TParticleDataEx::getPolyMinMaxY(float *,float *)",0x23351c,0x9d78,elf_symbol,function
_ZNK10tJIwIaYe8310tWnLFaUKtKEv,0x23c900,20,381058433038bb6f88ced1d1351af7a604dd24575d5255e01e742970972f42e7,other,TParticleDataEx_getPartHeightInTiles_void,_ZNK15TParticleDataEx20getPartHeightInTilesEv,TParticleDataEx::getPartHeightInTiles(void),0x232b50,0x9db0,elf_symbol,function
_ZNK10tJIwIaYe8310vcSNFa8czMEv,0x23cf58,24,3f4c4c6150c61b3158a6e57ddb8cb17fbdc337d94fa521944280feae30019367,other,TParticleDataEx_getPlayerLook_void,_ZNK15TParticleDataEx13getPlayerLookEv,TParticleDataEx::getPlayerLook(void),0x233190,0x9dc8,elf_symbol,function
_ZNK10u3cBgayBVz10nq1pgaTOvqEv,0x20c404,20,3a1eadd95ebd54f113d50b07e23d1b7e2082c278de9e333a6980ea31108fc4e9,other,TSocketConnection_hasError_void,_ZNK17TSocketConnection8hasErrorEv,TSocketConnection::hasError(void),0x2062b8,0x614c,elf_symbol,function
_ZNK10u3cBgayBVz10qYcf1arwpFEv,0x20c47c,8,2f3b6f6686fd51e88030785bd4646403cb57ac71a5cbf077e500a85bdf0afab3,other,TSocketConnection_getIPNum_void,_ZNK17TSocketConnection8getIPNumEv,TSocketConnection::getIPNum(void),0x206330,0x614c,elf_symbol,function
_ZNK10vuuHgangcF10Nw0HMaf3DAEv,0xf6b54,96,53ff9d96af6761877ba868714c56bab40bedce126c989f45f6a39f9fca38bc1d,other,TStringList_getRequiredFileSize_void,_ZNK11TStringList19getRequiredFileSizeEv,TStringList::getRequiredFileSize(void),0xf5354,0x1800,elf_symbol,function
_ZNK10vy1JgaKVkH10JtTLgaLhUIEPKv,0xed9e4,80,c6d31509528cd37ccb7b79771ac143d28d4c12b7459689c8b044d97c7f0f162e,other,TList_indexOf_void_const,_ZNK5TList7indexOfEPKv,TList::indexOf(void const*),0xeca14,0xfd0,elf_symbol,function
_ZNK10w9XxgaJdbx10H7iLgadIpIEv,0x1b0940,48,36fd72baa6bbc4c1fc72242469b162f7e4344cb747b5683548ebb43f2624f931,other,GuiControl_getRoot_void,_ZNK10GuiControl7getRootEv,GuiControl::getRoot(void),0x1ac780,0x41c0,elf_symbol,function
_ZNK10w9XxgaJdbx10StGcIaOlhOERK10qdSBga_dtAb,0x1b931c,168,ac906c99bc1cc35c7e2ffbc4090e73ed4a19cd2f88f82f07670ef9c025180459,other,GuiControl_globalToLocalCoord_TFloatPoint_const_bool,_ZNK10GuiControl18globalToLocalCoordERK11TFloatPointb,"GuiControl::globalToLocalCoord(TFloatPoint const&,bool)",0x1b4c50,0x46cc,elf_symbol,function
_ZNK10w9XxgaJdbx10sryA1aIAmXEv,0x1b0970,48,ab6b71358c5ad997408a3f5212fba731bd05d55cd84ed4e5fe17b93234839d6a,other,GuiControl_getExternalWindow_void,_ZNK10GuiControl17getExternalWindowEv,GuiControl::getExternalWindow(void),0x1ac7b0,0x41c0,elf_symbol,function
_ZThn16_N10c76BgaJBGAD0Ev,0x22cce4,8,7d5ded997cd7e774b55c00498cac1622219161e4bd735db90610557333ade225,other,non_virtual_thunk_to_TProperties_TProperties__2,_ZThn16_N11TPropertiesD0Ev,`non-virtual thunk to'TProperties::~TProperties(),0x224660,0x8684,elf_symbol,function
adler32,0x297000,1452,a46860a829efcb2b2bde99b7e6a880481416db78e7700d5747112fcf41ab5465,zlib,adler32,,,0x289b90,0xd470,ida_named_non_elf,
compressBound,0x28cc40,20,9286d85150dbd16c997422a2f53968291879cf8228515b847f228bdda637acd6,other,compressBound,,,0x27f7d0,0xd470,ida_named_non_elf,
crc32_combine,0x28d19c,4,fdefa1b97a545ba429379a091e447d4d0584fb35347f0cfccf56859fdeb76308,zlib,crc32_combine,,,0x27fd2c,0xd470,ida_named_non_elf,
deflateBound,0x28f01c,264,20045c89fd37d425dae170e149af3c86c3ab9bb5c2b53080d6821c3684e13221,zlib,deflateBound,,,0x281bac,0xd470,ida_named_non_elf,
deflateEnd,0x290de8,244,24e5eb6cc96d93c7acd42fa0831f0ed5ec5474760f48f2f02ac4fc4dd4c2b426,zlib,deflateEnd,,,0x283978,0xd470,ida_named_non_elf,
deflatePrime,0x28efbc,52,420cad240f8dc8085c2e8efb9feafd9326fc526b9a2be230d83ec97397673a77,zlib,deflatePrime,,,0x281b4c,0xd470,ida_named_non_elf,
deflateSetHeader,0x28ef90,44,443bc503ac94aba7d5bf02713355713cddb96e15cde56bf4573251829c4cd894,zlib,deflateSetHeader,,,0x281b20,0xd470,ida_named_non_elf,
deflateTune,0x28eff0,44,4e163a20e0ccada6b07df042ec73eb6a9bd7ae517e781a1460bad140b34c075f,zlib,deflateTune,,,0x281b80,0xd470,ida_named_non_elf,
ft_bitmap_glyph_bbox,0x27fde0,68,75c7602a43d2a0a7986b08def0a99894471a5a3b6da718429550d722768364b3,FreeType/TrueType,ft_bitmap_glyph_bbox,,,0x272970,0xd470,ida_named_non_elf,
ft_corner_is_flat,0x25980c,88,030f703fae1533067e8cba52ee7ad8240f71b1ec000e5239fecfcc41c43db063,FreeType/TrueType,ft_corner_is_flat,,,0x24c39c,0xd470,ida_named_non_elf,
ft_corner_orientation,0x259728,228,fc610d20c3130b81cf60cc20b9c85601d0f59775bcb82caac7b43ac2124a90a5,FreeType/TrueType,ft_corner_orientation,,,0x24c2b8,0xd470,ida_named_non_elf,
ft_highpow2,0x261330,24,773df2c16dbc30d601cc128850260ef2695a2b15163b5160c51a505747f553f2,FreeType/TrueType,ft_highpow2,,,0x253ec0,0xd470,ida_named_non_elf,
ft_mem_free,0x25dd60,32,44467de739e576b9c4ccf178b6649b008e43ced85d22726273a43eff44eabc1d,FreeType/TrueType,ft_mem_free,,,0x2508f0,0xd470,ida_named_non_elf,
ft_mem_qalloc,0x25dc70,88,63aa652c378ea507d27ee457c66d4881605f3d28801afa391e90be0268942d32,FreeType/TrueType,ft_mem_qalloc,,,0x250800,0xd470,ida_named_non_elf,
ft_mem_strcpyn,0x25f694,96,956b1b46b8a1033649010ae403b0b93dab470fd428f43fed201ff9ebcf32b0b7,FreeType/TrueType,ft_mem_strcpyn,,,0x252224,0xd470,ida_named_non_elf,
ft_module_get_service,0x25b240,168,4befe9de5473cb6518566bf6aa587105f47e4b8e8fbc5684151288c557c66e6f,FreeType/TrueType,ft_module_get_service,,,0x24ddd0,0xd470,ida_named_non_elf,
ft_outline_glyph_prepare,0x27fe24,60,108f2f69a762f41c383841b74eb826f9d87276e014d25c56d44c4b9644df2be7,FreeType/TrueType,ft_outline_glyph_prepare,,,0x2729b4,0xd470,ida_named_non_elf,
ft_synthesize_vertical_metrics,0x259ce8,76,a62370f1b1050116dae9f5d8c1451d63def078ac5b6c81b835b4ab363cd43e77,FreeType/TrueType,ft_synthesize_vertical_metrics,,,0x24c878,0xd470,ida_named_non_elf,
ft_validator_init,0x259ac4,20,3e7f8009ed51980053c394417f1ec5d0d9898cea379918b28e21b885fbc36d16,FreeType/TrueType,ft_validator_init,,,0x24c654,0xd470,ida_named_non_elf,
ft_validator_run,0x259ad8,8,be50aaf7eeb0ede41632ffde19308769d4eb41c225eaf9f9ebd355c3deb57089,FreeType/TrueType,ft_validator_run,,,0x24c668,0xd470,ida_named_non_elf,
inflateEnd,0x293738,96,16173197a893fa82911ba6e2fc4bed75671a29cfe25395562a93f1504d3ae969,zlib,inflateEnd,,,0x2862c8,0xd470,ida_named_non_elf,
inflateGetHeader,0x2939c8,44,30bd02ed673d632a97e04329b8a61a930d1e9182bfe79b31e693fd908b2aaf62,zlib,inflateGetHeader,,,0x286558,0xd470,ida_named_non_elf,
inflateMark,0x293e44,92,d4008022b331938f70961b3211f0fb478a59307c0779863d2f2e3f7c6502bd40,zlib,inflateMark,,,0x2869d4,0xd470,ida_named_non_elf,
inflatePrime,0x29159c,108,6f2d527fdded1926ede90debcf5455bd29a4c4adc044c3c988817142e190f953,zlib,inflatePrime,,,0x28412c,0xd470,ida_named_non_elf,
inflateReset,0x291358,124,39b17ac0e1a62b510145efa8dc36ba3bec84fa47cb5c2254c51320c80acc5816,zlib,inflateReset,,,0x283ee8,0xd470,ida_named_non_elf,
inflateSyncPoint,0x293c88,56,48a88ad5a5c05cc20fe1b7aab6cfbd08e6cae39f19e4bfd582617fca758ce7b5,zlib,inflateSyncPoint,,,0x286818,0xd470,ida_named_non_elf,
inflateUndermine,0x293e20,36,ccdceec60b30212bf2f0b6b15a8d7df334dc7156d5beb4f4b581b6d4a3c1bb86,zlib,inflateUndermine,,,0x2869b0,0xd470,ida_named_non_elf,
jpeg_abort,0x2a9a50,84,263e61a35d4e310ae7c815dff981df61ffaa409c7754520aedba498380ef73ce,JPEG-like,jpeg_abort,,,0x29c5e0,0xd470,ida_named_non_elf,
jpeg_alloc_huff_table,0x2a9b00,44,bcfa098469037eea80b9be68620041e283f0661b44627f06757c85b806dbdb6a,JPEG-like,jpeg_alloc_huff_table,,,0x29c690,0xd470,ida_named_non_elf,
jpeg_alloc_quant_table,0x2a9ad4,44,af2807f3211cd5b817d018afbedd83d13a7b11e03f71f44a9214f3a6f97ffdf5,JPEG-like,jpeg_alloc_quant_table,,,0x29c664,0xd470,ida_named_non_elf,
jpeg_destroy,0x2a9aa4,48,35c7de7a6b9263246d4fb8432cf5c8659ad90fb9b756e7e2faf59fc15d3fde49,JPEG-like,jpeg_destroy,,,0x29c634,0xd470,ida_named_non_elf,
jpeg_finish_output,0x298da8,188,1949b19f1540f2a6d00cad6ef5688d2c0b95c0389955db4ef9f1ad715356ce61,JPEG-like,jpeg_finish_output,,,0x28b938,0xd470,ida_named_non_elf,
jpeg_has_multiple_scans,0x2986dc,76,bf28aac2e2becc980fe3f4267523c8aad232e151bf43654aa756293fa2c9d31a,JPEG-like,jpeg_has_multiple_scans,,,0x28b26c,0xd470,ida_named_non_elf,
jpeg_input_complete,0x298690,76,1ae6f62a9860f32fcd9449ff85e24cb1c42309325aa0946481e495f51ff1b79b,JPEG-like,jpeg_input_complete,,,0x28b220,0xd470,ida_named_non_elf,
jpeg_new_colormap,0x29cc8c,164,59e33f8dc6352778cbd10183cbdba69049e049175fab994e4000d8da04d86671,JPEG-like,jpeg_new_colormap,,,0x28f81c,0xd470,ida_named_non_elf,
jpeg_quality_scaling,0x2a8dd4,72,b24cad00ccda0053bbce073d4b1b1891dd8d3fc38e2d7db341a2020209f7ee84,JPEG-like,jpeg_quality_scaling,,,0x29b964,0xd470,ida_named_non_elf,
jpeg_read_raw_data,0x298afc,308,7f79310ab8f191ccead1465e78906ca66c68e6ba039b4b56445833e6a129425c,JPEG-like,jpeg_read_raw_data,,,0x28b68c,0xd470,ida_named_non_elf,
jpeg_read_scanlines,0x298a0c,240,37cf519f60b967c26693905feff4d8400664cdd3f1f2430e6cb74f5b6ad88434,JPEG-like,jpeg_read_scanlines,,,0x28b59c,0xd470,ida_named_non_elf,
jpeg_resync_to_restart,0x29c198,768,19c3a6079db98f3e64533929527198022b572af7b0ccff761afdc4dd580142ef,JPEG-like,jpeg_resync_to_restart,,,0x28ed28,0xd470,ida_named_non_elf,
jpeg_set_marker_processor,0x29c6a8,108,16d394a880f7fa29d632fb76e8e049c85863fcc61826c05c25a054b23aa4598d,JPEG-like,jpeg_set_marker_processor,,,0x28f238,0xd470,ida_named_non_elf,
jpeg_simple_progression,0x2a95ec,1124,1c49e0b984afb708e39ca60fa6426433811480bf547f6d7165a3c03fc8453f28,JPEG-like,jpeg_simple_progression,,,0x29c17c,0xd470,ida_named_non_elf,
jpeg_start_output,0x298c30,376,54491ab7ff39bd489d2ac23c9d5a396370682aa64ad9e9b028dbf2c3fce85e08,JPEG-like,jpeg_start_output,,,0x28b7c0,0xd470,ida_named_non_elf,
jpeg_suppress_tables,0x2a546c,148,c4aa003788627c7d2d6109639a6ed5f673bc51ec8c8b7c48a8e7eecb30a5737e,JPEG-like,jpeg_suppress_tables,,,0x297ffc,0xd470,ida_named_non_elf,
jpeg_write_m_byte,0x2a578c,32,876690b0a61c99b43c58c8f7ecda59c85a9cb93800e7d48324ebed60157a0ee3,JPEG-like,jpeg_write_m_byte,,,0x29831c,0xd470,ida_named_non_elf,
jpeg_write_m_header,0x2a571c,112,b013a05426e619144c3461db40fbc0af37ae5baf0ab229f044455f92c24d5caf,JPEG-like,jpeg_write_m_header,,,0x2982ac,0xd470,ida_named_non_elf,
jpeg_write_marker,0x2a5668,180,11c7e6e51d420dacd3f069199bb45b48551d939a7d5f9b20fe8f2eb0787688bb,JPEG-like,jpeg_write_marker,,,0x2981f8,0xd470,ida_named_non_elf,
jpeg_write_raw_data,0x2a59e8,328,ccdc74f6b40b94f7cef4044a9a8817616bd766b547c3622d7f05ae7b6295ebdd,JPEG-like,jpeg_write_raw_data,,,0x298578,0xd470,ida_named_non_elf,
jpeg_write_scanlines,0x2a58e4,260,82e562d6ba9362b3b4548c00ec7d62a9155d737397492439989f9466a7268656,JPEG-like,jpeg_write_scanlines,,,0x298474,0xd470,ida_named_non_elf,
tt_cmap0_char_index,0x26186c,28,dd33615b4476b08ed2f9b2bcfc34da7c4c44b7e443865f84c77f1e6475d04c36,FreeType/TrueType,tt_cmap0_char_index,,,0x2543fc,0xd470,ida_named_non_elf,
tt_cmap0_char_next,0x261888,64,c460af6276958bcbdff4c2896eaaff6e2d221f20d0100942a292df6a55d4170c,FreeType/TrueType,tt_cmap0_char_next,,,0x254418,0xd470,ida_named_non_elf,
tt_cmap0_get_info,0x2618c8,36,f7ca218939086d69d5e60bc9229391d5c2602ba73d84d819744a50c776ccb9e2,FreeType/TrueType,tt_cmap0_get_info,,,0x254458,0xd470,ida_named_non_elf,
tt_cmap10_char_index,0x261dcc,112,3a3fd68457888e9f2abf4f1b42d9e2eb851aa0332892db066ab35cde3e655c3c,FreeType/TrueType,tt_cmap10_char_index,,,0x25495c,0xd470,ida_named_non_elf,
tt_cmap10_char_next,0x261e3c,188,e371553c475871d0231da4abdb748527f20341f14b5f7a77f41baa8d19d3d944,FreeType/TrueType,tt_cmap10_char_next,,,0x2549cc,0xd470,ida_named_non_elf,
tt_cmap10_get_info,0x261ef8,56,1e3a58900f4fff1eb714328f6b58c10d7b8487d0e7480859d8c95bd64b97812c,FreeType/TrueType,tt_cmap10_get_info,,,0x254a88,0xd470,ida_named_non_elf,
tt_cmap12_char_index,0x2658a4,232,bd8d87d55fb54899ce7bcbc18fc0f65bb97c1d7c188fbfd312f3e627354ad9d6,FreeType/TrueType,tt_cmap12_char_index,,,0x258434,0xd470,ida_named_non_elf,
tt_cmap12_char_next,0x266aa0,912,e51c81df491ff365412b0b1b6a39e45d0353cdc00bea0ca0be8463a29980ecb8,FreeType/TrueType,tt_cmap12_char_next,,,0x259630,0xd470,ida_named_non_elf,
tt_cmap12_get_info,0x261f68,56,8f2f93807b381d7f4eaf096185cc334257793936d10b9ea56b3ce2bb2116c224,FreeType/TrueType,tt_cmap12_get_info,,,0x254af8,0xd470,ida_named_non_elf,
tt_cmap12_init,0x261f30,56,b358402a24a49f458fa0283be6250f8d1a6e05622bdd6bb1ec5575b4594fe488,FreeType/TrueType,tt_cmap12_init,,,0x254ac0,0xd470,ida_named_non_elf,
tt_cmap14_char_next,0x261fe4,12,b6d5765a7042616d090ee99bce5e7306f997c1f6e8a55d786330b6754cd166f1,FreeType/TrueType,tt_cmap14_char_next,,,0x254b74,0xd470,ida_named_non_elf,
tt_cmap14_char_var_index,0x265efc,768,993fdfc6a8e5bcc89e4d68ea0426fdbc256e4bdcc74005b2ac1efecae2b7597a,FreeType/TrueType,tt_cmap14_char_var_index,,,0x258a8c,0xd470,ida_named_non_elf,
tt_cmap14_char_var_isdefault,0x265c0c,752,89cec197c903c235c90fc9c55e4f8604687b3dbb46413d2626927ba0406a4b1c,FreeType/TrueType,tt_cmap14_char_var_isdefault,,,0x25879c,0xd470,ida_named_non_elf,
tt_cmap14_get_info,0x261ff0,24,8507470c5daae8a1262b172bad70c2707c6d2d5e56a932198cc0b0fd793f4947,FreeType/TrueType,tt_cmap14_get_info,,,0x254b80,0xd470,ida_named_non_elf,
tt_cmap14_init,0x261fa0,60,db371ce686de946984cd131383d9944b4a54bad24c7f25775159b94cf4b1dff7,FreeType/TrueType,tt_cmap14_init,,,0x254b30,0xd470,ida_named_non_elf,
tt_cmap2_char_index,0x2656dc,232,5e8e872a955d0433d9105ff05de10014d49eaa7a86fbb727473822c62003e160,FreeType/TrueType,tt_cmap2_char_index,,,0x25826c,0xd470,ida_named_non_elf,
tt_cmap2_char_next,0x2618ec,344,6298493bfbfce00f2726a0cda61ee10426bf6f644a6b4ce0c88e57cd37ebe7ae,FreeType/TrueType,tt_cmap2_char_next,,,0x25447c,0xd470,ida_named_non_elf,
tt_cmap2_get_info,0x261a44,40,3bd3604c407e7bb37521ef634975ba7f8029323d91b89905633d8030e42b4390,FreeType/TrueType,tt_cmap2_get_info,,,0x2545d4,0xd470,ida_named_non_elf,
tt_cmap4_char_index,0x266e30,1072,613a7ad3c7602fd44be0d7b30e3dd4d22d63401971be709e772011e2e0bed808,FreeType/TrueType,tt_cmap4_char_index,,,0x2599c0,0xd470,ida_named_non_elf,
tt_cmap4_char_next,0x2661fc,2212,aaddec346789fe889bb4757af211e3eb6b4dfeb45018f86e21b8cc98630b9099,FreeType/TrueType,tt_cmap4_char_next,,,0x258d8c,0xd470,ida_named_non_elf,
tt_cmap4_get_info,0x261a9c,40,f6bd6af54dd95456aa08995475425f826277fd1816bafbc6ccd5d82c4f8061e9,FreeType/TrueType,tt_cmap4_get_info,,,0x25462c,0xd470,ida_named_non_elf,
tt_cmap4_init,0x261a6c,48,6e50cf97f060c251f94daae3711457fefd0f744522061f000f9d07f9c32cc966,FreeType/TrueType,tt_cmap4_init,,,0x2545fc,0xd470,ida_named_non_elf,
tt_cmap6_char_index,0x261ac4,72,41d3a6a739f4ab26e0ea1869cd7d34e12ff6d4f3419ae479c544a137c5dd48af,FreeType/TrueType,tt_cmap6_char_index,,,0x254654,0xd470,ida_named_non_elf,
tt_cmap6_char_next,0x261b0c,164,45eb48b6dcb461ff18b86ebba5183e97183601ce3513b6356aadf40fc30bf5ea,FreeType/TrueType,tt_cmap6_char_next,,,0x25469c,0xd470,ida_named_non_elf,
tt_cmap6_get_info,0x261bb0,40,69a791bf583530dc44ce7078dfcfe30ba02dd5309cfcdcdd0262d36a09f80333,FreeType/TrueType,tt_cmap6_get_info,,,0x254740,0xd470,ida_named_non_elf,
tt_cmap8_char_index,0x261bd8,216,83a43f3cfdb95af1968c7e92d0f53dc14d16ee4f20ee65da879ad3259d1e555a,FreeType/TrueType,tt_cmap8_char_index,,,0x254768,0xd470,ida_named_non_elf,
tt_cmap8_char_next,0x261cb0,228,117e719a4d3ebc133f369b685ec3cde4eb217151fcf9df249d064eef7f795f72,FreeType/TrueType,tt_cmap8_char_next,,,0x254840,0xd470,ida_named_non_elf,
tt_cmap8_get_info,0x261d94,56,629319f0e97d847b2ea5dd7c22231fc651213b15f9f6442a1998754d10f9ef2d,FreeType/TrueType,tt_cmap8_get_info,,,0x254924,0xd470,ida_named_non_elf,
tt_cmap_init,0x261860,12,cc4b2803e6479f9e24d0fd49b8dc897fbef11fed35a4bcdade34f0944a03fa39,FreeType/TrueType,tt_cmap_init,,,0x2543f0,0xd470,ida_named_non_elf,
unzGetCurrentFileInfo2,0x2579ec,72,554cd6eaf7433a19ee4bec464fa5ec6704f938dc92cd964f47598959ce87affa,other,unzGetCurrentFileInfo,,,0x24a57c,0xd470,ida_named_non_elf,
unzGetFilePos1,0x25853c,60,ee2e679be2b95619d89b01e2e7883cc5468d481d8437bae1f23492878d1283d6,other,unzGetFilePos,,,0x24b0cc,0xd470,ida_named_non_elf,
unzGetGlobalComment2,0x258f2c,180,f6881cd9642fac2fe87f992ab82a01fa99e36b6e4a6dfafbd97095909d88627a,other,unzGetGlobalComment,,,0x24babc,0xd470,ida_named_non_elf,
unzGetGlobalInfo2,0x2579cc,32,c88e7bd3b78beadfb1fbb9b2cb1e5e3cda77621280d204a92db671ab07401e9c,other,unzGetGlobalInfo,,,0x24a55c,0xd470,ida_named_non_elf,
unzGetLocalExtrafield1,0x2589d0,192,ba0c1709365ceb221848fede8d11d671a9cb6894d85d75b26cfa8d6e80a1b4b7,other,unzGetLocalExtrafield,,,0x24b560,0xd470,ida_named_non_elf,
unzGetOffset1,0x258fe0,76,d48240c01d17d3f6a82b413eb6d6ad50a8623084057c4a8bf72d3f19bd132119,other,unzGetOffset,,,0x24bb70,0xd470,ida_named_non_elf,
unzGoToFilePos1,0x258578,108,d315f691e9295bfda2cc64b32124a3496ba6b999c65fb95444c624cda43b9f6e,other,unzGoToFilePos,,,0x24b108,0xd470,ida_named_non_elf,
unzGoToFirstFile2,0x257a34,96,f20d276c645425c9d23280ac937a2d33c53956dcb54364e34cb323c556302640,other,unzGoToFirstFile,,,0x24a5c4,0xd470,ida_named_non_elf,
unzGoToNextFile2,0x25836c,172,5f0f70474d6e49c665450c3a045fcc05331a43722eaa1af92274c7dfe99993b9,other,unzGoToNextFile,,,0x24aefc,0xd470,ida_named_non_elf,
unzeof1,0x2589ac,36,634e86368f78f2e39e9edea2a90a6301e5a9a50d8125dcc3e7bcdbd652c16527,other,unzeof,,,0x24b53c,0xd470,ida_named_non_elf,
unztell1,0x258990,28,10f6fc2ba64c83e347195bb1f0c52aba20dc3e7120577628333402224f55e43a,other,unztell,,,0x24b520,0xd470,ida_named_non_elf,
yajl_free_error,0x2bccec,32,7373aea21873e04a358e9c19ed34e6b46c4f65e8db87b71f5807f6f81728bbe1,YAJL,yajl_free_error,,,0x2af768,0xd584,ida_named_non_elf,
yajl_get_bytes_consumed,0x2bccd8,20,1ad420e632404b8cc513234f6c796aecfe7ee7ec9b6734f2fa460bede13d8b3a,YAJL,yajl_get_bytes_consumed,,,0x2af754,0xd584,ida_named_non_elf,
zlibCompileFlags,0x296fcc,12,594a4f1ef7d5fdb9be8dfddaecaf049b9b3f605ef7826a010e586941fb3866dd,zlib,zlibCompileFlags,,,0x289b5c,0xd470,ida_named_non_elf,
