index,name,demangled_name,version,address,size,type,binding,visibility,section,defined
0,,,,0x0,0,NOTYPE,LOCAL,DEFAULT,UND,False
1,.text,.text,,0xdf800,0,SECTION,LOCAL,DEFAULT,9,True
2,.data.rel.ro,.data.rel.ro,,0x370070,0,SECTION,LOCAL,DEFAULT,15,True
3,_ZN10GbMhIaz9yS10wEiPgaIiMLEb,GbMhIaz9yS::wEiPgaIiML(bool),,0x1c0938,36,FUNC,GLOBAL,DEFAULT,9,True
4,_ZN10K7FLgag3II10wcadNafcH0E,K7FLgag3II::wcadNafcH0,,0x38e160,1,OBJECT,GLOBAL,DEFAULT,18,True
5,_ZN10nenvgaH9_u10B3xXfaLgI1ERK10C8THgaTQxFii,"nenvgaH9_u::B3xXfaLgI1(C8THgaTQxF const&, int, int)",,0xf1dec,408,FUNC,GLOBAL,DEFAULT,9,True
6,_ZN10ZwL1xarB5eC1Ev,ZwL1xarB5e::ZwL1xarB5e(),,0x1e7968,132,FUNC,GLOBAL,DEFAULT,9,True
7,_ZN10uzvDgataRBC1ERK10C8THgaTQxF,uzvDgataRB::uzvDgataRB(C8THgaTQxF const&),,0x1b1650,52,FUNC,GLOBAL,DEFAULT,9,True
8,_ZN10s40xgamwex10b6MJfaSV7QE,s40xgamwex::b6MJfaSV7Q,,0x3a0848,1,OBJECT,GLOBAL,DEFAULT,19,True
9,get_crc_table,get_crc_table,,0x28ce54,12,FUNC,GLOBAL,DEFAULT,9,True
10,_ZN10oMhmIajzmW10DgqIfaJIZPERK10bagMga8cdJ,oMhmIajzmW::DgqIfaJIZP(bagMga8cdJ const&),,0x100994,4,FUNC,WEAK,DEFAULT,9,True
11,_ZN10W6NzgawMJy10rysVgaGDXQEdb,"W6NzgawMJy::rysVgaGDXQ(double, bool)",,0x17eec0,320,FUNC,GLOBAL,DEFAULT,9,True
12,_ZN10KKhLga4xoID1Ev,KKhLga4xoI::~KKhLga4xoI(),,0xeb12c,116,FUNC,GLOBAL,DEFAULT,9,True
13,_ZN10W6NzgawMJy10b7tmwaIXwQEb,W6NzgawMJy::b7tmwaIXwQ(bool),,0x1762bc,32,FUNC,GLOBAL,DEFAULT,9,True
14,_ZN10J0CfgbmrLhD2Ev,J0CfgbmrLh::~J0CfgbmrLh(),,0x1609c0,68,FUNC,GLOBAL,DEFAULT,9,True
15,_ZN6CyaInt5IsTLSEPKNS_6CYASSLE,CyaInt::IsTLS(CyaInt::CYASSL const*),,0x2d5f40,40,FUNC,GLOBAL,DEFAULT,9,True
16,FT_Set_Renderer,FT_Set_Renderer,,0x25fa34,212,FUNC,GLOBAL,DEFAULT,9,True
17,_ZN10eODlJaQ5OL10MP0FfajjYNEP10W6NzgawMJy,eODlJaQ5OL::MP0FfajjYN(W6NzgawMJy*),,0x23e57c,488,FUNC,GLOBAL,DEFAULT,9,True
18,_Z10cdCKkbMLP3P7__sFILE,cdCKkbMLP3(__sFILE*),,0x1971e0,16,FUNC,GLOBAL,DEFAULT,9,True
19,_ZN20EYKlVaL7URPropertiesD0Ev,EYKlVaL7URProperties::~EYKlVaL7URProperties(),,0x1e0544,56,FUNC,WEAK,DEFAULT,9,True
20,_ZN20v9r4yaCim7PropertiesD0Ev,v9r4yaCim7Properties::~v9r4yaCim7Properties(),,0x1c4980,56,FUNC,WEAK,DEFAULT,9,True
21,_ZN20k1h4JaIMdnPropertiesD1Ev,k1h4JaIMdnProperties::~k1h4JaIMdnProperties(),,0x248a84,28,FUNC,WEAK,DEFAULT,9,True
22,_ZN20EqV_Ka3Vx9PropertiesC2Ev,EqV_Ka3Vx9Properties::EqV_Ka3Vx9Properties(),,0x1b2278,176,FUNC,GLOBAL,DEFAULT,9,True
23,_ZN10Vx2_xajLEdC1ERK10C8THgaTQxF,Vx2_xajLEd::Vx2_xajLEd(C8THgaTQxF const&),,0x1e75e0,80,FUNC,GLOBAL,DEFAULT,9,True
24,_Z10B2aLKaPUiXv,B2aLKaPUiX(),,0xf8b58,56,FUNC,GLOBAL,DEFAULT,9,True
25,_ZN10mTAogaaEip10JtTLgaLhUIEv,mTAogaaEip::JtTLgaLhUI(),,0x22525c,344,FUNC,GLOBAL,DEFAULT,9,True
26,_ZN10zF9VgaBKxRC2ERK10C8THgaTQxF,zF9VgaBKxR::zF9VgaBKxR(C8THgaTQxF const&),,0x1ad294,2708,FUNC,GLOBAL,DEFAULT,9,True
27,FY2VgaG6rROnln2aNBfC,FY2VgaG6rROnln2aNBfC,,0x3a1908,8,OBJECT,GLOBAL,DEFAULT,19,True
28,_ZN10AS80gaE4zW10KxsPga8CULEjjbRK10C8THgaTQxF,"AS80gaE4zW::KxsPga8CUL(unsigned int, unsigned int, bool, C8THgaTQxF const&)",,0x1d6398,188,FUNC,GLOBAL,DEFAULT,9,True
29,_ZN10bNZvga2AwvC1ERK10C8THgaTQxF,bNZvga2Awv::bNZvga2Awv(C8THgaTQxF const&),,0xf0904,96,FUNC,GLOBAL,DEFAULT,9,True
30,X0HXmbuEQVOnln2aNBfC,X0HXmbuEQVOnln2aNBfC,,0x3a58b0,8,OBJECT,GLOBAL,DEFAULT,19,True
31,_ZNK10pdnkJaZ8KK10yk7yIa0M95Ev,pdnkJaZ8KK::yk7yIa0M95() const,,0x245084,140,FUNC,GLOBAL,DEFAULT,9,True
32,_ZNK10u3cBgayBVz10YgoBgaY13zEv,u3cBgayBVz::YgoBgaY13z() const,,0x20d234,36,FUNC,GLOBAL,DEFAULT,9,True
33,FT_Matrix_Multiply,FT_Matrix_Multiply,,0x280074,204,FUNC,GLOBAL,DEFAULT,9,True
34,_ZN10iHmzga6Hmy10D_05MaqsGVEv,iHmzga6Hmy::D_05MaqsGV(),,0x1d1f9c,144,FUNC,GLOBAL,DEFAULT,9,True
35,_ZN10s_YwgafWlw10Ite93aENn6ERK10eY2wgaf6pw,s_YwgafWlw::Ite93aENn6(eY2wgaf6pw const&),,0x1dbf44,392,FUNC,GLOBAL,DEFAULT,9,True
36,_ZN6CyaInt6mp_setEPNS_6mp_intEj,"CyaInt::mp_set(CyaInt::mp_int*, unsigned int)",,0x2c6f84,60,FUNC,GLOBAL,DEFAULT,9,True
37,_ZTV20mH33wa4I1qProperties,vtable for mH33wa4I1qProperties,,0x37dfa0,88,OBJECT,WEAK,DEFAULT,15,True
38,_ZN10zfJa3aJGDhC2EP10V8fxgahcBwRK10eY2wgaf6pwRK10i7FHgaP2lFRK10C8THgaTQxF,"zfJa3aJGDh::zfJa3aJGDh(V8fxgahcBw*, eY2wgaf6pw const&, i7FHgaP2lF const&, C8THgaTQxF const&)",,0x11a398,156,FUNC,GLOBAL,DEFAULT,9,True
39,_ZN10W6NzgawMJy10iR4BLawHEFERK10C8THgaTQxFiiiP10vuuHgangcF,"W6NzgawMJy::iR4BLawHEF(C8THgaTQxF const&, int, int, int, vuuHgangcF*)",,0x1802e8,892,FUNC,GLOBAL,DEFAULT,9,True
40,_ZN10TZf6gaQ3S_10edf6gaIpS_Ei,TZf6gaQ3S_::edf6gaIpS_(int),,0x110378,96,FUNC,GLOBAL,DEFAULT,9,True
41,_ZN10W6NzgawMJy10X3j4La6uf3E,W6NzgawMJy::X3j4La6uf3,,0x38e52c,4,OBJECT,GLOBAL,DEFAULT,18,True
42,memcpy@LIBC (2),memcpy,LIBC (2),0x0,0,FUNC,GLOBAL,DEFAULT,UND,False
43,SdBLlblWEV,SdBLlblWEV,,0x3a2e28,8,OBJECT,GLOBAL,DEFAULT,19,True
44,jpeg_destroy,jpeg_destroy,,0x2a9aa4,48,FUNC,GLOBAL,DEFAULT,9,True
45,getsockname@LIBC (2),getsockname,LIBC (2),0x0,0,FUNC,GLOBAL,DEFAULT,UND,False
46,_ZN10gqiNgaG64J10ngWMganDMJERK10C8THgaTQxF,gqiNgaG64J::ngWMganDMJ(C8THgaTQxF const&),,0xe4150,8,FUNC,WEAK,DEFAULT,9,True
47,_ZN10LJyzga9Pwy10QF9dxaSKwzEi,LJyzga9Pwy::QF9dxaSKwz(int),,0x10ab64,8,FUNC,WEAK,DEFAULT,9,True
48,_ZN6CyaInt15SendCertificateEPNS_6CYASSLE,CyaInt::SendCertificate(CyaInt::CYASSL*),,0x2d7320,436,FUNC,GLOBAL,DEFAULT,9,True
49,_ZN10w9XxgaJdbx10oDVIFaK5oIEf,w9XxgaJdbx::oDVIFaK5oI(float),,0x1bead0,64,FUNC,GLOBAL,DEFAULT,9,True
50,_ZN20NgNBgaN3oAPropertiesD2Ev,NgNBgaN3oAProperties::~NgNBgaN3oAProperties(),,0x2373d4,28,FUNC,WEAK,DEFAULT,9,True
51,_ZN10MpGzgariDy10KRDtwaS8xWEi,MpGzgariDy::KRDtwaS8xW(int),,0x18ea24,8,FUNC,WEAK,DEFAULT,9,True
52,_Z20s_YwgafWlwE7Bm2aaHDBRK10C8THgaTQxF,s_YwgafWlwE7Bm2aaHDB(C8THgaTQxF const&),,0x1db150,48,FUNC,GLOBAL,DEFAULT,9,True
53,FT_Get_Track_Kerning,FT_Get_Track_Kerning,,0x25a4d4,192,FUNC,GLOBAL,DEFAULT,9,True
54,_ZN10vuuHgangcFC2ERK10C8THgaTQxFb,"vuuHgangcF::vuuHgangcF(C8THgaTQxF const&, bool)",,0xf744c,56,FUNC,GLOBAL,DEFAULT,9,True
55,_ZN10V8fxgahcBwC2ERK10C8THgaTQxF,V8fxgahcBw::V8fxgahcBw(C8THgaTQxF const&),,0x11a64c,104,FUNC,GLOBAL,DEFAULT,9,True
56,_ZN10EqV_Ka3Vx9C1ERK10C8THgaTQxF,EqV_Ka3Vx9::EqV_Ka3Vx9(C8THgaTQxF const&),,0x1b23dc,60,FUNC,GLOBAL,DEFAULT,9,True
57,_ZN20AICTfaebpZPropertiesC1Ev,AICTfaebpZProperties::AICTfaebpZProperties(),,0x21b404,140,FUNC,GLOBAL,DEFAULT,9,True
58,_ZN10PfQXva4zXuIsED1Ev,PfQXva4zXu<short>::~PfQXva4zXu(),,0x1afce0,20,FUNC,WEAK,DEFAULT,9,True
59,_ZN10X7DzgannBy10zmjt_aCUgaEv,X7DzgannBy::zmjt_aCUga(),,0x1966e4,200,FUNC,GLOBAL,DEFAULT,9,True
60,_ZN10W6NzgawMJy10bzl1LagLK0Ev,W6NzgawMJy::bzl1LagLK0(),,0x17f544,80,FUNC,WEAK,DEFAULT,9,True
61,_ZN10ZwL1xarB5eD0Ev,ZwL1xarB5e::~ZwL1xarB5e(),,0x1e7d0c,48,FUNC,WEAK,DEFAULT,9,True
62,_ZN10W6NzgawMJy10LtSTwaHrChEv,W6NzgawMJy::LtSTwaHrCh(),,0x177088,360,FUNC,GLOBAL,DEFAULT,9,True
63,tt_cmap0_class_rec1,tt_cmap0_class_rec1,,0x37ff30,104,OBJECT,GLOBAL,DEFAULT,15,True
64,_ZN10mTAogaaEip8setStateEP10yVOJMa8r9B,mTAogaaEip::setState(yVOJMa8r9B*),,0x227a1c,612,FUNC,GLOBAL,DEFAULT,9,True
65,_ZN10zF9VgaBKxR10MAEygaHLLxEv,zF9VgaBKxR::MAEygaHLLx(),,0x1a6734,124,FUNC,GLOBAL,DEFAULT,9,True
66,unzOpenCurrentFilePassword2,unzOpenCurrentFilePassword2,,0x258f10,20,FUNC,GLOBAL,DEFAULT,9,True
67,_ZN10DFeOfaFXSU10u6glKaa0vBEP10TZf6gaQ3S_PKhiiiiii,"DFeOfaFXSU::u6glKaa0vB(TZf6gaQ3S_*, unsigned char const*, int, int, int, int, int, int)",,0x10f988,716,FUNC,GLOBAL,DEFAULT,9,True
68,_ZTV10m9DfJatoMG,vtable for m9DfJatoMG,,0x371f30,96,OBJECT,WEAK,DEFAULT,15,True
69,_ZN10w6qzgacqqy10OC8FxajS3WE,w6qzgacqqy::OC8FxajS3W,,0x3a3730,8,OBJECT,GLOBAL,DEFAULT,19,True
70,_ZTV20XCASBayqxtProperties,vtable for XCASBayqxtProperties,,0x3762e0,88,OBJECT,WEAK,DEFAULT,15,True
71,_ZN10OV5NOaoBLl10nn9ogamvMpEi,OV5NOaoBLl::nn9ogamvMp(int),,0x22caf0,64,FUNC,WEAK,DEFAULT,9,True
72,_ZN10MpGzgariDy10MP0FfajjYNEP10W6NzgawMJy,MpGzgariDy::MP0FfajjYN(W6NzgawMJy*),,0x19555c,220,FUNC,GLOBAL,DEFAULT,9,True
73,_ZN10CanTfaz6bZ10y_WHgaffAFEv,CanTfaz6bZ::y_WHgaffAF(),,0xf9264,116,FUNC,GLOBAL,DEFAULT,9,True
74,_ZN10f6WHgaQkAF10emuwgan9WvE,f6WHgaQkAF::emuwgan9Wv,,0x3a0158,8,OBJECT,GLOBAL,DEFAULT,19,True
75,_ZN10w6qzgacqqy10kr8GxaAIUXE,w6qzgacqqy::kr8GxaAIUX,,0x3a3b80,1024,OBJECT,GLOBAL,DEFAULT,19,True
76,_ZN20EYKlVaL7URPropertiesC1Ev,EYKlVaL7URProperties::EYKlVaL7URProperties(),,0x1dfd44,156,FUNC,GLOBAL,DEFAULT,9,True
77,_ZN10N67CMatrxw10KFUqMaMhfmERK10C8THgaTQxF,N67CMatrxw::KFUqMaMhfm(C8THgaTQxF const&),,0x231120,96,FUNC,GLOBAL,DEFAULT,9,True
78,_Z20hsuDgateQBE7Bm2aaHDBRK10C8THgaTQxF,hsuDgateQBE7Bm2aaHDB(C8THgaTQxF const&),,0x1b63fc,48,FUNC,GLOBAL,DEFAULT,9,True
79,_ZN10uzvDgataRB10AceLgadzlIERK10C8THgaTQxF,uzvDgataRB::AceLgadzlI(C8THgaTQxF const&),,0x1b16a0,40,FUNC,GLOBAL,DEFAULT,9,True
80,_ZN10J0CfgbmrLh10m6pngaXzjoERK10CanTfaz6bZ,J0CfgbmrLh::m6pngaXzjo(CanTfaz6bZ const&),,0x16462c,948,FUNC,GLOBAL,DEFAULT,9,True
81,_ZN20irqhGaERgbPropertiesC1Ev,irqhGaERgbProperties::irqhGaERgbProperties(),,0x2470f8,156,FUNC,GLOBAL,DEFAULT,9,True
82,_Z10x_WogaefBpRK10CanTfaz6bZP10vuuHgangcF,"x_WogaefBp(CanTfaz6bZ const&, vuuHgangcF*)",,0x1a5094,48,FUNC,GLOBAL,DEFAULT,9,True
83,_ZN20k1h4JaIMdnPropertiesC2Ev,k1h4JaIMdnProperties::k1h4JaIMdnProperties(),,0x248968,156,FUNC,GLOBAL,DEFAULT,9,True
84,_ZN20yO8PSaf1tKPropertiesC2Ev,yO8PSaf1tKProperties::yO8PSaf1tKProperties(),,0x1a512c,156,FUNC,GLOBAL,DEFAULT,9,True
85,_ZN10ZOPBLaGcrF10wMcdvaxmJSERK10C8THgaTQxFi,"ZOPBLaGcrF::wMcdvaxmJS(C8THgaTQxF const&, int)",,0x16b61c,208,FUNC,GLOBAL,DEFAULT,9,True
86,tt_cmap2_get_info,tt_cmap2_get_info,,0x261a44,40,FUNC,GLOBAL,DEFAULT,9,True
87,_ZN10NVxhJah9mI10tIIEga1dSCEffff,"NVxhJah9mI::tIIEga1dSC(float, float, float, float)",,0x10b7bc,888,FUNC,GLOBAL,DEFAULT,9,True
88,fopen@LIBC (2),fopen,LIBC (2),0x0,0,FUNC,GLOBAL,DEFAULT,UND,False
89,_ZN10W6NzgawMJy10rnrCLaqEXFERK10C8THgaTQxFffibP10vuuHgangcF,"W6NzgawMJy::rnrCLaqEXF(C8THgaTQxF const&, float, float, int, bool, vuuHgangcF*)",,0x18066c,436,FUNC,GLOBAL,DEFAULT,9,True
90,_ZN10w6qzgacqqy10REidya8iOoEdd,"w6qzgacqqy::REidya8iOo(double, double)",,0x1faad0,580,FUNC,GLOBAL,DEFAULT,9,True
91,_ZN10f6WHgaQkAF10iwUvgaL9rvEP10bNZvga2AwvRK10C8THgaTQxFS4_j,"f6WHgaQkAF::iwUvgaL9rv(bNZvga2Awv*, C8THgaTQxF const&, C8THgaTQxF const&, unsigned int)",,0xee2d4,492,FUNC,GLOBAL,DEFAULT,9,True
92,des3_ecb_decrypt,des3_ecb_decrypt,,0x2545a8,324,FUNC,GLOBAL,DEFAULT,9,True
93,find_cipher_id,find_cipher_id,,0x2550f4,92,FUNC,GLOBAL,DEFAULT,9,True
94,_ZN10D2x4gaXfrZ10AYARgaBIHNE,D2x4gaXfrZ::AYARgaBIHN,,0x39566c,4,OBJECT,GLOBAL,DEFAULT,18,True
95,_ZN10G0gxgajWBw10DGtmMaBAwiEv,G0gxgajWBw::DGtmMaBAwi(),,0xe7778,8,FUNC,WEAK,DEFAULT,9,True
96,_Z10YtsC2a_zYOv,YtsC2a_zYO(),,0x1d00d8,48,FUNC,GLOBAL,DEFAULT,9,True
97,qVNykbVBTU,qVNykbVBTU,,0x3a4e68,8,OBJECT,GLOBAL,DEFAULT,19,True
98,_ZN10W6NzgawMJy10jtrULalJ5UEv,W6NzgawMJy::jtrULalJ5U(),,0x1829c4,108,FUNC,GLOBAL,DEFAULT,9,True
99,_Z10jv8XYa1LcUv,jv8XYa1LcU(),,0x20f1b8,576,FUNC,GLOBAL,DEFAULT,9,True
100,DGifGetPixel,DGifGetPixel,,0x2bb770,220,FUNC,GLOBAL,DEFAULT,9,True
101,_ZN10uK2SHaPVVw4loadEv,uK2SHaPVVw::load(),,0x20e084,292,FUNC,GLOBAL,DEFAULT,9,True
102,_ZN10AS80gaE4zW10stV3gauYUYEiRK10C8THgaTQxF,"AS80gaE4zW::stV3gauYUY(int, C8THgaTQxF const&)",,0x1d70e8,88,FUNC,GLOBAL,DEFAULT,9,True
103,_ZTV20Q8n_Fa6V5WProperties,vtable for Q8n_Fa6V5WProperties,,0x378d40,88,OBJECT,WEAK,DEFAULT,15,True
104,_ZN10uq9xgaUxlx10omnJcbrgNjE,uq9xgaUxlx::omnJcbrgNj,,0x3a4bd8,1,OBJECT,GLOBAL,DEFAULT,19,True
105,gettimeofday@LIBC (2),gettimeofday,LIBC (2),0x0,0,FUNC,GLOBAL,DEFAULT,UND,False
106,_ZN6CyaInt21CyaSSL_session_reusedEPNS_6CYASSLE,CyaInt::CyaSSL_session_reused(CyaInt::CYASSL*),,0x2d382c,8,FUNC,GLOBAL,DEFAULT,9,True
107,_ZTV10reub2aL2gs,vtable for reub2aL2gs,,0x37cf20,48,OBJECT,WEAK,DEFAULT,15,True
108,_ZN10zW2NgaU4IK5clearEv,zW2NgaU4IK::clear(),,0x21b924,240,FUNC,GLOBAL,DEFAULT,9,True
109,_ZN20imqXgalNBSPropertiesC1Ev,imqXgalNBSProperties::imqXgalNBSProperties(),,0x1e47a0,176,FUNC,GLOBAL,DEFAULT,9,True
110,_ZThn16_N20_k_Bgam3zAPropertiesD1Ev,non-virtual thunk to _k_Bgam3zAProperties::~_k_Bgam3zAProperties(),,0x1c9b3c,8,FUNC,WEAK,DEFAULT,9,True
111,_ZN10KKhLga4xoI9addObjectEP10J7zOgaf09KRK10CanTfaz6bZ,"KKhLga4xoI::addObject(J7zOgaf09K*, CanTfaz6bZ const&)",,0xeb934,48,FUNC,GLOBAL,DEFAULT,9,True
112,_ZN10_WevgakbUu10ZWKYgaj6ITEv,_WevgakbUu::ZWKYgaj6IT(),,0x107cf4,176,FUNC,GLOBAL,DEFAULT,9,True
113,_ZN10w9XxgaJdbx10ur760aKSByERK10eY2wgaf6pw,w9XxgaJdbx::ur760aKSBy(eY2wgaf6pw const&),,0x1bc3f0,1284,FUNC,GLOBAL,DEFAULT,9,True
114,_ZN10SU3JfaCUmR10tkhIfaQbSPERK10C8THgaTQxFffffiiiiii,"SU3JfaCUmR::tkhIfaQbSP(C8THgaTQxF const&, float, float, float, float, int, int, int, int, int, int)",,0x10c6bc,1328,FUNC,GLOBAL,DEFAULT,9,True
115,_ZN6CyaInt8s_mp_subEPNS_6mp_intES1_S1_,"CyaInt::s_mp_sub(CyaInt::mp_int*, CyaInt::mp_int*, CyaInt::mp_int*)",,0x2c72ec,420,FUNC,GLOBAL,DEFAULT,9,True
116,_ZN10RH6ygazf9xC1EPS_,RH6ygazf9x::RH6ygazf9x(RH6ygazf9x*),,0x20f79c,512,FUNC,GLOBAL,DEFAULT,9,True
117,_Z15jpeg_idct_islowP22jpeg_decompress_structP19jpeg_component_infoPsPPhj,"jpeg_idct_islow(jpeg_decompress_struct*, jpeg_component_info*, short*, unsigned char**, unsigned int)",,0x2ae350,1380,FUNC,GLOBAL,DEFAULT,9,True
118,glActiveTexture,glActiveTexture,,0x0,0,FUNC,GLOBAL,DEFAULT,UND,False
119,_ZN10pdnkJaZ8KK10tIIEga1dSCEP10W6NzgawMJy,pdnkJaZ8KK::tIIEga1dSC(W6NzgawMJy*),,0x244a1c,1192,FUNC,GLOBAL,DEFAULT,9,True
120,_ZN10W6NzgawMJy10ww_vwaZcxYEii,"W6NzgawMJy::ww_vwaZcxY(int, int)",,0x171b30,188,FUNC,GLOBAL,DEFAULT,9,True
121,_ZN10yO8PSaf1tKD0Ev,yO8PSaf1tK::~yO8PSaf1tK(),,0x1afe30,72,FUNC,WEAK,DEFAULT,9,True
122,_ZN10uzvDgataRB10oWWiIaPbyTERK10cXoLgatBuI,uzvDgataRB::oWWiIaPbyT(cXoLgatBuI const&),,0x1b1bbc,76,FUNC,GLOBAL,DEFAULT,9,True
123,_Z10MAFjJaBB9JRK10C8THgaTQxF,MAFjJaBB9J(C8THgaTQxF const&),,0x1e9578,476,FUNC,GLOBAL,DEFAULT,9,True
124,_ZN10UmnigaXg4jC2Ev,UmnigaXg4j::UmnigaXg4j(),,0x16d758,40,FUNC,GLOBAL,DEFAULT,9,True
125,_ZN10pdnkJaZ8KK10KiaPgaqhFLERK10V6P7faBscbjb,"pdnkJaZ8KK::KiaPgaqhFL(V6P7faBscb const&, unsigned int, bool)",,0x245240,1216,FUNC,GLOBAL,DEFAULT,9,True
126,_Z13jpeg_idct_2x2P22jpeg_decompress_structP19jpeg_component_infoPsPPhj,"jpeg_idct_2x2(jpeg_decompress_struct*, jpeg_component_info*, short*, unsigned char**, unsigned int)",,0x2aec0c,664,FUNC,GLOBAL,DEFAULT,9,True
127,cos@LIBC (3),cos,LIBC (3),0x0,0,FUNC,GLOBAL,DEFAULT,UND,False
128,jXbLlbAFjV,jXbLlbAFjV,,0x3a2e18,8,OBJECT,GLOBAL,DEFAULT,19,True
129,_ZN10G0gxgajWBw10c_H_fa_Cm4ERK10C8THgaTQxF,G0gxgajWBw::c_H_fa_Cm4(C8THgaTQxF const&),,0x216968,112,FUNC,GLOBAL,DEFAULT,9,True
130,_Z7InitMd5P3Md5,InitMd5(Md5*),,0x2cbc5c,64,FUNC,GLOBAL,DEFAULT,9,True
131,_ZN10GbMhIaz9yS10q2hwgaKNMvERK10cXoLgatBuI,GbMhIaz9yS::q2hwgaKNMv(cXoLgatBuI const&),,0x1c2ad8,776,FUNC,GLOBAL,DEFAULT,9,True
132,_ZN10ZOPBLaGcrF10mR3fLauR7mE,ZOPBLaGcrF::mR3fLauR7m,,0x3a0f9c,4,OBJECT,GLOBAL,DEFAULT,19,True
133,_ZN10ieJzgaIFFy10xYNcHayEnYEv,ieJzgaIFFy::xYNcHayEnY(),,0x163974,156,FUNC,GLOBAL,DEFAULT,9,True
134,_ZN10w9XxgaJdbx10nEbx1azpxUERK10eY2wgaf6pw,w9XxgaJdbx::nEbx1azpxU(eY2wgaf6pw const&),,0x1b092c,12,FUNC,WEAK,DEFAULT,9,True
135,_ZN10SU3JfaCUmR10OZ5KfaLEeSEP10OYYKfaPU7RPfiS2_S2_b,"SU3JfaCUmR::OZ5KfaLEeS(OYYKfaPU7R*, float*, int, float*, float*, bool)",,0x10c67c,4,FUNC,GLOBAL,DEFAULT,9,True
136,_ZN10zW2NgaU4IK10WCAVfaxq3_Ev,zW2NgaU4IK::WCAVfaxq3_(),,0x21c994,116,FUNC,GLOBAL,DEFAULT,9,True
137,_ZN10zF9VgaBKxR10LiM2RarfX4EPiS0_,"zF9VgaBKxR::LiM2RarfX4(int*, int*)",,0x1ae1d8,532,FUNC,GLOBAL,DEFAULT,9,True
138,_ZN10eODlJaQ5OL10VwE_WanIjfEiP10LBgVgaqANQ,"eODlJaQ5OL::VwE_WanIjf(int, LBgVgaqANQ*)",,0x241a5c,132,FUNC,GLOBAL,DEFAULT,9,True
139,_ZN10C8THgaTQxF10aW8aJaB7ZCEbPKcSt9__va_list,"C8THgaTQxF::aW8aJaB7ZC(bool, char const*, std::__va_list)",,0xf3dec,88,FUNC,GLOBAL,DEFAULT,9,True
140,_ZThn16_N10c76BgaJBGAD0Ev,non-virtual thunk to c76BgaJBGA::~c76BgaJBGA(),,0x22cce4,8,FUNC,GLOBAL,DEFAULT,9,True
141,_ZTV10ZPvEDawoHY,vtable for ZPvEDawoHY,,0x377a20,888,OBJECT,WEAK,DEFAULT,15,True
142,_ZN10LJyzga9Pwy10A2AZgaUMqUE,LJyzga9Pwy::A2AZgaUMqU,,0x3a0928,8,OBJECT,GLOBAL,DEFAULT,19,True
143,_ZN10G0gxgajWBw10uLjcMaFeZ9EdRK10C8THgaTQxFPS_,"G0gxgajWBw::uLjcMaFeZ9(double, C8THgaTQxF const&, G0gxgajWBw*)",,0x214f5c,88,FUNC,GLOBAL,DEFAULT,9,True
144,_ZN10FOb5fbmyZ8D2Ev,FOb5fbmyZ8::~FOb5fbmyZ8(),,0x230024,76,FUNC,GLOBAL,DEFAULT,9,True
145,_ZN10xKbb3aMu1hD0Ev,xKbb3aMu1h::~xKbb3aMu1h(),,0x11d534,4,FUNC,WEAK,DEFAULT,9,True
146,_ZN10GaA2gaD2MX10HhFpfaxlcAERK10C8THgaTQxF,GaA2gaD2MX::HhFpfaxlcA(C8THgaTQxF const&),,0x16c864,376,FUNC,GLOBAL,DEFAULT,9,True
147,_ZN20imqXgalNBSPropertiesD2Ev,imqXgalNBSProperties::~imqXgalNBSProperties(),,0x1e4c28,28,FUNC,WEAK,DEFAULT,9,True
148,_ZN20znLtuaytEfPropertiesD0Ev,znLtuaytEfProperties::~znLtuaytEfProperties(),,0x16ae10,56,FUNC,WEAK,DEFAULT,9,True
149,_ZN10CanTfaz6bZ10wsWEEaIN2OERKS_,CanTfaz6bZ::wsWEEaIN2O(CanTfaz6bZ const&),,0xf8de0,116,FUNC,GLOBAL,DEFAULT,9,True
150,mGEllbeQPz,mGEllbeQPz,,0x3a2e20,4,OBJECT,GLOBAL,DEFAULT,19,True
151,_ZN10zeksfaZDrC10TPtsfaqIzCEii,"zeksfaZDrC::TPtsfaqIzC(int, int)",,0x1afb2c,12,FUNC,WEAK,DEFAULT,9,True
152,_ZN10ln7yHaeP9f10u1zrJaSVOQEf,ln7yHaeP9f::u1zrJaSVOQ(float),,0x1ce8e8,132,FUNC,GLOBAL,DEFAULT,9,True
153,_Z10mYk6FatfX1v,mYk6FatfX1(),,0xe7764,20,FUNC,GLOBAL,DEFAULT,9,True
154,memchr@LIBC (2),memchr,LIBC (2),0x0,0,FUNC,GLOBAL,DEFAULT,UND,False
155,_ZN10_thLgaWjoI10F1pSga8voOEii,"_thLgaWjoI::F1pSga8voO(int, int)",,0x1cbd3c,96,FUNC,GLOBAL,DEFAULT,9,True
156,_ZN10TZf6gaQ3S_10rJRNfaQOyUEj,TZf6gaQ3S_::rJRNfaQOyU(unsigned int),,0x1104bc,184,FUNC,GLOBAL,DEFAULT,9,True
157,_ZTV10pTy_fadYe4,vtable for pTy_fadYe4,,0x374e90,880,OBJECT,WEAK,DEFAULT,15,True
158,ft_outline_glyph_init,ft_outline_glyph_init,,0x27fe94,116,FUNC,GLOBAL,DEFAULT,9,True
159,_ZN10zF9VgaBKxR10rnM7uaqj9NEdddd,"zF9VgaBKxR::rnM7uaqj9N(double, double, double, double)",,0x1aa110,228,FUNC,GLOBAL,DEFAULT,9,True
160,_ZN10MpGzgariDy10YXBswaeyGVEv,MpGzgariDy::YXBswaeyGV(),,0x18ea6c,8,FUNC,WEAK,DEFAULT,9,True
161,jpeg_set_marker_processor,jpeg_set_marker_processor,,0x29c6a8,108,FUNC,GLOBAL,DEFAULT,9,True
162,_ZN20LBgVgaqANQPropertiesC1Ev,LBgVgaqANQProperties::LBgVgaqANQProperties(),,0x188290,176,FUNC,GLOBAL,DEFAULT,9,True
163,_ZN10Fkb1ga78BW10QjQ0gasDjWERK10C8THgaTQxF,Fkb1ga78BW::QjQ0gasDjW(C8THgaTQxF const&),,0x1d3144,152,FUNC,GLOBAL,DEFAULT,9,True
164,_ZN10ToQnQaIHFG10PofxPaEzAYEP10mTAogaaEipb,"ToQnQaIHFG::PofxPaEzAY(mTAogaaEip*, bool)",,0x221788,24,FUNC,GLOBAL,DEFAULT,9,True
165,_ZN10W6NzgawMJy10NGqkwaF3NOEv,W6NzgawMJy::NGqkwaF3NO(),,0x19f798,212,FUNC,GLOBAL,DEFAULT,9,True
166,_ZN20ZwL1xarB5ePropertiesC1Ev,ZwL1xarB5eProperties::ZwL1xarB5eProperties(),,0x1e7820,136,FUNC,GLOBAL,DEFAULT,9,True
167,_ZTV10w6qzgacqqy,vtable for w6qzgacqqy,,0x37c570,344,OBJECT,WEAK,DEFAULT,15,True
168,yajl_gen_array_close,yajl_gen_array_close,,0x2be520,480,FUNC,GLOBAL,DEFAULT,9,True
169,_ZN10XoqxgaMPJwC2ERKS_,XoqxgaMPJw::XoqxgaMPJw(XoqxgaMPJw const&),,0x114e0c,300,FUNC,GLOBAL,DEFAULT,9,True
170,_ZN10vy1JgaKVkH10oP8REaQ19ZEi,vy1JgaKVkH::oP8REaQ19Z(int),,0xed7b0,124,FUNC,GLOBAL,DEFAULT,9,True
171,_ZN10W6NzgawMJy10tIVCxa19lUEb,W6NzgawMJy::tIVCxa19lU(bool),,0x174ea0,140,FUNC,GLOBAL,DEFAULT,9,True
172,_ZN10GbMhIaz9yS10umViIaxSwTERK10cXoLgatBuI,GbMhIaz9yS::umViIaxSwT(cXoLgatBuI const&),,0x1c2ee0,580,FUNC,GLOBAL,DEFAULT,9,True
173,_ZN10G0gxgajWBw10VfWAgaaDGzEv,G0gxgajWBw::VfWAgaaDGz(),,0x213e38,116,FUNC,GLOBAL,DEFAULT,9,True
174,_ZN10eODlJaQ5OL10Bn9cHauvGYEi,eODlJaQ5OL::Bn9cHauvGY(int),,0x2418f8,52,FUNC,GLOBAL,DEFAULT,9,True
175,_ZN10LJyzga9Pwy10WLjAga6eazEb,LJyzga9Pwy::WLjAga6eaz(bool),,0x10ab3c,4,FUNC,WEAK,DEFAULT,9,True
176,_ZN6CyaInt10mp_exptmodEPNS_6mp_intES1_S1_S1_,"CyaInt::mp_exptmod(CyaInt::mp_int*, CyaInt::mp_int*, CyaInt::mp_int*, CyaInt::mp_int*)",,0x2ca9e4,424,FUNC,GLOBAL,DEFAULT,9,True
177,_ZN10w9XxgaJdbx10RCz0BasA5AEb,w9XxgaJdbx::RCz0BasA5A(bool),,0x1b8a84,288,FUNC,GLOBAL,DEFAULT,9,True
178,jpeg_has_multiple_scans,jpeg_has_multiple_scans,,0x2986dc,76,FUNC,GLOBAL,DEFAULT,9,True
179,_ZN10G0gxgajWBwD2Ev,G0gxgajWBw::~G0gxgajWBw(),,0x215f60,216,FUNC,GLOBAL,DEFAULT,9,True
180,_ZN10SsrLga3IwI10f1DBgaDhhAERK10cXoLgatBuIi,"SsrLga3IwI::f1DBgaDhhA(cXoLgatBuI const&, int)",,0x1b49dc,1080,FUNC,GLOBAL,DEFAULT,9,True
181,_ZN6CyaInt11FreeSignersEPNS_6SignerEPv,"CyaInt::FreeSigners(CyaInt::Signer*, void*)",,0x2c4b28,88,FUNC,GLOBAL,DEFAULT,9,True
182,_ZN10SU3JfaCUmRD1Ev,SU3JfaCUmR::~SU3JfaCUmR(),,0x10f51c,20,FUNC,WEAK,DEFAULT,9,True
183,_ZN10NLT0HaSwmED2Ev,NLT0HaSwmE::~NLT0HaSwmE(),,0x123158,76,FUNC,GLOBAL,DEFAULT,9,True
184,zeksfaZDrCOnln2aNBfC,zeksfaZDrCOnln2aNBfC,,0x3a5640,8,OBJECT,GLOBAL,DEFAULT,19,True
185,_ZN10Kv6ugas5Mu10nT4wfbbJrGERK10C8THgaTQxFiS2_b,"Kv6ugas5Mu::nT4wfbbJrG(C8THgaTQxF const&, int, C8THgaTQxF const&, bool)",,0x111598,1104,FUNC,GLOBAL,DEFAULT,9,True
186,unzGoToFilePos1,unzGoToFilePos1,,0x258578,108,FUNC,GLOBAL,DEFAULT,9,True
187,_ZN10MpGzgariDy10uScpwasrPSEi,MpGzgariDy::uScpwasrPS(int),,0x18e9e4,8,FUNC,WEAK,DEFAULT,9,True
188,_ZN10C8THgaTQxF10y_WHgaffAFEv,C8THgaTQxF::y_WHgaffAF(),,0xf24b0,116,FUNC,GLOBAL,DEFAULT,9,True
189,FT_Stream_Read,FT_Stream_Read,,0x25c5f4,20,FUNC,GLOBAL,DEFAULT,9,True
190,FT_Outline_Transform,FT_Outline_Transform,,0x25bd7c,84,FUNC,GLOBAL,DEFAULT,9,True
191,_ZTV10VRFGJa8Pv2,vtable for VRFGJa8Pv2,,0x37e970,48,OBJECT,WEAK,DEFAULT,15,True
192,_ZN10V8fxgahcBw10HQbxDa4zxSEiiRK10C8THgaTQxFS2_,"V8fxgahcBw::HQbxDa4zxS(int, int, C8THgaTQxF const&, C8THgaTQxF const&)",,0x11c0f0,660,FUNC,GLOBAL,DEFAULT,9,True
193,FT_Stream_GetChar,FT_Stream_GetChar,,0x25c68c,40,FUNC,GLOBAL,DEFAULT,9,True
194,_ZN10VRFGJa8Pv210wgSQgaCg5MEv,VRFGJa8Pv2::wgSQgaCg5M(),,0x246164,96,FUNC,GLOBAL,DEFAULT,9,True
195,_ZN10bNZvga2Awv10rEUByaJgvJEv,bNZvga2Awv::rEUByaJgvJ(),,0xf0e94,136,FUNC,GLOBAL,DEFAULT,9,True
196,_ZN10W6NzgawMJy10MKZNwa6yFcEv,W6NzgawMJy::MKZNwa6yFc(),,0x1720d0,820,FUNC,GLOBAL,DEFAULT,9,True
197,_ZTV10wp1umbbOIx,vtable for wp1umbbOIx,,0x3759d0,368,OBJECT,WEAK,DEFAULT,15,True
198,_ZThn16_N20gId5RaV8_6PropertiesD1Ev,non-virtual thunk to gId5RaV8_6Properties::~gId5RaV8_6Properties(),,0x249b5c,8,FUNC,WEAK,DEFAULT,9,True
199,_ZN10w6qzgacqqyD0Ev,w6qzgacqqy::~w6qzgacqqy(),,0x1eb3c0,32,FUNC,GLOBAL,DEFAULT,9,True
200,JFERROR,JFERROR,,0x3a70a8,8,OBJECT,GLOBAL,DEFAULT,19,True
201,_ZN10xiYWfajld110aS6uLaeoNzEv,xiYWfajld1::aS6uLaeoNz(),,0x2089d0,916,FUNC,GLOBAL,DEFAULT,9,True
202,_ZN10LJyzga9Pwy10r9RwgaEagwEb,LJyzga9Pwy::r9RwgaEagw(bool),,0x10ab60,4,FUNC,WEAK,DEFAULT,9,True
203,_ZTV10yL3_IaDMFt,vtable for yL3_IaDMFt,,0x371df0,32,OBJECT,WEAK,DEFAULT,15,True
204,_ZN10ohGYZakbFKD0Ev,ohGYZakbFK::~ohGYZakbFK(),,0xe4190,48,FUNC,WEAK,DEFAULT,9,True
205,_ZN10e4ZYfa8PV210z0n1ua6OMIEv,e4ZYfa8PV2::z0n1ua6OMI(),,0x23566c,88,FUNC,GLOBAL,DEFAULT,9,True
206,_ZN10W6NzgawMJy10BwUDLa39aHEv,W6NzgawMJy::BwUDLa39aH(),,0x17f454,80,FUNC,WEAK,DEFAULT,9,True
207,_ZN10oMhmIajzmW10VdPOfauImVERK10bagMga8cdJi,"oMhmIajzmW::VdPOfauImV(bagMga8cdJ const&, int)",,0x106bbc,228,FUNC,GLOBAL,DEFAULT,9,True
208,_ZN10qjQMgaXCHJ10ES8ZHaC4TCE,qjQMgaXCHJ::ES8ZHaC4TC,,0x389b4b,1,OBJECT,GLOBAL,DEFAULT,18,True
209,_ZN10ln7yHaeP9fD2Ev,ln7yHaeP9f::~ln7yHaeP9f(),,0x1ce354,100,FUNC,GLOBAL,DEFAULT,9,True
210,_ZN10uzvDgataRB10q2hwgaKNMvERK10cXoLgatBuI,uzvDgataRB::q2hwgaKNMv(cXoLgatBuI const&),,0x1b1934,364,FUNC,GLOBAL,DEFAULT,9,True
211,unzClose1,unzClose1,,0x258b20,76,FUNC,GLOBAL,DEFAULT,9,True
212,_Z17jinit_inverse_dctP22jpeg_decompress_struct,jinit_inverse_dct(jpeg_decompress_struct*),,0x2abc20,168,FUNC,GLOBAL,DEFAULT,9,True
213,_ZNK10W6NzgawMJy10Qi2VgaCyrREv,W6NzgawMJy::Qi2VgaCyrR() const,,0x17f37c,72,FUNC,WEAK,DEFAULT,9,True
214,_ZN10mTAogaaEip10yC0jPa37rNEv,mTAogaaEip::yC0jPa37rN(),,0x21febc,188,FUNC,GLOBAL,DEFAULT,9,True
215,_ZN20LBgVgaqANQPropertiesD0Ev,LBgVgaqANQProperties::~LBgVgaqANQProperties(),,0x18eb6c,56,FUNC,WEAK,DEFAULT,9,True
216,_ZN10zF9VgaBKxR10QLaVga0FIQEdd,"zF9VgaBKxR::QLaVga0FIQ(double, double)",,0x1a91f0,208,FUNC,GLOBAL,DEFAULT,9,True
217,glVertexPointer,glVertexPointer,,0x0,0,FUNC,GLOBAL,DEFAULT,UND,False
218,_ZN20ln7yHaeP9fPropertiesC1Ev,ln7yHaeP9fProperties::ln7yHaeP9fProperties(),,0x1ce3d8,156,FUNC,GLOBAL,DEFAULT,9,True
219,_ZN10MpGzgariDy10GfKrwaWwXUEv,MpGzgariDy::GfKrwaWwXU(),,0x18ea94,8,FUNC,WEAK,DEFAULT,9,True
220,_ZN10JE42uaVwcKD1Ev,JE42uaVwcK::~JE42uaVwcK(),,0x236d98,20,FUNC,WEAK,DEFAULT,9,True
221,_ZN6CyaInt22CyaSSL_CTX_set_timeoutEPNS_10CYASSL_CTXEj,"CyaInt::CyaSSL_CTX_set_timeout(CyaInt::CYASSL_CTX*, unsigned int)",,0x2d2efc,24,FUNC,GLOBAL,DEFAULT,9,True
222,_ZN10awDo2aJRkD10oWWiIaPbyTERK10cXoLgatBuI,awDo2aJRkD::oWWiIaPbyT(cXoLgatBuI const&),,0x1de074,52,FUNC,GLOBAL,DEFAULT,9,True
223,_ZN10gqiNgaG64J10fXZMgaqJPJEv,gqiNgaG64J::fXZMgaqJPJ(),,0xe411c,8,FUNC,WEAK,DEFAULT,9,True
224,_ZN10AS80gaE4zW10AbhQgat4AMEv,AS80gaE4zW::AbhQgat4AM(),,0x1d7bec,436,FUNC,GLOBAL,DEFAULT,9,True
225,_ZN10SDrvgadS3u10anJhlb3MwwE,SDrvgadS3u::anJhlb3Mww,,0x3a4bb4,4,OBJECT,GLOBAL,DEFAULT,19,True
226,_Z10PPxXSam4HQRK10C8THgaTQxF,PPxXSam4HQ(C8THgaTQxF const&),,0x20f3f8,236,FUNC,GLOBAL,DEFAULT,9,True
227,_ZN10MpGzgariDyC2Ei,MpGzgariDy::MpGzgariDy(int),,0x190730,240,FUNC,GLOBAL,DEFAULT,9,True
228,_ZN10VGEwBaTQ4a10r2FXxaFZOaERK10C8THgaTQxF,VGEwBaTQ4a::r2FXxaFZOa(C8THgaTQxF const&),,0x1e5af0,212,FUNC,GLOBAL,DEFAULT,9,True
229,_ZN10GbMhIaz9yS10F1EBMa87hvEv,GbMhIaz9yS::F1EBMa87hv(),,0x1c10a4,32,FUNC,GLOBAL,DEFAULT,9,True
230,_ZN10cHovga0n1u10wsX0faCDp5ERK10C8THgaTQxFiS2_jRb,"cHovga0n1u::wsX0faCDp5(C8THgaTQxF const&, int, C8THgaTQxF const&, unsigned int, bool&)",,0xe7328,716,FUNC,GLOBAL,DEFAULT,9,True
231,_ZN10w7keKa2nGv10DnLcKawtluEii,"w7keKa2nGv::DnLcKawtlu(int, int)",,0x23aad4,36,FUNC,GLOBAL,DEFAULT,9,True
232,glLineWidth,glLineWidth,,0x0,0,FUNC,GLOBAL,DEFAULT,UND,False
233,jUrm2aY4uBEqV_Ka3Vx9,jUrm2aY4uBEqV_Ka3Vx9,,0x3a3150,8,OBJECT,GLOBAL,DEFAULT,19,True
234,_ZTV10TZf6gaQ3S_,vtable for TZf6gaQ3S_,,0x372e90,48,OBJECT,WEAK,DEFAULT,15,True
235,FT_Face_GetCharsOfVariant,FT_Face_GetCharsOfVariant,,0x25b060,168,FUNC,GLOBAL,DEFAULT,9,True
236,_ZN6CyaInt10CyaSSL_newEPNS_10CYASSL_CTXE,CyaInt::CyaSSL_new(CyaInt::CYASSL_CTX*),,0x2d0ef8,100,FUNC,GLOBAL,DEFAULT,9,True
237,_ZN10G0gxgajWBw10BtS9LaxrV7ERK10C8THgaTQxFS2_b,"G0gxgajWBw::BtS9LaxrV7(C8THgaTQxF const&, C8THgaTQxF const&, bool)",,0x217ec8,316,FUNC,GLOBAL,DEFAULT,9,True
238,_ZN10kyTzgazlOy10iZzqJa9SYPE,kyTzgazlOy::iZzqJa9SYP,,0x3a5680,8,OBJECT,GLOBAL,DEFAULT,19,True
239,opendir@LIBC (2),opendir,LIBC (2),0x0,0,FUNC,GLOBAL,DEFAULT,UND,False
240,hfWjIarCnU,hfWjIarCnU,,0x3a50a0,8,OBJECT,GLOBAL,DEFAULT,19,True
241,_ZN10W6NzgawMJy10iPzUgaQKcQEdddRK10C8THgaTQxFP10MpGzgariDy,"W6NzgawMJy::iPzUgaQKcQ(double, double, double, C8THgaTQxF const&, MpGzgariDy*)",,0x1a2c60,472,FUNC,GLOBAL,DEFAULT,9,True
242,execvp@LIBC (2),execvp,LIBC (2),0x0,0,FUNC,GLOBAL,DEFAULT,UND,False
243,NXE5PaY3mr,NXE5PaY3mr,,0x3917d0,16,OBJECT,GLOBAL,DEFAULT,18,True
244,__assert2@LIBC (2),__assert2,LIBC (2),0x0,0,FUNC,GLOBAL,DEFAULT,UND,False
245,_ZN10W6NzgawMJy10kiUQwa6Y6eEv,W6NzgawMJy::kiUQwa6Y6e(),,0x1a0844,460,FUNC,GLOBAL,DEFAULT,9,True
246,_ZN10SsrLga3IwI10QOjCgarhRAEv,SsrLga3IwI::QOjCgarhRA(),,0x1b5890,52,FUNC,GLOBAL,DEFAULT,9,True
247,_ZN10G0gxgajWBw10PADGMaKVtzERK10C8THgaTQxFS2_,"G0gxgajWBw::PADGMaKVtz(C8THgaTQxF const&, C8THgaTQxF const&)",,0x2150cc,124,FUNC,GLOBAL,DEFAULT,9,True
248,_ZN10a7qxJaHqKV10rm2hIauBNSEv,a7qxJaHqKV::rm2hIauBNS(),,0x1603a8,16,FUNC,GLOBAL,DEFAULT,9,True
249,_ZN10s_YwgafWlw10PbVb4aCJD8ERK10eY2wgaf6pwS2_S2_,"s_YwgafWlw::PbVb4aCJD8(eY2wgaf6pw const&, eY2wgaf6pw const&, eY2wgaf6pw const&)",,0x1dac5c,432,FUNC,GLOBAL,DEFAULT,9,True
250,jpeg_natural_order2,jpeg_natural_order2,,0x2fa9f0,320,OBJECT,GLOBAL,DEFAULT,10,True
251,yajl_get_bytes_consumed,yajl_get_bytes_consumed,,0x2bccd8,20,FUNC,GLOBAL,DEFAULT,9,True
252,_Z10dsmb2ajvasRK10C8THgaTQxF,dsmb2ajvas(C8THgaTQxF const&),,0x20c20c,344,FUNC,GLOBAL,DEFAULT,9,True
253,_ZN20u0eyga1eqxPropertiesD0Ev,u0eyga1eqxProperties::~u0eyga1eqxProperties(),,0x1e3ee4,56,FUNC,WEAK,DEFAULT,9,True
254,_ZN20mH33wa4I1qPropertiesD1Ev,mH33wa4I1qProperties::~mH33wa4I1qProperties(),,0x2373f8,28,FUNC,WEAK,DEFAULT,9,True
255,_ZN10AS80gaE4zW10eKQ2gatZ_XEv,AS80gaE4zW::eKQ2gatZ_X(),,0x1d5ee4,68,FUNC,GLOBAL,DEFAULT,9,True
256,_Z10_6WeJaGlbGcRK10C8THgaTQxF,"_6WeJaGlbG(char, C8THgaTQxF const&)",,0xf4ebc,100,FUNC,GLOBAL,DEFAULT,9,True
257,_ZN10_YTgFa6HPkD1Ev,_YTgFa6HPk::~_YTgFa6HPk(),,0x1b0a48,92,FUNC,WEAK,DEFAULT,9,True
258,yajl_gen_integer,yajl_gen_integer,,0x2bd274,536,FUNC,GLOBAL,DEFAULT,9,True
259,zvCzibh0ze,zvCzibh0ze,,0x38d568,4,OBJECT,GLOBAL,DEFAULT,18,True
260,_ZN10uzvDgataRBD2Ev,uzvDgataRB::~uzvDgataRB(),,0x1b2114,52,FUNC,WEAK,DEFAULT,9,True
261,Y_iVgaFBPQ,Y_iVgaFBPQ,,0x3922c0,40,OBJECT,GLOBAL,DEFAULT,18,True
262,_ZTV10XJLBgarMnA,vtable for XJLBgarMnA,,0x37cdc0,352,OBJECT,WEAK,DEFAULT,15,True
263,_ZN6CyaInt23CyaSSL_is_init_finishedEPNS_6CYASSLE,CyaInt::CyaSSL_is_init_finished(CyaInt::CYASSL*),,0x2d3748,28,FUNC,GLOBAL,DEFAULT,9,True
264,_ZN10oMhmIajzmW10gRTfHauBZ_Eii,"oMhmIajzmW::gRTfHauBZ_(int, int)",,0x100988,4,FUNC,WEAK,DEFAULT,9,True
265,_ZTV10TGrjdbLUYO,vtable for TGrjdbLUYO,,0x371c40,48,OBJECT,WEAK,DEFAULT,15,True
266,_ZN10SYX_HaZ3zD10xWTyFaSFYzEv,SYX_HaZ3zD::xWTyFaSFYz(),,0xfab94,168,FUNC,GLOBAL,DEFAULT,9,True
267,_ZN10BP3Kfa2PcS10LMNKfaGuZREv,BP3Kfa2PcS::LMNKfaGuZR(),,0x10ae50,64,FUNC,GLOBAL,DEFAULT,9,True
268,_ZN10PfQXva4zXuIsE10VkenganG9nEv,PfQXva4zXu<short>::VkenganG9n(),,0x1affa0,164,FUNC,WEAK,DEFAULT,9,True
269,_ZN10c3fygag7qx10MaCBgaJJfAEb,c3fygag7qx::MaCBgaJJfA(bool),,0x1dca50,88,FUNC,GLOBAL,DEFAULT,9,True
270,_ZThn16_N20VGEwBaTQ4aPropertiesD0Ev,non-virtual thunk to VGEwBaTQ4aProperties::~VGEwBaTQ4aProperties(),,0x1e5d40,8,FUNC,WEAK,DEFAULT,9,True
271,_ZN10D2x4gaXfrZ10TQM3gaaINYE,D2x4gaXfrZ::TQM3gaaINY,,0x395668,4,OBJECT,GLOBAL,DEFAULT,18,True
272,_ZN6CyaInt14CyaSSL_connectEPNS_6CYASSLE,CyaInt::CyaSSL_connect(CyaInt::CYASSL*),,0x2d2bcc,500,FUNC,GLOBAL,DEFAULT,9,True
273,_ZN6CyaInt27CyaSSL_CertManagerEnableCRLEPNS_19CYASSL_CERT_MANAGEREi,"CyaInt::CyaSSL_CertManagerEnableCRL(CyaInt::CYASSL_CERT_MANAGER*, int)",,0x2d28e4,20,FUNC,GLOBAL,DEFAULT,9,True
274,_ZN10zF9VgaBKxR10inqvmbbO2xEddi,"zF9VgaBKxR::inqvmbbO2x(double, double, int)",,0x1a9588,276,FUNC,GLOBAL,DEFAULT,9,True
275,ETJ3PasdLp,ETJ3PasdLp,,0x391590,128,OBJECT,GLOBAL,DEFAULT,18,True
276,_ZN6CyaInt22CyaTLSv1_client_methodEv,CyaInt::CyaTLSv1_client_method(),,0x2d52d4,56,FUNC,GLOBAL,DEFAULT,9,True
277,_ZN10QPh5pbnC3yC1ERK10C8THgaTQxF,QPh5pbnC3y::QPh5pbnC3y(C8THgaTQxF const&),,0xe4098,68,FUNC,GLOBAL,DEFAULT,9,True
278,_ZN10kyTzgazlOy10qq8UvaWHGsERK10C8THgaTQxF,kyTzgazlOy::qq8UvaWHGs(C8THgaTQxF const&),,0x239330,1136,FUNC,GLOBAL,DEFAULT,9,True
279,_ZN10RH6ygazf9x10gBYEva1A4eERK10C8THgaTQxF,RH6ygazf9x::gBYEva1A4e(C8THgaTQxF const&),,0x20fb6c,400,FUNC,GLOBAL,DEFAULT,9,True
280,_ZTV20XoqxgaMPJwProperties,vtable for XoqxgaMPJwProperties,,0x372ef0,88,OBJECT,WEAK,DEFAULT,15,True
281,_ZN10pdnkJaZ8KK10za3nJawhRNEP10Ox9zJa6D1Xjb,"pdnkJaZ8KK::za3nJawhRN(Ox9zJa6D1X*, unsigned int, bool)",,0x2458c0,84,FUNC,GLOBAL,DEFAULT,9,True
282,yajl_alloc,yajl_alloc,,0x2bc998,252,FUNC,GLOBAL,DEFAULT,9,True
283,_ZN10AS80gaE4zW10v7cQgaWExMERK10eY2wgaf6pw,AS80gaE4zW::v7cQgaWExM(eY2wgaf6pw const&),,0x1d4620,348,FUNC,GLOBAL,DEFAULT,9,True
284,_ZN10_k_Bgam3zA6resizeERK10eY2wgaf6pwS2_,"_k_Bgam3zA::resize(eY2wgaf6pw const&, eY2wgaf6pw const&)",,0x1c922c,44,FUNC,GLOBAL,DEFAULT,9,True
285,_ZN10GbMhIaz9yS10WYpILa2sZKERK10C8THgaTQxF,GbMhIaz9yS::WYpILa2sZK(C8THgaTQxF const&),,0x1c1aa8,456,FUNC,GLOBAL,DEFAULT,9,True
286,_ZN10W6NzgawMJy10CavpwaFQ3SEi,W6NzgawMJy::CavpwaFQ3S(int),,0x170f68,204,FUNC,GLOBAL,DEFAULT,9,True
287,_ZN10W6NzgawMJyC2Ei,W6NzgawMJy::W6NzgawMJy(int),,0x178a74,4208,FUNC,GLOBAL,DEFAULT,9,True
288,_ZN10u0eyga1eqx10ynlCgaxBSAEv,u0eyga1eqx::ynlCgaxBSA(),,0x1e24b0,12,FUNC,GLOBAL,DEFAULT,9,True
289,FaMnmbC8Br,FaMnmbC8Br,,0x392980,48,OBJECT,GLOBAL,DEFAULT,18,True
290,_ZN10w9XxgaJdbx10StjCgaU_QAEv,w9XxgaJdbx::StjCgaU_QA(),,0x1bb180,136,FUNC,GLOBAL,DEFAULT,9,True
291,_ZN10EqV_Ka3Vx910lATwgagnhwEPvRK10C8THgaTQxF,"EqV_Ka3Vx9::lATwgagnhw(void*, C8THgaTQxF const&)",,0x1b21d8,96,FUNC,GLOBAL,DEFAULT,9,True
292,_ZThn16_N20Q8n_Fa6V5WPropertiesD1Ev,non-virtual thunk to Q8n_Fa6V5WProperties::~Q8n_Fa6V5WProperties(),,0x1cb390,8,FUNC,WEAK,DEFAULT,9,True
293,_ZN10s_viIa9wbT10PFnhIaXweSEv,s_viIa9wbT::PFnhIaXweS(),,0x16bed8,168,FUNC,GLOBAL,DEFAULT,9,True
294,_ZN10_thLgaWjoI10firEwa1zD4Ei,_thLgaWjoI::firEwa1zD4(int),,0x1cbd08,52,FUNC,GLOBAL,DEFAULT,9,True
295,ZwL1xarB5eOnln2aNBfC,ZwL1xarB5eOnln2aNBfC,,0x3a3640,8,OBJECT,GLOBAL,DEFAULT,19,True
296,_ZNK10rizMgadjtJ10Ei6bKaqVNtEv,rizMgadjtJ::Ei6bKaqVNt() const,,0x1e9ae4,28,FUNC,GLOBAL,DEFAULT,9,True
297,_ZN10C8THgaTQxF10fxNcJaEhnEEv,C8THgaTQxF::fxNcJaEhnE(),,0xf2524,108,FUNC,GLOBAL,DEFAULT,9,True
298,_ZN10G0gxgajWBw10BRcLgaJqkIERK10C8THgaTQxF,G0gxgajWBw::BRcLgaJqkI(C8THgaTQxF const&),,0x2169d8,68,FUNC,GLOBAL,DEFAULT,9,True
299,_ZN10_WevgakbUu10ZpOMfay1FTEv,_WevgakbUu::ZpOMfay1FT(),,0x107e14,32,FUNC,GLOBAL,DEFAULT,9,True
300,_ZN10xiYWfajld110vdspLa4l1uE,xiYWfajld1::vdspLa4l1u,,0x3a4d58,4,OBJECT,GLOBAL,DEFAULT,19,True
301,_ZN10a7qxJaHqKV10wcvxJa9RNVERK10C8THgaTQxFb,"a7qxJaHqKV::wcvxJa9RNV(C8THgaTQxF const&, bool)",,0x15fb60,152,FUNC,GLOBAL,DEFAULT,9,True
302,_ZN20zeksfaZDrCPropertiesC1Ev,zeksfaZDrCProperties::zeksfaZDrCProperties(),,0x2387f4,136,FUNC,GLOBAL,DEFAULT,9,True
303,jpeg_default_colorspace,jpeg_default_colorspace,,0x2a9194,180,FUNC,GLOBAL,DEFAULT,9,True
304,_ZN10W6NzgawMJy10jdLQwaNk_eEv,W6NzgawMJy::jdLQwaNk_e(),,0x1a32dc,564,FUNC,GLOBAL,DEFAULT,9,True
305,_ZN10C8THgaTQxF6formatEbPKcz,"C8THgaTQxF::format(bool, char const*, ...)",,0xf402c,160,FUNC,GLOBAL,DEFAULT,9,True
306,_ZN10eODlJaQ5OL10UgsKFaUoHJERK10C8THgaTQxF,eODlJaQ5OL::UgsKFaUoHJ(C8THgaTQxF const&),,0x241930,52,FUNC,GLOBAL,DEFAULT,9,True
307,_ZN10w9XxgaJdbx10JzLQMaID_HEi,w9XxgaJdbx::JzLQMaID_H(int),,0x1bb0e4,84,FUNC,GLOBAL,DEFAULT,9,True
308,_ZN10W6NzgawMJy10Zw0kwax3hPEv,W6NzgawMJy::Zw0kwax3hP(),,0x19eec8,720,FUNC,GLOBAL,DEFAULT,9,True
309,DGifExtensionToGCB,DGifExtensionToGCB,,0x2bb3a0,96,FUNC,GLOBAL,DEFAULT,9,True
310,_ZN10w9XxgaJdbx10_crxLaDvKBEPjS0_,"w9XxgaJdbx::_crxLaDvKB(unsigned int*, unsigned int*)",,0x1b7448,20,FUNC,GLOBAL,DEFAULT,9,True
311,_ZN6CyaInt19mp_montgomery_setupEPNS_6mp_intEPj,"CyaInt::mp_montgomery_setup(CyaInt::mp_int*, unsigned int*)",,0x2c895c,76,FUNC,GLOBAL,DEFAULT,9,True
312,_ZN10w9XxgaJdbx10LcTxgao36wERK10cXoLgatBuI,w9XxgaJdbx::LcTxgao36w(cXoLgatBuI const&),,0x1bb29c,168,FUNC,GLOBAL,DEFAULT,9,True
313,_ZN10w6qzgacqqy10x3v4xaHAphERK10C8THgaTQxF,w6qzgacqqy::x3v4xaHAph(C8THgaTQxF const&),,0x1ecef0,340,FUNC,GLOBAL,DEFAULT,9,True
314,sin@LIBC (3),sin,LIBC (3),0x0,0,FUNC,GLOBAL,DEFAULT,UND,False
315,_Z10n8NK2aKNZVP10c76BgaJBGAP10G0gxgajWBw,"n8NK2aKNZV(c76BgaJBGA*, G0gxgajWBw*)",,0x22e3c8,212,FUNC,GLOBAL,DEFAULT,9,True
316,_ZN10ToQnQaIHFGC1Ev,ToQnQaIHFG::ToQnQaIHFG(),,0x21f5b8,40,FUNC,GLOBAL,DEFAULT,9,True
317,_ZN10vuuHgangcFD2Ev,vuuHgangcF::~vuuHgangcF(),,0xf6b0c,40,FUNC,GLOBAL,DEFAULT,9,True
318,_ZN10GbMhIaz9ySD0Ev,GbMhIaz9yS::~GbMhIaz9yS(),,0x1c030c,32,FUNC,GLOBAL,DEFAULT,9,True
319,_ZN10psSDxavq9U10Sf9Aga1oSzEb,psSDxavq9U::Sf9Aga1oSz(bool),,0x2043c4,40,FUNC,GLOBAL,DEFAULT,9,True
320,_ZN10k1h4JaIMdnD2Ev,k1h4JaIMdn::~k1h4JaIMdn(),,0x248ae8,52,FUNC,WEAK,DEFAULT,9,True
321,_ZN10xqXr6a2B71D1Ev,xqXr6a2B71::~xqXr6a2B71(),,0x19b2e0,256,FUNC,GLOBAL,DEFAULT,9,True
322,_ZN10zfJa3aJGDh5cloneEP10V8fxgahcBw,zfJa3aJGDh::clone(V8fxgahcBw*),,0x11d9d4,108,FUNC,WEAK,DEFAULT,9,True
323,_ZThn16_N20irqhGaERgbPropertiesD0Ev,non-virtual thunk to irqhGaERgbProperties::~irqhGaERgbProperties(),,0x24729c,8,FUNC,WEAK,DEFAULT,9,True
324,tt_cmap_init,tt_cmap_init,,0x261860,12,FUNC,GLOBAL,DEFAULT,9,True
325,_ZN10eODlJaQ5OL10m6pngaXzjoERK10CanTfaz6bZ,eODlJaQ5OL::m6pngaXzjo(CanTfaz6bZ const&),,0x240a14,580,FUNC,GLOBAL,DEFAULT,9,True
326,_ZN10w9XxgaJdbx10jAiwga8eNvERK10cXoLgatBuI,w9XxgaJdbx::jAiwga8eNv(cXoLgatBuI const&),,0x1b09c0,4,FUNC,WEAK,DEFAULT,9,True
327,_ZN10G0gxgajWBw10w6q9Ga6pyVERK10CanTfaz6bZ,G0gxgajWBw::w6q9Ga6pyV(CanTfaz6bZ const&),,0x218c50,164,FUNC,GLOBAL,DEFAULT,9,True
328,_ZN10imqXgalNBS10bdqDgaFFMBERK10eY2wgaf6pw,imqXgalNBS::bdqDgaFFMB(eY2wgaf6pw const&),,0x1e42a8,232,FUNC,GLOBAL,DEFAULT,9,True
329,_Z10T6XyFazb1zv,T6XyFazb1z(),,0x1005fc,68,FUNC,GLOBAL,DEFAULT,9,True
330,_ZN10BP3Kfa2PcS10OY5TgaPDOPEPhii,"BP3Kfa2PcS::OY5TgaPDOP(unsigned char*, int, int)",,0x10ac9c,176,FUNC,GLOBAL,DEFAULT,9,True
331,_ZN10AS80gaE4zW10bHkPgaU0NLERK10C8THgaTQxF,AS80gaE4zW::bHkPgaU0NL(C8THgaTQxF const&),,0x1d5134,128,FUNC,GLOBAL,DEFAULT,9,True
332,_ZN10XJLBgarMnA10YgoBgaY13zEv,XJLBgarMnA::YgoBgaY13z(),,0x20ad3c,60,FUNC,GLOBAL,DEFAULT,9,True
333,_Z10YHYHEaMGBRv,YHYHEaMGBR(),,0x108e20,56,FUNC,GLOBAL,DEFAULT,9,True
334,jpeg_destroy_decompress,jpeg_destroy_decompress,,0x298320,4,FUNC,GLOBAL,DEFAULT,9,True
335,_ZN10W6NzgawMJy10UimBwaAn21Ev,W6NzgawMJy::UimBwaAn21(),,0x19d1f4,596,FUNC,GLOBAL,DEFAULT,9,True
336,FT_Get_Glyph_Name,FT_Get_Glyph_Name,,0x25a8bc,200,FUNC,GLOBAL,DEFAULT,9,True
337,_ZN10rizMgadjtJ10kQK7faC07aEPf,rizMgadjtJ::kQK7faC07a(float*),,0x1e9784,60,FUNC,GLOBAL,DEFAULT,9,True
338,glBlendFunc,glBlendFunc,,0x0,0,FUNC,GLOBAL,DEFAULT,UND,False
339,sfnt_module_class1,sfnt_module_class1,,0x37fb28,72,OBJECT,GLOBAL,DEFAULT,15,True
340,_ZN10zW2NgaU4IK10KWpWfaarL0ERK10C8THgaTQxF,zW2NgaU4IK::KWpWfaarL0(C8THgaTQxF const&),,0x21c310,336,FUNC,GLOBAL,DEFAULT,9,True
341,_ZN10OOmzgapOmyC2ERK10C8THgaTQxF,OOmzgapOmy::OOmzgapOmy(C8THgaTQxF const&),,0xf03ec,172,FUNC,GLOBAL,DEFAULT,9,True
342,_ZN10W6NzgawMJy10eGQmwacWPQEi,W6NzgawMJy::eGQmwacWPQ(int),,0x170790,56,FUNC,GLOBAL,DEFAULT,9,True
343,_ZN10BP3Kfa2PcSD1Ev,BP3Kfa2PcS::~BP3Kfa2PcS(),,0x10ac38,68,FUNC,GLOBAL,DEFAULT,9,True
344,_Z10P6UL2avFVWv,P6UL2avFVW(),,0xf8c60,4,FUNC,GLOBAL,DEFAULT,9,True
345,_ZN20eODlJaQ5OLPropertiesD2Ev,eODlJaQ5OLProperties::~eODlJaQ5OLProperties(),,0x241fc4,28,FUNC,WEAK,DEFAULT,9,True
346,_Z17BZ2_compressBlockP6EStateh,"BZ2_compressBlock(EState*, unsigned char)",,0x2861ac,3932,FUNC,GLOBAL,DEFAULT,9,True
347,_ZN6CyaInt18CyaSSL_get_sessionEPNS_6CYASSLE,CyaInt::CyaSSL_get_session(CyaInt::CYASSL*),,0x2d3108,16,FUNC,GLOBAL,DEFAULT,9,True
348,iQYYYaGNUU,iQYYYaGNUU,,0x391a70,64,OBJECT,GLOBAL,DEFAULT,18,True
349,rVYAvaWRIb,rVYAvaWRIb,,0x391dd0,64,OBJECT,GLOBAL,DEFAULT,18,True
350,_Z9ShaUpdateP3ShaPKhj,"ShaUpdate(Sha*, unsigned char const*, unsigned int)",,0x2cec14,5576,FUNC,GLOBAL,DEFAULT,9,True
351,_ZN10AK892aVY8gD1Ev,AK892aVY8g::~AK892aVY8g(),,0x11d5ec,20,FUNC,WEAK,DEFAULT,9,True
352,_ZN10uq9xgaUxlx10T92XYa_g8TERK10C8THgaTQxFNS_10DDSNcb4zznE,"uq9xgaUxlx::T92XYa_g8T(C8THgaTQxF const&, uq9xgaUxlx::DDSNcb4zzn)",,0x201690,224,FUNC,GLOBAL,DEFAULT,9,True
353,fill_fopen_filefunc2,fill_fopen_filefunc2,,0x259170,92,FUNC,GLOBAL,DEFAULT,9,True
354,_Z10dJGz2aIyDMv,dJGz2aIyDM(),,0x1ca0e0,128,FUNC,GLOBAL,DEFAULT,9,True
355,_ZN10_thLgaWjoI10K3vEwaOAH4Ev,_thLgaWjoI::K3vEwaOAH4(),,0x1cc1e8,96,FUNC,GLOBAL,DEFAULT,9,True
356,_ZN10KKhLga4xoID0Ev,KKhLga4xoI::~KKhLga4xoI(),,0xeb1a0,32,FUNC,GLOBAL,DEFAULT,9,True
357,_ZN10w6qzgacqqy10krLoLaAwruERK10C8THgaTQxF,w6qzgacqqy::krLoLaAwru(C8THgaTQxF const&),,0x1fdbe0,512,FUNC,GLOBAL,DEFAULT,9,True
358,_ZN10W6NzgawMJy10JwSRLabuWSEP10FY2VgaG6rR,W6NzgawMJy::JwSRLabuWS(FY2VgaG6rR*),,0x182680,380,FUNC,GLOBAL,DEFAULT,9,True
359,_ZN10iHmzga6HmyD0Ev,iHmzga6Hmy::~iHmzga6Hmy(),,0x1d2f74,32,FUNC,GLOBAL,DEFAULT,9,True
360,_ZN10imqXgalNBS10j9gLgaw2nIEv,imqXgalNBS::j9gLgaw2nI(),,0x1e4850,352,FUNC,GLOBAL,DEFAULT,9,True
361,_ZN10psSDxavq9U10_F9jYa7KzmEv,psSDxavq9U::_F9jYa7Kzm(),,0x201ecc,1236,FUNC,GLOBAL,DEFAULT,9,True
362,_ZN20w6qzgacqqyPropertiesD0Ev,w6qzgacqqyProperties::~w6qzgacqqyProperties(),,0x1f766c,56,FUNC,WEAK,DEFAULT,9,True
363,strncpy@LIBC (2),strncpy,LIBC (2),0x0,0,FUNC,GLOBAL,DEFAULT,UND,False
364,_ZN10ULeBJaZ1WYD0Ev,ULeBJaZ1WY::~ULeBJaZ1WY(),,0x242394,32,FUNC,GLOBAL,DEFAULT,9,True
365,_ZN10SsrLga3IwI10i2GxgaCPXwEi,SsrLga3IwI::i2GxgaCPXw(int),,0x1b3720,96,FUNC,GLOBAL,DEFAULT,9,True
366,_ZN10oJlO1aTTY710ejCrIaRQQ_Ev,oJlO1aTTY7::ejCrIaRQQ_(),,0x15e69c,100,FUNC,GLOBAL,DEFAULT,9,True
367,_ZN10VGk7faT0Ma10pqxXgaPJHSEv,VGk7faT0Ma::pqxXgaPJHS(),,0x1e5444,128,FUNC,GLOBAL,DEFAULT,9,True
368,_ZN10LJyzga9Pwy10GDNKJa1mZ5ERiS0_S0_S0_,"LJyzga9Pwy::GDNKJa1mZ5(int&, int&, int&, int&)",,0x10a280,768,FUNC,GLOBAL,DEFAULT,9,True
369,_ZN20XoqxgaMPJwPropertiesC2Ev,XoqxgaMPJwProperties::XoqxgaMPJwProperties(),,0x114614,184,FUNC,GLOBAL,DEFAULT,9,True
370,_ZN10ToQnQaIHFG5resetEv,ToQnQaIHFG::reset(),,0x21f5e0,36,FUNC,GLOBAL,DEFAULT,9,True
371,_ZN10MpGzgariDy10Mh6WpbIUkrERK10C8THgaTQxF,MpGzgariDy::Mh6WpbIUkr(C8THgaTQxF const&),,0x18f928,284,FUNC,GLOBAL,DEFAULT,9,True
372,_ZN10SsrLga3IwI10ThvxgaPWNwE,SsrLga3IwI::ThvxgaPWNw,,0x3a3170,8,OBJECT,GLOBAL,DEFAULT,19,True
373,_ZN10qsr_gawI8UD0Ev,qsr_gawI8U::~qsr_gawI8U(),,0x1006b0,32,FUNC,GLOBAL,DEFAULT,9,True
374,_ZN10G0gxgajWBw10IS1sMaMb2nEid,"G0gxgajWBw::IS1sMaMb2n(int, double)",,0x216110,100,FUNC,GLOBAL,DEFAULT,9,True
375,_ZN10_HTugbItBu10m6pngaXzjoERK10CanTfaz6bZ,_HTugbItBu::m6pngaXzjo(CanTfaz6bZ const&),,0x160dc0,108,FUNC,GLOBAL,DEFAULT,9,True
376,FT_GlyphLoader_CheckPoints,FT_GlyphLoader_CheckPoints,,0x25eac8,520,FUNC,GLOBAL,DEFAULT,9,True
377,_ZN10yL3_IaDMFt5ClearEv,yL3_IaDMFt::Clear(),,0xebd88,148,FUNC,GLOBAL,DEFAULT,9,True
378,_ZN10X0HXmbuEQVD1Ev,X0HXmbuEQV::~X0HXmbuEQV(),,0x249f20,20,FUNC,WEAK,DEFAULT,9,True
379,_ZThn16_N20RH6ygazf9xPropertiesD1Ev,non-virtual thunk to RH6ygazf9xProperties::~RH6ygazf9xProperties(),,0x210cd4,8,FUNC,WEAK,DEFAULT,9,True
380,_ZN10Q8n_Fa6V5WD2Ev,Q8n_Fa6V5W::~Q8n_Fa6V5W(),,0x1cb408,52,FUNC,WEAK,DEFAULT,9,True
381,_ZN10o3AZxayNqc10j9gLgaw2nIEv,o3AZxayNqc::j9gLgaw2nI(),,0x1e7420,36,FUNC,GLOBAL,DEFAULT,9,True
382,_ZN10eODlJaQ5OL10WoSUWaLnsaERK10C8THgaTQxF,eODlJaQ5OL::WoSUWaLnsa(C8THgaTQxF const&),,0x240894,52,FUNC,GLOBAL,DEFAULT,9,True
383,_ZN10SU3JfaCUmR10LPqgHacbr0Effffffff,"SU3JfaCUmR::LPqgHacbr0(float, float, float, float, float, float, float, float)",,0x10de28,248,FUNC,GLOBAL,DEFAULT,9,True
384,_ZN10u0eyga1eqx10bANwga6jcwERK10eY2wgaf6pwS2_,"u0eyga1eqx::bANwga6jcw(eY2wgaf6pw const&, eY2wgaf6pw const&)",,0x1e3b04,144,FUNC,GLOBAL,DEFAULT,9,True
385,_ZN10xKbb3aMu1hD1Ev,xKbb3aMu1h::~xKbb3aMu1h(),,0x11d480,4,FUNC,WEAK,DEFAULT,9,True
386,_ZN10w6qzgacqqy10iYRayaj0KmERK10C8THgaTQxFj,"w6qzgacqqy::iYRayaj0Km(C8THgaTQxF const&, unsigned int)",,0x1f94d8,588,FUNC,GLOBAL,DEFAULT,9,True
387,_ZN10wiULgacZUI10Uv91JaCCqlERK10C8THgaTQxFS2_,"wiULgacZUI::Uv91JaCCql(C8THgaTQxF const&, C8THgaTQxF const&)",,0xe8ba8,200,FUNC,GLOBAL,DEFAULT,9,True
388,_ZThn16_N20XCASBayqxtPropertiesD0Ev,non-virtual thunk to XCASBayqxtProperties::~XCASBayqxtProperties(),,0x1b13b0,8,FUNC,WEAK,DEFAULT,9,True
389,_ZN10Vx2_xajLEdC2Ei,Vx2_xajLEd::Vx2_xajLEd(int),,0x1e76e4,108,FUNC,GLOBAL,DEFAULT,9,True
390,_ZN10Fcx_gaoydVD2Ev,Fcx_gaoydV::~Fcx_gaoydV(),,0x1156f4,48,FUNC,GLOBAL,DEFAULT,9,True
391,_ZN10V8fxgahcBw10km8T2anEQ2EP10K9562aXNAe,V8fxgahcBw::km8T2anEQ2(K9562aXNAe*),,0x11aa58,292,FUNC,GLOBAL,DEFAULT,9,True
392,XJLBgarMnAOnln2aNBfC,XJLBgarMnAOnln2aNBfC,,0x3a4da0,8,OBJECT,GLOBAL,DEFAULT,19,True
393,_ZN10wiULgacZUI10e4jIMaevUAERK10C8THgaTQxF,wiULgacZUI::e4jIMaevUA(C8THgaTQxF const&),,0xe7868,96,FUNC,GLOBAL,DEFAULT,9,True
394,_ZN10zYRMgaG0IJ10FYcZgaMw6TEv,zYRMgaG0IJ::FYcZgaMw6T(),,0xf8a48,56,FUNC,GLOBAL,DEFAULT,9,True
395,_ZN10f6WHgaQkAF10JhXvgaFuuvEP10bNZvga2Awv,f6WHgaQkAF::JhXvgaFuuv(bNZvga2Awv*),,0xee230,164,FUNC,GLOBAL,DEFAULT,9,True
396,_ZN10w6qzgacqqy10WqlLJalEr6E,w6qzgacqqy::WqlLJalEr6,,0x3a3680,8,OBJECT,GLOBAL,DEFAULT,19,True
397,_ZNK10ieJzgaIFFy10dp9wIaTwv4Ei,ieJzgaIFFy::dp9wIaTwv4(int) const,,0x162c60,104,FUNC,GLOBAL,DEFAULT,9,True
398,_ZN10zF9VgaBKxR10AiIkmbgT1oEv,zF9VgaBKxR::AiIkmbgT1o(),,0x1abb74,140,FUNC,GLOBAL,DEFAULT,9,True
399,_ZN10e4ZYfa8PV210_d5_faz0G4ERK10C8THgaTQxFb,"e4ZYfa8PV2::_d5_faz0G4(C8THgaTQxF const&, bool)",,0x235c48,388,FUNC,GLOBAL,DEFAULT,9,True
400,_ZN10CDPvgaY2nv10TVu4ManDoUEv,CDPvgaY2nv::TVu4ManDoU(),,0xe94a4,556,FUNC,GLOBAL,DEFAULT,9,True
401,_ZN10J7zOgaf09K10py0qgaE4krERK10C8THgaTQxF,J7zOgaf09K::py0qgaE4kr(C8THgaTQxF const&),,0xe370c,4,FUNC,WEAK,DEFAULT,9,True
402,_ZN10eODlJaQ5OL10OSgaYaSOfeEi,eODlJaQ5OL::OSgaYaSOfe(int),,0x2418b4,64,FUNC,GLOBAL,DEFAULT,9,True
403,_ZN10GbMhIaz9yS10mWVKLaNl5MEv,GbMhIaz9yS::mWVKLaNl5M(),,0x1c1a5c,76,FUNC,GLOBAL,DEFAULT,9,True
404,compress,compress,,0x28cc38,8,FUNC,GLOBAL,DEFAULT,9,True
405,_ZN10o3AZxayNqc10z7s3xa56wgEv,o3AZxayNqc::z7s3xa56wg(),,0x1e74d8,64,FUNC,GLOBAL,DEFAULT,9,True
406,yajl_free_error,yajl_free_error,,0x2bccec,32,FUNC,GLOBAL,DEFAULT,9,True
407,_ZN10mTAogaaEip10LRQLOaT4RjEv,mTAogaaEip::LRQLOaT4Rj(),,0x224d78,256,FUNC,GLOBAL,DEFAULT,9,True
408,_ZN20RZNxgaOF2wPropertiesD2Ev,RZNxgaOF2wProperties::~RZNxgaOF2wProperties(),,0x1e3e5c,28,FUNC,WEAK,DEFAULT,9,True
409,_ZN10ApdygafUox10_7bwgaqPHvERK10eY2wgaf6pwS2_bb,"ApdygafUox::_7bwgaqPHv(eY2wgaf6pw const&, eY2wgaf6pw const&, bool, bool)",,0x1dda8c,368,FUNC,GLOBAL,DEFAULT,9,True
410,_ZN10pdnkJaZ8KK10kAOlJafaYLEi,pdnkJaZ8KK::kAOlJafaYL(int),,0x2435bc,516,FUNC,GLOBAL,DEFAULT,9,True
411,_ZN10QPh5pbnC3y10spDMga7LwJEi,QPh5pbnC3y::spDMga7LwJ(int),,0xe379c,8,FUNC,GLOBAL,DEFAULT,9,True
412,_ZN10NiVAFatPFB10tDbyKaPonMEb,NiVAFatPFB::tDbyKaPonM(bool),,0xed014,80,FUNC,GLOBAL,DEFAULT,9,True
413,WHW5KaE_Be,WHW5KaE_Be,,0x391930,64,OBJECT,GLOBAL,DEFAULT,18,True
414,_ZN10w9XxgaJdbxC1Ev,w9XxgaJdbx::w9XxgaJdbx(),,0x1b9070,224,FUNC,GLOBAL,DEFAULT,9,True
415,_ZN10_k_Bgam3zA20becomeFirstResponderEv,_k_Bgam3zA::becomeFirstResponder(),,0x1c67c0,36,FUNC,GLOBAL,DEFAULT,9,True
416,_ZN10_WevgakbUuC1EP10LJyzga9PwyRK10C8THgaTQxF,"_WevgakbUu::_WevgakbUu(LJyzga9Pwy*, C8THgaTQxF const&)",,0x108170,280,FUNC,GLOBAL,DEFAULT,9,True
417,_ZN10V8fxgahcBw10Z_6wgaMvtwEb,V8fxgahcBw::Z_6wgaMvtw(bool),,0x11ce98,176,FUNC,GLOBAL,DEFAULT,9,True
418,_ZN10wiULgacZUI10VBhnLaAqctEv,wiULgacZUI::VBhnLaAqct(),,0xe7e40,172,FUNC,GLOBAL,DEFAULT,9,True
419,_ZN10OtwAJaQWkYD2Ev,OtwAJaQWkY::~OtwAJaQWkY(),,0x245dc8,20,FUNC,WEAK,DEFAULT,9,True
420,_ZN10GaA2gaD2MX10_J1fgau45hE,GaA2gaD2MX::_J1fgau45h,,0x38deb1,1,OBJECT,GLOBAL,DEFAULT,18,True
421,_ZN10IoTkgardbmC2Eiii,"IoTkgardbm::IoTkgardbm(int, int, int)",,0x16c620,156,FUNC,GLOBAL,DEFAULT,9,True
422,_ZN10ohGYZakbFK10ngWMganDMJERK10C8THgaTQxF,ohGYZakbFK::ngWMganDMJ(C8THgaTQxF const&),,0xe40dc,48,FUNC,GLOBAL,DEFAULT,9,True
423,_Z10JtTLgaLhUIiaRK10C8THgaTQxF,"JtTLgaLhUI(int, signed char, C8THgaTQxF const&)",,0x187910,136,FUNC,GLOBAL,DEFAULT,9,True
424,_ZN10W6NzgawMJy10m410Lagmu0Ev,W6NzgawMJy::m410Lagmu0(),,0x17f594,80,FUNC,WEAK,DEFAULT,9,True
425,tt_cmap10_get_info,tt_cmap10_get_info,,0x261ef8,56,FUNC,GLOBAL,DEFAULT,9,True
426,_ZN6CyaInt19MakeTlsMasterSecretEPNS_6CYASSLE,CyaInt::MakeTlsMasterSecret(CyaInt::CYASSL*),,0x2d5048,152,FUNC,GLOBAL,DEFAULT,9,True
427,af_cjk_script_class,af_cjk_script_class,,0x3713b0,64,OBJECT,GLOBAL,DEFAULT,15,True
428,_ZN10OYYKfaPU7R10f_wpVaXm5UEfffffRK10bagMga8cdJ,"OYYKfaPU7R::f_wpVaXm5U(float, float, float, float, float, bagMga8cdJ const&)",,0x103dec,300,FUNC,GLOBAL,DEFAULT,9,True
429,_Z10LQ8NEa22NWv,LQ8NEa22NW(),,0xfb600,64,FUNC,GLOBAL,DEFAULT,9,True
430,FT_Get_Name_Index,FT_Get_Name_Index,,0x25a810,172,FUNC,GLOBAL,DEFAULT,9,True
431,_ZN10VRFGJa8Pv210tmUvlbC1rIE,VRFGJa8Pv2::tmUvlbC1rI,,0x3a5838,8,OBJECT,GLOBAL,DEFAULT,19,True
432,_ZN10KKhLga4xoI10TBCvgay5cvEjRK10CanTfaz6bZ,"KKhLga4xoI::TBCvgay5cv(unsigned int, CanTfaz6bZ const&)",,0xeb314,140,FUNC,GLOBAL,DEFAULT,9,True
433,_ZTV20zF9VgaBKxRProperties,vtable for zF9VgaBKxRProperties,,0x375690,88,OBJECT,WEAK,DEFAULT,15,True
434,_ZN20Dq2rua2EcePropertiesD2Ev,Dq2rua2EceProperties::~Dq2rua2EceProperties(),,0x246cec,28,FUNC,WEAK,DEFAULT,9,True
435,_ZN10t545gajUJ_10IGa6gaABO_EPKci,"t545gajUJ_::IGa6gaABO_(char const*, int)",,0x1d4268,104,FUNC,GLOBAL,DEFAULT,9,True
436,tt_cmap14_validate,tt_cmap14_validate,,0x263078,896,FUNC,GLOBAL,DEFAULT,9,True
437,_ZN10eODlJaQ5OL10AceLgadzlIERK10C8THgaTQxF,eODlJaQ5OL::AceLgadzlI(C8THgaTQxF const&),,0x241b88,52,FUNC,GLOBAL,DEFAULT,9,True
438,_ZN10a7qxJaHqKV10LV3BJalVDZEb,a7qxJaHqKV::LV3BJalVDZ(bool),,0x16027c,236,FUNC,GLOBAL,DEFAULT,9,True
439,_ZN10KKhLga4xoI10g6yvgaX89uEP10J7zOgaf09Kj,"KKhLga4xoI::g6yvgaX89u(J7zOgaf09K*, unsigned int)",,0xec528,72,FUNC,GLOBAL,DEFAULT,9,True
440,_ZN10ZOPBLaGcrF10rB9VDacHxcERK10C8THgaTQxF,ZOPBLaGcrF::rB9VDacHxc(C8THgaTQxF const&),,0x16aff4,84,FUNC,GLOBAL,DEFAULT,9,True
441,_ZN10OYYKfaPU7RC2EP10LJyzga9Pwyiiii,"OYYKfaPU7R::OYYKfaPU7R(LJyzga9Pwy*, int, int, int, int)",,0x101024,224,FUNC,GLOBAL,DEFAULT,9,True
442,_ZN10w6qzgacqqy10VXVIxabnpZE,w6qzgacqqy::VXVIxabnpZ,,0x39731c,1,OBJECT,GLOBAL,DEFAULT,18,True
443,glDrawArrays,glDrawArrays,,0x0,0,FUNC,GLOBAL,DEFAULT,UND,False
444,_ZN10OYYKfaPU7R10nOWKfa445REPS_ffffiiii,"OYYKfaPU7R::nOWKfa445R(OYYKfaPU7R*, float, float, float, float, int, int, int, int)",,0x103774,284,FUNC,GLOBAL,DEFAULT,9,True
445,_ZN10AS80gaE4zW10yjzTga4jmPEPKc,AS80gaE4zW::yjzTga4jmP(char const*),,0x1d6454,240,FUNC,GLOBAL,DEFAULT,9,True
446,_Z10OJVhJaibHIdddi,"OJVhJaibHI(double, double, double, int)",,0xf65b4,180,FUNC,GLOBAL,DEFAULT,9,True
447,_ZN10o3AZxayNqcC1ERK10C8THgaTQxF,o3AZxayNqc::o3AZxayNqc(C8THgaTQxF const&),,0x1e7444,48,FUNC,GLOBAL,DEFAULT,9,True
448,_ZTV10K9562aXNAe,vtable for K9562aXNAe,,0x3730b0,64,OBJECT,WEAK,DEFAULT,15,True
449,_ZN10EXZ0IaPJruD1Ev,EXZ0IaPJru::~EXZ0IaPJru(),,0xf0594,84,FUNC,GLOBAL,DEFAULT,9,True
450,ft_bitmap_glyph_copy,ft_bitmap_glyph_copy,,0x27fe60,40,FUNC,GLOBAL,DEFAULT,9,True
451,_ZN10oJlO1aTTY710rDZB1aTszYERK10cXoLgatBuIb,"oJlO1aTTY7::rDZB1aTszY(cXoLgatBuI const&, bool)",,0x15eb00,164,FUNC,GLOBAL,DEFAULT,9,True
452,_ZN10w9XxgaJdbxD2Ev,w9XxgaJdbx::~w9XxgaJdbx(),,0x1bb8f4,340,FUNC,GLOBAL,DEFAULT,9,True
453,_ZThn16_N20ln7yHaeP9fPropertiesD0Ev,non-virtual thunk to ln7yHaeP9fProperties::~ln7yHaeP9fProperties(),,0x1d0164,8,FUNC,WEAK,DEFAULT,9,True
454,_ZN10TZf6gaQ3S_10jiiq4a5_JkEi,TZf6gaQ3S_::jiiq4a5_Jk(int),,0x110430,88,FUNC,GLOBAL,DEFAULT,9,True
455,_ZN10D6TlgajP1m10BPMlga2GWmEb,D6TlgajP1m::BPMlga2GWm(bool),,0x21e8bc,176,FUNC,GLOBAL,DEFAULT,9,True
456,_ZN10mxJodbLVpT10dN9sdb4Q8WERK10C8THgaTQxF,mxJodbLVpT::dN9sdb4Q8W(C8THgaTQxF const&),,0xe5668,344,FUNC,GLOBAL,DEFAULT,9,True
457,_ZN10zW2NgaU4IK10pKjZfaKdc3ERK10C8THgaTQxF,zW2NgaU4IK::pKjZfaKdc3(C8THgaTQxF const&),,0x21cfb8,2400,FUNC,GLOBAL,DEFAULT,9,True
458,uM02nbvg9Q,uM02nbvg9Q,,0x3a4ea0,8,OBJECT,GLOBAL,DEFAULT,19,True
459,_ZN10a7qxJaHqKV10CH_BDakmAWE,a7qxJaHqKV::CH_BDakmAW,,0x3a0d68,1,OBJECT,GLOBAL,DEFAULT,19,True
460,FT_Load_Glyph,FT_Load_Glyph,,0x25fc2c,1112,FUNC,GLOBAL,DEFAULT,9,True
461,_ZN10SsrLga3IwI10UU7IJaygA4EP10LJyzga9Pwy,SsrLga3IwI::UU7IJaygA4(LJyzga9Pwy*),,0x1b3520,16,FUNC,GLOBAL,DEFAULT,9,True
462,wFDdJaEZ4E,wFDdJaEZ4E,,0x3a0668,4,OBJECT,GLOBAL,DEFAULT,19,True
463,_ZN10MHEiIauRiT10FReiIaT6XSERK10C8THgaTQxFPhj,"MHEiIauRiT::FReiIaT6XS(C8THgaTQxF const&, unsigned char*, unsigned int)",,0xe5cc0,108,FUNC,GLOBAL,DEFAULT,9,True
464,_ZN10cHovga0n1u10GjD5FacHl1ERK10C8THgaTQxFS2_,"cHovga0n1u::GjD5FacHl1(C8THgaTQxF const&, C8THgaTQxF const&)",,0xf96f8,296,FUNC,GLOBAL,DEFAULT,9,True
465,_ZN10GbMhIaz9yS10wXgCgaHSOAEv,GbMhIaz9yS::wXgCgaHSOA(),,0x1c29d4,36,FUNC,GLOBAL,DEFAULT,9,True
466,_ZN10N67CMatrxw10nBwpMa214kEv,N67CMatrxw::nBwpMa214k(),,0x230988,8,FUNC,GLOBAL,DEFAULT,9,True
467,_ZN10AS80gaE4zW10wgSQgaCg5MEv,AS80gaE4zW::wgSQgaCg5M(),,0x1d7648,48,FUNC,GLOBAL,DEFAULT,9,True
468,_ZN10eODlJaQ5OL10VRp9Xa8mxdEv,eODlJaQ5OL::VRp9Xa8mxd(),,0x241bc0,88,FUNC,GLOBAL,DEFAULT,9,True
469,_ZN10yL3_IaDMFt10IA7WHax_lAERK10C8THgaTQxF,yL3_IaDMFt::IA7WHax_lA(C8THgaTQxF const&),,0xecda8,64,FUNC,GLOBAL,DEFAULT,9,True
470,hsuDgateQBOnln2aNBfC,hsuDgateQBOnln2aNBfC,,0x3a3198,8,OBJECT,GLOBAL,DEFAULT,19,True
471,_ZN10C8THgaTQxFaSER10CanTfaz6bZ,C8THgaTQxF::operator=(CanTfaz6bZ&),,0xf3888,48,FUNC,GLOBAL,DEFAULT,9,True
472,_ZN10vuuHgangcF10zY3xgaGXgxEP10nenvgaH9_u,vuuHgangcF::zY3xgaGXgx(nenvgaH9_u*),,0xf7b88,132,FUNC,GLOBAL,DEFAULT,9,True
473,_Z13unzSetOffset1Pvm,"unzSetOffset1(void*, unsigned long)",,0x25902c,100,FUNC,GLOBAL,DEFAULT,9,True
474,_ZN10LBgVgaqANQ10Q3v7IaUAWzERK10C8THgaTQxF,LBgVgaqANQ::Q3v7IaUAWz(C8THgaTQxF const&),,0x18b4ec,5400,FUNC,GLOBAL,DEFAULT,9,True
475,yajl_status_to_string,yajl_status_to_string,,0x2bc954,68,FUNC,GLOBAL,DEFAULT,9,True
476,_ZN10u0eyga1eqx10P1KwgacbawEv,u0eyga1eqx::P1Kwgacbaw(),,0x1e3a20,72,FUNC,GLOBAL,DEFAULT,9,True
477,_Z10hwJNhbKUrAPKvS0_,"hwJNhbKUrA(void const*, void const*)",,0xf0110,36,FUNC,GLOBAL,DEFAULT,9,True
478,_Z10K5cWvauDAtv,K5cWvauDAt(),,0x23a910,56,FUNC,GLOBAL,DEFAULT,9,True
479,_Z23jinit_d_post_controllerP22jpeg_decompress_structi,"jinit_d_post_controller(jpeg_decompress_struct*, int)",,0x29ef00,220,FUNC,GLOBAL,DEFAULT,9,True
480,GifAddExtensionBlock,GifAddExtensionBlock,,0x2bc584,240,FUNC,GLOBAL,DEFAULT,9,True
481,_ZN20RZNxgaOF2wPropertiesC1Ev,RZNxgaOF2wProperties::RZNxgaOF2wProperties(),,0x1e1190,184,FUNC,GLOBAL,DEFAULT,9,True
482,_ZN10_WevgakbUu10zL8DEaKZnOERK10C8THgaTQxFii,"_WevgakbUu::zL8DEaKZnO(C8THgaTQxF const&, int, int)",,0x108b94,196,FUNC,GLOBAL,DEFAULT,9,True
483,atan2f@LIBC (3),atan2f,LIBC (3),0x0,0,FUNC,GLOBAL,DEFAULT,UND,False
484,_ZNK10C8THgaTQxF10lHgfJa9EsGERKS_,C8THgaTQxF::lHgfJa9EsG(C8THgaTQxF const&) const,,0xf4d0c,112,FUNC,GLOBAL,DEFAULT,9,True
485,_Z10RtvFDaN5wZv,RtvFDaN5wZ(),,0x160508,56,FUNC,GLOBAL,DEFAULT,9,True
486,_ZN10V8fxgahcBw10g8kyDaDovTERK10C8THgaTQxFi,"V8fxgahcBw::g8kyDaDovT(C8THgaTQxF const&, int)",,0x11c5f8,64,FUNC,GLOBAL,DEFAULT,9,True
487,_Z10NxfkmbbHEoPh,NxfkmbbHEo(unsigned char*),,0x11e1a4,36,FUNC,GLOBAL,DEFAULT,9,True
488,_ZN10ieJzgaIFFy10b6SzgaMYNyEbi,"ieJzgaIFFy::b6SzgaMYNy(bool, int)",,0x1637fc,204,FUNC,GLOBAL,DEFAULT,9,True
489,_ZN10_thLgaWjoI10bdqDgaFFMBERK10eY2wgaf6pw,_thLgaWjoI::bdqDgaFFMB(eY2wgaf6pw const&),,0x1ce0a8,132,FUNC,GLOBAL,DEFAULT,9,True
490,_ZN10eODlJaQ5OL10rhe4IahDaxEv,eODlJaQ5OL::rhe4IahDax(),,0x23f6b0,44,FUNC,GLOBAL,DEFAULT,9,True
491,_ZN10KcKRganuPN10Ed1dFa7DpiE,KcKRganuPN::Ed1dFa7Dpi,,0x3a09f0,8,OBJECT,GLOBAL,DEFAULT,19,True
492,_ZN10WcQ5gaFxw_D2Ev,WcQ5gaFxw_::~WcQ5gaFxw_(),,0x1d76d4,80,FUNC,GLOBAL,DEFAULT,9,True
493,_ZN10ln7yHaeP9f10TdfzHamqggEi,ln7yHaeP9f::TdfzHamqgg(int),,0x1ce474,252,FUNC,GLOBAL,DEFAULT,9,True
494,_ZN6CyaInt30CyaSSL_CTX_use_PrivateKey_fileEPNS_10CYASSL_CTXEPKci,"CyaInt::CyaSSL_CTX_use_PrivateKey_file(CyaInt::CYASSL_CTX*, char const*, int)",,0x2d2948,48,FUNC,GLOBAL,DEFAULT,9,True
495,_ZN10SyVo2a61zDC1ERK10C8THgaTQxF,SyVo2a61zD::SyVo2a61zD(C8THgaTQxF const&),,0x1de57c,48,FUNC,GLOBAL,DEFAULT,9,True
496,_ZThn16_N20VGk7faT0MaPropertiesD0Ev,non-virtual thunk to VGk7faT0MaProperties::~VGk7faT0MaProperties(),,0x1e5780,8,FUNC,WEAK,DEFAULT,9,True
497,_ZN20AICTfaebpZPropertiesD1Ev,AICTfaebpZProperties::~AICTfaebpZProperties(),,0x21e4f8,28,FUNC,WEAK,DEFAULT,9,True
498,_ZN10AS80gaE4zW10Ga_QgaJVbNEv,AS80gaE4zW::Ga_QgaJVbN(),,0x1d5fb0,52,FUNC,GLOBAL,DEFAULT,9,True
499,_ZTV20yO8PSaf1tKProperties,vtable for yO8PSaf1tKProperties,,0x375490,88,OBJECT,WEAK,DEFAULT,15,True
500,_ZN10w9XxgaJdbx10pqxXgaPJHSEv,w9XxgaJdbx::pqxXgaPJHS(),,0x1b09bc,4,FUNC,WEAK,DEFAULT,9,True
501,_ZN10MpGzgariDy10ljzVpbYj2pEv,MpGzgariDy::ljzVpbYj2p(),,0x1915a8,608,FUNC,GLOBAL,DEFAULT,9,True
502,_ZN10s_YwgafWlw10YUeb4aI937ERK10eY2wgaf6pwS2_S2_S2_,"s_YwgafWlw::YUeb4aI937(eY2wgaf6pw const&, eY2wgaf6pw const&, eY2wgaf6pw const&, eY2wgaf6pw const&)",,0x1dae10,176,FUNC,GLOBAL,DEFAULT,9,True
503,BZ2_bzBuffToBuffCompress,BZ2_bzBuffToBuffCompress,,0x28239c,324,FUNC,GLOBAL,DEFAULT,9,True
504,jpeg_abort_decompress2,jpeg_abort_decompress2,,0x298324,4,FUNC,GLOBAL,DEFAULT,9,True
505,_ZN10_thLgaWjoI10M7nLgaiVtIEv,_thLgaWjoI::M7nLgaiVtI(),,0x1cbb2c,96,FUNC,GLOBAL,DEFAULT,9,True
506,_ZN10K7FLgag3II10W6meNaC3H1E,K7FLgag3II::W6meNaC3H1,,0x3a1996,1,OBJECT,GLOBAL,DEFAULT,19,True
507,_ZN10SsrLga3IwI10FSUHBaDsykEv,SsrLga3IwI::FSUHBaDsyk(),,0x1b3b2c,56,FUNC,GLOBAL,DEFAULT,9,True
508,_ZN10SsrLga3IwI10shhCgao9OAEv,SsrLga3IwI::shhCgao9OA(),,0x1b6020,144,FUNC,GLOBAL,DEFAULT,9,True
509,_ZN10OYYKfaPU7R10KQm_ga7P4UEv,OYYKfaPU7R::KQm_ga7P4U(),,0x104dd4,8,FUNC,WEAK,DEFAULT,9,True
510,_Z10D5YAqbt0IZi,D5YAqbt0IZ(int),,0x19025c,40,FUNC,GLOBAL,DEFAULT,9,True
511,_ZN10XJLBgarMnA10Sf9Aga1oSzEb,XJLBgarMnA::Sf9Aga1oSz(bool),,0x20aff0,40,FUNC,GLOBAL,DEFAULT,9,True
512,_ZN10FY2VgaG6rRD1Ev,FY2VgaG6rR::~FY2VgaG6rR(),,0x16d9d4,56,FUNC,GLOBAL,DEFAULT,9,True
513,_Z10nYwjIaul2TRK10C8THgaTQxF,nYwjIaul2T(C8THgaTQxF const&),,0x22e748,72,FUNC,GLOBAL,DEFAULT,9,True
514,_ZN10LJyzga9Pwy10sbxBValxb4Ev,LJyzga9Pwy::sbxBValxb4(),,0x10ab88,8,FUNC,WEAK,DEFAULT,9,True
515,FT_Vector_Unit,FT_Vector_Unit,,0x25d290,252,FUNC,GLOBAL,DEFAULT,9,True
516,_ZN6CyaInt20CheckRunTimeSettingsEv,CyaInt::CheckRunTimeSettings(),,0x2c6140,8,FUNC,GLOBAL,DEFAULT,9,True
517,h97vgautEv,h97vgautEv,,0x3a0170,8,OBJECT,GLOBAL,DEFAULT,19,True
518,_ZN10KKhLga4xoIC1Ev,KKhLga4xoI::KKhLga4xoI(),,0xeb040,44,FUNC,GLOBAL,DEFAULT,9,True
519,_ZTV10IIAnGagvsg,vtable for IIAnGagvsg,,0x371fb0,32,OBJECT,WEAK,DEFAULT,15,True
520,_ZN10iHmzga6Hmy10lnI6MaeXfWERK10C8THgaTQxF,iHmzga6Hmy::lnI6MaeXfW(C8THgaTQxF const&),,0x1d144c,372,FUNC,GLOBAL,DEFAULT,9,True
521,_ZN10zW2NgaU4IK10lWtWfaGNO0ERK10C8THgaTQxFS2_i,"zW2NgaU4IK::lWtWfaGNO0(C8THgaTQxF const&, C8THgaTQxF const&, int)",,0x21bd1c,460,FUNC,GLOBAL,DEFAULT,9,True
522,_ZN10dJ10YaC3tXC2EP10zF9VgaBKxR,dJ10YaC3tX::dJ10YaC3tX(zF9VgaBKxR*),,0x248370,88,FUNC,GLOBAL,DEFAULT,9,True
523,_ZN10V8fxgahcBwD1Ev,V8fxgahcBw::~V8fxgahcBw(),,0x11a958,164,FUNC,GLOBAL,DEFAULT,9,True
524,_ZN6CyaInt24CyaSSL_CertManagerLoadCAEPNS_19CYASSL_CERT_MANAGEREPKcS3_,"CyaInt::CyaSSL_CertManagerLoadCA(CyaInt::CYASSL_CERT_MANAGER*, char const*, char const*)",,0x2d2b50,124,FUNC,GLOBAL,DEFAULT,9,True
525,_ZN10VxVm2aj1TBD0Ev,VxVm2aj1TB::~VxVm2aj1TB(),,0x22f568,48,FUNC,WEAK,DEFAULT,9,True
526,_ZN10VRFGJa8Pv2C1EP10ieJzgaIFFy,VRFGJa8Pv2::VRFGJa8Pv2(ieJzgaIFFy*),,0x245fb0,164,FUNC,GLOBAL,DEFAULT,9,True
527,_ZN10w9XxgaJdbx10S0OSgapxJOEf,w9XxgaJdbx::S0OSgapxJO(float),,0x1beb58,64,FUNC,GLOBAL,DEFAULT,9,True
528,_ZN20eODlJaQ5OLPropertiesD0Ev,eODlJaQ5OLProperties::~eODlJaQ5OLProperties(),,0x241fe8,56,FUNC,WEAK,DEFAULT,9,True
529,tGVCLal8lG,tGVCLal8lG,,0x3a0c98,8,OBJECT,GLOBAL,DEFAULT,19,True
530,_ZN20ULeBJaZ1WYPropertiesD0Ev,ULeBJaZ1WYProperties::~ULeBJaZ1WYProperties(),,0x245d48,56,FUNC,WEAK,DEFAULT,9,True
531,_ZN10ieJzgaIFFy10SCanwany6QEv,ieJzgaIFFy::SCanwany6Q(),,0x168ee4,4,FUNC,WEAK,DEFAULT,9,True
532,_ZN10VGEwBaTQ4aC2ERK10C8THgaTQxF,VGEwBaTQ4a::VGEwBaTQ4a(C8THgaTQxF const&),,0x1e5a00,56,FUNC,GLOBAL,DEFAULT,9,True
533,_Z15jpeg_fdct_floatPf,jpeg_fdct_float(float*),,0x2b94d0,924,FUNC,GLOBAL,DEFAULT,9,True
534,_ZN10pWihMaQxaeD0Ev,pWihMaQxae::~pWihMaQxae(),,0x22f960,32,FUNC,GLOBAL,DEFAULT,9,True
535,_ZN10zYRMgaG0IJ10iLsLKatOxXEj,zYRMgaG0IJ::iLsLKatOxX(unsigned int),,0xf8a8c,116,FUNC,GLOBAL,DEFAULT,9,True
536,FT_List_Insert,FT_List_Insert,,0x25f880,40,FUNC,GLOBAL,DEFAULT,9,True
537,_ZN10LBgVgaqANQ10bE03Iat9ZwEv,LBgVgaqANQ::bE03Iat9Zw(),,0x188fcc,368,FUNC,GLOBAL,DEFAULT,9,True
538,_ZN10bNZvga2AwvD0Ev,bNZvga2Awv::~bNZvga2Awv(),,0xf0e74,32,FUNC,GLOBAL,DEFAULT,9,True
539,_Z20jpeg_fill_bit_bufferP21bitread_working_statelii,"jpeg_fill_bit_buffer(bitread_working_state*, long, int, int)",,0x2ac8b8,388,FUNC,GLOBAL,DEFAULT,9,True
540,_ZN10oMhmIajzmW10uwBIfa2a8PEf,oMhmIajzmW::uwBIfa2a8P(float),,0x100998,4,FUNC,WEAK,DEFAULT,9,True
541,_ZNK10rizMgadjtJ10WbfPfaPoJVEv,rizMgadjtJ::WbfPfaPoJV() const,,0x1e9ba4,96,FUNC,GLOBAL,DEFAULT,9,True
542,_ZThn16_N20w9XxgaJdbxPropertiesD0Ev,non-virtual thunk to w9XxgaJdbxProperties::~w9XxgaJdbxProperties(),,0x1bf7a4,8,FUNC,WEAK,DEFAULT,9,True
543,GzAdJaFn2E,GzAdJaFn2E,,0x389970,8,OBJECT,GLOBAL,DEFAULT,18,True
544,_ZN10QPh5pbnC3y10pOFMga6MyJEv,QPh5pbnC3y::pOFMga6MyJ(),,0xe37a4,8,FUNC,GLOBAL,DEFAULT,9,True
545,_ZN20zeksfaZDrCPropertiesD0Ev,zeksfaZDrCProperties::~zeksfaZDrCProperties(),,0x238944,56,FUNC,WEAK,DEFAULT,9,True
546,_ZN10w6qzgacqqy10qdB6xa_V9iEv,w6qzgacqqy::qdB6xa_V9i(),,0x1f8110,384,FUNC,GLOBAL,DEFAULT,9,True
547,_ZThn16_N20LBgVgaqANQPropertiesD1Ev,non-virtual thunk to LBgVgaqANQProperties::~LBgVgaqANQProperties(),,0x18eb64,8,FUNC,WEAK,DEFAULT,9,True
548,_ZN10Fcx_gaoydV10qrcBEaM4ULEP10nenvgaH9_uRK10C8THgaTQxF,"Fcx_gaoydV::qrcBEaM4UL(nenvgaH9_u*, C8THgaTQxF const&)",,0x1174b8,504,FUNC,GLOBAL,DEFAULT,9,True
549,_ZTV10k1h4JaIMdn,vtable for k1h4JaIMdn,,0x37f240,432,OBJECT,WEAK,DEFAULT,15,True
550,_ZN10CDPvgaY2nv10yCnSKa3tm2E,CDPvgaY2nv::yCnSKa3tm2,,0x389778,8,OBJECT,GLOBAL,DEFAULT,18,True
551,_ZN10FY2VgaG6rR10iZDhga9esjEd,FY2VgaG6rR::iZDhga9esj(double),,0x16dc2c,20,FUNC,WEAK,DEFAULT,9,True
552,_ZN10zeksfaZDrCC2ERK10C8THgaTQxF,zeksfaZDrC::zeksfaZDrC(C8THgaTQxF const&),,0x23887c,116,FUNC,GLOBAL,DEFAULT,9,True
553,_ZN10yL3_IaDMFtC1Ev,yL3_IaDMFt::yL3_IaDMFt(),,0xeb9f8,48,FUNC,GLOBAL,DEFAULT,9,True
554,des3_keysize,des3_keysize,,0x25474c,96,FUNC,GLOBAL,DEFAULT,9,True
555,_ZN10u0eyga1eqx10tJLRHaSLQvEiPKc,"u0eyga1eqx::tJLRHaSLQv(int, char const*)",,0x1e07c0,36,FUNC,GLOBAL,DEFAULT,9,True
556,_ZN10Fcx_gaoydV10fsmvCarv__EP10UU64BayqVEb,"Fcx_gaoydV::fsmvCarv__(UU64BayqVE*, bool)",,0x116cc8,836,FUNC,GLOBAL,DEFAULT,9,True
557,_ZN10_WevgakbUu10YgmYga3loTEv,_WevgakbUu::YgmYga3loT(),,0x107ee8,64,FUNC,GLOBAL,DEFAULT,9,True
558,_ZThn16_N20_thLgaWjoIPropertiesD1Ev,non-virtual thunk to _thLgaWjoIProperties::~_thLgaWjoIProperties(),,0x1ce228,8,FUNC,WEAK,DEFAULT,9,True
559,_ZN10R_MvgaEQlv10svNvga4fmvEv,R_MvgaEQlv::svNvga4fmv(),,0xec830,16,FUNC,GLOBAL,DEFAULT,9,True
560,_ZN10W6NzgawMJy10HTp1IavoOuEv,W6NzgawMJy::HTp1IavoOu(),,0x17f374,8,FUNC,WEAK,DEFAULT,9,True
561,_ZN10ToQnQaIHFG10M1htPa9MfVEP10mTAogaaEip,ToQnQaIHFG::M1htPa9MfV(mTAogaaEip*),,0x2213a8,116,FUNC,GLOBAL,DEFAULT,9,True
562,_ZN10AS80gaE4zW10v6zQga5ZQMERK10eY2wgaf6pw,AS80gaE4zW::v6zQga5ZQM(eY2wgaf6pw const&),,0x1d4484,412,FUNC,GLOBAL,DEFAULT,9,True
563,_ZN10IIAnGagvsgD0Ev,IIAnGagvsg::~IIAnGagvsg(),,0xfd754,32,FUNC,GLOBAL,DEFAULT,9,True
564,_Z22jinit_merged_upsamplerP22jpeg_decompress_struct,jinit_merged_upsampler(jpeg_decompress_struct*),,0x29d808,416,FUNC,GLOBAL,DEFAULT,9,True
565,_ZN10xKbb3aMu1h5cloneEP10V8fxgahcBw,xKbb3aMu1h::clone(V8fxgahcBw*),,0x11daac,84,FUNC,WEAK,DEFAULT,9,True
566,_ZN10cHovga0n1u10rmy5FaAwh1ERK10C8THgaTQxFS2_S2_,"cHovga0n1u::rmy5FaAwh1(C8THgaTQxF const&, C8THgaTQxF const&, C8THgaTQxF const&)",,0xf9820,304,FUNC,GLOBAL,DEFAULT,9,True
567,_ZN10s40xgamwex10K9tMfaXZoTEPPfS1_S1_PPvi,"s40xgamwex::K9tMfaXZoT(float**, float**, float**, void**, int)",,0x104dec,488,FUNC,GLOBAL,DEFAULT,9,True
568,pthread_mutex_destroy@LIBC (2),pthread_mutex_destroy,LIBC (2),0x0,0,FUNC,GLOBAL,DEFAULT,UND,False
569,_ZN10FZpembCtKjC1Ev,FZpembCtKj::FZpembCtKj(),,0x11e0c4,104,FUNC,GLOBAL,DEFAULT,9,True
570,_ZN10BP3Kfa2PcSD2Ev,BP3Kfa2PcS::~BP3Kfa2PcS(),,0x10ac38,68,FUNC,GLOBAL,DEFAULT,9,True
571,_ZN10s_YwgafWlw10CNDc4an5e9ERK10eY2wgaf6pwb,"s_YwgafWlw::CNDc4an5e9(eY2wgaf6pw const&, bool)",,0x1db9f0,232,FUNC,GLOBAL,DEFAULT,9,True
572,FT_Stream_GetLongLE,FT_Stream_GetLongLE,,0x25c7b4,76,FUNC,GLOBAL,DEFAULT,9,True
573,_ZN10W6NzgawMJy10XqHzwam9D0ERK10C8THgaTQxFb,"W6NzgawMJy::XqHzwam9D0(C8THgaTQxF const&, bool)",,0x17cd00,960,FUNC,GLOBAL,DEFAULT,9,True
574,_ZN10W6NzgawMJy10S8CvwaeydYEi,W6NzgawMJy::S8CvwaeydY(int),,0x172784,92,FUNC,GLOBAL,DEFAULT,9,True
575,_ZN10SU3JfaCUmR10JcBJfasVYQERK10lKR7faAPdb,SU3JfaCUmR::JcBJfasVYQ(lKR7faAPdb const&),,0x10c61c,48,FUNC,GLOBAL,DEFAULT,9,True
576,_ZN10SEPCMa33gw10inC6fbhUaaEP10G0gxgajWBwRK10C8THgaTQxF,"SEPCMa33gw::inC6fbhUaa(G0gxgajWBw*, C8THgaTQxF const&)",,0x22fb60,268,FUNC,GLOBAL,DEFAULT,9,True
577,_ZN10D2x4gaXfrZ10yyt3gaHtxYE,D2x4gaXfrZ::yyt3gaHtxY,,0x3a3460,8,OBJECT,GLOBAL,DEFAULT,19,True
578,_ZN10f6WHgaQkAF10yF4xgaAxhxERK10C8THgaTQxF,f6WHgaQkAF::yF4xgaAxhx(C8THgaTQxF const&),,0xefe58,32,FUNC,GLOBAL,DEFAULT,9,True
579,_ZN20eODlJaQ5OLPropertiesC1Ev,eODlJaQ5OLProperties::eODlJaQ5OLProperties(),,0x23f110,156,FUNC,GLOBAL,DEFAULT,9,True
580,Move_CVT,Move_CVT,,0x26b9dc,20,FUNC,GLOBAL,DEFAULT,9,True
581,_ZN10Fcx_gaoydV10hS36BafSyGEP10NLT0HaSwmE,Fcx_gaoydV::hS36BafSyG(NLT0HaSwmE*),,0x115744,64,FUNC,GLOBAL,DEFAULT,9,True
582,_ZN10bNZvga2AwvC2ERK10C8THgaTQxF,bNZvga2Awv::bNZvga2Awv(C8THgaTQxF const&),,0xf0904,96,FUNC,GLOBAL,DEFAULT,9,True
583,_ZN10MpHWLal8ZWD1Ev,MpHWLal8ZW::~MpHWLal8ZW(),,0x1a4904,60,FUNC,GLOBAL,DEFAULT,9,True
584,_ZN10zW2NgaU4IK10AoxZfajIn3Ev,zW2NgaU4IK::AoxZfajIn3(),,0x21cb38,216,FUNC,GLOBAL,DEFAULT,9,True
585,_ZN20irqhGaERgbPropertiesD0Ev,irqhGaERgbProperties::~irqhGaERgbProperties(),,0x247264,56,FUNC,WEAK,DEFAULT,9,True
586,_ZN10o3AZxayNqcC1Ev,o3AZxayNqc::o3AZxayNqc(),,0x1e7474,100,FUNC,GLOBAL,DEFAULT,9,True
587,tt_default_graphics_state,tt_default_graphics_state,,0x2f3a30,96,OBJECT,GLOBAL,DEFAULT,10,True
588,_ZThn16_N20yO8PSaf1tKPropertiesD0Ev,non-virtual thunk to yO8PSaf1tKProperties::~yO8PSaf1tKProperties(),,0x1afc18,8,FUNC,WEAK,DEFAULT,9,True
589,_ZN10mTAogaaEip10pK2aPaEVUFERK10C8THgaTQxFPP10G0gxgajWBwPS0_,"mTAogaaEip::pK2aPaEVUF(C8THgaTQxF const&, G0gxgajWBw**, C8THgaTQxF*)",,0x225c00,492,FUNC,GLOBAL,DEFAULT,9,True
590,_ZN6CyaInt28CyaSSL_CTX_check_private_keyEPNS_10CYASSL_CTXE,CyaInt::CyaSSL_CTX_check_private_key(CyaInt::CYASSL_CTX*),,0x2d2910,8,FUNC,GLOBAL,DEFAULT,9,True
591,_ZN20ULeBJaZ1WYPropertiesC1Ev,ULeBJaZ1WYProperties::ULeBJaZ1WYProperties(),,0x242588,156,FUNC,GLOBAL,DEFAULT,9,True
592,_ZN10V8fxgahcBw10SFcuDa_g1PEiiRK10C8THgaTQxFiiii,"V8fxgahcBw::SFcuDa_g1P(int, int, C8THgaTQxF const&, int, int, int, int)",,0x11ad98,104,FUNC,GLOBAL,DEFAULT,9,True
593,_ZN10EYMwkbFObT10x_PAkbemBWEPhiii,"EYMwkbFObT::x_PAkbemBW(unsigned char*, int, int, int)",,0x152fb4,612,FUNC,GLOBAL,DEFAULT,9,True
594,FT_Get_Kerning,FT_Get_Kerning,,0x25a394,320,FUNC,GLOBAL,DEFAULT,9,True
595,_ZN10w6qzgacqqy10LF69xaTd7lERK10C8THgaTQxF,w6qzgacqqy::LF69xaTd7l(C8THgaTQxF const&),,0x1fe088,428,FUNC,GLOBAL,DEFAULT,9,True
596,_Z10nIrOBaWV2pv,nIrOBaWV2p(),,0x1b5fb0,92,FUNC,GLOBAL,DEFAULT,9,True
597,_ZN10X7DzgannBy10YHot_aMolaE,X7DzgannBy::YHot_aMola,,0x3a28d0,8,OBJECT,GLOBAL,DEFAULT,19,True
598,_ZN10LJyzga9Pwy10SQO2ga9nZXEiffi,"LJyzga9Pwy::SQO2ga9nZX(int, float, float, int)",,0x109d94,368,FUNC,GLOBAL,DEFAULT,9,True
599,_ZN10W6NzgawMJy10BSw7LaFgX5EP10FY2VgaG6rR,W6NzgawMJy::BSw7LaFgX5(FY2VgaG6rR*),,0x181ea0,176,FUNC,GLOBAL,DEFAULT,9,True
600,_ZN20awDo2aJRkDProperties10cmfCgafxNAEv,awDo2aJRkDProperties::cmfCgafxNA(),,0x1dfc70,104,FUNC,GLOBAL,DEFAULT,9,True
601,FT_Load_Sfnt_Table,FT_Load_Sfnt_Table,,0x25aa8c,204,FUNC,GLOBAL,DEFAULT,9,True
602,_Z10yUduxaij2MRK10C8THgaTQxF,yUduxaij2M(C8THgaTQxF const&),,0x1e92c0,340,FUNC,GLOBAL,DEFAULT,9,True
603,__bss_start__,__bss_start__,,0x39fec0,0,NOTYPE,GLOBAL,DEFAULT,ABS,True
604,_ZN10W6NzgawMJy10xjHpwa92dTEi,W6NzgawMJy::xjHpwa92dT(int),,0x170b6c,204,FUNC,GLOBAL,DEFAULT,9,True
605,FT_Get_Postscript_Name,FT_Get_Postscript_Name,,0x25a984,144,FUNC,GLOBAL,DEFAULT,9,True
606,close@LIBC (2),close,LIBC (2),0x0,0,FUNC,GLOBAL,DEFAULT,UND,False
607,_ZN10imqXgalNBS10lATwgagnhwEPvRK10C8THgaTQxF,"imqXgalNBS::lATwgagnhw(void*, C8THgaTQxF const&)",,0x1e4bc8,96,FUNC,GLOBAL,DEFAULT,9,True
608,_ZN10yL3_IaDMFtD0Ev,yL3_IaDMFt::~yL3_IaDMFt(),,0xebe5c,32,FUNC,GLOBAL,DEFAULT,9,True
609,_ZN10ApdygafUox10EpjwgajXNvERK10eY2wgaf6pw,ApdygafUox::EpjwgajXNv(eY2wgaf6pw const&),,0x1dc948,44,FUNC,GLOBAL,DEFAULT,9,True
610,_ZN10Kv6ugas5Mu10MlPBfbZOqKE,Kv6ugas5Mu::MlPBfbZOqK,,0x3a09e0,8,OBJECT,GLOBAL,DEFAULT,19,True
611,_ZN10IUKzgam4Gy10ISa_ZaGLVLERK10C8THgaTQxFbdd,"IUKzgam4Gy::ISa_ZaGLVL(C8THgaTQxF const&, bool, double, double)",,0xe2e6c,12,FUNC,GLOBAL,DEFAULT,9,True
612,_Z10d9vy7aqFEYPKcS0_,"d9vy7aqFEY(char const*, char const*)",,0xe57c0,272,FUNC,GLOBAL,DEFAULT,9,True
613,_ZN10e3mhxao0dCD2Ev,e3mhxao0dC::~e3mhxao0dC(),,0x1ea950,4,FUNC,GLOBAL,DEFAULT,9,True
614,_ZN10GbMhIaz9yS10BoUxMaq37rEPKcjb,"GbMhIaz9yS::BoUxMaq37r(char const*, unsigned int, bool)",,0x1c1450,64,FUNC,GLOBAL,DEFAULT,9,True
615,_k_Bgam3zAOnln2aNBfC,_k_Bgam3zAOnln2aNBfC,,0x3a32e8,8,OBJECT,GLOBAL,DEFAULT,19,True
616,_ZN10PfQXva4zXuIsE10J89mga585nEi,PfQXva4zXu<short>::J89mga585n(int),,0x1afe78,88,FUNC,WEAK,DEFAULT,9,True
617,_ZN10W6NzgawMJy10Z4XwfaZ9kGERdS0_,"W6NzgawMJy::Z4XwfaZ9kG(double&, double&)",,0x1827fc,80,FUNC,GLOBAL,DEFAULT,9,True
618,longjmp@LIBC (2),longjmp,LIBC (2),0x0,0,FUNC,GLOBAL,DEFAULT,UND,False
619,_ZN6CyaInt10GetSessionEPNS_6CYASSLEPh,"CyaInt::GetSession(CyaInt::CYASSL*, unsigned char*)",,0x2d2f14,500,FUNC,GLOBAL,DEFAULT,9,True
620,_ZN10SDrvgadS3uD1Ev,SDrvgadS3u::~SDrvgadS3u(),,0x1ffcfc,124,FUNC,GLOBAL,DEFAULT,9,True
621,_ZN10cWWYfaxbT210VHrJ2aDVQUEP10c76BgaJBGAcPvS2_RK10C8THgaTQxF,"cWWYfaxbT2::VHrJ2aDVQU(c76BgaJBGA*, char, void*, void*, C8THgaTQxF const&)",,0x22e9e0,60,FUNC,GLOBAL,DEFAULT,9,True
622,_ZN10GbMhIaz9yS10AceLgadzlIEPKcj,"GbMhIaz9yS::AceLgadzlI(char const*, unsigned int)",,0x1c1cf0,304,FUNC,GLOBAL,DEFAULT,9,True
623,_ZN10XJLBgarMnAC1Ev,XJLBgarMnA::XJLBgarMnA(),,0x20aa84,136,FUNC,GLOBAL,DEFAULT,9,True
624,tt_cmap4_init,tt_cmap4_init,,0x261a6c,48,FUNC,GLOBAL,DEFAULT,9,True
625,_ZThn16_N20GbMhIaz9ySPropertiesD0Ev,non-virtual thunk to GbMhIaz9ySProperties::~GbMhIaz9ySProperties(),,0x1c475c,8,FUNC,WEAK,DEFAULT,9,True
626,_ZN10GbMhIaz9yS10OIFwLasI5AEv,GbMhIaz9yS::OIFwLasI5A(),,0x1c3578,56,FUNC,GLOBAL,DEFAULT,9,True
627,_ZN10W6NzgawMJy10wOb7Ia7xFzEi,W6NzgawMJy::wOb7Ia7xFz(int),,0x17604c,28,FUNC,GLOBAL,DEFAULT,9,True
628,_ZN10W6NzgawMJy10_mPlwa8PYPEv,W6NzgawMJy::_mPlwa8PYP(),,0x19ff4c,352,FUNC,GLOBAL,DEFAULT,9,True
629,_ZN10w6qzgacqqy10vRBuLaJsmzEv,w6qzgacqqy::vRBuLaJsmz(),,0x1ec14c,244,FUNC,GLOBAL,DEFAULT,9,True
630,_Z10aJyB2azPcOv,aJyB2azPcO(),,0x20fea8,68,FUNC,GLOBAL,DEFAULT,9,True
631,_ZTV10H4zIGaBY6x,vtable for H4zIGaBY6x,,0x371e70,48,OBJECT,WEAK,DEFAULT,15,True
632,_ZN6CyaInt15mp_reduce_setupEPNS_6mp_intES1_,"CyaInt::mp_reduce_setup(CyaInt::mp_int*, CyaInt::mp_int*)",,0x2ca3c8,88,FUNC,GLOBAL,DEFAULT,9,True
633,_ZN10mH33wa4I1qC1ERK10C8THgaTQxF,mH33wa4I1q::mH33wa4I1q(C8THgaTQxF const&),,0x237274,80,FUNC,GLOBAL,DEFAULT,9,True
634,_ZN10N67CMatrxw10NIyWfarPS0EP10zW2NgaU4IK,N67CMatrxw::NIyWfarPS0(zW2NgaU4IK*),,0x2332ac,128,FUNC,GLOBAL,DEFAULT,9,True
635,_ZN10MHEiIauRiT10H3FyYaR_MyEPKviPhj,"MHEiIauRiT::H3FyYaR_My(void const*, int, unsigned char*, unsigned int)",,0xe5df8,96,FUNC,GLOBAL,DEFAULT,9,True
636,_ZN10SU3JfaCUmR10arzfHawqI_Ev,SU3JfaCUmR::arzfHawqI_(),,0x10c680,16,FUNC,GLOBAL,DEFAULT,9,True
637,_ZN10K7FLgag3II10lhUkMahYbhE,K7FLgag3II::lhUkMahYbh,,0x3a1990,1,OBJECT,GLOBAL,DEFAULT,19,True
638,_ZN6CyaInt23CyaSSL_ERR_error_stringEmPc,"CyaInt::CyaSSL_ERR_error_string(unsigned long, char*)",,0x2d1330,56,FUNC,GLOBAL,DEFAULT,9,True
639,tt_cmap0_get_info,tt_cmap0_get_info,,0x2618c8,36,FUNC,GLOBAL,DEFAULT,9,True
640,jpeg_new_colormap,jpeg_new_colormap,,0x29cc8c,164,FUNC,GLOBAL,DEFAULT,9,True
641,_ZN10mTAogaaEip10hx8JOaGNqiEi,mTAogaaEip::hx8JOaGNqi(int),,0x223b6c,388,FUNC,GLOBAL,DEFAULT,9,True
642,_ZN10Zb7cUaSFEUC2EP10yL3_IaDMFt,Zb7cUaSFEU::Zb7cUaSFEU(yL3_IaDMFt*),,0xecb6c,4,FUNC,GLOBAL,DEFAULT,9,True
643,_Z10IWJPHa2f8tRK10C8THgaTQxFS1_,"IWJPHa2f8t(C8THgaTQxF const&, C8THgaTQxF const&)",,0x24fa3c,440,FUNC,GLOBAL,DEFAULT,9,True
644,_ZN10hsuDgateQBD2Ev,hsuDgateQB::~hsuDgateQB(),,0x1b6bd4,52,FUNC,WEAK,DEFAULT,9,True
645,jpeg_input_complete,jpeg_input_complete,,0x298690,76,FUNC,GLOBAL,DEFAULT,9,True
646,_ZThn16_N20Dq2rua2EcePropertiesD0Ev,non-virtual thunk to Dq2rua2EceProperties::~Dq2rua2EceProperties(),,0x246d48,8,FUNC,WEAK,DEFAULT,9,True
647,_ZN20AeOgLaUSKnPropertiesC1Ev,AeOgLaUSKnProperties::AeOgLaUSKnProperties(),,0x1a3984,156,FUNC,GLOBAL,DEFAULT,9,True
648,inflate,inflate,,0x291608,8496,FUNC,GLOBAL,DEFAULT,9,True
649,_ZN10kd5l5aU_b7C2Ev,kd5l5aU_b7::kd5l5aU_b7(),,0x23ee20,64,FUNC,GLOBAL,DEFAULT,9,True
650,_ZN10LJyzga9Pwy10vBgCJaaAOZEv,LJyzga9Pwy::vBgCJaaAOZ(),,0x10a27c,4,FUNC,GLOBAL,DEFAULT,9,True
651,_ZN10hYSWfaoR80D0Ev,hYSWfaoR80::~hYSWfaoR80(),,0x21e570,48,FUNC,WEAK,DEFAULT,9,True
652,_ZN10ieJzgaIFFy10tIIEga1dSCEP10W6NzgawMJy,ieJzgaIFFy::tIIEga1dSC(W6NzgawMJy*),,0x165aa0,1220,FUNC,GLOBAL,DEFAULT,9,True
653,jpeg_save_markers,jpeg_save_markers,,0x29c590,280,FUNC,GLOBAL,DEFAULT,9,True
654,_Z10MvXplboGrDiiii,"MvXplboGrD(int, int, int, int)",,0x11e250,128,FUNC,GLOBAL,DEFAULT,9,True
655,javaenvironment,javaenvironment,,0x3a5a88,8,OBJECT,GLOBAL,DEFAULT,19,True
656,jUrm2aY4uBimqXgalNBS,jUrm2aY4uBimqXgalNBS,,0x3a35b0,8,OBJECT,GLOBAL,DEFAULT,19,True
657,_ZN10CanTfaz6bZ3AddERKS_,CanTfaz6bZ::Add(CanTfaz6bZ const&),,0xf9374,312,FUNC,GLOBAL,DEFAULT,9,True
658,BZ2_bzBuffToBuffDecompress,BZ2_bzBuffToBuffDecompress,,0x2824e0,316,FUNC,GLOBAL,DEFAULT,9,True
659,_ZN10ySrpgaC30pD1Ev,ySrpgaC30p::~ySrpgaC30p(),,0xf6788,4,FUNC,WEAK,DEFAULT,9,True
660,_ZN10ScpN2avPaYD1Ev,ScpN2avPaY::~ScpN2avPaY(),,0x22f620,64,FUNC,WEAK,DEFAULT,9,True
661,_ZN10_k_Bgam3zA10j9gLgaw2nIEv,_k_Bgam3zA::j9gLgaw2nI(),,0x1c536c,220,FUNC,GLOBAL,DEFAULT,9,True
662,_ZN20imqXgalNBSPropertiesD1Ev,imqXgalNBSProperties::~imqXgalNBSProperties(),,0x1e4c28,28,FUNC,WEAK,DEFAULT,9,True
663,_ZN10s40xgamwex10_kgAIasm76E,s40xgamwex::_kgAIasm76,,0x3a0840,8,OBJECT,GLOBAL,DEFAULT,19,True
664,tt_cmap4_class_rec1,tt_cmap4_class_rec1,,0x37fe60,104,OBJECT,GLOBAL,DEFAULT,15,True
665,_Z10r1P8BaVn2HPhS_P10NLT0HaSwmEj,"r1P8BaVn2H(unsigned char*, unsigned char*, NLT0HaSwmE*, unsigned int)",,0x115ccc,80,FUNC,GLOBAL,DEFAULT,9,True
666,_ZN10e3mhxao0dCC1Ev,e3mhxao0dC::e3mhxao0dC(),,0x1ea8dc,8,FUNC,GLOBAL,DEFAULT,9,True
667,znLtuaytEfOnln2aNBfC,znLtuaytEfOnln2aNBfC,,0x3a0f88,8,OBJECT,GLOBAL,DEFAULT,19,True
668,_ZN10V8fxgahcBw10VlzU2admc3Eiiiiiiii,"V8fxgahcBw::VlzU2admc3(int, int, int, int, int, int, int, int)",,0x11b494,312,FUNC,GLOBAL,DEFAULT,9,True
669,_ZN10MpGzgariDyD1Ev,MpGzgariDy::~MpGzgariDy(),,0x192598,488,FUNC,GLOBAL,DEFAULT,9,True
670,_ZN10XCASBayqxt10py0qgaE4krERK10C8THgaTQxF,XCASBayqxt::py0qgaE4kr(C8THgaTQxF const&),,0x1b1030,52,FUNC,GLOBAL,DEFAULT,9,True
671,_ZN10awDo2aJRkD10ZCBDgaugWBERK10eY2wgaf6pw,awDo2aJRkD::ZCBDgaugWB(eY2wgaf6pw const&),,0x1df40c,1368,FUNC,GLOBAL,DEFAULT,9,True
672,_Z10qnVHGajTyxPf,qnVHGajTyx(float*),,0x1e63f8,308,FUNC,GLOBAL,DEFAULT,9,True
673,_ZN10wiULgacZUI10VR1DEa2aiOERK10C8THgaTQxF,wiULgacZUI::VR1DEa2aiO(C8THgaTQxF const&),,0xe8ac0,232,FUNC,GLOBAL,DEFAULT,9,True
674,_ZN10_WevgakbUu10y1VMfa1qMTERK10C8THgaTQxF,_WevgakbUu::y1VMfa1qMT(C8THgaTQxF const&),,0x1082c4,196,FUNC,GLOBAL,DEFAULT,9,True
675,_ZN10zF9VgaBKxR10cdq8RaGFH9Eddb,"zF9VgaBKxR::cdq8RaGFH9(double, double, bool)",,0x1aee18,444,FUNC,GLOBAL,DEFAULT,9,True
676,_ZN10uzN1fatj75C1EP10LJyzga9PwyRK10C8THgaTQxFiii,"uzN1fatj75::uzN1fatj75(LJyzga9Pwy*, C8THgaTQxF const&, int, int, int)",,0x10c4bc,92,FUNC,GLOBAL,DEFAULT,9,True
677,_ZN20zeksfaZDrCPropertiesD2Ev,zeksfaZDrCProperties::~zeksfaZDrCProperties(),,0x238920,28,FUNC,WEAK,DEFAULT,9,True
678,_ZN10FZpembCtKjD2Ev,FZpembCtKj::~FZpembCtKj(),,0x122434,44,FUNC,GLOBAL,DEFAULT,9,True
679,_Z23jpeg_open_backing_storeP18jpeg_common_structP20backing_store_structl,"jpeg_open_backing_store(jpeg_common_struct*, backing_store_struct*, long)",,0x2a2380,40,FUNC,GLOBAL,DEFAULT,9,True
680,_ZN10_WevgakbUu10dx4OHaCqAtEP10Fcx_gaoydV,_WevgakbUu::dx4OHaCqAt(Fcx_gaoydV*),,0x1077c0,500,FUNC,GLOBAL,DEFAULT,9,True
681,_Z10T3ZXGaXP4KRK10C8THgaTQxF,T3ZXGaXP4K(C8THgaTQxF const&),,0x24f714,68,FUNC,GLOBAL,DEFAULT,9,True
682,_ZN10kM00HafgtE4loadERK10C8THgaTQxF,kM00HafgtE::load(C8THgaTQxF const&),,0x1181f0,124,FUNC,GLOBAL,DEFAULT,9,True
683,_ZN10GbMhIaz9ySC1ERK10C8THgaTQxF,GbMhIaz9yS::GbMhIaz9yS(C8THgaTQxF const&),,0x1c07e8,60,FUNC,GLOBAL,DEFAULT,9,True
684,_ZN10w6qzgacqqy10axT8xazk5kEP10MpGzgariDyP10LBgVgaqANQddi,"w6qzgacqqy::axT8xazk5k(MpGzgariDy*, LBgVgaqANQ*, double, double, int)",,0x1fd43c,1168,FUNC,GLOBAL,DEFAULT,9,True
685,_ZN10TZf6gaQ3S_10TOL5gaAQs_EPKciib,"TZf6gaQ3S_::TOL5gaAQs_(char const*, int, int, bool)",,0x110b50,500,FUNC,GLOBAL,DEFAULT,9,True
686,_ZN10w9XxgaJdbx10oWWiIaPbyTERK10cXoLgatBuI,w9XxgaJdbx::oWWiIaPbyT(cXoLgatBuI const&),,0x1bd0a0,200,FUNC,GLOBAL,DEFAULT,9,True
687,_ZN10J0CfgbmrLh10cuc8IaZ6vAEb,J0CfgbmrLh::cuc8IaZ6vA(bool),,0x161720,64,FUNC,GLOBAL,DEFAULT,9,True
688,_ZN10uSjUgask_PD1Ev,uSjUgask_P::~uSjUgask_P(),,0x1074e4,48,FUNC,GLOBAL,DEFAULT,9,True
689,FT_Set_Pixel_Sizes,FT_Set_Pixel_Sizes,,0x25a320,116,FUNC,GLOBAL,DEFAULT,9,True
690,FT_New_Size,FT_New_Size,,0x25f748,312,FUNC,GLOBAL,DEFAULT,9,True
691,_ZNK10tJIwIaYe8310CZfLFaz3mKEv,tJIwIaYe83::CZfLFaz3mK() const,,0x23c988,20,FUNC,GLOBAL,DEFAULT,9,True
692,_ZN10LBgVgaqANQ10pIS3IaYDSwEv,LBgVgaqANQ::pIS3IaYDSw(),,0x18868c,72,FUNC,GLOBAL,DEFAULT,9,True
693,_ZN10zF9VgaBKxR10FFdmmbN6iqEv,zF9VgaBKxR::FFdmmbN6iq(),,0x1ab668,864,FUNC,GLOBAL,DEFAULT,9,True
694,_ZN10MpGzgariDy10HTp1IavoOuEv,MpGzgariDy::HTp1IavoOu(),,0x195638,8,FUNC,WEAK,DEFAULT,9,True
695,Sf23Ya7v0Z,Sf23Ya7v0Z,,0x391890,32,OBJECT,GLOBAL,DEFAULT,18,True
696,FT_Done_Size,FT_Done_Size,,0x25f8d4,296,FUNC,GLOBAL,DEFAULT,9,True
697,_ZN10w9XxgaJdbx10Y4ak1aSWAJEv,w9XxgaJdbx::Y4ak1aSWAJ(),,0x1b7cec,100,FUNC,GLOBAL,DEFAULT,9,True
698,_ZN10NVxhJah9mI10WDrhJanShIEv,NVxhJah9mI::WDrhJanShI(),,0x10b6cc,96,FUNC,GLOBAL,DEFAULT,9,True
699,DGifSlurp,DGifSlurp,,0x2bbb0c,644,FUNC,GLOBAL,DEFAULT,9,True
700,yajl_config,yajl_config,,0x2bca94,276,FUNC,GLOBAL,DEFAULT,9,True
701,_ZN10G0gxgajWBw10lJVsMaKaXnEPS_,G0gxgajWBw::lJVsMaKaXn(G0gxgajWBw*),,0x218cf4,124,FUNC,GLOBAL,DEFAULT,9,True
702,_ZThn16_N20VGEwBaTQ4aPropertiesD1Ev,non-virtual thunk to VGEwBaTQ4aProperties::~VGEwBaTQ4aProperties(),,0x1e5d00,8,FUNC,WEAK,DEFAULT,9,True
703,_ZN10SsrLga3IwI10jfmeIazkHPEiP10w9XxgaJdbx,"SsrLga3IwI::jfmeIazkHP(int, w9XxgaJdbx*)",,0x1b40c0,180,FUNC,GLOBAL,DEFAULT,9,True
704,_ZN10SsrLga3IwI10StjCgaU_QAEiP10w9XxgaJdbx,"SsrLga3IwI::StjCgaU_QA(int, w9XxgaJdbx*)",,0x1b4904,216,FUNC,GLOBAL,DEFAULT,9,True
705,_ZN10XoqxgaMPJw10BYnJGaCMNyEPKS_,XoqxgaMPJw::BYnJGaCMNy(XoqxgaMPJw const*),,0x11488c,500,FUNC,GLOBAL,DEFAULT,9,True
706,_ZN10w9XxgaJdbx10Uk7z1agN_WEv,w9XxgaJdbx::Uk7z1agN_W(),,0x1b928c,104,FUNC,GLOBAL,DEFAULT,9,True
707,_ZN10w6qzgacqqy10ehlrLaawCwE,w6qzgacqqy::ehlrLaawCw,,0x3a3728,8,OBJECT,GLOBAL,DEFAULT,19,True
708,javaenvironmentclass,javaenvironmentclass,,0x3a5a80,8,OBJECT,GLOBAL,DEFAULT,19,True
709,_ZN10dJ10YaC3tX10tLt0YaEE0WEb,dJ10YaC3tX::tLt0YaEE0W(bool),,0x248368,8,FUNC,GLOBAL,DEFAULT,9,True
710,_ZN10etUmgaa7Sn10BvJ8IajUXAE,etUmgaa7Sn::BvJ8IajUXA,,0x2dba17,1,OBJECT,GLOBAL,DEFAULT,10,True
711,_ZN10uzvDgataRB10PuTQMaHi6HERK10cXoLgatBuIb,"uzvDgataRB::PuTQMaHi6H(cXoLgatBuI const&, bool)",,0x1b1878,188,FUNC,GLOBAL,DEFAULT,9,True
712,yO8PSaf1tKOnln2aNBfC,yO8PSaf1tKOnln2aNBfC,,0x3a3018,8,OBJECT,GLOBAL,DEFAULT,19,True
713,_ZN10XJLBgarMnAC2ERK10C8THgaTQxF,XJLBgarMnA::XJLBgarMnA(C8THgaTQxF const&),,0x20a8f4,84,FUNC,GLOBAL,DEFAULT,9,True
714,_ZN10CDPvgaY2nv10N8qRKa3rz1EP10nenvgaH9_uRK10C8THgaTQxFb,"CDPvgaY2nv::N8qRKa3rz1(nenvgaH9_u*, C8THgaTQxF const&, bool)",,0xea1dc,1016,FUNC,GLOBAL,DEFAULT,9,True
715,unzReadCurrentFile1,unzReadCurrentFile1,,0x2585e4,940,FUNC,GLOBAL,DEFAULT,9,True
716,_Z10QJIsfakfMCv,QJIsfakfMC(),,0x16d204,92,FUNC,GLOBAL,DEFAULT,9,True
717,_ZN10FZpembCtKjD1Ev,FZpembCtKj::~FZpembCtKj(),,0x122434,44,FUNC,GLOBAL,DEFAULT,9,True
718,_Z10ozPJkbt_92v,ozPJkbt_92(),,0x1971a0,16,FUNC,GLOBAL,DEFAULT,9,True
719,_ZN10psSDxavq9U10u6jtYa4whuEv,psSDxavq9U::u6jtYa4whu(),,0x201b34,76,FUNC,GLOBAL,DEFAULT,9,True
720,_Z26af_glyph_hints_dump_pointsP17AF_GlyphHintsRec_,af_glyph_hints_dump_points(AF_GlyphHintsRec_*),,0x27e9fc,4,FUNC,GLOBAL,DEFAULT,9,True
721,_ZN10oJlO1aTTY710wk4TLaTfNUEv,oJlO1aTTY7::wk4TLaTfNU(),,0x15ef94,576,FUNC,GLOBAL,DEFAULT,9,True
722,ft_outline_glyph_prepare,ft_outline_glyph_prepare,,0x27fe24,60,FUNC,GLOBAL,DEFAULT,9,True
723,_ZN10SsrLga3IwI10r0QZBa4cEzERK10cXoLgatBuI,SsrLga3IwI::r0QZBa4cEz(cXoLgatBuI const&),,0x1b4668,376,FUNC,GLOBAL,DEFAULT,9,True
724,_ZN20AeOgLaUSKnPropertiesD2Ev,AeOgLaUSKnProperties::~AeOgLaUSKnProperties(),,0x1a44f8,28,FUNC,WEAK,DEFAULT,9,True
725,_ZN10ln7yHaeP9f10tIIEga1dSCEP10w9XxgaJdbxRK10eY2wgaf6pw,"ln7yHaeP9f::tIIEga1dSC(w9XxgaJdbx*, eY2wgaf6pw const&)",,0x1cf1c0,3524,FUNC,GLOBAL,DEFAULT,9,True
726,_ZN10uzvDgataRBD0Ev,uzvDgataRB::~uzvDgataRB(),,0x1b2148,60,FUNC,WEAK,DEFAULT,9,True
727,mAmruabCDd,mAmruabCDd,,0x391f40,36,OBJECT,GLOBAL,DEFAULT,18,True
728,_ZN10W6NzgawMJy10avURwaT8XfEP10LBgVgaqANQ,W6NzgawMJy::avURwaT8Xf(LBgVgaqANQ*),,0x172c48,64,FUNC,GLOBAL,DEFAULT,9,True
729,_ZN10G0gxgajWBwD0Ev,G0gxgajWBw::~G0gxgajWBw(),,0x216038,32,FUNC,GLOBAL,DEFAULT,9,True
730,_ZN10u0eyga1eqx10OOARHavAHvEi,u0eyga1eqx::OOARHavAHv(int),,0x1e3378,48,FUNC,GLOBAL,DEFAULT,9,True
731,FT_Face_GetVariantSelectors,FT_Face_GetVariantSelectors,,0x25af24,148,FUNC,GLOBAL,DEFAULT,9,True
732,_ZN10yL3_IaDMFtC2Ev,yL3_IaDMFt::yL3_IaDMFt(),,0xeb9f8,48,FUNC,GLOBAL,DEFAULT,9,True
733,_ZN10u0eyga1eqx10wZer2andxFEv,u0eyga1eqx::wZer2andxF(),,0x1e3480,84,FUNC,GLOBAL,DEFAULT,9,True
734,_ZN10nenvgaH9_u5writeEPKc,nenvgaH9_u::write(char const*),,0xf2314,96,FUNC,GLOBAL,DEFAULT,9,True
735,_ZN10G0gxgajWBw10nNGgMaeCEdEv,G0gxgajWBw::nNGgMaeCEd(),,0x215e50,132,FUNC,GLOBAL,DEFAULT,9,True
736,FT_Matrix_Multiply_Scaled,FT_Matrix_Multiply_Scaled,,0x259554,240,FUNC,GLOBAL,DEFAULT,9,True
737,_ZN10RWahgahP3i10waxLfatwBSEv,RWahgahP3i::waxLfatwBS(),,0x1ea018,52,FUNC,GLOBAL,DEFAULT,9,True
738,_ZN10W6NzgawMJy10cw2CwaFJs3Ei,W6NzgawMJy::cw2CwaFJs3(int),,0x19c22c,388,FUNC,GLOBAL,DEFAULT,9,True
739,_ZN10XoqxgaMPJw10dx4OHaCqAtERK10C8THgaTQxF,XoqxgaMPJw::dx4OHaCqAt(C8THgaTQxF const&),,0x114790,200,FUNC,GLOBAL,DEFAULT,9,True
740,_ZN10AUzMgaePtJ10t5AMgadPuJEv,AUzMgaePtJ::t5AMgadPuJ(),,0xff800,40,FUNC,GLOBAL,DEFAULT,9,True
741,_ZN10Kc8uganwOu10HuavgazrQuERK10C8THgaTQxFb,"Kc8uganwOu::HuavgazrQu(C8THgaTQxF const&, bool)",,0x16a15c,724,FUNC,GLOBAL,DEFAULT,9,True
742,_ZN10s_YwgafWlw10XolwgaMCPvERK10eY2wgaf6pw,s_YwgafWlw::XolwgaMCPv(eY2wgaf6pw const&),,0x1dabc0,4,FUNC,GLOBAL,DEFAULT,9,True
743,_ZN10EYKlVaL7UR10ZCBDgaugWBERK10eY2wgaf6pw,EYKlVaL7UR::ZCBDgaugWB(eY2wgaf6pw const&),,0x1dfffc,1052,FUNC,GLOBAL,DEFAULT,9,True
744,_ZN10awDo2aJRkDD0Ev,awDo2aJRkD::~awDo2aJRkD(),,0x1ddff4,32,FUNC,GLOBAL,DEFAULT,9,True
745,_Z15jpeg_idct_ifastP22jpeg_decompress_structP19jpeg_component_infoPsPPhj,"jpeg_idct_ifast(jpeg_decompress_struct*, jpeg_component_info*, short*, unsigned char**, unsigned int)",,0x2adee0,1136,FUNC,GLOBAL,DEFAULT,9,True
746,_ZN10X0HXmbuEQV10MzWVgaRTlREv,X0HXmbuEQV::MzWVgaRTlR(),,0x249e64,40,FUNC,GLOBAL,DEFAULT,9,True
747,_ZN10H4zIGaBY6xC2EPv,H4zIGaBY6x::H4zIGaBY6x(void*),,0xf06d8,172,FUNC,GLOBAL,DEFAULT,9,True
748,_ZN10xiYWfajld110qMfqLarTHvE,xiYWfajld1::qMfqLarTHv,,0x3a4d70,4,OBJECT,GLOBAL,DEFAULT,19,True
749,_ZN10kM00HafgtE4loadEP10bNZvga2Awv,kM00HafgtE::load(bNZvga2Awv*),,0x117e4c,932,FUNC,GLOBAL,DEFAULT,9,True
750,_Z10l6QLgaWhSIPv,l6QLgaWhSI(void*),,0x252ccc,124,FUNC,GLOBAL,DEFAULT,9,True
751,_ZN10yL3_IaDMFt10iVjofaNm4yERK10C8THgaTQxF,yL3_IaDMFt::iVjofaNm4y(C8THgaTQxF const&),,0xec328,56,FUNC,GLOBAL,DEFAULT,9,True
752,_ZN10e3mhxao0dC10rMBEgasoMCEv,e3mhxao0dC::rMBEgasoMC(),,0x1ea974,252,FUNC,GLOBAL,DEFAULT,9,True
753,_ZN10znLtuaytEf10F2BxMaZCTrEiP10G0gxgajWBw,"znLtuaytEf::F2BxMaZCTr(int, G0gxgajWBw*)",,0x16abec,96,FUNC,GLOBAL,DEFAULT,9,True
754,_ZN10G0gxgajWBw10I75gMaeM_dEv,G0gxgajWBw::I75gMaeM_d(),,0x213b8c,20,FUNC,GLOBAL,DEFAULT,9,True
755,_ZN10w9XxgaJdbx10VMYBgaWKyAEv,w9XxgaJdbx::VMYBgaWKyA(),,0x1b895c,296,FUNC,GLOBAL,DEFAULT,9,True
756,_ZN10wiULgacZUI10Ql0vga2UxvE,wiULgacZUI::Ql0vga2Uxv,,0x39ffa0,8,OBJECT,GLOBAL,DEFAULT,19,True
757,_ZN10pdnkJaZ8KK10KLWrJaP26QEjf,"pdnkJaZ8KK::KLWrJaP26Q(unsigned int, float)",,0x245914,408,FUNC,GLOBAL,DEFAULT,9,True
758,_ZN10oMhmIajzmW10cXs_ganY9UERK10C8THgaTQxFffffiiii,"oMhmIajzmW::cXs_ganY9U(C8THgaTQxF const&, float, float, float, float, int, int, int, int)",,0x1064b8,380,FUNC,GLOBAL,DEFAULT,9,True
759,_ZN10w6qzgacqqy10mtd6xaoXQiEP10LBgVgaqANQ,w6qzgacqqy::mtd6xaoXQi(LBgVgaqANQ*),,0x1fd280,444,FUNC,GLOBAL,DEFAULT,9,True
760,_Z20EqV_Ka3Vx9E7Bm2aaHDBRK10C8THgaTQxF,EqV_Ka3Vx9E7Bm2aaHDB(C8THgaTQxF const&),,0x1b2418,48,FUNC,GLOBAL,DEFAULT,9,True
761,_ZN10_thLgaWjoI10UKgHwa8H06Eb,_thLgaWjoI::UKgHwa8H06(bool),,0x1cc984,476,FUNC,GLOBAL,DEFAULT,9,True
762,_ZN10XoqxgaMPJwC1ERK10C8THgaTQxF,XoqxgaMPJw::XoqxgaMPJw(C8THgaTQxF const&),,0x114bb4,268,FUNC,GLOBAL,DEFAULT,9,True
763,_ZN10MpGzgariDy10rzX2vaqJ5zEP10LBgVgaqANQ,MpGzgariDy::rzX2vaqJ5z(LBgVgaqANQ*),,0x19109c,596,FUNC,GLOBAL,DEFAULT,9,True
764,_Z10rW_jmbMyroiPh,"rW_jmbMyro(int, unsigned char*)",,0x11e1c8,32,FUNC,GLOBAL,DEFAULT,9,True
765,_Z10eTta2a2KqrRK10C8THgaTQxFS1_,"eTta2a2Kqr(C8THgaTQxF const&, C8THgaTQxF const&)",,0x20c388,4,FUNC,GLOBAL,DEFAULT,9,True
766,_ZN6CyaInt15GrowInputBufferEPNS_6CYASSLEii,"CyaInt::GrowInputBuffer(CyaInt::CYASSL*, int, int)",,0x2d69c4,220,FUNC,GLOBAL,DEFAULT,9,True
767,_ZN10t545gajUJ_10Dlq4gaQMkZERK10C8THgaTQxFi,"t545gajUJ_::Dlq4gaQMkZ(C8THgaTQxF const&, int)",,0x1d4160,172,FUNC,GLOBAL,DEFAULT,9,True
768,_ZN10uSjUgask_P10ZWKYgaj6ITEv,uSjUgask_P::ZWKYgaj6IT(),,0x107734,4,FUNC,WEAK,DEFAULT,9,True
769,_ZN10OYYKfaPU7R10nOisVa4qqXERK10C8THgaTQxFi,"OYYKfaPU7R::nOisVa4qqX(C8THgaTQxF const&, int)",,0x104b68,396,FUNC,GLOBAL,DEFAULT,9,True
770,_ZN10yL3_IaDMFtD1Ev,yL3_IaDMFt::~yL3_IaDMFt(),,0xebe1c,64,FUNC,GLOBAL,DEFAULT,9,True
771,_ZTV10_thLgaWjoI,vtable for _thLgaWjoI,,0x379190,920,OBJECT,WEAK,DEFAULT,15,True
772,_ZN10zF9VgaBKxR10sgHUgas0iQEddi,"zF9VgaBKxR::sgHUgas0iQ(double, double, int)",,0x1ab0c4,332,FUNC,GLOBAL,DEFAULT,9,True
773,_ZTV10_5EhmbQbtm,vtable for _5EhmbQbtm,,0x3734c0,56,OBJECT,WEAK,DEFAULT,15,True
774,_ZN10nenvgaH9_u10PHFwgaxH5vEi,nenvgaH9_u::PHFwgaxH5v(int),,0xf1b20,64,FUNC,GLOBAL,DEFAULT,9,True
775,_ZN10u0eyga1eqxC2ERK10C8THgaTQxF,u0eyga1eqx::u0eyga1eqx(C8THgaTQxF const&),,0x1e199c,56,FUNC,GLOBAL,DEFAULT,9,True
776,_ZThn16_N20G0gxgajWBwPropertiesD0Ev,non-virtual thunk to G0gxgajWBwProperties::~G0gxgajWBwProperties(),,0x21ae10,8,FUNC,WEAK,DEFAULT,9,True
777,_ZN10XJLBgarMnA10WzoBga0h4zEP10u3cBgayBVz,XJLBgarMnA::WzoBga0h4z(u3cBgayBVz*),,0x20a6f0,124,FUNC,GLOBAL,DEFAULT,9,True
778,_ZN10G0gxgajWBw10yYChMazoreEv,G0gxgajWBw::yYChMazore(),,0x21490c,220,FUNC,GLOBAL,DEFAULT,9,True
779,_ZTV10ULeBJaZ1WY,vtable for ULeBJaZ1WY,,0x37e6f0,320,OBJECT,WEAK,DEFAULT,15,True
780,_ZN10_thLgaWjoI10cKbLgaxujIERK10C8THgaTQxFb,"_thLgaWjoI::cKbLgaxujI(C8THgaTQxF const&, bool)",,0x1cc7e0,304,FUNC,GLOBAL,DEFAULT,9,True
781,_ZN10vuuHgangcFC1ERK10C8THgaTQxFb,"vuuHgangcF::vuuHgangcF(C8THgaTQxF const&, bool)",,0xf744c,56,FUNC,GLOBAL,DEFAULT,9,True
782,_ZN20LJyzga9PwyPropertiesD2Ev,LJyzga9PwyProperties::~LJyzga9PwyProperties(),,0x10abd4,28,FUNC,WEAK,DEFAULT,9,True
783,_ZN10mTAogaaEip10CeRaPa1oKFEv,mTAogaaEip::CeRaPa1oKF(),,0x22599c,460,FUNC,GLOBAL,DEFAULT,9,True
784,_ZN20ULeBJaZ1WYPropertiesD1Ev,ULeBJaZ1WYProperties::~ULeBJaZ1WYProperties(),,0x245d00,28,FUNC,WEAK,DEFAULT,9,True
785,_ZN10OYYKfaPU7R10jfS1_azfbEEv,OYYKfaPU7R::jfS1_azfbE(),,0x100a5c,4,FUNC,WEAK,DEFAULT,9,True
786,_ZTV10QPh5pbnC3y,vtable for QPh5pbnC3y,,0x371b90,144,OBJECT,WEAK,DEFAULT,15,True
787,_ZN20MpHWLal8ZWPropertiesC1Ev,MpHWLal8ZWProperties::MpHWLal8ZWProperties(),,0x1a5aa4,176,FUNC,GLOBAL,DEFAULT,9,True
788,okDzGaRHAq,okDzGaRHAq,,0x3a5a70,5,OBJECT,GLOBAL,DEFAULT,19,True
789,_ZN10awDo2aJRkD10KHqDgay4MBERK10i7FHgaP2lF,awDo2aJRkD::KHqDgay4MB(i7FHgaP2lF const&),,0x1df0bc,844,FUNC,GLOBAL,DEFAULT,9,True
790,getenv@LIBC (2),getenv,LIBC (2),0x0,0,FUNC,GLOBAL,DEFAULT,UND,False
791,_ZN10GbMhIaz9yS10tnZGLasfMJEii,"GbMhIaz9yS::tnZGLasfMJ(int, int)",,0x1c1604,112,FUNC,GLOBAL,DEFAULT,9,True
792,_ZN10tJIwIaYe8310Cj1NFa8IHMERK10C8THgaTQxF,tJIwIaYe83::Cj1NFa8IHM(C8THgaTQxF const&),,0x23dca0,220,FUNC,GLOBAL,DEFAULT,9,True
793,_Z20Q8n_Fa6V5WE7Bm2aaHDBRK10C8THgaTQxF,Q8n_Fa6V5WE7Bm2aaHDB(C8THgaTQxF const&),,0x1ca8b4,48,FUNC,GLOBAL,DEFAULT,9,True
794,_ZN6CyaInt6mp_modEPNS_6mp_intES1_S1_,"CyaInt::mp_mod(CyaInt::mp_int*, CyaInt::mp_int*, CyaInt::mp_int*)",,0x2c7fd8,176,FUNC,GLOBAL,DEFAULT,9,True
795,_ZN10ieJzgaIFFy10gtHggaibFiEP10W6NzgawMJy,ieJzgaIFFy::gtHggaibFi(W6NzgawMJy*),,0x160878,136,FUNC,GLOBAL,DEFAULT,9,True
796,_ZN10s_YwgafWlw10yFqc4aG238ERK10eY2wgaf6pw,s_YwgafWlw::yFqc4aG238(eY2wgaf6pw const&),,0x1db940,124,FUNC,GLOBAL,DEFAULT,9,True
797,_ZN10psSDxavq9U10rBztYaczuuEv,psSDxavq9U::rBztYaczuu(),,0x201bcc,124,FUNC,GLOBAL,DEFAULT,9,True
798,ft_ansi_stream_io,ft_ansi_stream_io,,0x2616fc,72,FUNC,GLOBAL,DEFAULT,9,True
799,_ZN10W6NzgawMJy10mLApwaxx8SEi,W6NzgawMJy::mLApwaxx8S(int),,0x170ac4,168,FUNC,GLOBAL,DEFAULT,9,True
800,_ZN10GbMhIaz9yS10pwIBMaY3kvEv,GbMhIaz9yS::pwIBMaY3kv(),,0x1c10c8,156,FUNC,GLOBAL,DEFAULT,9,True
801,_ZN6CyaInt14SetCipherSpecsEPNS_6CYASSLE,CyaInt::SetCipherSpecs(CyaInt::CYASSL*),,0x2da6f0,568,FUNC,GLOBAL,DEFAULT,9,True
802,_ZN10w9XxgaJdbx10Ai9WDagrndEP10XoqxgaMPJwRK10eY2wgaf6pwPKciRK10dVIHgaIooF,"w9XxgaJdbx::Ai9WDagrnd(XoqxgaMPJw*, eY2wgaf6pw const&, char const*, int, dVIHgaIooF const&)",,0x1be3f8,376,FUNC,GLOBAL,DEFAULT,9,True
803,_ZTV20ln7yHaeP9fProperties,vtable for ln7yHaeP9fProperties,,0x379530,88,OBJECT,WEAK,DEFAULT,15,True
804,_ZN10ULeBJaZ1WYC2E10jIVAJaS9FYff,"ULeBJaZ1WY::ULeBJaZ1WY(jIVAJaS9FY, float, float)",,0x242624,228,FUNC,GLOBAL,DEFAULT,9,True
805,Kc8uganwOuOnln2aNBfC,Kc8uganwOuOnln2aNBfC,,0x3a0e78,8,OBJECT,GLOBAL,DEFAULT,19,True
806,_ZN10w6qzgacqqy10DimFLajnpIE,w6qzgacqqy::DimFLajnpI,,0x3a36b0,4,OBJECT,GLOBAL,DEFAULT,19,True
807,_ZN10ySrpgaC30pD0Ev,ySrpgaC30p::~ySrpgaC30p(),,0xf68c4,4,FUNC,WEAK,DEFAULT,9,True
808,_ZTV20fJ8VgaKXwRProperties,vtable for fJ8VgaKXwRProperties,,0x37edc0,88,OBJECT,WEAK,DEFAULT,15,True
809,_ZN10fUWH_a_9zm10kAXG_a9JKlEv,fUWH_a_9zm::kAXG_a9JKl(),,0x1133d0,172,FUNC,GLOBAL,DEFAULT,9,True
810,_ZN10ieJzgaIFFy10afFcHakjgYERK10C8THgaTQxF,ieJzgaIFFy::afFcHakjgY(C8THgaTQxF const&),,0x161390,212,FUNC,GLOBAL,DEFAULT,9,True
811,_ZN10LBgVgaqANQD2Ev,LBgVgaqANQ::~LBgVgaqANQ(),,0x185730,668,FUNC,GLOBAL,DEFAULT,9,True
812,_ZNK10Fcx_gaoydV10Cp3yCabu62EP10nenvgaH9_ui,"Fcx_gaoydV::Cp3yCabu62(nenvgaH9_u*, int) const",,0x119c70,1480,FUNC,GLOBAL,DEFAULT,9,True
813,_ZN10uK2SHaPVVw10S5XSHaIaRwD0Ev,uK2SHaPVVw::S5XSHaIaRw::~S5XSHaIaRw(),,0x20e338,72,FUNC,WEAK,DEFAULT,9,True
814,_ZN10zF9VgaBKxR10GGiB_ayk_gEv,zF9VgaBKxR::GGiB_ayk_g(),,0x1af2a0,1272,FUNC,GLOBAL,DEFAULT,9,True
815,_Z10oFj9Baq9rIPhj,"oFj9Baq9rI(unsigned char*, unsigned int)",,0x115888,88,FUNC,GLOBAL,DEFAULT,9,True
816,_ZN6CyaInt12SendBufferedEPNS_6CYASSLE,CyaInt::SendBuffered(CyaInt::CYASSL*),,0x2d68c8,252,FUNC,GLOBAL,DEFAULT,9,True
817,_Z15jpeg_fdct_islowPi,jpeg_fdct_islow(int*),,0x2b9c60,808,FUNC,GLOBAL,DEFAULT,9,True
818,_ZN10_5EhmbQbtmD0Ev,_5EhmbQbtm::~_5EhmbQbtm(),,0x1224f0,32,FUNC,GLOBAL,DEFAULT,9,True
819,_ZTV10awDo2aJRkD,vtable for awDo2aJRkD,,0x37a890,928,OBJECT,WEAK,DEFAULT,15,True
820,_ZN10e4ZYfa8PV210m6pngaXzjoERK10CanTfaz6bZ,e4ZYfa8PV2::m6pngaXzjo(CanTfaz6bZ const&),,0x234c1c,96,FUNC,GLOBAL,DEFAULT,9,True
821,_ZN10w9XxgaJdbxC2ERK10C8THgaTQxF,w9XxgaJdbx::w9XxgaJdbx(C8THgaTQxF const&),,0x1b8f68,216,FUNC,GLOBAL,DEFAULT,9,True
822,_ZN10D6TlgajP1m10I4logaIb6oEPK10vuuHgangcFb,"D6TlgajP1m::I4logaIb6o(vuuHgangcF const*, bool)",,0x21e9ec,180,FUNC,GLOBAL,DEFAULT,9,True
823,F8EFLa1dFI,F8EFLa1dFI,,0x38ee70,20,OBJECT,GLOBAL,DEFAULT,18,True
824,_ZN10W6NzgawMJy10zuAUwaljdiEv,W6NzgawMJy::zuAUwaljdi(),,0x173b30,220,FUNC,GLOBAL,DEFAULT,9,True
825,_ZN20V8fxgahcBwPropertiesD0Ev,V8fxgahcBwProperties::~V8fxgahcBwProperties(),,0x11d4f0,56,FUNC,WEAK,DEFAULT,9,True
826,_ZN10OYYKfaPU7R10OZ5KfaLEeSEPS_PfiS1_S1_b,"OYYKfaPU7R::OZ5KfaLEeS(OYYKfaPU7R*, float*, int, float*, float*, bool)",,0x1027e8,620,FUNC,GLOBAL,DEFAULT,9,True
827,_ZN20ULeBJaZ1WYPropertiesC2Ev,ULeBJaZ1WYProperties::ULeBJaZ1WYProperties(),,0x242588,156,FUNC,GLOBAL,DEFAULT,9,True
828,_ZN10LBgVgaqANQ10jMH3IakrJwERK10C8THgaTQxF,LBgVgaqANQ::jMH3IakrJw(C8THgaTQxF const&),,0x189ab0,116,FUNC,GLOBAL,DEFAULT,9,True
829,_ZN10ohGYZakbFK4loadEv,ohGYZakbFK::load(),,0xe3824,36,FUNC,GLOBAL,DEFAULT,9,True
830,GifFreeMapObject,GifFreeMapObject,,0x2bc044,52,FUNC,GLOBAL,DEFAULT,9,True
831,Mg9XGaMpdL,Mg9XGaMpdL,,0x3a5a50,20,OBJECT,GLOBAL,DEFAULT,19,True
832,_Z10wlXykbJx0Uv,wlXykbJx0U(),,0x20e93c,24,FUNC,GLOBAL,DEFAULT,9,True
833,_ZN10s_YwgafWlwD2Ev,s_YwgafWlw::~s_YwgafWlw(),,0x1db8d8,72,FUNC,GLOBAL,DEFAULT,9,True
834,_ZN10vy1JgaKVkHD0Ev,vy1JgaKVkH::~vy1JgaKVkH(),,0xe597c,48,FUNC,WEAK,DEFAULT,9,True
835,FT_New_Library,FT_New_Library,,0x25e36c,168,FUNC,GLOBAL,DEFAULT,9,True
836,_ZN10oMhmIajzmW10EMsIfazP0PEv,oMhmIajzmW::EMsIfazP0P(),,0x10099c,8,FUNC,WEAK,DEFAULT,9,True
837,_ZN20LJyzga9PwyPropertiesC1Ev,LJyzga9PwyProperties::LJyzga9PwyProperties(),,0x109350,136,FUNC,GLOBAL,DEFAULT,9,True
838,glColor4f,glColor4f,,0x0,0,FUNC,GLOBAL,DEFAULT,UND,False
839,_ZN10Ztjndb0_dS10mP6ygaUl9xEv,Ztjndb0_dS::mP6ygaUl9x(),,0xe563c,44,FUNC,GLOBAL,DEFAULT,9,True
840,_ZN10MpGzgariDy10N__GqbACN3EP10W6NzgawMJy,MpGzgariDy::N__GqbACN3(W6NzgawMJy*),,0x19085c,988,FUNC,GLOBAL,DEFAULT,9,True
841,FT_Get_Charmap_Index,FT_Get_Charmap_Index,,0x25a6a8,92,FUNC,GLOBAL,DEFAULT,9,True
842,_ZN10W6NzgawMJy10SfMlxa1cWFEv,W6NzgawMJy::SfMlxa1cWF(),,0x174c3c,216,FUNC,GLOBAL,DEFAULT,9,True
843,memalign@LIBC (2),memalign,LIBC (2),0x0,0,FUNC,GLOBAL,DEFAULT,UND,False
844,_Z19jinit_phuff_encoderP20jpeg_compress_struct,jinit_phuff_encoder(jpeg_compress_struct*),,0x2b78c4,100,FUNC,GLOBAL,DEFAULT,9,True
845,_ZN10AeOgLaUSKn10TrSgLa8pOnE,AeOgLaUSKn::TrSgLa8pOn,,0x392730,1,OBJECT,GLOBAL,DEFAULT,18,True
846,_ZN10AS80gaE4zW10Hg3QgaHmfNEv,AS80gaE4zW::Hg3QgaHmfN(),,0x1d75a8,72,FUNC,GLOBAL,DEFAULT,9,True
847,_ZN10w6qzgacqqy10H8bTga3P2OEhRK10C8THgaTQxF,"w6qzgacqqy::H8bTga3P2O(unsigned char, C8THgaTQxF const&)",,0x1ec0b4,152,FUNC,GLOBAL,DEFAULT,9,True
848,_ZN10R94BFa3XECD0Ev,R94BFa3XEC::~R94BFa3XEC(),,0x234bc0,32,FUNC,GLOBAL,DEFAULT,9,True
849,_ZTV20e4ZYfa8PV2Properties,vtable for e4ZYfa8PV2Properties,,0x37dc30,88,OBJECT,WEAK,DEFAULT,15,True
850,_ZN20w9XxgaJdbxPropertiesD2Ev,w9XxgaJdbxProperties::~w9XxgaJdbxProperties(),,0x1bf748,28,FUNC,WEAK,DEFAULT,9,True
851,_ZN10SsrLga3IwI10dB0IJaZ6t4Ev,SsrLga3IwI::dB0IJaZ6t4(),,0x1b3cd4,184,FUNC,GLOBAL,DEFAULT,9,True
852,_ZN10G0gxgajWBw10E453HaEJ3GEiRK10CanTfaz6bZ,"G0gxgajWBw::E453HaEJ3G(int, CanTfaz6bZ const&)",,0x21aa0c,164,FUNC,GLOBAL,DEFAULT,9,True
853,_ZN10Vx2_xajLEd10atu2xa6eIfE,Vx2_xajLEd::atu2xa6eIf,,0x2e808c,4,OBJECT,GLOBAL,DEFAULT,10,True
854,_ZN10W6NzgawMJy10A4Y6yaA_t9Ev,W6NzgawMJy::A4Y6yaA_t9(),,0x171e48,148,FUNC,GLOBAL,DEFAULT,9,True
855,_ZN10Kv6ugas5Mu10KbCBfbDKfKE,Kv6ugas5Mu::KbCBfbDKfK,,0x3a09d8,8,OBJECT,GLOBAL,DEFAULT,19,True
856,_ZN10SyVo2a61zD10jAiwga8eNvERK10cXoLgatBuI,SyVo2a61zD::jAiwga8eNv(cXoLgatBuI const&),,0x1dfb1c,164,FUNC,GLOBAL,DEFAULT,9,True
857,_ZN10eODlJaQ5OL10py0qgaE4krERK10C8THgaTQxF,eODlJaQ5OL::py0qgaE4kr(C8THgaTQxF const&),,0x23ec4c,4,FUNC,GLOBAL,DEFAULT,9,True
858,_ZN10_k_Bgam3zA10UPw0able3SENS_6RegionE,_k_Bgam3zA::UPw0able3S(_k_Bgam3zA::Region),,0x1c91a4,8,FUNC,GLOBAL,DEFAULT,9,True
859,af_autofitter_load_glyph,af_autofitter_load_glyph,,0x27e644,952,FUNC,GLOBAL,DEFAULT,9,True
860,strftime@LIBC (2),strftime,LIBC (2),0x0,0,FUNC,GLOBAL,DEFAULT,UND,False
861,_ZN10MpGzgariDy10Zl6EMabYbyEP10vy1JgaKVkH,MpGzgariDy::Zl6EMabYby(vy1JgaKVkH*),,0x19527c,108,FUNC,GLOBAL,DEFAULT,9,True
862,FT_Attach_Stream,FT_Attach_Stream,,0x25df98,160,FUNC,GLOBAL,DEFAULT,9,True
863,_ZN20hsuDgateQBPropertiesD0Ev,hsuDgateQBProperties::~hsuDgateQBProperties(),,0x1b6b94,56,FUNC,WEAK,DEFAULT,9,True
864,_ZN10zF9VgaBKxR10l8D0yaIn93Eddddb,"zF9VgaBKxR::l8D0yaIn93(double, double, double, double, bool)",,0x1a9ef8,452,FUNC,GLOBAL,DEFAULT,9,True
865,_ZN10RZNxgaOF2wD2Ev,RZNxgaOF2w::~RZNxgaOF2w(),,0x1e0970,116,FUNC,GLOBAL,DEFAULT,9,True
866,_ZN10a7qxJaHqKV10RGgiLaPEZoE,a7qxJaHqKV::RGgiLaPEZo,,0x3a0d3b,1,OBJECT,GLOBAL,DEFAULT,19,True
867,_ZN10J7zOgaf09KD2Ev,J7zOgaf09K::~J7zOgaf09K(),,0xe41c0,20,FUNC,WEAK,DEFAULT,9,True
868,_ZN10W6NzgawMJy10KcGULan7hVEii,"W6NzgawMJy::KcGULan7hV(int, int)",,0x1727e0,116,FUNC,GLOBAL,DEFAULT,9,True
869,pthread_join@LIBC (2),pthread_join,LIBC (2),0x0,0,FUNC,GLOBAL,DEFAULT,UND,False
870,jUrm2aY4uBw9XxgaJdbx,jUrm2aY4uBw9XxgaJdbx,,0x3a31e0,8,OBJECT,GLOBAL,DEFAULT,19,True
871,_ZN10AS80gaE4zW10l7cPgaSEHLEP10iHmzga6Hmy,AS80gaE4zW::l7cPgaSEHL(iHmzga6Hmy*),,0x1d4ffc,24,FUNC,GLOBAL,DEFAULT,9,True
872,_ZN10pdnkJaZ8KK10gR2rJau0cREjf,"pdnkJaZ8KK::gR2rJau0cR(unsigned int, float)",,0x243858,256,FUNC,GLOBAL,DEFAULT,9,True
873,_Z10LG6O2aDeCZv,LG6O2aDeCZ(),,0x20e4ac,48,FUNC,GLOBAL,DEFAULT,9,True
874,_ZN10MpGzgariDy10CPrDLa90NGEv,MpGzgariDy::CPrDLa90NG(),,0x18e9ac,8,FUNC,WEAK,DEFAULT,9,True
875,_ZN10K7FLgag3II10WCYiMaxCzfERK10C8THgaTQxF,K7FLgag3II::WCYiMaxCzf(C8THgaTQxF const&),,0x16f688,152,FUNC,GLOBAL,DEFAULT,9,True
876,_ZN10e4ZYfa8PV210WR0Lua3k0uEP10mTAogaaEip,e4ZYfa8PV2::WR0Lua3k0u(mTAogaaEip*),,0x235a50,76,FUNC,GLOBAL,DEFAULT,9,True
877,_ZN10ZOPBLaGcrF10QfjgLa_OknE,ZOPBLaGcrF::QfjgLa_Okn,,0x3a0fa4,4,OBJECT,GLOBAL,DEFAULT,19,True
878,_ZN10ieJzgaIFFy10eGQmwacWPQEi,ieJzgaIFFy::eGQmwacWPQ(int),,0x168ee8,4,FUNC,WEAK,DEFAULT,9,True
879,_ZN10AUzMgaePtJ4pushEfffff,"AUzMgaePtJ::push(float, float, float, float, float)",,0xff9f4,160,FUNC,GLOBAL,DEFAULT,9,True
880,_ZN10C8THgaTQxF10bhKcJa1xkEEiiibb,"C8THgaTQxF::bhKcJa1xkE(int, int, int, bool, bool)",,0xf2848,344,FUNC,GLOBAL,DEFAULT,9,True
881,_ZN10rizMgadjtJ10FzM7JaEt9pERK10qdSBga_dtAS2_S2_S2_S2_S2_,"rizMgadjtJ::FzM7JaEt9p(qdSBga_dtA const&, qdSBga_dtA const&, qdSBga_dtA const&, qdSBga_dtA const&, qdSBga_dtA const&, qdSBga_dtA const&)",,0x1e9868,636,FUNC,GLOBAL,DEFAULT,9,True
882,_Z10Msu4gaSeoZRK10C8THgaTQxF,Msu4gaSeoZ(C8THgaTQxF const&),,0xf4f20,488,FUNC,GLOBAL,DEFAULT,9,True
883,ft_validator_init,ft_validator_init,,0x259ac4,20,FUNC,GLOBAL,DEFAULT,9,True
884,_ZN10OYYKfaPU7R10kIgrVaZFyWERK10C8THgaTQxFiiiiiiiiPKhii,"OYYKfaPU7R::kIgrVaZFyW(C8THgaTQxF const&, int, int, int, int, int, int, int, int, unsigned char const*, int, int)",,0x102a54,704,FUNC,GLOBAL,DEFAULT,9,True
885,_ZN10n_rGfa49jOD1Ev,n_rGfa49jO::~n_rGfa49jO(),,0x1223c8,76,FUNC,GLOBAL,DEFAULT,9,True
886,_ZN10q4yI2aq75TD2Ev,q4yI2aq75T::~q4yI2aq75T(),,0x22f730,64,FUNC,WEAK,DEFAULT,9,True
887,_ZN10eHD62a2_beD1Ev,eHD62a2_be::~eHD62a2_be(),,0x11d484,4,FUNC,WEAK,DEFAULT,9,True
888,_ZN10xiYWfajld110KsbqLaWfEvE,xiYWfajld1::KsbqLaWfEv,,0x3a4d78,8,OBJECT,GLOBAL,DEFAULT,19,True
889,_ZTV10uSjUgask_P,vtable for uSjUgask_P,,0x372580,112,OBJECT,WEAK,DEFAULT,15,True
890,_ZN10_5EhmbQbtmC1Ev,_5EhmbQbtm::_5EhmbQbtm(),,0x11e160,68,FUNC,GLOBAL,DEFAULT,9,True
891,_ZN10cHovga0n1u10T5p2FaJzEZERK10C8THgaTQxF,cHovga0n1u::T5p2FaJzEZ(C8THgaTQxF const&),,0xe638c,548,FUNC,GLOBAL,DEFAULT,9,True
892,_ZN10s_YwgafWlwC1Ev,s_YwgafWlw::s_YwgafWlw(),,0x1db180,132,FUNC,GLOBAL,DEFAULT,9,True
893,FT_Open_Face,FT_Open_Face,,0x260b18,1708,FUNC,GLOBAL,DEFAULT,9,True
894,_ZN10Kc8uganwOu10M5XOFaCauNEi,Kc8uganwOu::M5XOFaCauN(int),,0x16982c,124,FUNC,GLOBAL,DEFAULT,9,True
895,_ZN10W6NzgawMJy10vQoWwaNvKjEv,W6NzgawMJy::vQoWwaNvKj(),,0x17bddc,248,FUNC,GLOBAL,DEFAULT,9,True
896,_ZN10cWWYfaxbT210mVBJ2aXvZUEP10c76BgaJBGAcRK10C8THgaTQxFPvS4_b,"cWWYfaxbT2::mVBJ2aXvZU(c76BgaJBGA*, char, C8THgaTQxF const&, void*, C8THgaTQxF const&, bool)",,0x22ef54,500,FUNC,GLOBAL,DEFAULT,9,True
897,FT_Glyph_Copy,FT_Glyph_Copy,,0x28038c,228,FUNC,GLOBAL,DEFAULT,9,True
898,_ZN10gqiNgaG64J10uUwHEa8heREv,gqiNgaG64J::uUwHEa8heR(),,0xe412c,8,FUNC,WEAK,DEFAULT,9,True
899,_Z10puGWGabmZJv,puGWGabmZJ(),,0x24fbf4,116,FUNC,GLOBAL,DEFAULT,9,True
900,_ZN10w6qzgacqqy10PHoeLaxoJlE,w6qzgacqqy::PHoeLaxoJl,,0x3a36a0,8,OBJECT,GLOBAL,DEFAULT,19,True
901,_ZN10gId5RaV8_610JhjWgazQFREv,gId5RaV8_6::JhjWgazQFR(),,0x248bec,136,FUNC,GLOBAL,DEFAULT,9,True
902,_ZN10f6WHgaQkAF10IQxvga548uERK10C8THgaTQxF,f6WHgaQkAF::IQxvga548u(C8THgaTQxF const&),,0xeef58,312,FUNC,GLOBAL,DEFAULT,9,True
903,getsockopt@LIBC (2),getsockopt,LIBC (2),0x0,0,FUNC,GLOBAL,DEFAULT,UND,False
904,tt_cmap6_char_index,tt_cmap6_char_index,,0x261ac4,72,FUNC,GLOBAL,DEFAULT,9,True
905,_ZN10nDIHgaJ9nF10Qy8JGa4OqzE,nDIHgaJ9nF::Qy8JGa4Oqz,,0x3a0b08,1,OBJECT,GLOBAL,DEFAULT,19,True
906,_ZN10LJyzga9PwyD0Ev,LJyzga9Pwy::~LJyzga9Pwy(),,0x109ae0,32,FUNC,GLOBAL,DEFAULT,9,True
907,_ZN10zW2NgaU4IK10iYjWfappG0EP10vy1JgaKVkHRK10C8THgaTQxF,"zW2NgaU4IK::iYjWfappG0(vy1JgaKVkH*, C8THgaTQxF const&)",,0x21c460,380,FUNC,GLOBAL,DEFAULT,9,True
908,glClear,glClear,,0x0,0,FUNC,GLOBAL,DEFAULT,UND,False
909,_ZNK10u3cBgayBVz10nq1pgaTOvqEv,u3cBgayBVz::nq1pgaTOvq() const,,0x20c404,20,FUNC,GLOBAL,DEFAULT,9,True
910,atexit,atexit,,0x24f3c0,8,FUNC,GLOBAL,DEFAULT,9,True
911,_ZN10G0gxgajWBw10wmLaMazsF8ERK10C8THgaTQxF,G0gxgajWBw::wmLaMazsF8(C8THgaTQxF const&),,0x21863c,380,FUNC,GLOBAL,DEFAULT,9,True
912,_ZN10w9XxgaJdbx10fK5BgaArFAEv,w9XxgaJdbx::fK5BgaArFA(),,0x1b7f3c,132,FUNC,GLOBAL,DEFAULT,9,True
913,_ZN10ieJzgaIFFy10yizVgakj2QEdb,"ieJzgaIFFy::yizVgakj2Q(double, bool)",,0x1614e8,36,FUNC,GLOBAL,DEFAULT,9,True
914,_Z10KpzP2app_Zv,KpzP2app_Z(),,0x20e954,136,FUNC,GLOBAL,DEFAULT,9,True
915,_ZN10LBgVgaqANQ10n_u3Ia4GywERK10C8THgaTQxF,LBgVgaqANQ::n_u3Ia4Gyw(C8THgaTQxF const&),,0x189b88,48,FUNC,GLOBAL,DEFAULT,9,True
916,_ZN6CyaInt17CyaSSL_FreeArraysEPNS_6CYASSLE,CyaInt::CyaSSL_FreeArrays(CyaInt::CYASSL*),,0x2d1384,32,FUNC,GLOBAL,DEFAULT,9,True
917,_Z20Vx2_xajLEdE7Bm2aaHDBRK10C8THgaTQxF,Vx2_xajLEdE7Bm2aaHDB(C8THgaTQxF const&),,0x1e7630,48,FUNC,GLOBAL,DEFAULT,9,True
918,_ZN10N67CMatrxw10CodpMarTPkEd,N67CMatrxw::CodpMarTPk(double),,0x231410,352,FUNC,GLOBAL,DEFAULT,9,True
919,_ZN10KsGWqbQkZg10JCFhCaeDtPEv,KsGWqbQkZg::JCFhCaeDtP(),,0x1ca5e4,4,FUNC,WEAK,DEFAULT,9,True
920,_ZN10SU3JfaCUmR10pxczfaO9dIEv,SU3JfaCUmR::pxczfaO9dI(),,0x10c69c,4,FUNC,GLOBAL,DEFAULT,9,True
921,_ZN10ZOPBLaGcrF10I0MBLafRoFEP10vuuHgangcFRK10C8THgaTQxFS4_S4_S4_ibi,"ZOPBLaGcrF::I0MBLafRoF(vuuHgangcF*, C8THgaTQxF const&, C8THgaTQxF const&, C8THgaTQxF const&, C8THgaTQxF const&, int, bool, int)",,0x16b218,1028,FUNC,GLOBAL,DEFAULT,9,True
922,_ZN10N67CMatrxw10qFYqMasEimERK10C8THgaTQxF,N67CMatrxw::qFYqMasEim(C8THgaTQxF const&),,0x2346f4,96,FUNC,GLOBAL,DEFAULT,9,True
923,_Z10DS5y2aHy8Lv,DS5y2aHy8L(),,0x1e3634,156,FUNC,GLOBAL,DEFAULT,9,True
924,_Z10_yMA_aetygRK10C8THgaTQxF,_yMA_aetyg(C8THgaTQxF const&),,0x20f0e4,212,FUNC,GLOBAL,DEFAULT,9,True
925,_ZN10psSDxavq9U10YfGuSa79psERK10C8THgaTQxF,psSDxavq9U::YfGuSa79ps(C8THgaTQxF const&),,0x202684,8,FUNC,GLOBAL,DEFAULT,9,True
926,_ZN10ySrpgaC30p10nn9ogamvMpEi,ySrpgaC30p::nn9ogamvMp(int),,0xf67bc,8,FUNC,WEAK,DEFAULT,9,True
927,uzvDgataRBOnln2aNBfC,uzvDgataRBOnln2aNBfC,,0x3a30f0,8,OBJECT,GLOBAL,DEFAULT,19,True
928,_ZN20w9XxgaJdbxPropertiesC1Ev,w9XxgaJdbxProperties::w9XxgaJdbxProperties(),,0x1b8c44,184,FUNC,GLOBAL,DEFAULT,9,True
929,_ZN10ZOPBLaGcrF10HzPhvaG_BWERK10C8THgaTQxFi,"ZOPBLaGcrF::HzPhvaG_BW(C8THgaTQxF const&, int)",,0x16b6ec,148,FUNC,GLOBAL,DEFAULT,9,True
930,FT_Get_CMap_Format,FT_Get_CMap_Format,,0x25ac8c,112,FUNC,GLOBAL,DEFAULT,9,True
931,_ZN20hsuDgateQBPropertiesC1Ev,hsuDgateQBProperties::hsuDgateQBProperties(),,0x1b62e8,136,FUNC,GLOBAL,DEFAULT,9,True
932,_ZThn16_N20zF9VgaBKxRPropertiesD0Ev,non-virtual thunk to zF9VgaBKxRProperties::~zF9VgaBKxRProperties(),,0x1afc98,8,FUNC,WEAK,DEFAULT,9,True
933,_ZN10KGeN2aIY1XD1Ev,KGeN2aIY1X::~KGeN2aIY1X(),,0x22f6a8,64,FUNC,WEAK,DEFAULT,9,True
934,_ZN20ieJzgaIFFyPropertiesC2Ev,ieJzgaIFFyProperties::ieJzgaIFFyProperties(),,0x1618f0,176,FUNC,GLOBAL,DEFAULT,9,True
935,_ZN10awDo2aJRkD10jt2iIafHDTERK10cXoLgatBuI,awDo2aJRkD::jt2iIafHDT(cXoLgatBuI const&),,0x1de438,228,FUNC,GLOBAL,DEFAULT,9,True
936,_ZN10N67CMatrxw10vZIuMassspERK10C8THgaTQxF,N67CMatrxw::vZIuMasssp(C8THgaTQxF const&),,0x23029c,4,FUNC,GLOBAL,DEFAULT,9,True
937,_ZN10W6NzgawMJy10SbtRwaFaBfEv,W6NzgawMJy::SbtRwaFaBf(),,0x174dc4,220,FUNC,GLOBAL,DEFAULT,9,True
938,_ZTV20gId5RaV8_6Properties,vtable for gId5RaV8_6Properties,,0x37f3f0,88,OBJECT,WEAK,DEFAULT,15,True
939,_ZN10FOb5fbmyZ8C1ERK10C8THgaTQxFRK10CanTfaz6bZP10G0gxgajWBw,"FOb5fbmyZ8::FOb5fbmyZ8(C8THgaTQxF const&, CanTfaz6bZ const&, G0gxgajWBw*)",,0x22fe78,428,FUNC,GLOBAL,DEFAULT,9,True
940,FT_New_Memory,FT_New_Memory,,0x2617ec,72,FUNC,GLOBAL,DEFAULT,9,True
941,_ZN10zeksfaZDrC10RpmsfaqttCEii,"zeksfaZDrC::RpmsfaqttC(int, int)",,0x1afb24,8,FUNC,WEAK,DEFAULT,9,True
942,_ZN6CyaInt15cipher_name_idxE,CyaInt::cipher_name_idx,,0x39fea0,32,OBJECT,GLOBAL,DEFAULT,18,True
943,_ZN10s_YwgafWlw10LcTxgao36wERK10cXoLgatBuI,s_YwgafWlw::LcTxgao36w(cXoLgatBuI const&),,0x1dc1bc,104,FUNC,GLOBAL,DEFAULT,9,True
944,_ZN10iHmzga6HmyD2Ev,iHmzga6Hmy::~iHmzga6Hmy(),,0x1d2ef0,132,FUNC,GLOBAL,DEFAULT,9,True
945,_ZN10PO392awP4gD1Ev,PO392awP4g::~PO392awP4g(),,0x11d488,68,FUNC,WEAK,DEFAULT,9,True
946,FT_Get_CMap_Language_ID,FT_Get_CMap_Language_ID,,0x25ac1c,112,FUNC,GLOBAL,DEFAULT,9,True
947,_Z10LHSCgazDjBv,LHSCgazDjB(),,0x1b6af0,128,FUNC,GLOBAL,DEFAULT,9,True
948,_ZNK10C8THgaTQxF10JtTLgaLhUIERKS_,C8THgaTQxF::JtTLgaLhUI(C8THgaTQxF const&) const,,0xf4174,248,FUNC,GLOBAL,DEFAULT,9,True
949,_ZN10oMhmIajzmW10sToJfagyOQEv,oMhmIajzmW::sToJfagyOQ(),,0x100a04,80,FUNC,WEAK,DEFAULT,9,True
950,_ZN10etUmgaa7Sn10wLedJaB1KEE,etUmgaa7Sn::wLedJaB1KE,,0x2dba14,1,OBJECT,GLOBAL,DEFAULT,10,True
951,_ZN10w9XxgaJdbx10KPrj1ab1YIEv,w9XxgaJdbx::KPrj1ab1YI(),,0x1b96c8,108,FUNC,GLOBAL,DEFAULT,9,True
952,_Z10YJ4ayasBWmv,YJ4ayasBWm(),,0x20da0c,168,FUNC,GLOBAL,DEFAULT,9,True
953,_ZN10zfJa3aJGDhD0Ev,zfJa3aJGDh::~zfJa3aJGDh(),,0x11d644,48,FUNC,WEAK,DEFAULT,9,True
954,_ZN10ieJzgaIFFy10rGmrwapHDUEv,ieJzgaIFFy::rGmrwapHDU(),,0x168f00,4,FUNC,WEAK,DEFAULT,9,True
955,n5c9Hb7CmL,n5c9Hb7CmL,,0x3a0f78,8,OBJECT,GLOBAL,DEFAULT,19,True
956,_ZN10w6qzgacqqy10I3b8xaMLvkERK10C8THgaTQxF,w6qzgacqqy::I3b8xaMLvk(C8THgaTQxF const&),,0x1fb6c4,472,FUNC,GLOBAL,DEFAULT,9,True
957,_ZN10znLtuaytEf10EtbngaAg7nEi,znLtuaytEf::EtbngaAg7n(int),,0x16ac4c,68,FUNC,GLOBAL,DEFAULT,9,True
958,_ZN10mTAogaaEip10vHLSPajKGfEv,mTAogaaEip::vHLSPajKGf(),,0x222608,796,FUNC,GLOBAL,DEFAULT,9,True
959,_ZN10vuuHgangcF10TF9BgaVKIAEPS_ii,"vuuHgangcF::TF9BgaVKIA(vuuHgangcF*, int, int)",,0xf7790,244,FUNC,GLOBAL,DEFAULT,9,True
960,_Z10HmacUpdateP4HmacPKhj,"HmacUpdate(Hmac*, unsigned char const*, unsigned int)",,0x2d57cc,252,FUNC,GLOBAL,DEFAULT,9,True
961,JB8SQaoR_5,JB8SQaoR_5,,0x396108,4,OBJECT,GLOBAL,DEFAULT,18,True
962,_ZN6CyaInt33CyaSSL_CTX_set_session_cache_modeEPNS_10CYASSL_CTXEl,"CyaInt::CyaSSL_CTX_set_session_cache_mode(CyaInt::CYASSL_CTX*, long)",,0x2d2a60,48,FUNC,GLOBAL,DEFAULT,9,True
963,BZ2_bzlibVersion,BZ2_bzlibVersion,,0x28261c,12,FUNC,GLOBAL,DEFAULT,9,True
964,_ZN10X7DzgannBy10bN_t_aXqRaEv,X7DzgannBy::bN_t_aXqRa(),,0x1964e0,112,FUNC,GLOBAL,DEFAULT,9,True
965,_ZN10mTAogaaEip10O_koPavh5QEv,mTAogaaEip::O_koPavh5Q(),,0x22634c,148,FUNC,GLOBAL,DEFAULT,9,True
966,_ZN10K7FLgag3II10zGQdNarWf1E,K7FLgag3II::zGQdNarWf1,,0x3a1995,1,OBJECT,GLOBAL,DEFAULT,19,True
967,FT_Stream_GetOffset,FT_Stream_GetOffset,,0x25c724,68,FUNC,GLOBAL,DEFAULT,9,True
968,_ZN10W6NzgawMJy10xZarJauRtQEi,W6NzgawMJy::xZarJauRtQ(int),,0x182850,104,FUNC,GLOBAL,DEFAULT,9,True
969,_Z10UhHdJaQ17ERK10C8THgaTQxF,UhHdJaQ17E(C8THgaTQxF const&),,0xf6090,272,FUNC,GLOBAL,DEFAULT,9,True
970,_ZN20_YTgFa6HPkPropertiesD1Ev,_YTgFa6HPkProperties::~_YTgFa6HPkProperties(),,0x1b09e4,28,FUNC,WEAK,DEFAULT,9,True
971,_ZN10W6NzgawMJy10FrkOwa0OXcEv,W6NzgawMJy::FrkOwa0OXc(),,0x171ab4,124,FUNC,GLOBAL,DEFAULT,9,True
972,_ZN10Fcx_gaoydV10atuEEa6eGOEj,Fcx_gaoydV::atuEEa6eGO(unsigned int),,0x117320,352,FUNC,GLOBAL,DEFAULT,9,True
973,_ZN10oMhmIajzmW10PbT6faC2oaEiPfiRK10C8THgaTQxFS0_b,"oMhmIajzmW::PbT6faC2oa(int, float*, int, C8THgaTQxF const&, float*, bool)",,0x106244,172,FUNC,GLOBAL,DEFAULT,9,True
974,_ZN6CyaInt17DoApplicationDataEPNS_6CYASSLEPhPj,"CyaInt::DoApplicationData(CyaInt::CYASSL*, unsigned char*, unsigned int*)",,0x2d7c74,604,FUNC,GLOBAL,DEFAULT,9,True
975,_ZN10uSjUgask_PC1EP10LJyzga9PwyRK10C8THgaTQxFiii,"uSjUgask_P::uSjUgask_P(LJyzga9Pwy*, C8THgaTQxF const&, int, int, int)",,0x107338,168,FUNC,GLOBAL,DEFAULT,9,True
976,_ZN10_thLgaWjoI10AqDGwa_Mt6ERK10C8THgaTQxF,_thLgaWjoI::AqDGwa_Mt6(C8THgaTQxF const&),,0x1cb97c,96,FUNC,GLOBAL,DEFAULT,9,True
977,_Z10nirdJa9zVERK10C8THgaTQxF,nirdJa9zVE(C8THgaTQxF const&),,0xf5e14,324,FUNC,GLOBAL,DEFAULT,9,True
978,_ZN10s40xgamwex10E5l9KaocuhEP10OYYKfaPU7Rffffiiii,"s40xgamwex::E5l9Kaocuh(OYYKfaPU7R*, float, float, float, float, int, int, int, int)",,0x105588,304,FUNC,GLOBAL,DEFAULT,9,True
979,ft_grays_raster1,ft_grays_raster1,,0x371298,48,OBJECT,GLOBAL,DEFAULT,15,True
980,_Z15yajl_buf_appendP10yajl_buf_tPKvm,"yajl_buf_append(yajl_buf_t*, void const*, unsigned long)",,0x2bcdf0,304,FUNC,GLOBAL,DEFAULT,9,True
981,_ZN10s_viIa9wbT10cU8hIaX5SSEv,s_viIa9wbT::cU8hIaX5SS(),,0x16bb04,980,FUNC,GLOBAL,DEFAULT,9,True
982,_ZN10_thLgaWjoI10pqxXgaPJHSEv,_thLgaWjoI::pqxXgaPJHS(),,0x1ccb60,448,FUNC,GLOBAL,DEFAULT,9,True
983,_ZN10w6qzgacqqy10YAQDxaTR7UE,w6qzgacqqy::YAQDxaTR7U,,0x3a36c8,8,OBJECT,GLOBAL,DEFAULT,19,True
984,_ZN10ZPvEDawoHY10mZ4rxajOeLERK10cXoLgatBuI,ZPvEDawoHY::mZ4rxajOeL(cXoLgatBuI const&),,0x1bf878,40,FUNC,GLOBAL,DEFAULT,9,True
985,_ZN20EqV_Ka3Vx9PropertiesD2Ev,EqV_Ka3Vx9Properties::~EqV_Ka3Vx9Properties(),,0x1b3130,28,FUNC,WEAK,DEFAULT,9,True
986,_Z10R3jeJaVuFFRK10C8THgaTQxF,R3jeJaVuFF(C8THgaTQxF const&),,0xf5780,244,FUNC,GLOBAL,DEFAULT,9,True
987,_ZTV10LBgVgaqANQ,vtable for LBgVgaqANQ,,0x3746f0,880,OBJECT,WEAK,DEFAULT,15,True
988,_ZN10SsrLga3IwI10JUDJBatb0lEP10w9XxgaJdbxRK10cXoLgatBuI,"SsrLga3IwI::JUDJBatb0l(w9XxgaJdbx*, cXoLgatBuI const&)",,0x1b45c4,164,FUNC,GLOBAL,DEFAULT,9,True
989,jpeg_write_marker,jpeg_write_marker,,0x2a5668,180,FUNC,GLOBAL,DEFAULT,9,True
990,_Z20ZwL1xarB5eE7Bm2aaHDBRK10C8THgaTQxF,ZwL1xarB5eE7Bm2aaHDB(C8THgaTQxF const&),,0x1e7938,48,FUNC,GLOBAL,DEFAULT,9,True
991,_ZN10w6qzgacqqy10pYadyawQHoEdd,"w6qzgacqqy::pYadyawQHo(double, double)",,0x1fc980,616,FUNC,GLOBAL,DEFAULT,9,True
992,_ZN10Ox9zJa6D1X10pIS3IaYDSwEv,Ox9zJa6D1X::pIS3IaYDSw(),,0x23c070,72,FUNC,GLOBAL,DEFAULT,9,True
993,_Z25yajl_string_validate_utf8PKhm,"yajl_string_validate_utf8(unsigned char const*, unsigned long)",,0x2c1054,284,FUNC,GLOBAL,DEFAULT,9,True
994,_ZN10N67CMatrxw10XzgcMa1yW9Ev,N67CMatrxw::XzgcMa1yW9(),,0x2339b4,180,FUNC,GLOBAL,DEFAULT,9,True
995,W583PaMg6p,W583PaMg6p,,0x391610,64,OBJECT,GLOBAL,DEFAULT,18,True
996,RZNxgaOF2wOnln2aNBfC,RZNxgaOF2wOnln2aNBfC,,0x3a3560,8,OBJECT,GLOBAL,DEFAULT,19,True
997,_ZN10eHD62a2_be10kCI62aW8feEv,eHD62a2_be::kCI62aW8fe(),,0x11af58,36,FUNC,GLOBAL,DEFAULT,9,True
998,_ZN10OYYKfaPU7R10OY5TgaPDOPEPhii,"OYYKfaPU7R::OY5TgaPDOP(unsigned char*, int, int)",,0x104dd0,4,FUNC,WEAK,DEFAULT,9,True
999,_Z20c3fygag7qxE7Bm2aaHDBRK10C8THgaTQxF,c3fygag7qxE7Bm2aaHDB(C8THgaTQxF const&),,0x1dd888,48,FUNC,GLOBAL,DEFAULT,9,True
1000,_ZN10JQknDa08eKD2Ev,JQknDa08eK::~JQknDa08eK(),,0x19b008,116,FUNC,GLOBAL,DEFAULT,9,True
1001,_ZN10imqXgalNBSC1Ev,imqXgalNBS::imqXgalNBS(),,0x1e4a18,108,FUNC,GLOBAL,DEFAULT,9,True
1002,_ZN10ieJzgaIFFyC1EP10zF9VgaBKxR,ieJzgaIFFy::ieJzgaIFFy(zF9VgaBKxR*),,0x161a24,1836,FUNC,GLOBAL,DEFAULT,9,True
1003,_ZN10wp1umbbOIx10RpmsfaqttCEii,"wp1umbbOIx::RpmsfaqttC(int, int)",,0x1a9480,112,FUNC,GLOBAL,DEFAULT,9,True
1004,_ZN10eODlJaQ5OL10tIIEga1dSCEP10W6NzgawMJy,eODlJaQ5OL::tIIEga1dSC(W6NzgawMJy*),,0x2402f8,784,FUNC,GLOBAL,DEFAULT,9,True
1005,_ZNK10S2m6gab0Y_10cH35gaVII_Ev,S2m6gab0Y_::cH35gaVII_() const,,0x1d3f48,40,FUNC,GLOBAL,DEFAULT,9,True
1006,_ZN10eODlJaQ5OL10gtHggaibFiEP10W6NzgawMJy,eODlJaQ5OL::gtHggaibFi(W6NzgawMJy*),,0x2410bc,152,FUNC,GLOBAL,DEFAULT,9,True
1007,_ZN10JQknDa08eKC2Ei,JQknDa08eK::JQknDa08eK(int),,0x19af6c,156,FUNC,GLOBAL,DEFAULT,9,True
1008,GOA8KahAQg,GOA8KahAQg,,0x392488,8,OBJECT,GLOBAL,DEFAULT,18,True
1009,_ZN10Fcx_gaoydV10VnW5BaOJBFEv,Fcx_gaoydV::VnW5BaOJBF(),,0x11692c,84,FUNC,GLOBAL,DEFAULT,9,True
1010,_ZN10psSDxavq9U10gUchYaVs5jEv,psSDxavq9U::gUchYaVs5j(),,0x202780,12,FUNC,GLOBAL,DEFAULT,9,True
1011,_ZN6CyaInt24CyaSSL_check_domain_nameEPNS_6CYASSLEPKc,"CyaInt::CyaSSL_check_domain_name(CyaInt::CYASSL*, char const*)",,0x2d3358,132,FUNC,GLOBAL,DEFAULT,9,True
1012,_ZN6CyaInt14CyaSSL_CTX_newEPNS_13CYASSL_METHODE,CyaInt::CyaSSL_CTX_new(CyaInt::CYASSL_METHOD*),,0x2d190c,144,FUNC,GLOBAL,DEFAULT,9,True
1013,_ZN20XCASBayqxtPropertiesC1Ev,XCASBayqxtProperties::XCASBayqxtProperties(),,0x1b0c04,176,FUNC,GLOBAL,DEFAULT,9,True
1014,_ZN10psSDxavq9U10w0hMYa9LeKEj,psSDxavq9U::w0hMYa9LeK(unsigned int),,0x20268c,244,FUNC,GLOBAL,DEFAULT,9,True
1015,fcntl@LIBC (2),fcntl,LIBC (2),0x0,0,FUNC,GLOBAL,DEFAULT,UND,False
1016,_ZN6CyaInt9mp_div_2dEPNS_6mp_intEiS1_S1_,"CyaInt::mp_div_2d(CyaInt::mp_int*, int, CyaInt::mp_int*, CyaInt::mp_int*)",,0x2c6778,448,FUNC,GLOBAL,DEFAULT,9,True
1017,_ZTV20pdnkJaZ8KKProperties,vtable for pdnkJaZ8KKProperties,,0x37e690,88,OBJECT,WEAK,DEFAULT,15,True
1018,_Z10e7lTBaFdbuv,e7lTBaFdbu(),,0x1e5bc8,128,FUNC,GLOBAL,DEFAULT,9,True
1019,e6cwJaVDIU,e6cwJaVDIU,,0x38a190,4,OBJECT,GLOBAL,DEFAULT,18,True
1020,_ZN10KKhLga4xoI10FAaLgaAwiIERK10C8THgaTQxF,KKhLga4xoI::FAaLgaAwiI(C8THgaTQxF const&),,0xeaac0,388,FUNC,GLOBAL,DEFAULT,9,True
1021,_Z10ZdoB2ay_3Nv,ZdoB2ay_3N(),,0x20e4dc,4,FUNC,GLOBAL,DEFAULT,9,True
1022,vLIombAgps,vLIombAgps,,0x3929d0,64,OBJECT,GLOBAL,DEFAULT,18,True
1023,_ZN10BP3Kfa2PcS10LwlPfajJOVEv,BP3Kfa2PcS::LwlPfajJOV(),,0x10ae90,64,FUNC,GLOBAL,DEFAULT,9,True
1024,_ZN20Q8n_Fa6V5WPropertiesC1Ev,Q8n_Fa6V5WProperties::Q8n_Fa6V5WProperties(),,0x1ca73c,176,FUNC,GLOBAL,DEFAULT,9,True
1025,jUrm2aY4uBc3fygag7qx,jUrm2aY4uBc3fygag7qx,,0x3a34d8,8,OBJECT,GLOBAL,DEFAULT,19,True
1026,_Z10tuOuxal5wNRK10bagMga8cdJ,tuOuxal5wN(bagMga8cdJ const&),,0x1e7dc0,176,FUNC,GLOBAL,DEFAULT,9,True
1027,jUrm2aY4uB_thLgaWjoI,jUrm2aY4uB_thLgaWjoI,,0x3a3368,8,OBJECT,GLOBAL,DEFAULT,19,True
1028,_ZN10KsGWqbQkZg10JuyKBaBDMmEv,KsGWqbQkZg::JuyKBaBDMm(),,0x1ca5e8,28,FUNC,WEAK,DEFAULT,9,True
1029,wRNyJaEyTW,wRNyJaEyTW,,0x3a3180,1,OBJECT,GLOBAL,DEFAULT,19,True
1030,_ZN20uzvDgataRBPropertiesD0Ev,uzvDgataRBProperties::~uzvDgataRBProperties(),,0x1b20d4,56,FUNC,WEAK,DEFAULT,9,True
1031,_ZN10l8eTfaIl5YC1ERK10CanTfaz6bZ,l8eTfaIl5Y::l8eTfaIl5Y(CanTfaz6bZ const&),,0x21f9c0,260,FUNC,GLOBAL,DEFAULT,9,True
1032,_ZN10K7FLgag3II10J0v1MagyTRE,K7FLgag3II::J0v1MagyTR,,0x3a1930,1,OBJECT,GLOBAL,DEFAULT,19,True
1033,_ZN10fEVMgax6LJ10spDMga7LwJEi,fEVMgax6LJ::spDMga7LwJ(int),,0xe3730,4,FUNC,WEAK,DEFAULT,9,True
1034,_ZN10_thLgaWjoI10q2hwgaKNMvERK10cXoLgatBuI,_thLgaWjoI::q2hwgaKNMv(cXoLgatBuI const&),,0x1cbddc,420,FUNC,GLOBAL,DEFAULT,9,True
1035,_ZN10SsrLga3IwIC1EP10LJyzga9Pwy,SsrLga3IwI::SsrLga3IwI(LJyzga9Pwy*),,0x1b33b0,368,FUNC,GLOBAL,DEFAULT,9,True
1036,_ZN10IUKzgam4Gy10gV9_ZaRXKMERK10C8THgaTQxF,IUKzgam4Gy::gV9_ZaRXKM(C8THgaTQxF const&),,0xe24a0,56,FUNC,GLOBAL,DEFAULT,9,True
1037,_ZN20IoTkgardbmPropertiesD1Ev,IoTkgardbmProperties::~IoTkgardbmProperties(),,0x16d260,28,FUNC,WEAK,DEFAULT,9,True
1038,_ZN10NVxhJah9mIC1ERK10C8THgaTQxF,NVxhJah9mI::NVxhJah9mI(C8THgaTQxF const&),,0x10b580,136,FUNC,GLOBAL,DEFAULT,9,True
1039,_ZN10a7qxJaHqKV10HYZJJaOKi5EPvii,"a7qxJaHqKV::HYZJJaOKi5(void*, int, int)",,0x15fe9c,244,FUNC,GLOBAL,DEFAULT,9,True
1040,_ZN10pdnkJaZ8KK10H6RnJah8GNEP10vy1JgaKVkHRK10C8THgaTQxFff,"pdnkJaZ8KK::H6RnJah8GN(vy1JgaKVkH*, C8THgaTQxF const&, float, float)",,0x24317c,188,FUNC,GLOBAL,DEFAULT,9,True
1041,_ZN10NVxhJah9mI10IFbhJaQq4HEb,NVxhJah9mI::IFbhJaQq4H(bool),,0x10b72c,124,FUNC,GLOBAL,DEFAULT,9,True
1042,_ZN10FZpembCtKj10oJUhmbNkGmEv,FZpembCtKj::oJUhmbNkGm(),,0x11e12c,52,FUNC,GLOBAL,DEFAULT,9,True
1043,_Z10_slS2abGk1v,_slS2abGk1(),,0xff65c,400,FUNC,GLOBAL,DEFAULT,9,True
1044,_ZNK10XoqxgaMPJw10GCRCgabJiBEi,XoqxgaMPJw::GCRCgabJiB(int) const,,0x114f70,144,FUNC,GLOBAL,DEFAULT,9,True
1045,_ZN10StGQIaOlWk10cRcoIakqZXEv,StGQIaOlWk::cRcoIakqZX(),,0x10f560,4,FUNC,GLOBAL,DEFAULT,9,True
1046,_ZN10Q8n_Fa6V5W10lATwgagnhwEPvRK10C8THgaTQxF,"Q8n_Fa6V5W::lATwgagnhw(void*, C8THgaTQxF const&)",,0x1cb268,244,FUNC,GLOBAL,DEFAULT,9,True
1047,NN32YayObZ,NN32YayObZ,,0x3917f0,80,OBJECT,GLOBAL,DEFAULT,18,True
1048,_ZN10_k_Bgam3zA10KHqDgay4MBERK10i7FHgaP2lF,_k_Bgam3zA::KHqDgay4MB(i7FHgaP2lF const&),,0x1c6fe4,2304,FUNC,GLOBAL,DEFAULT,9,True
1049,crc32,crc32,,0x28ce60,828,FUNC,GLOBAL,DEFAULT,9,True
1050,_ZN10w9XxgaJdbx10Wb0w1aPMnUE,w9XxgaJdbx::Wb0w1aPMnU,,0x3a31f0,8,OBJECT,GLOBAL,DEFAULT,19,True
1051,_ZN10ApdygafUoxC2EP10c3fygag7qx,ApdygafUox::ApdygafUox(c3fygag7qx*),,0x1dd52c,100,FUNC,GLOBAL,DEFAULT,9,True
1052,_ZN10a7qxJaHqKV10LvYNBatwEpEv,a7qxJaHqKV::LvYNBatwEp(),,0x1603f4,100,FUNC,GLOBAL,DEFAULT,9,True
1053,EppFLaj_rI,EppFLaj_rI,,0x3a0c90,8,OBJECT,GLOBAL,DEFAULT,19,True
1054,_ZN10uzvDgataRBC1Ev,uzvDgataRB::uzvDgataRB(),,0x1b15e8,104,FUNC,GLOBAL,DEFAULT,9,True
1055,_ZN10V8fxgahcBw10gNKT2a1Yv2Ev,V8fxgahcBw::gNKT2a1Yv2(),,0x11af7c,120,FUNC,GLOBAL,DEFAULT,9,True
1056,_ZN10reub2aL2gsD1Ev,reub2aL2gs::~reub2aL2gs(),,0x20ddc0,20,FUNC,WEAK,DEFAULT,9,True
1057,_ZN10zW2NgaU4IK10X1lSfak9kYEv,zW2NgaU4IK::X1lSfak9kY(),,0x21bbc4,116,FUNC,GLOBAL,DEFAULT,9,True
1058,_ZN8TUnicode10BzGLwaAqJaEPKcii,"TUnicode::BzGLwaAqJa(char const*, int, int)",,0x113140,216,FUNC,GLOBAL,DEFAULT,9,True
1059,_ZN10VGEwBaTQ4a6resizeERK10eY2wgaf6pwS2_,"VGEwBaTQ4a::resize(eY2wgaf6pw const&, eY2wgaf6pw const&)",,0x1e5c48,84,FUNC,GLOBAL,DEFAULT,9,True
1060,_ZN10m0ka3aUhjh10rMBEgasoMCEv,m0ka3aUhjh::rMBEgasoMC(),,0x11d400,100,FUNC,WEAK,DEFAULT,9,True
1061,_ZN10_k_Bgam3zA10bvLrxaOzYKERK10cXoLgatBuI,_k_Bgam3zA::bvLrxaOzYK(cXoLgatBuI const&),,0x1c69e4,164,FUNC,GLOBAL,DEFAULT,9,True
1062,_ZN10PfQXva4zXuIdED1Ev,PfQXva4zXu<double>::~PfQXva4zXu(),,0x18ed78,20,FUNC,WEAK,DEFAULT,9,True
1063,_ZN10zF9VgaBKxR10b9PRwaiuUfERK10C8THgaTQxFiiii,"zF9VgaBKxR::b9PRwaiuUf(C8THgaTQxF const&, int, int, int, int)",,0x1a8be0,692,FUNC,GLOBAL,DEFAULT,9,True
1064,_ZN10zF9VgaBKxR10X9ulmb3PHpEv,zF9VgaBKxR::X9ulmb3PHp(),,0x1aba5c,140,FUNC,GLOBAL,DEFAULT,9,True
1065,_ZN10W6NzgawMJy10rgGswaraKVEb,W6NzgawMJy::rgGswaraKV(bool),,0x17f9ac,108,FUNC,WEAK,DEFAULT,9,True
1066,_Z6deskeyPKhsPm,"deskey(unsigned char const*, short, unsigned long*)",,0x2547ac,628,FUNC,GLOBAL,DEFAULT,9,True
1067,ft_outline_glyph_done,ft_outline_glyph_done,,0x27ff58,12,FUNC,GLOBAL,DEFAULT,9,True
1068,_ZN10TZf6gaQ3S_10vg75gavJL_ERi,TZf6gaQ3S_::vg75gavJL_(int&),,0x10fd70,44,FUNC,GLOBAL,DEFAULT,9,True
1069,FT_Stream_ReadShortLE,FT_Stream_ReadShortLE,,0x25cc3c,172,FUNC,GLOBAL,DEFAULT,9,True
1070,_Z10fz9Q2aeFk0v,fz9Q2aeFk0(),,0x249e8c,48,FUNC,GLOBAL,DEFAULT,9,True
1071,_ZN20XCASBayqxtPropertiesD2Ev,XCASBayqxtProperties::~XCASBayqxtProperties(),,0x1b1354,28,FUNC,WEAK,DEFAULT,9,True
1072,_ZNK10vuuHgangcF10iVjofaNm4yERK10C8THgaTQxF,vuuHgangcF::iVjofaNm4y(C8THgaTQxF const&) const,,0xf7904,236,FUNC,GLOBAL,DEFAULT,9,True
1073,_ZN10K7FLgag3II10gJ3jMaLKugE,K7FLgag3II::gJ3jMaLKug,,0x3a1968,8,OBJECT,GLOBAL,DEFAULT,19,True
1074,_ZN10VGk7faT0MaC2Ev,VGk7faT0Ma::VGk7faT0Ma(),,0x1e52b8,116,FUNC,GLOBAL,DEFAULT,9,True
1075,ft_highpow2,ft_highpow2,,0x261330,24,FUNC,GLOBAL,DEFAULT,9,True
1076,_ZThn16_N20u0eyga1eqxPropertiesD1Ev,non-virtual thunk to u0eyga1eqxProperties::~u0eyga1eqxProperties(),,0x1e3e9c,8,FUNC,WEAK,DEFAULT,9,True
1077,_ZN10oMhmIajzmWD0Ev,oMhmIajzmW::~oMhmIajzmW(),,0x1066a8,32,FUNC,GLOBAL,DEFAULT,9,True
1078,_ZN10hsuDgateQBC1Ev,hsuDgateQB::hsuDgateQB(),,0x1b642c,100,FUNC,GLOBAL,DEFAULT,9,True
1079,_ZN10pdnkJaZ8KK10MdwwIafJY3EP10Ox9zJa6D1XP10rizMgadjtJ,"pdnkJaZ8KK::MdwwIafJY3(Ox9zJa6D1X*, rizMgadjtJ*)",,0x244310,1800,FUNC,GLOBAL,DEFAULT,9,True
1080,_ZN10mTAogaaEip10iW1LOaDe1jEv,mTAogaaEip::iW1LOaDe1j(),,0x224bd0,264,FUNC,GLOBAL,DEFAULT,9,True
1081,FT_SqrtFixed,FT_SqrtFixed,,0x2596d4,84,FUNC,GLOBAL,DEFAULT,9,True
1082,_Z10UUTiJaEEvJRK10V6P7faBscb,UUTiJaEEvJ(V6P7faBscb const&),,0x1e8050,504,FUNC,GLOBAL,DEFAULT,9,True
1083,_ZN10G0gxgajWBw10PADGMaKVtzERK10C8THgaTQxFPS_,"G0gxgajWBw::PADGMaKVtz(C8THgaTQxF const&, G0gxgajWBw*)",,0x215074,88,FUNC,GLOBAL,DEFAULT,9,True
1084,_ZN10_k_Bgam3zA10UBrxbbzQKjEii,"_k_Bgam3zA::UBrxbbzQKj(int, int)",,0x1c62f8,304,FUNC,GLOBAL,DEFAULT,9,True
1085,_ZN10s_YwgafWlw10jAiwga8eNvERK10cXoLgatBuI,s_YwgafWlw::jAiwga8eNv(cXoLgatBuI const&),,0x1dbd34,208,FUNC,GLOBAL,DEFAULT,9,True
1086,_ZN10w6qzgacqqy10eHq4xaX3khEP10MpGzgariDy,w6qzgacqqy::eHq4xaX3kh(MpGzgariDy*),,0x1ebcd8,408,FUNC,GLOBAL,DEFAULT,9,True
1087,_ZneRK10C8THgaTQxFS1_,"operator!=(C8THgaTQxF const&, C8THgaTQxF const&)",,0xf3464,164,FUNC,GLOBAL,DEFAULT,9,True
1088,_ZN10u0eyga1eqx5clearEv,u0eyga1eqx::clear(),,0x1e21f8,168,FUNC,GLOBAL,DEFAULT,9,True
1089,difftime@LIBC (2),difftime,LIBC (2),0x0,0,FUNC,GLOBAL,DEFAULT,UND,False
1090,_ZN10cWWYfaxbT2D2Ev,cWWYfaxbT2::~cWWYfaxbT2(),,0x22f598,64,FUNC,WEAK,DEFAULT,9,True
1091,_Z10NVs_GanX9Mv,NVs_GanX9M(),,0x24fdb0,76,FUNC,GLOBAL,DEFAULT,9,True
1092,_ZN10LJyzga9Pwy10Bg_0gaH_rWEb,LJyzga9Pwy::Bg_0gaH_rW(bool),,0x108ed4,4,FUNC,GLOBAL,DEFAULT,9,True
1093,_ZN10_thLgaWjoI10D1IGwa0uy6Ev,_thLgaWjoI::D1IGwa0uy6(),,0x1cc248,164,FUNC,GLOBAL,DEFAULT,9,True
1094,_ZN10W6NzgawMJy10BBd0Lag3N_Ev,W6NzgawMJy::BBd0Lag3N_(),,0x17f5e4,80,FUNC,WEAK,DEFAULT,9,True
1095,_ZN20awDo2aJRkDPropertiesC1Ev,awDo2aJRkDProperties::awDo2aJRkDProperties(),,0x1de65c,176,FUNC,GLOBAL,DEFAULT,9,True
1096,_ZN10XCASBayqxt10P1KwgacbawEv,XCASBayqxt::P1Kwgacbaw(),,0x1b0ff0,64,FUNC,GLOBAL,DEFAULT,9,True
1097,_ZN10W6NzgawMJy10d2dswarqmVEv,W6NzgawMJy::d2dswarqmV(),,0x17f864,40,FUNC,WEAK,DEFAULT,9,True
1098,_ZN10SsrLga3IwI10fdfZgaPp8TERK10eY2wgaf6pw,SsrLga3IwI::fdfZgaPp8T(eY2wgaf6pw const&),,0x1b3954,100,FUNC,GLOBAL,DEFAULT,9,True
1099,_ZN20w9XxgaJdbxPropertiesD1Ev,w9XxgaJdbxProperties::~w9XxgaJdbxProperties(),,0x1bf748,28,FUNC,WEAK,DEFAULT,9,True
1100,_ZN10ZAuvgaUl6u10xreGHaNL8lERK10C8THgaTQxFRS0_RiS3_Rb,"ZAuvgaUl6u::xreGHaNL8l(C8THgaTQxF const&, C8THgaTQxF&, int&, C8THgaTQxF&, bool&)",,0x206534,596,FUNC,GLOBAL,DEFAULT,9,True
1101,_ZN10MpGzgariDy10sSM0LawJg0Ev,MpGzgariDy::sSM0LawJg0(),,0x18ea3c,8,FUNC,WEAK,DEFAULT,9,True
1102,_ZN20l8eTfaIl5YPropertiesC1Ev,l8eTfaIl5YProperties::l8eTfaIl5YProperties(),,0x21f924,156,FUNC,GLOBAL,DEFAULT,9,True
1103,_ZN10iHmzga6Hmy10aulnNaXGf9Ev,iHmzga6Hmy::aulnNaXGf9(),,0x1d1bb8,304,FUNC,GLOBAL,DEFAULT,9,True
1104,FT_Cos,FT_Cos,,0x25cf2c,236,FUNC,GLOBAL,DEFAULT,9,True
1105,_ZN10UU64BayqVEC1EiiiiiiiP10NLT0HaSwmE,"UU64BayqVE::UU64BayqVE(int, int, int, int, int, int, int, NLT0HaSwmE*)",,0x1153b8,44,FUNC,GLOBAL,DEFAULT,9,True
1106,_ZN10wp1umbbOIx10IrrsfaYHxCEiiRK10C8THgaTQxF,"wp1umbbOIx::IrrsfaYHxC(int, int, C8THgaTQxF const&)",,0x1afa00,168,FUNC,GLOBAL,DEFAULT,9,True
1107,_ZN10W6NzgawMJy10gsXUwamDwiEc,W6NzgawMJy::gsXUwamDwi(char),,0x174afc,148,FUNC,GLOBAL,DEFAULT,9,True
1108,_ZN6CyaInt12mp_reduce_2kEPNS_6mp_intES1_j,"CyaInt::mp_reduce_2k(CyaInt::mp_int*, CyaInt::mp_int*, unsigned int)",,0x2c8c6c,244,FUNC,GLOBAL,DEFAULT,9,True
1109,_Z23jinit_c_coef_controllerP20jpeg_compress_structi,"jinit_c_coef_controller(jpeg_compress_struct*, int)",,0x2afe2c,336,FUNC,GLOBAL,DEFAULT,9,True
1110,FT_Face_GetCharVariantIndex,FT_Face_GetCharVariantIndex,,0x25adac,204,FUNC,GLOBAL,DEFAULT,9,True
1111,_ZN8TUnicode18convertUTF8ToLatinEPKc,TUnicode::convertUTF8ToLatin(char const*),,0x112634,688,FUNC,GLOBAL,DEFAULT,9,True
1112,FT_Outline_Translate,FT_Outline_Translate,,0x25bc04,72,FUNC,GLOBAL,DEFAULT,9,True
1113,_ZNK10XoqxgaMPJw10t8QCgaQjiBEv,XoqxgaMPJw::t8QCgaQjiB() const,,0x11485c,48,FUNC,GLOBAL,DEFAULT,9,True
1114,_ZN10X7ZxganTcx5clearEv,X7ZxganTcx::clear(),,0x1001a8,116,FUNC,GLOBAL,DEFAULT,9,True
1115,_ZN10W6NzgawMJy10mFbtwaoqaWEv,W6NzgawMJy::mFbtwaoqaW(),,0x17f634,80,FUNC,WEAK,DEFAULT,9,True
1116,_ZThn16_N20AICTfaebpZPropertiesD1Ev,non-virtual thunk to AICTfaebpZProperties::~AICTfaebpZProperties(),,0x21e514,8,FUNC,WEAK,DEFAULT,9,True
1117,GZxfLaDcHm,GZxfLaDcHm,,0x392258,8,OBJECT,GLOBAL,DEFAULT,18,True
1118,_ZN10zF9VgaBKxR10rRAVgazC3QEi,zF9VgaBKxR::rRAVgazC3Q(int),,0x1ae3ec,408,FUNC,GLOBAL,DEFAULT,9,True
1119,_ZThn16_N20s_YwgafWlwPropertiesD0Ev,non-virtual thunk to s_YwgafWlwProperties::~s_YwgafWlwProperties(),,0x1dc940,8,FUNC,WEAK,DEFAULT,9,True
1120,_Z10znASKaydx2v,znASKaydx2(),,0x105b60,248,FUNC,GLOBAL,DEFAULT,9,True
1121,_ZN10esKIvakHfi10wmbOvaFaQmEv,esKIvakHfi::wmbOvaFaQm(),,0xfc4b4,184,FUNC,GLOBAL,DEFAULT,9,True
1122,_ZN10W6NzgawMJy10tA8owaoQLSEi,W6NzgawMJy::tA8owaoQLS(int),,0x170dd0,204,FUNC,GLOBAL,DEFAULT,9,True
1123,_ZN20dJ10YaC3tXPropertiesC1Ev,dJ10YaC3tXProperties::dJ10YaC3tXProperties(),,0x2482cc,156,FUNC,GLOBAL,DEFAULT,9,True
1124,_ZN10QYZugaRKGu10mfC_IawNhtE,QYZugaRKGu::mfC_IawNht,,0x3a0030,8,OBJECT,GLOBAL,DEFAULT,19,True
1125,_ZN10W6NzgawMJy10nYLSwauYGgEv,W6NzgawMJy::nYLSwauYGg(),,0x1a0c24,1316,FUNC,GLOBAL,DEFAULT,9,True
1126,FT_Stream_GetLong,FT_Stream_GetLong,,0x25c768,76,FUNC,GLOBAL,DEFAULT,9,True
1127,_ZN10AS80gaE4zW10JNHPgaAs6LERK10eY2wgaf6pw,AS80gaE4zW::JNHPgaAs6L(eY2wgaf6pw const&),,0x1d5054,60,FUNC,GLOBAL,DEFAULT,9,True
1128,jpeg_set_defaults,jpeg_set_defaults,,0x2a9248,932,FUNC,GLOBAL,DEFAULT,9,True
1129,_ZN10W6NzgawMJy10JNAzwauzy0Ev,W6NzgawMJy::JNAzwauzy0(),,0x172d6c,96,FUNC,GLOBAL,DEFAULT,9,True
1130,_ZN10znLtuaytEf10YpS5OaxoyBERK10C8THgaTQxF,znLtuaytEf::YpS5OaxoyB(C8THgaTQxF const&),,0x16aa84,68,FUNC,GLOBAL,DEFAULT,9,True
1131,__android_log_write,__android_log_write,,0x0,0,FUNC,GLOBAL,DEFAULT,UND,False
1132,_ZNK10S2m6gab0Y_10PU25gaz3H_Ev,S2m6gab0Y_::PU25gaz3H_() const,,0x1d3efc,32,FUNC,GLOBAL,DEFAULT,9,True
1133,ft_smooth_lcdv_renderer_class1,ft_smooth_lcdv_renderer_class1,,0x37ff98,120,OBJECT,GLOBAL,DEFAULT,15,True
1134,_ZN10PfQXva4zXuIsE10m6pngaXzjoERK10CanTfaz6bZ,PfQXva4zXu<short>::m6pngaXzjo(CanTfaz6bZ const&),,0x1afed0,208,FUNC,WEAK,DEFAULT,9,True
1135,_Z19jinit_marker_readerP22jpeg_decompress_struct,jinit_marker_reader(jpeg_decompress_struct*),,0x29c498,248,FUNC,GLOBAL,DEFAULT,9,True
1136,_ZN10w9XxgaJdbx10QsYBgaWtyAEv,w9XxgaJdbx::QsYBgaWtyA(),,0x1bd1f4,256,FUNC,GLOBAL,DEFAULT,9,True
1137,_ZN10c3fygag7qxD0Ev,c3fygag7qx::~c3fygag7qx(),,0x1dcbb0,32,FUNC,GLOBAL,DEFAULT,9,True
1138,_ZN10Zb7cUaSFEU10yq16Ta3OwPEv,Zb7cUaSFEU::yq16Ta3OwP(),,0xecad8,128,FUNC,GLOBAL,DEFAULT,9,True
1139,jUrm2aY4uBEYKlVaL7UR,jUrm2aY4uBEYKlVaL7UR,,0x3a3518,8,OBJECT,GLOBAL,DEFAULT,19,True
1140,_ZN10VGk7faT0MaD1Ev,VGk7faT0Ma::~VGk7faT0Ma(),,0x1e56d0,84,FUNC,WEAK,DEFAULT,9,True
1141,_ZN10SyVo2a61zDD0Ev,SyVo2a61zD::~SyVo2a61zD(),,0x1ddf00,32,FUNC,GLOBAL,DEFAULT,9,True
1142,_ZN10oMhmIajzmW10fHamIa3BgWEiPfiP10uSjUgask_PS0_b,"oMhmIajzmW::fHamIa3BgW(int, float*, int, uSjUgask_P*, float*, bool)",,0x106cf8,1000,FUNC,GLOBAL,DEFAULT,9,True
1143,_ZTV10FY2VgaG6rR,vtable for FY2VgaG6rR,,0x373fd0,432,OBJECT,WEAK,DEFAULT,15,True
1144,_ZN10Fkb1ga78BW10H8bTga3P2OERK10C8THgaTQxF,Fkb1ga78BW::H8bTga3P2O(C8THgaTQxF const&),,0x1d3220,1672,FUNC,GLOBAL,DEFAULT,9,True
1145,jpeg_finish_output,jpeg_finish_output,,0x298da8,188,FUNC,GLOBAL,DEFAULT,9,True
1146,_ZN10uK2SHaPVVw10btKSHa7HFwERK10C8THgaTQxFS2_,"uK2SHaPVVw::btKSHa7HFw(C8THgaTQxF const&, C8THgaTQxF const&)",,0x20de90,316,FUNC,GLOBAL,DEFAULT,9,True
1147,_ZN10V8fxgahcBw10kVqLgaVfwIEv,V8fxgahcBw::kVqLgaVfwI(),,0x11c834,76,FUNC,GLOBAL,DEFAULT,9,True
1148,_ZN10m9DfJatoMG10mgCpgamO9pEv,m9DfJatoMG::mgCpgamO9p(),,0xf6808,60,FUNC,WEAK,DEFAULT,9,True
1149,_ZN20k1h4JaIMdnPropertiesD0Ev,k1h4JaIMdnProperties::~k1h4JaIMdnProperties(),,0x248aa8,56,FUNC,WEAK,DEFAULT,9,True
1150,tt_cmap8_class_rec1,tt_cmap8_class_rec1,,0x37fd90,104,OBJECT,GLOBAL,DEFAULT,15,True
1151,_Z10J0azkbmTcVv,J0azkbmTcV(),,0x20e7b8,196,FUNC,GLOBAL,DEFAULT,9,True
1152,_ZN10eHD62a2_beD2Ev,eHD62a2_be::~eHD62a2_be(),,0x11d484,4,FUNC,WEAK,DEFAULT,9,True
1153,_ZN20ZAuvgaUl6uPropertiesC1Ev,ZAuvgaUl6uProperties::ZAuvgaUl6uProperties(),,0x204c5c,156,FUNC,GLOBAL,DEFAULT,9,True
1154,_ZN10hsuDgateQBD0Ev,hsuDgateQB::~hsuDgateQB(),,0x1b6c08,60,FUNC,WEAK,DEFAULT,9,True
1155,_ZN10cHovga0n1u10oIf7Fa2PI2ERK10C8THgaTQxFS2_,"cHovga0n1u::oIf7Fa2PI2(C8THgaTQxF const&, C8THgaTQxF const&)",,0xe6974,520,FUNC,GLOBAL,DEFAULT,9,True
1156,_ZN10yVOJMa8r9BD2Ev,yVOJMa8r9B::~yVOJMa8r9B(),,0x227828,500,FUNC,GLOBAL,DEFAULT,9,True
1157,_ZN20e4ZYfa8PV2PropertiesD0Ev,e4ZYfa8PV2Properties::~e4ZYfa8PV2Properties(),,0x236d3c,56,FUNC,WEAK,DEFAULT,9,True
1158,_ZN6CyaInt18mp_reduce_2k_setupEPNS_6mp_intEPj,"CyaInt::mp_reduce_2k_setup(CyaInt::mp_int*, unsigned int*)",,0x2c8a40,200,FUNC,GLOBAL,DEFAULT,9,True
1159,_Z20mH33wa4I1qE7Bm2aaHDBRK10C8THgaTQxF,mH33wa4I1qE7Bm2aaHDB(C8THgaTQxF const&),,0x2372c4,48,FUNC,GLOBAL,DEFAULT,9,True
1160,_ZN10V8fxgahcBw10cghT2ac861EiiiiRK10C8THgaTQxFiiii,"V8fxgahcBw::cghT2ac861(int, int, int, int, C8THgaTQxF const&, int, int, int, int)",,0x11b228,464,FUNC,GLOBAL,DEFAULT,9,True
1161,_ZN10s40xgamwex10rnrCLaqEXFERK10C8THgaTQxFS2_S2_iiiiiiiffibbbiiRK10bagMga8cdJ,"s40xgamwex::rnrCLaqEXF(C8THgaTQxF const&, C8THgaTQxF const&, C8THgaTQxF const&, int, int, int, int, int, int, int, float, float, int, bool, bool, bool, int, int, bagMga8cdJ const&)",,0x105c58,1344,FUNC,GLOBAL,DEFAULT,9,True
1162,_ZN10LJyzga9Pwy10dtIEgaf1RCEv,LJyzga9Pwy::dtIEgaf1RC(),,0x10aa64,84,FUNC,GLOBAL,DEFAULT,9,True
1163,_ZN10OYYKfaPU7R10ph8oValALUEfffffRK10bagMga8cdJ,"OYYKfaPU7R::ph8oValALU(float, float, float, float, float, bagMga8cdJ const&)",,0x103890,1372,FUNC,GLOBAL,DEFAULT,9,True
1164,_ZN10_5EhmbQbtm10IBFembnCXjEv,_5EhmbQbtm::IBFembnCXj(),,0x122510,3128,FUNC,GLOBAL,DEFAULT,9,True
1165,_ZN10ZAuvgaUl6u10DBNGHaolCmEv,ZAuvgaUl6u::DBNGHaolCm(),,0x207558,1684,FUNC,GLOBAL,DEFAULT,9,True
1166,_ZN10etUmgaa7Sn10VUbdJaFDIEE,etUmgaa7Sn::VUbdJaFDIE,,0x2dba15,1,OBJECT,GLOBAL,DEFAULT,10,True
1167,_ZN10ieJzgaIFFy10e9W7IarniAERK10C8THgaTQxFb,"ieJzgaIFFy::e9W7IarniA(C8THgaTQxF const&, bool)",,0x168a9c,92,FUNC,GLOBAL,DEFAULT,9,True
1168,_ZN10FY2VgaG6rR10aw1ggaJTWiEv,FY2VgaG6rR::aw1ggaJTWi(),,0x16d918,44,FUNC,GLOBAL,DEFAULT,9,True
1169,_ZN10XJLBgarMnA10PWkBgafe1zEv,XJLBgarMnA::PWkBgafe1z(),,0x20b78c,32,FUNC,GLOBAL,DEFAULT,9,True
1170,QCBSZargyF,QCBSZargyF,,0x392670,128,OBJECT,GLOBAL,DEFAULT,18,True
1171,_ZN10LBgVgaqANQ10XmPXfa5PW1Ev,LBgVgaqANQ::XmPXfa5PW1(),,0x1859ec,1572,FUNC,GLOBAL,DEFAULT,9,True
1172,_ZN10w6qzgacqqy10WZb7xaNHFjERK10C8THgaTQxF,w6qzgacqqy::WZb7xaNHFj(C8THgaTQxF const&),,0x1feb28,428,FUNC,GLOBAL,DEFAULT,9,True
1173,_Z10Drb4waZe8qv,Drb4waZe8q(),,0x2372f4,224,FUNC,GLOBAL,DEFAULT,9,True
1174,_ZN10e4ZYfa8PV210eh9ZuaaqUGEP10LBgVgaqANQ,e4ZYfa8PV2::eh9ZuaaqUG(LBgVgaqANQ*),,0x234d98,28,FUNC,GLOBAL,DEFAULT,9,True
1175,_ZN10w6qzgacqqy10mDH6xaOjfjERK10C8THgaTQxFS2_,"w6qzgacqqy::mDH6xaOjfj(C8THgaTQxF const&, C8THgaTQxF const&)",,0x1fecd4,844,FUNC,GLOBAL,DEFAULT,9,True
1176,jpeg_abort,jpeg_abort,,0x2a9a50,84,FUNC,GLOBAL,DEFAULT,9,True
1177,_Z20w9XxgaJdbxE7Bm2aaHDBRK10C8THgaTQxF,w9XxgaJdbxE7Bm2aaHDB(C8THgaTQxF const&),,0x1b9040,48,FUNC,GLOBAL,DEFAULT,9,True
1178,_ZN10_thLgaWjoIC2Ev,_thLgaWjoI::_thLgaWjoI(),,0x1cb80c,120,FUNC,GLOBAL,DEFAULT,9,True
1179,_ZN10BEXWLaNNcXC1Eb,BEXWLaNNcX::BEXWLaNNcX(bool),,0x23ae18,20,FUNC,GLOBAL,DEFAULT,9,True
1180,_bss_end__,_bss_end__,,0x3a7c88,0,NOTYPE,GLOBAL,DEFAULT,ABS,True
1181,_ZN10e4ZYfa8PV210AzqjvazYXXERK10C8THgaTQxF,e4ZYfa8PV2::AzqjvazYXX(C8THgaTQxF const&),,0x235c18,48,FUNC,GLOBAL,DEFAULT,9,True
1182,unzGetOffset1,unzGetOffset1,,0x258fe0,76,FUNC,GLOBAL,DEFAULT,9,True
1183,_ZN10N67CMatrxw10vcTVfae3i0ERK10C8THgaTQxFS2_S2_,"N67CMatrxw::vcTVfae3i0(C8THgaTQxF const&, C8THgaTQxF const&, C8THgaTQxF const&)",,0x2302a0,720,FUNC,GLOBAL,DEFAULT,9,True
1184,_ZN6CyaInt11MakeTLSv1_1Ev,CyaInt::MakeTLSv1_1(),,0x2d45e4,24,FUNC,GLOBAL,DEFAULT,9,True
1185,_ZN10TZf6gaQ3S_10T8Jn4a9qAiEi,TZf6gaQ3S_::T8Jn4a9qAi(int),,0x10fd9c,116,FUNC,GLOBAL,DEFAULT,9,True
1186,_ZN10OV5NOaoBLlD1Ev,OV5NOaoBLl::~OV5NOaoBLl(),,0x22c810,72,FUNC,WEAK,DEFAULT,9,True
1187,_ZN10GbMhIaz9yS10AbhQgat4AMEv,GbMhIaz9yS::AbhQgat4AM(),,0x1c2264,256,FUNC,GLOBAL,DEFAULT,9,True
1188,_ZN10ZAuvgaUl6u10PiREHavsZkEv,ZAuvgaUl6u::PiREHavsZk(),,0x204f3c,196,FUNC,GLOBAL,DEFAULT,9,True
1189,_ZN10StGQIaOlWk4initEv,StGQIaOlWk::init(),,0x10f62c,148,FUNC,GLOBAL,DEFAULT,9,True
1190,_ZN20ZAuvgaUl6uPropertiesD0Ev,ZAuvgaUl6uProperties::~ZAuvgaUl6uProperties(),,0x20826c,56,FUNC,WEAK,DEFAULT,9,True
1191,_ZN10a7qxJaHqKV10PrIiLa4_lpE,a7qxJaHqKV::PrIiLa4_lp,,0x3a0d38,1,OBJECT,GLOBAL,DEFAULT,19,True
1192,_ZN10zW2NgaU4IKC1ERK10C8THgaTQxF,zW2NgaU4IK::zW2NgaU4IK(C8THgaTQxF const&),,0x21b728,508,FUNC,GLOBAL,DEFAULT,9,True
1193,_ZNK10CanTfaz6bZ6EqualsERKS_,CanTfaz6bZ::Equals(CanTfaz6bZ const&) const,,0xf8ec8,140,FUNC,GLOBAL,DEFAULT,9,True
1194,_ZN10K7FLgag3II10BhtdNarfX0E,K7FLgag3II::BhtdNarfX0,,0x38e163,1,OBJECT,GLOBAL,DEFAULT,18,True
1195,_ZN10GbMhIaz9yS10pqxXgaPJHSEv,GbMhIaz9yS::pqxXgaPJHS(),,0x1c0f08,76,FUNC,GLOBAL,DEFAULT,9,True
1196,_Z16ferror_file_funcPvS_,"ferror_file_func(void*, void*)",,0x259168,8,FUNC,GLOBAL,DEFAULT,9,True
1197,_ZN10SyVo2a61zDC1Ev,SyVo2a61zD::SyVo2a61zD(),,0x1de51c,96,FUNC,GLOBAL,DEFAULT,9,True
1198,_ZN6CyaInt8mp_div_2EPNS_6mp_intES1_,"CyaInt::mp_div_2(CyaInt::mp_int*, CyaInt::mp_int*)",,0x2c6fc0,324,FUNC,GLOBAL,DEFAULT,9,True
1199,_ZN10irqhGaERgb10tIIEga1dSCEP10W6NzgawMJy,irqhGaERgb::tIIEga1dSC(W6NzgawMJy*),,0x246f44,428,FUNC,GLOBAL,DEFAULT,9,True
1200,_ZN10ZAuvgaUl6u10Kl9qHa2ts9ERK10C8THgaTQxF,ZAuvgaUl6u::Kl9qHa2ts9(C8THgaTQxF const&),,0x2073dc,32,FUNC,GLOBAL,DEFAULT,9,True
1201,_ZNK10C8THgaTQxF5lowerEv,C8THgaTQxF::lower() const,,0xf4840,288,FUNC,GLOBAL,DEFAULT,9,True
1202,_ZN10SEPCMa33gw10TOy5fbuUh9EP10G0gxgajWBw,SEPCMa33gw::TOy5fbuUh9(G0gxgajWBw*),,0x22fd50,172,FUNC,GLOBAL,DEFAULT,9,True
1203,_ZTV20k1h4JaIMdnProperties,vtable for k1h4JaIMdnProperties,,0x37f1e0,88,OBJECT,WEAK,DEFAULT,15,True
1204,_ZN10ovXCga6FnB10JycNKaYa0YEPhiiiiiiPKhiiiiPK10NLT0HaSwmE,"ovXCga6FnB::JycNKaYa0Y(unsigned char*, int, int, int, int, int, int, unsigned char const*, int, int, int, int, NLT0HaSwmE const*)",,0x152498,1076,FUNC,GLOBAL,DEFAULT,9,True
1205,_ZN10Fcx_gaoydV10LSrJFaP3QIEjjR10dVIHgaIooF,"Fcx_gaoydV::LSrJFaP3QI(unsigned int, unsigned int, dVIHgaIooF&)",,0x11679c,400,FUNC,GLOBAL,DEFAULT,9,True
1206,_ZN20_k_Bgam3zAPropertiesC2Ev,_k_Bgam3zAProperties::_k_Bgam3zAProperties(),,0x1c52bc,176,FUNC,GLOBAL,DEFAULT,9,True
1207,_ZN20dJ10YaC3tXPropertiesD0Ev,dJ10YaC3tXProperties::~dJ10YaC3tXProperties(),,0x2485c0,56,FUNC,WEAK,DEFAULT,9,True
1208,_ZN6CyaInt13mp_init_multiEPNS_6mp_intES1_S1_S1_S1_S1_,"CyaInt::mp_init_multi(CyaInt::mp_int*, CyaInt::mp_int*, CyaInt::mp_int*, CyaInt::mp_int*, CyaInt::mp_int*, CyaInt::mp_int*)",,0x2c61f4,380,FUNC,GLOBAL,DEFAULT,9,True
1209,_ZN10EbOa3arQHh10Qqi72af7KeEP10K9562aXNAe,EbOa3arQHh::Qqi72af7Ke(K9562aXNAe*),,0x11d8c8,164,FUNC,WEAK,DEFAULT,9,True
1210,_ZN20k1h4JaIMdnPropertiesC1Ev,k1h4JaIMdnProperties::k1h4JaIMdnProperties(),,0x248968,156,FUNC,GLOBAL,DEFAULT,9,True
1211,_Z20KsGWqbQkZgE7Bm2aaHDBRK10C8THgaTQxF,KsGWqbQkZgE7Bm2aaHDB(C8THgaTQxF const&),,0x1ca0b0,48,FUNC,GLOBAL,DEFAULT,9,True
1212,_ZN10yVOJMa8r9BC1Ev,yVOJMa8r9B::yVOJMa8r9B(),,0x21fc54,256,FUNC,GLOBAL,DEFAULT,9,True
1213,_ZN10IIAnGagvsg10lzPnGaq_EgE,IIAnGagvsg::lzPnGaq_Eg,,0x3a0768,4,OBJECT,GLOBAL,DEFAULT,19,True
1214,jpeg_CreateCompress2,jpeg_CreateCompress2,,0x2a5358,268,FUNC,GLOBAL,DEFAULT,9,True
1215,_ZN20pdnkJaZ8KKPropertiesD0Ev,pdnkJaZ8KKProperties::~pdnkJaZ8KKProperties(),,0x245d88,56,FUNC,WEAK,DEFAULT,9,True
1216,_ZN10_k_Bgam3zAD1Ev,_k_Bgam3zA::~_k_Bgam3zA(),,0x1c9b84,52,FUNC,WEAK,DEFAULT,9,True
1217,_ZN10pdnkJaZ8KKD0Ev,pdnkJaZ8KK::~pdnkJaZ8KK(),,0x24315c,32,FUNC,GLOBAL,DEFAULT,9,True
1218,_ZN10_HTugbItBuC1EP10ieJzgaIFFyi,"_HTugbItBu::_HTugbItBu(ieJzgaIFFy*, int)",,0x1619a0,132,FUNC,GLOBAL,DEFAULT,9,True
1219,FT_Set_Debug_Hook,FT_Set_Debug_Hook,,0x25b324,40,FUNC,GLOBAL,DEFAULT,9,True
1220,_ZN6CyaInt37CyaSSL_CTX_use_certificate_chain_fileEPNS_10CYASSL_CTXEPKc,"CyaInt::CyaSSL_CTX_use_certificate_chain_file(CyaInt::CYASSL_CTX*, char const*)",,0x2d2978,52,FUNC,GLOBAL,DEFAULT,9,True
1221,_ZNK10KsGWqbQkZg10eVxz1aJ8vWERK10qdSBga_dtAbb,"KsGWqbQkZg::eVxz1aJ8vW(qdSBga_dtA const&, bool, bool) const",,0x1c9e14,312,FUNC,GLOBAL,DEFAULT,9,True
1222,_Z10thaoSapgXmP10RH6ygazf9xRK10C8THgaTQxFb,"thaoSapgXm(RH6ygazf9x*, C8THgaTQxF const&, bool)",,0x210038,316,FUNC,GLOBAL,DEFAULT,9,True
1223,_ZN10StGQIaOlWk10WLjAga6eazEb,StGQIaOlWk::WLjAga6eaz(bool),,0x10f564,4,FUNC,GLOBAL,DEFAULT,9,True
1224,_ZN10ZPvEDawoHY10bdqDgaFFMBERK10eY2wgaf6pw,ZPvEDawoHY::bdqDgaFFMB(eY2wgaf6pw const&),,0x1bf8a8,76,FUNC,GLOBAL,DEFAULT,9,True
1225,_ZN10ohGYZakbFKC2Ev,ohGYZakbFK::ohGYZakbFK(),,0xe4070,40,FUNC,GLOBAL,DEFAULT,9,True
1226,_ZN10pdnkJaZ8KK10pPXiJaXWyJEv,pdnkJaZ8KK::pPXiJaXWyJ(),,0x24355c,92,FUNC,GLOBAL,DEFAULT,9,True
1227,_ZN10NiVAFatPFB10vxNWQaOh48Ev,NiVAFatPFB::vxNWQaOh48(),,0xed3a4,156,FUNC,GLOBAL,DEFAULT,9,True
1228,_ZN10ovXCga6FnB10L3bJKaPLDVEPhiiiiPKhiiiiii,"ovXCga6FnB::L3bJKaPLDV(unsigned char*, int, int, int, int, unsigned char const*, int, int, int, int, int, int)",,0x14c53c,648,FUNC,GLOBAL,DEFAULT,9,True
1229,_ZNK10_k_Bgam3zA10eVxz1aJ8vWERK10qdSBga_dtAbb,"_k_Bgam3zA::eVxz1aJ8vW(qdSBga_dtA const&, bool, bool) const",,0x1c92d4,104,FUNC,GLOBAL,DEFAULT,9,True
1230,_ZNK10eODlJaQ5OL10X7tcXanY6pEv,eODlJaQ5OL::X7tcXanY6p() const,,0x23f838,368,FUNC,GLOBAL,DEFAULT,9,True
1231,Write_CVT,Write_CVT,,0x26b9d0,12,FUNC,GLOBAL,DEFAULT,9,True
1232,_ZN10s_YwgafWlw10O09b4al2Q8ERK10eY2wgaf6pw,s_YwgafWlw::O09b4al2Q8(eY2wgaf6pw const&),,0x1dbc44,240,FUNC,GLOBAL,DEFAULT,9,True
1233,_ZN10w6qzgacqqy10tlQuLaGEyzE,w6qzgacqqy::tlQuLaGEyz,,0x3a3720,1,OBJECT,GLOBAL,DEFAULT,19,True
1234,_edata,_edata,,0x39fec0,0,NOTYPE,GLOBAL,DEFAULT,ABS,True
1235,_ZN10w9XxgaJdbx10zaQqFaCvbtERK10cXoLgatBuI,w9XxgaJdbx::zaQqFaCvbt(cXoLgatBuI const&),,0x1b73e4,60,FUNC,GLOBAL,DEFAULT,9,True
1236,_ZN10Ox9zJa6D1XD1Ev,Ox9zJa6D1X::~Ox9zJa6D1X(),,0x23bf48,132,FUNC,GLOBAL,DEFAULT,9,True
1237,find_cipher_any,find_cipher_any,,0x2551a4,168,FUNC,GLOBAL,DEFAULT,9,True
1238,_ZN10_k_Bgam3zA10IAewabxTJsEv,_k_Bgam3zA::IAewabxTJs(),,0x1c6798,8,FUNC,GLOBAL,DEFAULT,9,True
1239,_ZN10e4ZYfa8PV210fNjKua0fAtERK10C8THgaTQxF,e4ZYfa8PV2::fNjKua0fAt(C8THgaTQxF const&),,0x236a60,32,FUNC,GLOBAL,DEFAULT,9,True
1240,_ZNK10RWahgahP3i10UZ9_JaR0KjEv,RWahgahP3i::UZ9_JaR0Kj() const,,0x1ea4d8,208,FUNC,GLOBAL,DEFAULT,9,True
1241,_ZN20G0gxgajWBwPropertiesD1Ev,G0gxgajWBwProperties::~G0gxgajWBwProperties(),,0x21adb4,28,FUNC,WEAK,DEFAULT,9,True
1242,_ZN10l8eTfaIl5YD0Ev,l8eTfaIl5Y::~l8eTfaIl5Y(),,0x227808,32,FUNC,GLOBAL,DEFAULT,9,True
1243,_ZN6CyaInt22CyaSSLv3_client_methodEv,CyaInt::CyaSSLv3_client_method(),,0x2d2b18,56,FUNC,GLOBAL,DEFAULT,9,True
1244,_ZN10zW2NgaU4IKD2Ev,zW2NgaU4IK::~zW2NgaU4IK(),,0x21bc38,196,FUNC,GLOBAL,DEFAULT,9,True
1245,_ZN10mTAogaaEip10KmtlPaNjGOEv,mTAogaaEip::KmtlPaNjGO(),,0x2200c4,140,FUNC,GLOBAL,DEFAULT,9,True
1246,_ZN10EYKlVaL7URC1ERK10C8THgaTQxF,EYKlVaL7UR::EYKlVaL7UR(C8THgaTQxF const&),,0x1dfe0c,48,FUNC,GLOBAL,DEFAULT,9,True
1247,_ZN10BEXWLaNNcX10XL8VLa1ZwWEii,"BEXWLaNNcX::XL8VLa1ZwW(int, int)",,0x23bb2c,780,FUNC,GLOBAL,DEFAULT,9,True
1248,_ZN10SU3JfaCUmR10FA8HfaAQKPERK10lKR7faAPdb,SU3JfaCUmR::FA8HfaAQKP(lKR7faAPdb const&),,0x10c5ec,48,FUNC,GLOBAL,DEFAULT,9,True
1249,_ZN10MpGzgariDy10tA8owaoQLSEi,MpGzgariDy::tA8owaoQLS(int),,0x18ea14,8,FUNC,WEAK,DEFAULT,9,True
1250,_ZN10eODlJaQ5OL10pIS3IaYDSwEv,eODlJaQ5OL::pIS3IaYDSw(),,0x23f6dc,72,FUNC,GLOBAL,DEFAULT,9,True
1251,_ZN10w9XxgaJdbx10ZBTi1aEovIEb,w9XxgaJdbx::ZBTi1aEovI(bool),,0x1bcab8,116,FUNC,GLOBAL,DEFAULT,9,True
1252,de_VgaDYoR,de_VgaDYoR,,0x3a0c88,8,OBJECT,GLOBAL,DEFAULT,19,True
1253,_ZN10V8fxgahcBw10j9gLgaw2nIEv,V8fxgahcBw::j9gLgaw2nI(),,0x11a590,188,FUNC,GLOBAL,DEFAULT,9,True
1254,_ZN10PO392awP4gC2EP10V8fxgahcBwRK10eY2wgaf6pwRK10C8THgaTQxF,"PO392awP4g::PO392awP4g(V8fxgahcBw*, eY2wgaf6pw const&, C8THgaTQxF const&)",,0x11cbd4,380,FUNC,GLOBAL,DEFAULT,9,True
1255,_Z14jpeg_get_largeP18jpeg_common_structm,"jpeg_get_large(jpeg_common_struct*, unsigned long)",,0x2a2368,8,FUNC,GLOBAL,DEFAULT,9,True
1256,_ZN10NiVAFatPFB10d_f_Qa03ZbEv,NiVAFatPFB::d_f_Qa03Zb(),,0xed554,132,FUNC,GLOBAL,DEFAULT,9,True
1257,_ZN10NVxhJah9mIC2ERK10C8THgaTQxF,NVxhJah9mI::NVxhJah9mI(C8THgaTQxF const&),,0x10b580,136,FUNC,GLOBAL,DEFAULT,9,True
1258,_ZNK10w9XxgaJdbx10gLqu2ar7cIERK10qdSBga_dtAbb,"w9XxgaJdbx::gLqu2ar7cI(qdSBga_dtA const&, bool, bool) const",,0x1b9bb0,200,FUNC,GLOBAL,DEFAULT,9,True
1259,_Z10VI_Okbznw7Pcm,"VI_Okbznw7(char*, unsigned long)",,0x197414,156,FUNC,GLOBAL,DEFAULT,9,True
1260,_ZN10W6NzgawMJy10duEPwa5F3dEiii,"W6NzgawMJy::duEPwa5F3d(int, int, int)",,0x17a8b0,508,FUNC,GLOBAL,DEFAULT,9,True
1261,_ZN10yL3_IaDMFt6AssignEP10vuuHgangcF,yL3_IaDMFt::Assign(vuuHgangcF*),,0xec2ac,124,FUNC,GLOBAL,DEFAULT,9,True
1262,_Z10dXRLgau_SIPvb,"dXRLgau_SI(void*, bool)",,0x252dfc,136,FUNC,GLOBAL,DEFAULT,9,True
1263,_ZN10AS80gaE4zW10XIBPgavl1LEv,AS80gaE4zW::XIBPgavl1L(),,0x1d62f8,68,FUNC,GLOBAL,DEFAULT,9,True
1264,_ZTV10psSDxavq9U,vtable for psSDxavq9U,,0x37ca60,344,OBJECT,WEAK,DEFAULT,15,True
1265,_ZN20awDo2aJRkDPropertiesD0Ev,awDo2aJRkDProperties::~awDo2aJRkDProperties(),,0x1dfcfc,56,FUNC,WEAK,DEFAULT,9,True
1266,_ZN10AS80gaE4zWD2Ev,AS80gaE4zW::~AS80gaE4zW(),,0x1d7678,92,FUNC,GLOBAL,DEFAULT,9,True
1267,FT_Vector_Rotate,FT_Vector_Rotate,,0x25d38c,616,FUNC,GLOBAL,DEFAULT,9,True
1268,_ZNK10S2m6gab0Y_10sVs6ga2W2_Ev,S2m6gab0Y_::sVs6ga2W2_() const,,0x1d3ee4,8,FUNC,GLOBAL,DEFAULT,9,True
1269,_Z10YIt9BaCCAIPhj,"YIt9BaCCAI(unsigned char*, unsigned int)",,0x1158e0,72,FUNC,GLOBAL,DEFAULT,9,True
1270,_ZN10SsrLga3IwID2Ev,SsrLga3IwI::~SsrLga3IwI(),,0x1b3d8c,280,FUNC,GLOBAL,DEFAULT,9,True
1271,_ZN6CyaInt6mp_divEPNS_6mp_intES1_S1_S1_,"CyaInt::mp_div(CyaInt::mp_int*, CyaInt::mp_int*, CyaInt::mp_int*, CyaInt::mp_int*)",,0x2c7d50,648,FUNC,GLOBAL,DEFAULT,9,True
1272,_ZN10IUKzgam4Gy10cRm7faqQOaERK10C8THgaTQxF,IUKzgam4Gy::cRm7faqQOa(C8THgaTQxF const&),,0xe28f8,80,FUNC,GLOBAL,DEFAULT,9,True
1273,_ZN10KsGWqbQkZgD1Ev,KsGWqbQkZg::~KsGWqbQkZg(),,0x1ca694,20,FUNC,WEAK,DEFAULT,9,True
1274,_ZN10R_MvgaEQlvC2EP10KKhLga4xoI,R_MvgaEQlv::R_MvgaEQlv(KKhLga4xoI*),,0xec7f8,8,FUNC,GLOBAL,DEFAULT,9,True
1275,_ZN20znLtuaytEfPropertiesD1Ev,znLtuaytEfProperties::~znLtuaytEfProperties(),,0x16adec,28,FUNC,WEAK,DEFAULT,9,True
1276,_ZN10K7FLgag3II10Jl9dNa1tw1Ev,K7FLgag3II::Jl9dNa1tw1(),,0x16e130,88,FUNC,GLOBAL,DEFAULT,9,True
1277,_ZN10w6qzgacqqy10pnp8xaiYGkERK10C8THgaTQxF,w6qzgacqqy::pnp8xaiYGk(C8THgaTQxF const&),,0x1fb194,428,FUNC,GLOBAL,DEFAULT,9,True
1278,_ZN10ieJzgaIFFy10eJaeabJDxdEi,ieJzgaIFFy::eJaeabJDxd(int),,0x164580,160,FUNC,GLOBAL,DEFAULT,9,True
1279,_ZN10eODlJaQ5OLD1Ev,eODlJaQ5OL::~eODlJaQ5OL(),,0x23e4e4,120,FUNC,GLOBAL,DEFAULT,9,True
1280,_ZN10mTAogaaEip10AIMAPa8Ay0Ev,mTAogaaEip::AIMAPa8Ay0(),,0x21fd54,184,FUNC,GLOBAL,DEFAULT,9,True
1281,_ZN20u0eyga1eqxPropertiesD1Ev,u0eyga1eqxProperties::~u0eyga1eqxProperties(),,0x1e3e80,28,FUNC,WEAK,DEFAULT,9,True
1282,_ZN10s_YwgafWlwD0Ev,s_YwgafWlw::~s_YwgafWlw(),,0x1db920,32,FUNC,GLOBAL,DEFAULT,9,True
1283,_Znam@LIBC_O (4),operator new[](unsigned long),LIBC_O (4),0x0,0,FUNC,GLOBAL,DEFAULT,UND,False
1284,ft_glyphslot_free_bitmap,ft_glyphslot_free_bitmap,,0x25e078,88,FUNC,GLOBAL,DEFAULT,9,True
1285,_ZN10W6NzgawMJy10KVuowaeDdSERK10C8THgaTQxF,W6NzgawMJy::KVuowaeDdS(C8THgaTQxF const&),,0x1a29e4,136,FUNC,GLOBAL,DEFAULT,9,True
1286,_ZN10IiAFxau9AWC2ERK10C8THgaTQxFS2_,"IiAFxau9AW::IiAFxau9AW(C8THgaTQxF const&, C8THgaTQxF const&)",,0x1ec4a8,64,FUNC,GLOBAL,DEFAULT,9,True
1287,_ZNK10XoqxgaMPJw10edf6gaIpS_Ev,XoqxgaMPJw::edf6gaIpS_() const,,0x115080,20,FUNC,GLOBAL,DEFAULT,9,True
1288,_ZN10uzN1fatj75D0Ev,uzN1fatj75::~uzN1fatj75(),,0x10c368,32,FUNC,GLOBAL,DEFAULT,9,True
1289,_Z10IFbhFaQq4kv,IFbhFaQq4k(),,0x112494,56,FUNC,GLOBAL,DEFAULT,9,True
1290,DGifGetLine,DGifGetLine,,0x2bb6ac,196,FUNC,GLOBAL,DEFAULT,9,True
1291,_ZN10tJIwIaYe8310cKDLFar2GKEf,tJIwIaYe83::cKDLFar2GK(float),,0x23c918,104,FUNC,GLOBAL,DEFAULT,9,True
1292,_ZN10G0gxgajWBw10LfDmgaVDEnEv,G0gxgajWBw::LfDmgaVDEn(),,0x216938,48,FUNC,GLOBAL,DEFAULT,9,True
1293,tt_cmap10_char_next,tt_cmap10_char_next,,0x261e3c,188,FUNC,GLOBAL,DEFAULT,9,True
1294,_ZN20c3fygag7qxPropertiesD2Ev,c3fygag7qxProperties::~c3fygag7qxProperties(),,0x1ddd38,28,FUNC,WEAK,DEFAULT,9,True
1295,_ZN10zF9VgaBKxR10fGa0lbdBL7Edd,"zF9VgaBKxR::fGa0lbdBL7(double, double)",,0x1a976c,500,FUNC,GLOBAL,DEFAULT,9,True
1296,__cxa_guard_acquire@LIBC_O (4),__cxa_guard_acquire,LIBC_O (4),0x0,0,FUNC,GLOBAL,DEFAULT,UND,False
1297,_ZN10c3fygag7qx10x1txgaVSMwEP10w9XxgaJdbxRK10eY2wgaf6pwb,"c3fygag7qx::x1txgaVSMw(w9XxgaJdbx*, eY2wgaf6pw const&, bool)",,0x1dcda8,732,FUNC,GLOBAL,DEFAULT,9,True
1298,_ZN10VGk7faT0Ma10D6WJBajlgmERK10eY2wgaf6pwi,"VGk7faT0Ma::D6WJBajlgm(eY2wgaf6pw const&, int)",,0x1e562c,164,FUNC,GLOBAL,DEFAULT,9,True
1299,_ZN10v9r4yaCim7C2Ev,v9r4yaCim7::v9r4yaCim7(),,0x1c4878,100,FUNC,GLOBAL,DEFAULT,9,True
1300,_ZN10u3cBgayBVz10r7U21aYF3kEv,u3cBgayBVz::r7U21aYF3k(),,0x20d074,292,FUNC,GLOBAL,DEFAULT,9,True
1301,_ZN10W6NzgawMJy10TfRVga8phREiff,"W6NzgawMJy::TfRVga8phR(int, float, float)",,0x180130,12,FUNC,GLOBAL,DEFAULT,9,True
1302,yajl_gen_double,yajl_gen_double,,0x2bd48c,600,FUNC,GLOBAL,DEFAULT,9,True
1303,_Z10wu_Z0aobMrv,wu_Z0aobMr(),,0x20d9b4,88,FUNC,GLOBAL,DEFAULT,9,True
1304,_ZN10G0gxgajWBw10c7E_faDck4Ei,G0gxgajWBw::c7E_faDck4(int),,0x217e84,68,FUNC,GLOBAL,DEFAULT,9,True
1305,_ZN10X7ZxganTcx3popEv,X7ZxganTcx::pop(),,0x100594,104,FUNC,GLOBAL,DEFAULT,9,True
1306,_ZN10ToQnQaIHFGC2Ev,ToQnQaIHFG::ToQnQaIHFG(),,0x21f5b8,40,FUNC,GLOBAL,DEFAULT,9,True
1307,_ZN10hYSWfaoR80D2Ev,hYSWfaoR80::~hYSWfaoR80(),,0x21e55c,20,FUNC,WEAK,DEFAULT,9,True
1308,_ZN10w9XxgaJdbx10g6yvgaX89uEPS_,w9XxgaJdbx::g6yvgaX89u(w9XxgaJdbx*),,0x1bbd6c,264,FUNC,GLOBAL,DEFAULT,9,True
1309,_ZN10W6NzgawMJy10puS4yahsI7E10RiQ7IaxCcARK10C8THgaTQxF,"W6NzgawMJy::puS4yahsI7(RiQ7IaxCcA, C8THgaTQxF const&)",,0x1749c4,128,FUNC,GLOBAL,DEFAULT,9,True
1310,_ZN10nDIHgaJ9nF10bIhKGaQvyzE,nDIHgaJ9nF::bIhKGaQvyz,,0x3a0b18,8,OBJECT,GLOBAL,DEFAULT,19,True
1311,_ZN10W6NzgawMJy10Ch3bLasnLjE,W6NzgawMJy::Ch3bLasnLj,,0x3a26c2,1,OBJECT,GLOBAL,DEFAULT,19,True
1312,_ZN6CyaInt21SendClientKeyExchangeEPNS_6CYASSLE,CyaInt::SendClientKeyExchange(CyaInt::CYASSL*),,0x2d9a68,596,FUNC,GLOBAL,DEFAULT,9,True
1313,_ZN20NgNBgaN3oAPropertiesC1Ev,NgNBgaN3oAProperties::NgNBgaN3oAProperties(),,0x236dfc,164,FUNC,GLOBAL,DEFAULT,9,True
1314,_ZN10ToQnQaIHFG10W5ytPaM8tVEP10cWWYfaxbT2P10G0gxgajWBw,"ToQnQaIHFG::W5ytPaM8tV(cWWYfaxbT2*, G0gxgajWBw*)",,0x21f81c,264,FUNC,GLOBAL,DEFAULT,9,True
1315,_ZN10fEVMgax6LJ10nQlWHaFZHzERK10V6P7faBscbS2_i,"fEVMgax6LJ::nQlWHaFZHz(V6P7faBscb const&, V6P7faBscb const&, int)",,0xe3738,4,FUNC,WEAK,DEFAULT,9,True
1316,_ZN10NgNBgaN3oA10YYTtMa4HLoEb,NgNBgaN3oA::YYTtMa4HLo(bool),,0x236de0,28,FUNC,GLOBAL,DEFAULT,9,True
1317,_ZN10ySrpgaC30p10iJypgaNP6pEi,ySrpgaC30p::iJypgaNP6p(int),,0xf67ac,8,FUNC,WEAK,DEFAULT,9,True
1318,_Z10jzBOBaodbqv,jzBOBaodbq(),,0x1b600c,20,FUNC,GLOBAL,DEFAULT,9,True
1319,_ZN10ToQnQaIHFG10HGSxPazC6YEP10mTAogaaEipb,"ToQnQaIHFG::HGSxPazC6Y(mTAogaaEip*, bool)",,0x2214dc,328,FUNC,GLOBAL,DEFAULT,9,True
1320,_ZNK10C8THgaTQxF10JtTLgaLhUIEc,C8THgaTQxF::JtTLgaLhUI(char) const,,0xf40cc,68,FUNC,GLOBAL,DEFAULT,9,True
1321,Java_com_quattroplay_GraalClassic_Natives_onMobirooPurchaseUpdate,Java_com_quattroplay_GraalClassic_Natives_onMobirooPurchaseUpdate,,0x252760,332,FUNC,GLOBAL,DEFAULT,9,True
1322,_ZN10K7FLgag3II10qTAkMaeEWgE,K7FLgag3II::qTAkMaeEWg,,0x3a1970,8,OBJECT,GLOBAL,DEFAULT,19,True
1323,_ZN10zF9VgaBKxR10MuuCmbyg_DEi,zF9VgaBKxR::MuuCmbyg_D(int),,0x1af1a8,244,FUNC,GLOBAL,DEFAULT,9,True
1324,_Z18yajl_string_decodeP10yajl_buf_tPKhm,"yajl_string_decode(yajl_buf_t*, unsigned char const*, unsigned long)",,0x2c0c14,1088,FUNC,GLOBAL,DEFAULT,9,True
1325,_Z10L455JaFJKov,L455JaFJKo(),,0x10aab8,80,FUNC,GLOBAL,DEFAULT,9,True
1326,_ZN20EqV_Ka3Vx9PropertiesD0Ev,EqV_Ka3Vx9Properties::~EqV_Ka3Vx9Properties(),,0x1b3154,56,FUNC,WEAK,DEFAULT,9,True
1327,U6JZfaApy3,U6JZfaApy3,,0x3a5540,8,OBJECT,GLOBAL,DEFAULT,19,True
1328,_ZN6CyaInt32CyaSSL_CTX_load_verify_locationsEPNS_10CYASSL_CTXEPKcS3_,"CyaInt::CyaSSL_CTX_load_verify_locations(CyaInt::CYASSL_CTX*, char const*, char const*)",,0x2d279c,24,FUNC,GLOBAL,DEFAULT,9,True
1329,_ZN10mTAogaaEip10AoZdPajgnIEP10AICTfaebpZi,"mTAogaaEip::AoZdPajgnI(AICTfaebpZ*, int)",,0x2263e0,632,FUNC,GLOBAL,DEFAULT,9,True
1330,_ZN10RH6ygazf9x10mP6ygaUl9xEb,RH6ygazf9x::mP6ygaUl9x(bool),,0x20f99c,372,FUNC,GLOBAL,DEFAULT,9,True
1331,_ZTV20ULeBJaZ1WYProperties,vtable for ULeBJaZ1WYProperties,,0x37e4f0,88,OBJECT,WEAK,DEFAULT,15,True
1332,_ZN10ieJzgaIFFy10bE03Iat9ZwEv,ieJzgaIFFy::bE03Iat9Zw(),,0x1607d8,132,FUNC,GLOBAL,DEFAULT,9,True
1333,_ZN10oJlO1aTTY7C1Ev,oJlO1aTTY7::oJlO1aTTY7(),,0x15e5d8,196,FUNC,GLOBAL,DEFAULT,9,True
1334,_ZN10kd5l5aU_b7D1Ev,kd5l5aU_b7::~kd5l5aU_b7(),,0x23eedc,48,FUNC,GLOBAL,DEFAULT,9,True
1335,_Z10IjhR2akbr0v,IjhR2akbr0(),,0x2466ec,20,FUNC,GLOBAL,DEFAULT,9,True
1336,_ZN10mH33wa4I1qD0Ev,mH33wa4I1q::~mH33wa4I1q(),,0x2374b0,48,FUNC,WEAK,DEFAULT,9,True
1337,Dq2rua2EceOnln2aNBfC,Dq2rua2EceOnln2aNBfC,,0x3a5848,8,OBJECT,GLOBAL,DEFAULT,19,True
1338,_Z15fopen_file_funcPvPKci,"fopen_file_func(void*, char const*, int)",,0x259090,76,FUNC,GLOBAL,DEFAULT,9,True
1339,sscanf@LIBC (2),sscanf,LIBC (2),0x0,0,FUNC,GLOBAL,DEFAULT,UND,False
1340,af_indic_script_class,af_indic_script_class,,0x371370,64,OBJECT,GLOBAL,DEFAULT,15,True
1341,_Z10Qe7BkbfIGXP10Kc8uganwOu,Qe7BkbfIGX(Kc8uganwOu*),,0x1979cc,12768,FUNC,GLOBAL,DEFAULT,9,True
1342,free@LIBC (2),free,LIBC (2),0x0,0,FUNC,GLOBAL,DEFAULT,UND,False
1343,_ZN10V8fxgahcBw10KUfmIao_kWERK10eY2wgaf6pwS2_S2_f,"V8fxgahcBw::KUfmIao_kW(eY2wgaf6pw const&, eY2wgaf6pw const&, eY2wgaf6pw const&, float)",,0x11c998,100,FUNC,GLOBAL,DEFAULT,9,True
1344,_Z10npMAGa2kyrv,npMAGa2kyr(),,0x24f3c8,116,FUNC,GLOBAL,DEFAULT,9,True
1345,jpeg_consume_input,jpeg_consume_input,,0x298328,708,FUNC,GLOBAL,DEFAULT,9,True
1346,_Z12yajl_buf_lenP10yajl_buf_t,yajl_buf_len(yajl_buf_t*),,0x2bcf3c,8,FUNC,GLOBAL,DEFAULT,9,True
1347,_ZN10yO8PSaf1tK6AssignERK10C8THgaTQxF,yO8PSaf1tK::Assign(C8THgaTQxF const&),,0x1a54bc,76,FUNC,GLOBAL,DEFAULT,9,True
1348,_ZN10fUWH_a_9zm4loadEv,fUWH_a_9zm::load(),,0x113540,840,FUNC,GLOBAL,DEFAULT,9,True
1349,_ZN10G0gxgajWBw10td7uMa2GNpERK10C8THgaTQxF,G0gxgajWBw::td7uMa2GNp(C8THgaTQxF const&),,0x216f98,512,FUNC,GLOBAL,DEFAULT,9,True
1350,_ZN10W6NzgawMJy10WTcxIaQsy4Efffff,"W6NzgawMJy::WTcxIaQsy4(float, float, float, float, float)",,0x181ce8,168,FUNC,GLOBAL,DEFAULT,9,True
1351,_ZThn16_N20LJyzga9PwyPropertiesD0Ev,non-virtual thunk to LJyzga9PwyProperties::~LJyzga9PwyProperties(),,0x10ac30,8,FUNC,WEAK,DEFAULT,9,True
1352,_ZN10G0gxgajWBw10yj7DMaaMmxEv,G0gxgajWBw::yj7DMaaMmx(),,0x216324,44,FUNC,GLOBAL,DEFAULT,9,True
1353,_ZN10uSjUgask_P10s9A_gaFSgVEv,uSjUgask_P::s9A_gaFSgV(),,0x1073e0,36,FUNC,GLOBAL,DEFAULT,9,True
1354,_ZN10LBgVgaqANQ10VfWAgaaDGzEv,LBgVgaqANQ::VfWAgaaDGz(),,0x186928,116,FUNC,GLOBAL,DEFAULT,9,True
1355,_ZN10VRFGJa8Pv2D1Ev,VRFGJa8Pv2::~VRFGJa8Pv2(),,0x2461c4,120,FUNC,GLOBAL,DEFAULT,9,True
1356,ft_free,ft_free,,0x2616c8,8,FUNC,GLOBAL,DEFAULT,9,True
1357,_Z24BZ2_hbCreateDecodeTablesPiS_S_Phiii,"BZ2_hbCreateDecodeTables(int*, int*, int*, unsigned char*, int, int, int)",,0x28a894,716,FUNC,GLOBAL,DEFAULT,9,True
1358,_ZN10v9r4yaCim7D2Ev,v9r4yaCim7::~v9r4yaCim7(),,0x1c49c0,52,FUNC,WEAK,DEFAULT,9,True
1359,_ZThn16_N20MpHWLal8ZWPropertiesD0Ev,non-virtual thunk to MpHWLal8ZWProperties::~MpHWLal8ZWProperties(),,0x1afc58,8,FUNC,WEAK,DEFAULT,9,True
1360,_ZN10oJlO1aTTY710wH0C1akcrZERK10cXoLgatBuI,oJlO1aTTY7::wH0C1akcrZ(cXoLgatBuI const&),,0x15e854,620,FUNC,GLOBAL,DEFAULT,9,True
1361,_ZN10W6NzgawMJy10k_sowa7_bSERK10C8THgaTQxF,W6NzgawMJy::k_sowa7_bS(C8THgaTQxF const&),,0x1a36e8,312,FUNC,GLOBAL,DEFAULT,9,True
1362,_ZNK10lKR7faAPdb10gqDJfaGM_QEPK10rizMgadjtJb,"lKR7faAPdb::gqDJfaGM_Q(rizMgadjtJ const*, bool) const",,0x1e6fb8,308,FUNC,GLOBAL,DEFAULT,9,True
1363,_Z10sj2klb4yjzRK10C8THgaTQxF,sj2klb4yjz(C8THgaTQxF const&),,0x20fcfc,72,FUNC,GLOBAL,DEFAULT,9,True
1364,_ZN10iHmzga6Hmy10zaevgaCxTuERK10C8THgaTQxF,iHmzga6Hmy::zaevgaCxTu(C8THgaTQxF const&),,0x1d2e5c,100,FUNC,GLOBAL,DEFAULT,9,True
1365,sqrt@LIBC (3),sqrt,LIBC (3),0x0,0,FUNC,GLOBAL,DEFAULT,UND,False
1366,_ZN10u3cBgayBVz10JETT1aVqDcE,u3cBgayBVz::JETT1aVqDc,,0x3a4de8,4,OBJECT,GLOBAL,DEFAULT,19,True
1367,_ZN10xiYWfajld110PsMqLa0n8vE,xiYWfajld1::PsMqLa0n8v,,0x3a4d8b,1,OBJECT,GLOBAL,DEFAULT,19,True
1368,unzGetFilePos1,unzGetFilePos1,,0x25853c,60,FUNC,GLOBAL,DEFAULT,9,True
1369,_ZN10a7qxJaHqKV10lmyxJaowQVEb,a7qxJaHqKV::lmyxJaowQV(bool),,0x15fbf8,176,FUNC,GLOBAL,DEFAULT,9,True
1370,_ZN10mytSgavtrO10JoAgIasezRERK10i7FHgaP2lFP10iHmzga6HmyRK10C8THgaTQxFiib,"mytSgavtrO::JoAgIasezR(i7FHgaP2lF const&, iHmzga6Hmy*, C8THgaTQxF const&, int, int, bool)",,0x1d0ad8,1760,FUNC,GLOBAL,DEFAULT,9,True
1371,FT_Vector_Length,FT_Vector_Length,,0x25d5f4,404,FUNC,GLOBAL,DEFAULT,9,True
1372,_ZN6CyaInt16SSL_ResourceFreeEPNS_6CYASSLE,CyaInt::SSL_ResourceFree(CyaInt::CYASSL*),,0x2d670c,292,FUNC,GLOBAL,DEFAULT,9,True
1373,_ZN6CyaInt28CyaSSL_use_PrivateKey_bufferEPNS_6CYASSLEPKhli,"CyaInt::CyaSSL_use_PrivateKey_buffer(CyaInt::CYASSL*, unsigned char const*, long, int)",,0x2d3714,24,FUNC,GLOBAL,DEFAULT,9,True
1374,_ZN20e4ZYfa8PV2PropertiesC2Ev,e4ZYfa8PV2Properties::e4ZYfa8PV2Properties(),,0x234eb8,156,FUNC,GLOBAL,DEFAULT,9,True
1375,_ZN10MHEiIauRiT10wxaCYaPtJBE,MHEiIauRiT::wxaCYaPtJB,,0x39ff40,8,OBJECT,GLOBAL,DEFAULT,19,True
1376,_ZN10S2m6gab0Y_5clearEv,S2m6gab0Y_::clear(),,0x1d3e3c,88,FUNC,GLOBAL,DEFAULT,9,True
1377,_ZN10Dq2rua2EceC2EP10zF9VgaBKxR,Dq2rua2Ece::Dq2rua2Ece(zF9VgaBKxR*),,0x246950,76,FUNC,GLOBAL,DEFAULT,9,True
1378,fread@LIBC (2),fread,LIBC (2),0x0,0,FUNC,GLOBAL,DEFAULT,UND,False
1379,_ZN10W6NzgawMJy10fbFOKa2fe_ERK10C8THgaTQxFidddiib,"W6NzgawMJy::fbFOKa2fe_(C8THgaTQxF const&, int, double, double, double, int, int, bool)",,0x17c044,400,FUNC,GLOBAL,DEFAULT,9,True
1380,_ZN10OYYKfaPU7R10alSIfatkmQEiii,"OYYKfaPU7R::alSIfatkmQ(int, int, int)",,0x100be0,4,FUNC,GLOBAL,DEFAULT,9,True
1381,_ZN10Ztjndb0_dS10Q96mdbXD3RERK10C8THgaTQxFS2_S2_,"Ztjndb0_dS::Q96mdbXD3R(C8THgaTQxF const&, C8THgaTQxF const&, C8THgaTQxF const&)",,0xe47f8,888,FUNC,GLOBAL,DEFAULT,9,True
1382,_ZN10uSjUgask_P10gDNYgaImLTEv,uSjUgask_P::gDNYgaImLT(),,0x10772c,8,FUNC,WEAK,DEFAULT,9,True
1383,_ZN10w6qzgacqqy10BUGcyafIhoEii,"w6qzgacqqy::BUGcyafIho(int, int)",,0x1fcbf0,472,FUNC,GLOBAL,DEFAULT,9,True
1384,jpeg_set_colorspace,jpeg_set_colorspace,,0x2a8e4c,840,FUNC,GLOBAL,DEFAULT,9,True
1385,_ZN10c3fygag7qx10shhCgao9OAEv,c3fygag7qx::shhCgao9OA(),,0x1dcc28,48,FUNC,GLOBAL,DEFAULT,9,True
1386,_ZN10w6qzgacqqy10LG05xaDbGiEv,w6qzgacqqy::LG05xaDbGi(),,0x1ecb9c,272,FUNC,GLOBAL,DEFAULT,9,True
1387,_ZN6CyaInt11CyaSSL_sendEPNS_6CYASSLEPKvii,"CyaInt::CyaSSL_send(CyaInt::CYASSL*, void const*, int, int)",,0x2d11c4,48,FUNC,GLOBAL,DEFAULT,9,True
1388,_ZN10D2x4gaXfrZ10aQcTgasp3OERK10C8THgaTQxF,D2x4gaXfrZ::aQcTgasp3O(C8THgaTQxF const&),,0x1d3cdc,84,FUNC,GLOBAL,DEFAULT,9,True
1389,_ZN10LBgVgaqANQ10_xWAgaiSGzEv,LBgVgaqANQ::_xWAgaiSGz(),,0x189148,608,FUNC,GLOBAL,DEFAULT,9,True
1390,FnqMQaEOl0,FnqMQaEOl0,,0x396d10,16,OBJECT,GLOBAL,DEFAULT,18,True
1391,_ZNK10SsrLga3IwI10jKok1ayqMJEv,SsrLga3IwI::jKok1ayqMJ() const,,0x1b6288,8,FUNC,WEAK,DEFAULT,9,True
1392,_ZN10zW2NgaU4IK10fssWfaryN0EPS_,zW2NgaU4IK::fssWfaryN0(zW2NgaU4IK*),,0x21bb70,84,FUNC,GLOBAL,DEFAULT,9,True
1393,_ZN10OYYKfaPU7R10xH_oVafmEUE10eY2wgaf6pwS0_S0_P10Fcx_gaoydVPS_RK10rizMgadjtJ,"OYYKfaPU7R::xH_oVafmEU(eY2wgaf6pw, eY2wgaf6pw, eY2wgaf6pw, Fcx_gaoydV*, OYYKfaPU7R*, rizMgadjtJ const&)",,0x1016b0,3064,FUNC,GLOBAL,DEFAULT,9,True
1394,_ZdaPv@LIBC_O (4),operator delete[](void*),LIBC_O (4),0x0,0,FUNC,GLOBAL,DEFAULT,UND,False
1395,_ZN20X0HXmbuEQVPropertiesD1Ev,X0HXmbuEQVProperties::~X0HXmbuEQVProperties(),,0x249ebc,28,FUNC,WEAK,DEFAULT,9,True
1396,_ZN10MpGzgariDy10c8FDLaz3ZGEv,MpGzgariDy::c8FDLaz3ZG(),,0x18e9bc,8,FUNC,WEAK,DEFAULT,9,True
1397,_ZN10psSDxavq9U10Y33yga716xEiRK10C8THgaTQxF,"psSDxavq9U::Y33yga716x(int, C8THgaTQxF const&)",,0x2030b4,1900,FUNC,GLOBAL,DEFAULT,9,True
1398,_Z10H2fMgaV6cJRK10C8THgaTQxF,H2fMgaV6cJ(C8THgaTQxF const&),,0x1e8cd4,452,FUNC,GLOBAL,DEFAULT,9,True
1399,_ZN10vuuHgangcFC2Ev,vuuHgangcF::vuuHgangcF(),,0xf68f4,52,FUNC,GLOBAL,DEFAULT,9,True
1400,_ZN6CyaInt20mp_montgomery_reduceEPNS_6mp_intES1_j,"CyaInt::mp_montgomery_reduce(CyaInt::mp_int*, CyaInt::mp_int*, unsigned int)",,0x2c7a08,388,FUNC,GLOBAL,DEFAULT,9,True
1401,_ZN10ySrpgaC30pD2Ev,ySrpgaC30p::~ySrpgaC30p(),,0xf6788,4,FUNC,WEAK,DEFAULT,9,True
1402,_ZN10u3cBgayBVz10tBP_1a80siEib,"u3cBgayBVz::tBP_1a80si(int, bool)",,0x20c9b4,404,FUNC,GLOBAL,DEFAULT,9,True
1403,_Z10a9OO2ahEmZv,a9OO2ahEmZ(),,0x2466a8,68,FUNC,GLOBAL,DEFAULT,9,True
1404,_ZN10wiULgacZUI10Uy9ZJa8EUiE,wiULgacZUI::Uy9ZJa8EUi,,0x389770,8,OBJECT,GLOBAL,DEFAULT,18,True
1405,tt_cmap14_char_index,tt_cmap14_char_index,,0x261fdc,8,FUNC,GLOBAL,DEFAULT,9,True
1406,strchr@LIBC (2),strchr,LIBC (2),0x0,0,FUNC,GLOBAL,DEFAULT,UND,False
1407,_ZN10_thLgaWjoID2Ev,_thLgaWjoI::~_thLgaWjoI(),,0x1cb52c,116,FUNC,GLOBAL,DEFAULT,9,True
1408,_ZN10LJyzga9Pwy10uhS6JakhopEv,LJyzga9Pwy::uhS6Jakhop(),,0x10ab40,4,FUNC,WEAK,DEFAULT,9,True
1409,_ZN20fJ8VgaKXwRPropertiesD2Ev,fJ8VgaKXwRProperties::~fJ8VgaKXwRProperties(),,0x2480a8,28,FUNC,WEAK,DEFAULT,9,True
1410,_ZNK10tJIwIaYe8310Z1gNFamX3LEPfS0_,"tJIwIaYe83::Z1gNFamX3L(float*, float*) const",,0x23d194,256,FUNC,GLOBAL,DEFAULT,9,True
1411,_ZN10k1h4JaIMdnC1EP10zF9VgaBKxR,k1h4JaIMdn::k1h4JaIMdn(zF9VgaBKxR*),,0x248a04,80,FUNC,GLOBAL,DEFAULT,9,True
1412,_ZN6CyaInt7mp_zeroEPNS_6mp_intE,CyaInt::mp_zero(CyaInt::mp_int*),,0x2c655c,52,FUNC,GLOBAL,DEFAULT,9,True
1413,_ZN10w9XxgaJdbx10kxKMBaJLCoEb,w9XxgaJdbx::kxKMBaJLCo(bool),,0x1bdb08,856,FUNC,GLOBAL,DEFAULT,9,True
1414,FT_Add_Default_Modules,FT_Add_Default_Modules,,0x261348,68,FUNC,GLOBAL,DEFAULT,9,True
1415,uncompress,uncompress,,0x296ee0,224,FUNC,GLOBAL,DEFAULT,9,True
1416,unzGoToNextFile2,unzGoToNextFile2,,0x25836c,172,FUNC,GLOBAL,DEFAULT,9,True
1417,_ZN10w6qzgacqqy10d4N8xa7J0kERK10C8THgaTQxF,w6qzgacqqy::d4N8xa7J0k(C8THgaTQxF const&),,0x1ffaa0,428,FUNC,GLOBAL,DEFAULT,9,True
1418,_Z10G1OLZa9xQzP10Kc8uganwOuRK10C8THgaTQxF,"G1OLZa9xQz(Kc8uganwOu*, C8THgaTQxF const&)",,0x19ad94,456,FUNC,GLOBAL,DEFAULT,9,True
1419,_ZNK10C8THgaTQxF10QgaLgaQfiIEi,C8THgaTQxF::QgaLgaQfiI(int) const,,0xf4480,76,FUNC,GLOBAL,DEFAULT,9,True
1420,_ZN10w6qzgacqqy10giEFxa2vEWE,w6qzgacqqy::giEFxa2vEW,,0x3a3738,4,OBJECT,GLOBAL,DEFAULT,19,True
1421,_ZN10XoqxgaMPJwC2Ev,XoqxgaMPJw::XoqxgaMPJw(),,0x114cf4,276,FUNC,GLOBAL,DEFAULT,9,True
1422,_ZN10yXeHMaPb_zD2Ev,yXeHMaPb_z::~yXeHMaPb_z(),,0x230164,52,FUNC,GLOBAL,DEFAULT,9,True
1423,_ZN10rizMgadjtJ10Vdl1HautKEERK10vEhDgaHsFBS2_,"rizMgadjtJ::Vdl1HautKE(vEhDgaHsFB const&, vEhDgaHsFB const&)",,0x1e9800,104,FUNC,GLOBAL,DEFAULT,9,True
1424,_ZN10ZAuvgaUl6uC1ERK10C8THgaTQxFS2_iS2_S2_b,"ZAuvgaUl6u::ZAuvgaUl6u(C8THgaTQxF const&, C8THgaTQxF const&, int, C8THgaTQxF const&, C8THgaTQxF const&, bool)",,0x205200,472,FUNC,GLOBAL,DEFAULT,9,True
1425,_ZN20_thLgaWjoIPropertiesD0Ev,_thLgaWjoIProperties::~_thLgaWjoIProperties(),,0x1ce230,56,FUNC,WEAK,DEFAULT,9,True
1426,CFl4PaKQgq,CFl4PaKQgq,,0x391690,64,OBJECT,GLOBAL,DEFAULT,18,True
1427,_Z10mDuKlbInJUm,mDuKlbInJU(unsigned long),,0x197220,4,FUNC,GLOBAL,DEFAULT,9,True
1428,_ZN10W6NzgawMJy10fKQBwaAZr2Ev,W6NzgawMJy::fKQBwaAZr2(),,0x19ced8,524,FUNC,GLOBAL,DEFAULT,9,True
1429,glMatrixMode,glMatrixMode,,0x0,0,FUNC,GLOBAL,DEFAULT,UND,False
1430,_ZN10X7ZxganTcx4pushERK10bagMga8cdJi,"X7ZxganTcx::push(bagMga8cdJ const&, int)",,0x10054c,72,FUNC,GLOBAL,DEFAULT,9,True
1431,_ZN10oMhmIajzmW10TVnAfatKdJEiiiPKv,"oMhmIajzmW::TVnAfatKdJ(int, int, int, void const*)",,0x100984,4,FUNC,WEAK,DEFAULT,9,True
1432,_ZN10W6NzgawMJy10lbhSwa83ggEv,W6NzgawMJy::lbhSwa83gg(),,0x1a2858,260,FUNC,GLOBAL,DEFAULT,9,True
1433,_ZN10W6NzgawMJy10q5I4LagyA3Ev,W6NzgawMJy::q5I4LagyA3(),,0x17a5c8,424,FUNC,GLOBAL,DEFAULT,9,True
1434,_ZN10w6qzgacqqy10EpdlgadUsmERK10C8THgaTQxFb,"w6qzgacqqy::EpdlgadUsm(C8THgaTQxF const&, bool)",,0x1ebc90,72,FUNC,GLOBAL,DEFAULT,9,True
1435,_ZN20MpGzgariDyPropertiesD1Ev,MpGzgariDyProperties::~MpGzgariDyProperties(),,0x195640,28,FUNC,WEAK,DEFAULT,9,True
1436,_ZgtRK10C8THgaTQxFS1_,"operator>(C8THgaTQxF const&, C8THgaTQxF const&)",,0xf3650,364,FUNC,GLOBAL,DEFAULT,9,True
1437,_ZN10zfJa3aJGDh10Qqi72af7KeEP10K9562aXNAe,zfJa3aJGDh::Qqi72af7Ke(K9562aXNAe*),,0x11d7d4,244,FUNC,WEAK,DEFAULT,9,True
1438,_ZN10uq9xgaUxlx10SgxMcbYBrmEv,uq9xgaUxlx::SgxMcbYBrm(),,0x2014c0,24,FUNC,GLOBAL,DEFAULT,9,True
1439,_ZN10Fcx_gaoydV10xyK6BaGMhGEb,Fcx_gaoydV::xyK6BaGMhG(bool),,0x115784,208,FUNC,GLOBAL,DEFAULT,9,True
1440,_ZN20Dq2rua2EcePropertiesD1Ev,Dq2rua2EceProperties::~Dq2rua2EceProperties(),,0x246cec,28,FUNC,WEAK,DEFAULT,9,True
1441,_ZN10G0gxgajWBw10Pw_gMahdVdEv,G0gxgajWBw::Pw_gMahdVd(),,0x215ed4,64,FUNC,GLOBAL,DEFAULT,9,True
1442,_ZN10zF9VgaBKxR10tMaombuGXrEdddii,"zF9VgaBKxR::tMaombuGXr(double, double, double, int, int)",,0x1ac214,2072,FUNC,GLOBAL,DEFAULT,9,True
1443,_ZThn16_N20s_YwgafWlwPropertiesD1Ev,non-virtual thunk to s_YwgafWlwProperties::~s_YwgafWlwProperties(),,0x1dc900,8,FUNC,WEAK,DEFAULT,9,True
1444,_ZNK10vuuHgangcF10LzrhKaQOhyEv,vuuHgangcF::LzrhKaQOhy() const,,0xf7484,292,FUNC,GLOBAL,DEFAULT,9,True
1445,calloc@LIBC (2),calloc,LIBC (2),0x0,0,FUNC,GLOBAL,DEFAULT,UND,False
1446,_ZN10u0eyga1eqx10V_zQHaCUQuEv,u0eyga1eqx::V_zQHaCUQu(),,0x1e33b8,116,FUNC,GLOBAL,DEFAULT,9,True
1447,_ZN10eODlJaQ5OL10__VUWaHpvaERK10C8THgaTQxF,eODlJaQ5OL::__VUWaHpva(C8THgaTQxF const&),,0x240924,52,FUNC,GLOBAL,DEFAULT,9,True
1448,_ZN10SEPCMa33gwD1Ev,SEPCMa33gw::~SEPCMa33gw(),,0x234254,176,FUNC,GLOBAL,DEFAULT,9,True
1449,_Z10ksLXGawxTKP10_thLgaWjoI,ksLXGawxTK(_thLgaWjoI*),,0x24f708,12,FUNC,GLOBAL,DEFAULT,9,True
1450,_ZN20zF9VgaBKxRPropertiesD1Ev,zF9VgaBKxRProperties::~zF9VgaBKxRProperties(),,0x1afbbc,28,FUNC,WEAK,DEFAULT,9,True
1451,_Z10EOHQ2altX_v,EOHQ2altX_(),,0xe36c4,56,FUNC,GLOBAL,DEFAULT,9,True
1452,_ZN10yWBvmbTwcyD1Ev,yWBvmbTwcy::~yWBvmbTwcy(),,0x1afdac,20,FUNC,WEAK,DEFAULT,9,True
1453,KsGWqbQkZgOnln2aNBfC,KsGWqbQkZgOnln2aNBfC,,0x3a3300,8,OBJECT,GLOBAL,DEFAULT,19,True
1454,_ZN10V8fxgahcBwC1ERK10C8THgaTQxFb,"V8fxgahcBw::V8fxgahcBw(C8THgaTQxF const&, bool)",,0x11a6b4,104,FUNC,GLOBAL,DEFAULT,9,True
1455,_ZN10W6NzgawMJyD0Ev,W6NzgawMJy::~W6NzgawMJy(),,0x174284,32,FUNC,GLOBAL,DEFAULT,9,True
1456,_ZN10gId5RaV8_6D0Ev,gId5RaV8_6::~gId5RaV8_6(),,0x249bb8,48,FUNC,WEAK,DEFAULT,9,True
1457,_ZN10C8THgaTQxFlsERKS_,C8THgaTQxF::operator<<(C8THgaTQxF const&),,0xf27b8,84,FUNC,GLOBAL,DEFAULT,9,True
1458,_ZN10SsrLga3IwI10VLTSBa5wNtE,SsrLga3IwI::VLTSBa5wNt,,0x3a3168,8,OBJECT,GLOBAL,DEFAULT,19,True
1459,_ZN10w9XxgaJdbx10Xahm1a_3lLEv,w9XxgaJdbx::Xahm1a_3lL(),,0x1bb344,332,FUNC,GLOBAL,DEFAULT,9,True
1460,FT_Done_Face,FT_Done_Face,,0x260978,416,FUNC,GLOBAL,DEFAULT,9,True
1461,_Z20XJLBgarMnAE7Bm2aaHDBRK10C8THgaTQxF,XJLBgarMnAE7Bm2aaHDB(C8THgaTQxF const&),,0x20a948,48,FUNC,GLOBAL,DEFAULT,9,True
1462,mkdir@LIBC (2),mkdir,LIBC (2),0x0,0,FUNC,GLOBAL,DEFAULT,UND,False
1463,_ZN10uq9xgaUxlx10DW9Icb3YBjE,uq9xgaUxlx::DW9Icb3YBj,,0x3a4bd0,8,OBJECT,GLOBAL,DEFAULT,19,True
1464,_ZN10W6NzgawMJy10DuT_Lapiw_Ev,W6NzgawMJy::DuT_Lapiw_(),,0x17f684,80,FUNC,WEAK,DEFAULT,9,True
1465,_ZTV20MpHWLal8ZWProperties,vtable for MpHWLal8ZWProperties,,0x375630,88,OBJECT,WEAK,DEFAULT,15,True
1466,_ZN10NYF9TaOVKRC1ERK10C8THgaTQxFS2_,"NYF9TaOVKR::NYF9TaOVKR(C8THgaTQxF const&, C8THgaTQxF const&)",,0xeb9a4,76,FUNC,GLOBAL,DEFAULT,9,True
1467,_ZThn16_N20Vx2_xajLEdPropertiesD1Ev,non-virtual thunk to Vx2_xajLEdProperties::~Vx2_xajLEdProperties(),,0x1e7bc8,8,FUNC,WEAK,DEFAULT,9,True
1468,_ZN10W6NzgawMJy10dEEBwavOh2Ev,W6NzgawMJy::dEEBwavOh2(),,0x19d448,936,FUNC,GLOBAL,DEFAULT,9,True
1469,_ZN10G0gxgajWBw10FbVnMayJJjEv,G0gxgajWBw::FbVnMayJJj(),,0x213f74,112,FUNC,GLOBAL,DEFAULT,9,True
1470,gethostname@LIBC (2),gethostname,LIBC (2),0x0,0,FUNC,GLOBAL,DEFAULT,UND,False
1471,_Z9jround_upll,"jround_up(long, long)",,0x2a52c0,24,FUNC,GLOBAL,DEFAULT,9,True
1472,_ZN10u0eyga1eqxC2Ev,u0eyga1eqx::u0eyga1eqx(),,0x1e1a04,108,FUNC,GLOBAL,DEFAULT,9,True
1473,strcmp@LIBC (2),strcmp,LIBC (2),0x0,0,FUNC,GLOBAL,DEFAULT,UND,False
1474,_ZN10zW2NgaU4IK10NIyWfarPS0EPS_,zW2NgaU4IK::NIyWfarPS0(zW2NgaU4IK*),,0x21bafc,116,FUNC,GLOBAL,DEFAULT,9,True
1475,_ZN10SU3JfaCUmR10t_8wfaabvGEiiiiPhii,"SU3JfaCUmR::t_8wfaabvG(int, int, int, int, unsigned char*, int, int)",,0x10d084,1320,FUNC,GLOBAL,DEFAULT,9,True
1476,_ZN10AK892aVY8gD2Ev,AK892aVY8g::~AK892aVY8g(),,0x11d5ec,20,FUNC,WEAK,DEFAULT,9,True
1477,_ZN10f6WHgaQkAF10sfhvgaC7VuERK10C8THgaTQxFP10nenvgaH9_u,"f6WHgaQkAF::sfhvgaC7Vu(C8THgaTQxF const&, nenvgaH9_u*)",,0xedf70,296,FUNC,GLOBAL,DEFAULT,9,True
1478,_ZN10Uk7XgagNbTD0Ev,Uk7XgagNbT::~Uk7XgagNbT(),,0x20ebc0,72,FUNC,WEAK,DEFAULT,9,True
1479,_ZN10W6NzgawMJy10dFumxafpxGERK10C8THgaTQxFb,"W6NzgawMJy::dFumxafpxG(C8THgaTQxF const&, bool)",,0x17c7f8,1280,FUNC,GLOBAL,DEFAULT,9,True
1480,_ZN10ToQnQaIHFG10biVtPaYOMVEP10G0gxgajWBw,ToQnQaIHFG::biVtPaYOMV(G0gxgajWBw*),,0x21f69c,232,FUNC,GLOBAL,DEFAULT,9,True
1481,_ZN10_thLgaWjoI10nOlGwa4Xe6Ev,_thLgaWjoI::nOlGwa4Xe6(),,0x1cb92c,48,FUNC,GLOBAL,DEFAULT,9,True
1482,_ZN10K7FLgag3II10N7JdNajqa1E,K7FLgag3II::N7JdNajqa1,,0x38e162,1,OBJECT,GLOBAL,DEFAULT,18,True
1483,_ZN10FY2VgaG6rR10ZdZggas7TiEP10RWahgahP3i,FY2VgaG6rR::ZdZggas7Ti(RWahgahP3i*),,0x16da2c,100,FUNC,GLOBAL,DEFAULT,9,True
1484,malloc@LIBC (2),malloc,LIBC (2),0x0,0,FUNC,GLOBAL,DEFAULT,UND,False
1485,_ZN10u0eyga1eqx10_btRHaTaBvEi,u0eyga1eqx::_btRHaTaBv(int),,0x1e0e40,224,FUNC,GLOBAL,DEFAULT,9,True
1486,_ZN20Dq2rua2EcePropertiesC2Ev,Dq2rua2EceProperties::Dq2rua2EceProperties(),,0x2468b4,156,FUNC,GLOBAL,DEFAULT,9,True
1487,_ZN10VxSu6advA4D1Ev,VxSu6advA4::~VxSu6advA4(),,0x19b6bc,240,FUNC,GLOBAL,DEFAULT,9,True
1488,_ZN10w7keKa2nGv10yXNcKaPDnuEv,w7keKa2nGv::yXNcKaPDnu(),,0x23aac0,20,FUNC,GLOBAL,DEFAULT,9,True
1489,_ZN10w6qzgacqqy10Mgx5xaSBgiERK10C8THgaTQxF,w6qzgacqqy::Mgx5xaSBgi(C8THgaTQxF const&),,0x1ec8a8,332,FUNC,GLOBAL,DEFAULT,9,True
1490,_ZN10m0ka3aUhjhD1Ev,m0ka3aUhjh::~m0ka3aUhjh(),,0x11d47c,4,FUNC,WEAK,DEFAULT,9,True
1491,_ZN10G0gxgajWBw10xJkbMaW288ERK10C8THgaTQxF,G0gxgajWBw::xJkbMaW288(C8THgaTQxF const&),,0x2157a8,312,FUNC,GLOBAL,DEFAULT,9,True
1492,_ZN10q4yI2aq75TD0Ev,q4yI2aq75T::~q4yI2aq75T(),,0x22f770,72,FUNC,WEAK,DEFAULT,9,True
1493,_ZN10SDrvgadS3u10KDwgLab4vnEv,SDrvgadS3u::KDwgLab4vn(),,0x2012f8,196,FUNC,GLOBAL,DEFAULT,9,True
1494,jUrm2aY4uBhsuDgateQB,jUrm2aY4uBhsuDgateQB,,0x3a3190,8,OBJECT,GLOBAL,DEFAULT,19,True
1495,_ZN10ApdygafUox10LcTxgao36wERK10cXoLgatBuI,ApdygafUox::LcTxgao36w(cXoLgatBuI const&),,0x1dda54,56,FUNC,GLOBAL,DEFAULT,9,True
1496,_ZN10w6qzgacqqy10G2hJxa_NIZE,w6qzgacqqy::G2hJxa_NIZ,,0x3a3721,1,OBJECT,GLOBAL,DEFAULT,19,True
1497,_ZN10W6NzgawMJy10kcA6La3384EP10vy1JgaKVkHdd,"W6NzgawMJy::kcA6La3384(vy1JgaKVkH*, double, double)",,0x181ae0,164,FUNC,GLOBAL,DEFAULT,9,True
1498,_ZNK10vuuHgangcFixEi,vuuHgangcF::operator[](int) const,,0xf7670,88,FUNC,GLOBAL,DEFAULT,9,True
1499,_ZN10pWihMaQxaeD1Ev,pWihMaQxae::~pWihMaQxae(),,0x22f860,84,FUNC,GLOBAL,DEFAULT,9,True
1500,FT_Done_FreeType,FT_Done_FreeType,,0x261418,44,FUNC,GLOBAL,DEFAULT,9,True
1501,_ZN10s_YwgafWlw10umViIaxSwTERK10cXoLgatBuI,s_YwgafWlw::umViIaxSwT(cXoLgatBuI const&),,0x1dc370,132,FUNC,GLOBAL,DEFAULT,9,True
1502,FT_Stream_ReadLongLE,FT_Stream_ReadLongLE,,0x25ce68,196,FUNC,GLOBAL,DEFAULT,9,True
1503,_ZN10VGEwBaTQ4a10CLDwBaH33aEb,VGEwBaTQ4a::CLDwBaH33a(bool),,0x1e5a68,28,FUNC,GLOBAL,DEFAULT,9,True
1504,_ZN10EYKlVaL7URC1Ev,EYKlVaL7UR::EYKlVaL7UR(),,0x1dfe6c,100,FUNC,GLOBAL,DEFAULT,9,True
1505,_ZN10zF9VgaBKxR10X074yaumW7EP10vy1JgaKVkHddddb,"zF9VgaBKxR::X074yaumW7(vy1JgaKVkH*, double, double, double, double, bool)",,0x1a9c2c,560,FUNC,GLOBAL,DEFAULT,9,True
1506,_ZN10XJLBgarMnA10xS6AgaBoQzEv,XJLBgarMnA::xS6AgaBoQz(),,0x20b1f8,468,FUNC,GLOBAL,DEFAULT,9,True
1507,_ZN10C8THgaTQxF10Mripga77TpEbPKcP10ySrpgaC30p,"C8THgaTQxF::Mripga77Tp(bool, char const*, ySrpgaC30p*)",,0xf38b8,1332,FUNC,GLOBAL,DEFAULT,9,True
1508,_ZN10Fcx_gaoydV10u6Rogaa8wpERK10C8THgaTQxF,Fcx_gaoydV::u6Rogaa8wp(C8THgaTQxF const&),,0x117768,188,FUNC,GLOBAL,DEFAULT,9,True
1509,_Z10uLkuxaF47MRK10C8THgaTQxF,uLkuxaF47M(C8THgaTQxF const&),,0x1e9414,356,FUNC,GLOBAL,DEFAULT,9,True
1510,_ZN10Fcx_gaoydV10au69Ba236IEv,Fcx_gaoydV::au69Ba236I(),,0x11700c,248,FUNC,GLOBAL,DEFAULT,9,True
1511,_ZN10ieJzgaIFFy10wnLBgbvtnAEv,ieJzgaIFFy::wnLBgbvtnA(),,0x163068,88,FUNC,GLOBAL,DEFAULT,9,True
1512,_ZN10xiYWfajld110ASPqLaEfbwE,xiYWfajld1::ASPqLaEfbw,,0x3a4d89,1,OBJECT,GLOBAL,DEFAULT,19,True
1513,_ZN6CyaInt8mp_clampEPNS_6mp_intE,CyaInt::mp_clamp(CyaInt::mp_int*),,0x2c6590,64,FUNC,GLOBAL,DEFAULT,9,True
1514,_ZN10AICTfaebpZ10Yw3SfaqAWYEv,AICTfaebpZ::Yw3SfaqAWY(),,0x21b644,124,FUNC,GLOBAL,DEFAULT,9,True
1515,OEdV1a55Kd,OEdV1a55Kd,,0x3a0c60,4,OBJECT,GLOBAL,DEFAULT,19,True
1516,_ZN10IoTkgardbmC1ERK10C8THgaTQxF,IoTkgardbm::IoTkgardbm(C8THgaTQxF const&),,0x16c59c,132,FUNC,GLOBAL,DEFAULT,9,True
1517,_ZN10N67CMatrxw10fssWfaryN0ERK10C8THgaTQxF,N67CMatrxw::fssWfaryN0(C8THgaTQxF const&),,0x230fe4,136,FUNC,GLOBAL,DEFAULT,9,True
1518,_ZN20irqhGaERgbPropertiesC2Ev,irqhGaERgbProperties::irqhGaERgbProperties(),,0x2470f8,156,FUNC,GLOBAL,DEFAULT,9,True
1519,_ZN10H4zIGaBY6xD1Ev,H4zIGaBY6x::~H4zIGaBY6x(),,0xf01bc,104,FUNC,GLOBAL,DEFAULT,9,True
1520,_ZN10R_MvgaEQlv10yq16Ta3OwPEv,R_MvgaEQlv::yq16Ta3OwP(),,0xec400,132,FUNC,GLOBAL,DEFAULT,9,True
1521,_ZN10G0gxgajWBwC1ERK10CanTfaz6bZ,G0gxgajWBw::G0gxgajWBw(CanTfaz6bZ const&),,0x214094,144,FUNC,GLOBAL,DEFAULT,9,True
1522,_ZN10Vx2_xajLEdC2ERK10C8THgaTQxF,Vx2_xajLEd::Vx2_xajLEd(C8THgaTQxF const&),,0x1e75e0,80,FUNC,GLOBAL,DEFAULT,9,True
1523,jUrm2aY4uBu0eyga1eqx,jUrm2aY4uBu0eyga1eqx,,0x3a3550,8,OBJECT,GLOBAL,DEFAULT,19,True
1524,_ZN10k1h4JaIMdnC2EP10zF9VgaBKxR,k1h4JaIMdn::k1h4JaIMdn(zF9VgaBKxR*),,0x248a04,80,FUNC,GLOBAL,DEFAULT,9,True
1525,_ZN10w9XxgaJdbx10X8gMBad2doERK10eY2wgaf6pw,w9XxgaJdbx::X8gMBad2do(eY2wgaf6pw const&),,0x1bc900,440,FUNC,GLOBAL,DEFAULT,9,True
1526,_ZN10u0eyga1eqx10NNcPQaynH2EiPKc,"u0eyga1eqx::NNcPQaynH2(int, char const*)",,0x1e1fd4,232,FUNC,GLOBAL,DEFAULT,9,True
1527,_ZN10w6qzgacqqy10oY5ELapDbIE,w6qzgacqqy::oY5ELapDbI,,0x3a376d,1,OBJECT,GLOBAL,DEFAULT,19,True
1528,_ZN10tJIwIaYe8310kn6NFajZLMEb,tJIwIaYe83::kn6NFajZLM(bool),,0x23cf70,316,FUNC,GLOBAL,DEFAULT,9,True
1529,_Z10rFoeJatmJFRK10C8THgaTQxF,rFoeJatmJF(C8THgaTQxF const&),,0xf5108,436,FUNC,GLOBAL,DEFAULT,9,True
1530,_ZN10cWWYfaxbT2C2ERK10C8THgaTQxFb,"cWWYfaxbT2::cWWYfaxbT2(C8THgaTQxF const&, bool)",,0x22e86c,224,FUNC,GLOBAL,DEFAULT,9,True
1531,_ZN10W6NzgawMJy10pLeswaA1mVEv,W6NzgawMJy::pLeswaA1mV(),,0x17f83c,40,FUNC,WEAK,DEFAULT,9,True
1532,_ZN20gId5RaV8_6PropertiesC2Ev,gId5RaV8_6Properties::gId5RaV8_6Properties(),,0x248d50,156,FUNC,GLOBAL,DEFAULT,9,True
1533,_Z10Z3jXGa2uwKRK10C8THgaTQxF,Z3jXGa2uwK(C8THgaTQxF const&),,0x24f920,284,FUNC,GLOBAL,DEFAULT,9,True
1534,_ZN10OYYKfaPU7RC1EP10LJyzga9Pwyiiii,"OYYKfaPU7R::OYYKfaPU7R(LJyzga9Pwy*, int, int, int, int)",,0x101024,224,FUNC,GLOBAL,DEFAULT,9,True
1535,_ZN10D2x4gaXfrZ10ktfMgamDcJE,D2x4gaXfrZ::ktfMgamDcJ,,0x395670,28,OBJECT,GLOBAL,DEFAULT,18,True
1536,inflateUndermine,inflateUndermine,,0x293e20,36,FUNC,GLOBAL,DEFAULT,9,True
1537,_ZN10uzN1fatj7510CSeUgaG7VPERjS0_S0_,"uzN1fatj75::CSeUgaG7VP(unsigned int&, unsigned int&, unsigned int&)",,0x10bd44,160,FUNC,GLOBAL,DEFAULT,9,True
1538,_ZN10ApdygafUoxC1ERK10C8THgaTQxF,ApdygafUox::ApdygafUox(C8THgaTQxF const&),,0x1dd4fc,48,FUNC,GLOBAL,DEFAULT,9,True
1539,_ZN10IIAnGagvsg5clearEv,IIAnGagvsg::clear(),,0xfd6cc,116,FUNC,GLOBAL,DEFAULT,9,True
1540,_ZN10Kc8uganwOu10N2CgLa0sBnEv,Kc8uganwOu::N2CgLa0sBn(),,0x16a114,20,FUNC,GLOBAL,DEFAULT,9,True
1541,_ZN10KcKRganuPN10Cg5dFaI2siE,KcKRganuPN::Cg5dFaI2si,,0x3a09f8,8,OBJECT,GLOBAL,DEFAULT,19,True
1542,DGifCloseFile,DGifCloseFile,,0x2bb4a0,276,FUNC,GLOBAL,DEFAULT,9,True
1543,_Z10sFYSSauERMRK10C8THgaTQxFb,"sFYSSauERM(C8THgaTQxF const&, bool)",,0x1ae07c,348,FUNC,GLOBAL,DEFAULT,9,True
1544,_ZN6CyaInt18mp_to_unsigned_binEPNS_6mp_intEPh,"CyaInt::mp_to_unsigned_bin(CyaInt::mp_int*, unsigned char*)",,0x2c6938,196,FUNC,GLOBAL,DEFAULT,9,True
1545,tt_cmap14_class_rec1,tt_cmap14_class_rec1,,0x37fc58,104,OBJECT,GLOBAL,DEFAULT,15,True
1546,_ZN10J7J0ga9peWD1Ev,J7J0ga9peW::~J7J0ga9peW(),,0x1d3dec,20,FUNC,WEAK,DEFAULT,9,True
1547,_ZN10NYF9TaOVKR10juVsfa5YWCERK10C8THgaTQxF,NYF9TaOVKR::juVsfa5YWC(C8THgaTQxF const&),,0xeb9f0,8,FUNC,GLOBAL,DEFAULT,9,True
1548,_ZN10J0CfgbmrLhD1Ev,J0CfgbmrLh::~J0CfgbmrLh(),,0x1609c0,68,FUNC,GLOBAL,DEFAULT,9,True
1549,_ZN20yO8PSaf1tKPropertiesC1Ev,yO8PSaf1tKProperties::yO8PSaf1tKProperties(),,0x1a512c,156,FUNC,GLOBAL,DEFAULT,9,True
1550,_ZN20uzvDgataRBPropertiesD2Ev,uzvDgataRBProperties::~uzvDgataRBProperties(),,0x1b20b0,28,FUNC,WEAK,DEFAULT,9,True
1551,_Z13yajl_do_parseP13yajl_handle_tPKhm,"yajl_do_parse(yajl_handle_t*, unsigned char const*, unsigned long)",,0x2c00f4,2180,FUNC,GLOBAL,DEFAULT,9,True
1552,_ZN10SsrLga3IwI10C1tJBa_SSlEP10w9XxgaJdbxRK10cXoLgatBuI,"SsrLga3IwI::C1tJBa_SSl(w9XxgaJdbx*, cXoLgatBuI const&)",,0x1b4040,128,FUNC,GLOBAL,DEFAULT,9,True
1553,raise@LIBC (2),raise,LIBC (2),0x0,0,FUNC,GLOBAL,DEFAULT,UND,False
1554,_ZThn16_N20dJ10YaC3tXPropertiesD1Ev,non-virtual thunk to dJ10YaC3tXProperties::~dJ10YaC3tXProperties(),,0x2485b8,8,FUNC,WEAK,DEFAULT,9,True
1555,_ZN10e4ZYfa8PV210aUFLuaVRIuERK10C8THgaTQxFS2_,"e4ZYfa8PV2::aUFLuaVRIu(C8THgaTQxF const&, C8THgaTQxF const&)",,0x2366ec,404,FUNC,GLOBAL,DEFAULT,9,True
1556,_ZN10w6qzgacqqy10Hm0FxaQVXWE,w6qzgacqqy::Hm0FxaQVXW,,0x3a36d0,8,OBJECT,GLOBAL,DEFAULT,19,True
1557,_ZThn16_N20awDo2aJRkDPropertiesD0Ev,non-virtual thunk to awDo2aJRkDProperties::~awDo2aJRkDProperties(),,0x1dfd34,8,FUNC,WEAK,DEFAULT,9,True
1558,_ZN6CyaInt15mp_exptmod_fastEPNS_6mp_intES1_S1_S1_i,"CyaInt::mp_exptmod_fast(CyaInt::mp_int*, CyaInt::mp_int*, CyaInt::mp_int*, CyaInt::mp_int*, int)",,0x2c9dbc,1548,FUNC,GLOBAL,DEFAULT,9,True
1559,_ZTV10G0gxgajWBw,vtable for G0gxgajWBw,,0x37d230,320,OBJECT,WEAK,DEFAULT,15,True
1560,_ZN6CyaInt7InitSSLEPNS_6CYASSLEPNS_10CYASSL_CTXE,"CyaInt::InitSSL(CyaInt::CYASSL*, CyaInt::CYASSL_CTX*)",,0x2da308,1000,FUNC,GLOBAL,DEFAULT,9,True
1561,_ZN10qjQMgaXCHJ10c4RmLa65QsEv,qjQMgaXCHJ::c4RmLa65Qs(),,0xfa5f8,496,FUNC,GLOBAL,DEFAULT,9,True
1562,_ZN10W6NzgawMJy10kuDCLacQ6FERK10C8THgaTQxFffbiiiif,"W6NzgawMJy::kuDCLacQ6F(C8THgaTQxF const&, float, float, bool, int, int, int, int, float)",,0x180178,356,FUNC,GLOBAL,DEFAULT,9,True
1563,_ZN10imqXgalNBS10pqxXgaPJHSEv,imqXgalNBS::pqxXgaPJHS(),,0x1e42a0,8,FUNC,GLOBAL,DEFAULT,9,True
1564,_ZN10G0gxgajWBw10tNsxZakQLnEP10yajl_gen_tb,"G0gxgajWBw::tNsxZakQLn(yajl_gen_t*, bool)",,0x237ec8,1816,FUNC,GLOBAL,DEFAULT,9,True
1565,_ZN10u0eyga1eqx4sortEv,u0eyga1eqx::sort(),,0x1e22b0,436,FUNC,GLOBAL,DEFAULT,9,True
1566,_ZN10oMhmIajzmWC2EP10LJyzga9PwyRK10C8THgaTQxF,"oMhmIajzmW::oMhmIajzmW(LJyzga9Pwy*, C8THgaTQxF const&)",,0x106634,96,FUNC,GLOBAL,DEFAULT,9,True
1567,_Z12GenerateSeedP7OS_SeedPhj,"GenerateSeed(OS_Seed*, unsigned char*, unsigned int)",,0x2cc908,172,FUNC,GLOBAL,DEFAULT,9,True
1568,_ZN10EYMwkbFObT10CD4vkb3vBSEPhiii,"EYMwkbFObT::CD4vkb3vBS(unsigned char*, int, int, int)",,0x152f44,112,FUNC,GLOBAL,DEFAULT,9,True
1569,BKvSQaWjt5,BKvSQaWjt5,,0x3a3540,4,OBJECT,GLOBAL,DEFAULT,19,True
1570,_ZN10W6NzgawMJy10yow6KahS5eERK10C8THgaTQxFii,"W6NzgawMJy::yow6KahS5e(C8THgaTQxF const&, int, int)",,0x183778,1344,FUNC,GLOBAL,DEFAULT,9,True
1571,unzLocateFile2,unzLocateFile2,,0x258418,292,FUNC,GLOBAL,DEFAULT,9,True
1572,_ZN10w9XxgaJdbx10Q6UOBawFrqEb,w9XxgaJdbx::Q6UOBawFrq(bool),,0x1bd65c,16,FUNC,GLOBAL,DEFAULT,9,True
1573,_ZN10Vx2_xajLEd10z7s3xa56wgEi,Vx2_xajLEd::z7s3xa56wg(int),,0x1e7158,8,FUNC,GLOBAL,DEFAULT,9,True
1574,_ZN6CyaInt32CyaSSL_CTX_OCSP_set_override_urlEPNS_10CYASSL_CTXEPKc,"CyaInt::CyaSSL_CTX_OCSP_set_override_url(CyaInt::CYASSL_CTX*, char const*)",,0x2d3a9c,8,FUNC,GLOBAL,DEFAULT,9,True
1575,_ZN10X7DzgannBy10pvFzga7wCyERK10C8THgaTQxF,X7DzgannBy::pvFzga7wCy(C8THgaTQxF const&),,0x196ed0,552,FUNC,GLOBAL,DEFAULT,9,True
1576,_ZN10oAgxlbdzBJ10NuRwlbFCfJEPhRK10i7FHgaP2lF,"oAgxlbdzBJ::NuRwlbFCfJ(unsigned char*, i7FHgaP2lF const&)",,0x245e98,132,FUNC,GLOBAL,DEFAULT,9,True
1577,nanosleep@LIBC (2),nanosleep,LIBC (2),0x0,0,FUNC,GLOBAL,DEFAULT,UND,False
1578,_ZN10gqiNgaG64J10nQlWHaFZHzERK10V6P7faBscbS2_S2_S2_,"gqiNgaG64J::nQlWHaFZHz(V6P7faBscb const&, V6P7faBscb const&, V6P7faBscb const&, V6P7faBscb const&)",,0xe4158,4,FUNC,WEAK,DEFAULT,9,True
1579,_ZN10Kv6ugas5Mu10wgSQgaCg5MEv,Kv6ugas5Mu::wgSQgaCg5M(),,0x110d44,20,FUNC,GLOBAL,DEFAULT,9,True
1580,_ZN6CyaInt8mp_2exptEPNS_6mp_intEi,"CyaInt::mp_2expt(CyaInt::mp_int*, int)",,0x2c89c0,128,FUNC,GLOBAL,DEFAULT,9,True
1581,glColorPointer,glColorPointer,,0x0,0,FUNC,GLOBAL,DEFAULT,UND,False
1582,_ZN6CyaInt11mp_dr_setupEPNS_6mp_intEPj,"CyaInt::mp_dr_setup(CyaInt::mp_int*, unsigned int*)",,0x2c89a8,24,FUNC,GLOBAL,DEFAULT,9,True
1583,_ZN10XoqxgaMPJwD1Ev,XoqxgaMPJw::~XoqxgaMPJw(),,0x11522c,144,FUNC,WEAK,DEFAULT,9,True
1584,_ZN10VGEwBaTQ4aC1Ev,VGEwBaTQ4a::VGEwBaTQ4a(),,0x1e5994,108,FUNC,GLOBAL,DEFAULT,9,True
1585,_ZN10IUKzgam4Gy10cR7XZakdcKEv,IUKzgam4Gy::cR7XZakdcK(),,0xe172c,64,FUNC,GLOBAL,DEFAULT,9,True
1586,_ZN10w6qzgacqqy10FyYDxaOyeVEiRK10C8THgaTQxF,"w6qzgacqqy::FyYDxaOyeV(int, C8THgaTQxF const&)",,0x1ec074,64,FUNC,GLOBAL,DEFAULT,9,True
1587,_ZN6CyaInt12mp_init_copyEPNS_6mp_intES1_,"CyaInt::mp_init_copy(CyaInt::mp_int*, CyaInt::mp_int*)",,0x2c6520,60,FUNC,GLOBAL,DEFAULT,9,True
1588,_ZN10aROxJaio3V10qMQh2ar0CxEv,aROxJaio3V::qMQh2ar0Cx(),,0x253d38,224,FUNC,GLOBAL,DEFAULT,9,True
1589,_ZTV10SEPCMa33gw,vtable for SEPCMa33gw,,0x37dc00,48,OBJECT,WEAK,DEFAULT,15,True
1590,_Z18jpeg_mem_availableP18jpeg_common_structlll,"jpeg_mem_available(jpeg_common_struct*, long, long, long)",,0x2a2378,8,FUNC,GLOBAL,DEFAULT,9,True
1591,_ZN10SsrLga3IwI10JvGgIarnEREb,SsrLga3IwI::JvGgIarnER(bool),,0x1b3f48,192,FUNC,GLOBAL,DEFAULT,9,True
1592,_ZN10DFeOfaFXSUC2Ej,DFeOfaFXSU::DFeOfaFXSU(unsigned int),,0x10f85c,136,FUNC,GLOBAL,DEFAULT,9,True
1593,Java_com_quattroplay_GraalClassic_Natives_onReloadTextures,Java_com_quattroplay_GraalClassic_Natives_onReloadTextures,,0x2518a4,16,FUNC,GLOBAL,DEFAULT,9,True
1594,_ZN10ieJzgaIFFy10I0cMfbfzaTEii,"ieJzgaIFFy::I0cMfbfzaT(int, int)",,0x165f70,772,FUNC,GLOBAL,DEFAULT,9,True
1595,_ZN10_k_Bgam3zA10TwTrxark4KERK10cXoLgatBuI,_k_Bgam3zA::TwTrxark4K(cXoLgatBuI const&),,0x1c6a88,184,FUNC,GLOBAL,DEFAULT,9,True
1596,__bss_end__,__bss_end__,,0x3a7c88,0,NOTYPE,GLOBAL,DEFAULT,ABS,True
1597,_ZN10C8THgaTQxF10YZRbJaV1ADEdiibb,"C8THgaTQxF::YZRbJaV1AD(double, int, int, bool, bool)",,0xf2d6c,1072,FUNC,GLOBAL,DEFAULT,9,True
1598,lK6hZaGhRa,lK6hZaGhRa,,0x3a01b8,4,OBJECT,GLOBAL,DEFAULT,19,True
1599,_Z10n4py_ahyzeP10w6qzgacqqyPii,"n4py_ahyze(w6qzgacqqy*, int*, int)",,0x1f6334,84,FUNC,GLOBAL,DEFAULT,9,True
1600,_ZN20yO8PSaf1tKPropertiesD2Ev,yO8PSaf1tKProperties::~yO8PSaf1tKProperties(),,0x1afb74,28,FUNC,WEAK,DEFAULT,9,True
1601,_ZN10J7zOgaf09KD1Ev,J7zOgaf09K::~J7zOgaf09K(),,0xe41c0,20,FUNC,WEAK,DEFAULT,9,True
1602,_Z10iaiM1alUe6v,iaiM1alUe6(),,0xff7ec,20,FUNC,GLOBAL,DEFAULT,9,True
1603,_ZN10EYKlVaL7URD0Ev,EYKlVaL7UR::~EYKlVaL7UR(),,0x1e0598,48,FUNC,WEAK,DEFAULT,9,True
1604,_ZNK10C8THgaTQxF10JtTLgaLhUIEci,"C8THgaTQxF::JtTLgaLhUI(char, int) const",,0xf4110,100,FUNC,GLOBAL,DEFAULT,9,True
1605,AICTfaebpZOnln2aNBfC,AICTfaebpZOnln2aNBfC,,0x3a5068,8,OBJECT,GLOBAL,DEFAULT,19,True
1606,_ZN10a7qxJaHqKV10wgSQgaCg5MEbb,"a7qxJaHqKV::wgSQgaCg5M(bool, bool)",,0x15fd3c,176,FUNC,GLOBAL,DEFAULT,9,True
1607,_ZN10w6qzgacqqy10mgCGxamOsXE,w6qzgacqqy::mgCGxamOsX,,0x3a3770,8,OBJECT,GLOBAL,DEFAULT,19,True
1608,_ZN10OeCAJa7MpYC2EP10ULeBJaZ1WYj,"OeCAJa7MpY::OeCAJa7MpY(ULeBJaZ1WY*, unsigned int)",,0x23be70,104,FUNC,GLOBAL,DEFAULT,9,True
1609,_Z13yajl_buf_freeP10yajl_buf_t,yajl_buf_free(yajl_buf_t*),,0x2bcd88,104,FUNC,GLOBAL,DEFAULT,9,True
1610,_ZN10Vx2_xajLEd10j9gLgaw2nIEi,Vx2_xajLEd::j9gLgaw2nI(int),,0x1e75a0,64,FUNC,GLOBAL,DEFAULT,9,True
1611,_ZN10W6NzgawMJy10dXySLao0vTEP10vy1JgaKVkH,W6NzgawMJy::dXySLao0vT(vy1JgaKVkH*),,0x183df4,360,FUNC,GLOBAL,DEFAULT,9,True
1612,_ZN10KKhLga4xoI10mrL7TaCw8PEP10U1slUah2F0,KKhLga4xoI::mrL7TaCw8P(U1slUah2F0*),,0xeb714,64,FUNC,GLOBAL,DEFAULT,9,True
1613,Vx2_xajLEdOnln2aNBfC,Vx2_xajLEdOnln2aNBfC,,0x3a3650,8,OBJECT,GLOBAL,DEFAULT,19,True
1614,_ZN6CyaInt11CyaSSL_peekEPNS_6CYASSLEPvi,"CyaInt::CyaSSL_peek(CyaInt::CYASSL*, void*, int)",,0x2d1164,48,FUNC,GLOBAL,DEFAULT,9,True
1615,_ZN10W6NzgawMJy10NJ_ywaho3_EP10zF9VgaBKxRRK10C8THgaTQxF,"W6NzgawMJy::NJ_ywaho3_(zF9VgaBKxR*, C8THgaTQxF const&)",,0x17b1f8,688,FUNC,GLOBAL,DEFAULT,9,True
1616,autofit_module_class,autofit_module_class,,0x3801f0,72,OBJECT,GLOBAL,DEFAULT,15,True
1617,_ZN10SsrLga3IwI10EcH7JanY4pEv,SsrLga3IwI::EcH7JanY4p(),,0x1b3b64,152,FUNC,GLOBAL,DEFAULT,9,True
1618,_ZN10mTAogaaEip10FkeCPa7FM1E,mTAogaaEip::FkeCPa7FM1,,0x3a531c,4,OBJECT,GLOBAL,DEFAULT,19,True
1619,_ZTV10ySrpgaC30p,vtable for ySrpgaC30p,,0x371ed0,96,OBJECT,WEAK,DEFAULT,15,True
1620,_ZN6CyaInt9mp_reduceEPNS_6mp_intES1_S1_,"CyaInt::mp_reduce(CyaInt::mp_int*, CyaInt::mp_int*, CyaInt::mp_int*)",,0x2caff0,392,FUNC,GLOBAL,DEFAULT,9,True
1621,_ZN10psSDxavq9U10NVAjYahG5lEv,psSDxavq9U::NVAjYahG5l(),,0x203c50,1572,FUNC,GLOBAL,DEFAULT,9,True
1622,_ZN10znLtuaytEfD0Ev,znLtuaytEf::~znLtuaytEf(),,0x16ae64,48,FUNC,WEAK,DEFAULT,9,True
1623,_ZN10G0gxgajWBw10wu6lMao4ciEv,G0gxgajWBw::wu6lMao4ci(),,0x216558,516,FUNC,GLOBAL,DEFAULT,9,True
1624,_ZN10zF9VgaBKxR10ViCJmbBQZJERK10C8THgaTQxF,zF9VgaBKxR::ViCJmbBQZJ(C8THgaTQxF const&),,0x1a819c,1392,FUNC,GLOBAL,DEFAULT,9,True
1625,_ZN10ohGYZakbFKD1Ev,ohGYZakbFK::~ohGYZakbFK(),,0xe417c,20,FUNC,WEAK,DEFAULT,9,True
1626,_ZN10MHEiIauRiT10E8yGKaVaqTERK10C8THgaTQxFPhj,"MHEiIauRiT::E8yGKaVaqT(C8THgaTQxF const&, unsigned char*, unsigned int)",,0xe5b18,56,FUNC,GLOBAL,DEFAULT,9,True
1627,_ZN10uSjUgask_P10cZhFEa3JlPEv,uSjUgask_P::cZhFEa3JlP(),,0x107534,12,FUNC,GLOBAL,DEFAULT,9,True
1628,DpuBJaic9Y,DpuBJaic9Y,,0x3a5820,8,OBJECT,GLOBAL,DEFAULT,19,True
1629,_ZN10w9XxgaJdbx10jfmeIazkHPEi,w9XxgaJdbx::jfmeIazkHP(int),,0x1bb13c,64,FUNC,GLOBAL,DEFAULT,9,True
1630,_ZN10ln7yHaeP9fC2EP10w9XxgaJdbx,ln7yHaeP9f::ln7yHaeP9f(w9XxgaJdbx*),,0x1ce570,224,FUNC,GLOBAL,DEFAULT,9,True
1631,_ZN10EYKlVaL7URC2ERK10C8THgaTQxF,EYKlVaL7UR::EYKlVaL7UR(C8THgaTQxF const&),,0x1dfe0c,48,FUNC,GLOBAL,DEFAULT,9,True
1632,_ZN6CyaInt23CyaSSL_dtls_got_timeoutEPNS_6CYASSLE,CyaInt::CyaSSL_dtls_got_timeout(CyaInt::CYASSL*),,0x2d2b10,8,FUNC,GLOBAL,DEFAULT,9,True
1633,_ZN10zW2NgaU4IK10Dy0WfaM4f1EP10G0gxgajWBw,zW2NgaU4IK::Dy0WfaM4f1(G0gxgajWBw*),,0x21ba9c,16,FUNC,GLOBAL,DEFAULT,9,True
1634,_ZN10AS80gaE4zW10N80Qga3zdNEv,AS80gaE4zW::N80Qga3zdN(),,0x1d5f28,68,FUNC,GLOBAL,DEFAULT,9,True
1635,_ZN20X0HXmbuEQVPropertiesC2Ev,X0HXmbuEQVProperties::X0HXmbuEQVProperties(),,0x249d90,136,FUNC,GLOBAL,DEFAULT,9,True
1636,_ZN10nenvgaH9_u10ASbByaEBUIEP19zlib_filefunc_def_s,nenvgaH9_u::ASbByaEBUI(zlib_filefunc_def_s*),,0xf2374,92,FUNC,GLOBAL,DEFAULT,9,True
1637,_ZN10ZAuvgaUl6u10FjFqHahn28ERK10C8THgaTQxF,ZAuvgaUl6u::FjFqHahn28(C8THgaTQxF const&),,0x204848,340,FUNC,GLOBAL,DEFAULT,9,True
1638,_ZN6CyaInt15InitCipherSpecsEPNS_11CipherSpecsE,CyaInt::InitCipherSpecs(CyaInt::CipherSpecs*),,0x2d6310,48,FUNC,GLOBAL,DEFAULT,9,True
1639,_ZTV10ieJzgaIFFy,vtable for ieJzgaIFFy,,0x373860,552,OBJECT,WEAK,DEFAULT,15,True
1640,_ZN10U1slUah2F0C2EP10J7zOgaf09Kj,"U1slUah2F0::U1slUah2F0(J7zOgaf09K*, unsigned int)",,0xeb02c,20,FUNC,GLOBAL,DEFAULT,9,True
1641,_ZN10SsrLga3IwI10N8iYBa3IlyEv,SsrLga3IwI::N8iYBa3Ily(),,0x1b36e0,4,FUNC,GLOBAL,DEFAULT,9,True
1642,_ZN10oMhmIajzmW10QB9uJaBHPTEffff,"oMhmIajzmW::QB9uJaBHPT(float, float, float, float)",,0x1068b0,476,FUNC,GLOBAL,DEFAULT,9,True
1643,_ZN10kd5l5aU_b710ygM0XaEdg6Ei,kd5l5aU_b7::ygM0XaEdg6(int),,0x23f040,68,FUNC,GLOBAL,DEFAULT,9,True
1644,_ZN10VxVm2aj1TBC2ERK10C8THgaTQxFPFP10G0gxgajWBwS2_E,"VxVm2aj1TB::VxVm2aj1TB(C8THgaTQxF const&, G0gxgajWBw* (*)(C8THgaTQxF const&))",,0x22e790,168,FUNC,GLOBAL,DEFAULT,9,True
1645,_ZN10vuuHgangcF3AddEPKc,vuuHgangcF::Add(char const*),,0xf6a40,68,FUNC,GLOBAL,DEFAULT,9,True
1646,ajvBGaHX9r,ajvBGaHX9r,,0x3a5a78,8,OBJECT,GLOBAL,DEFAULT,19,True
1647,w9XxgaJdbxOnln2aNBfC,w9XxgaJdbxOnln2aNBfC,,0x3a31e8,8,OBJECT,GLOBAL,DEFAULT,19,True
1648,_ZN10SEPCMa33gw10rVjVga1mQQEP10G0gxgajWBw,SEPCMa33gw::rVjVga1mQQ(G0gxgajWBw*),,0x2348bc,288,FUNC,GLOBAL,DEFAULT,9,True
1649,_ZN10MpHWLal8ZWC2EP10zF9VgaBKxRi,"MpHWLal8ZW::MpHWLal8ZW(zF9VgaBKxR*, int)",,0x1a5b54,472,FUNC,GLOBAL,DEFAULT,9,True
1650,sprintf@LIBC (2),sprintf,LIBC (2),0x0,0,FUNC,GLOBAL,DEFAULT,UND,False
1651,_ZeqRK10C8THgaTQxFPKc,"operator==(C8THgaTQxF const&, char const*)",,0xf3320,172,FUNC,GLOBAL,DEFAULT,9,True
1652,_Z15jpeg_fdct_ifastPi,jpeg_fdct_ifast(int*),,0x2b98b0,924,FUNC,GLOBAL,DEFAULT,9,True
1653,_ZN10W6NzgawMJy10RIGCwapy92Ei,W6NzgawMJy::RIGCwapy92(int),,0x19d7f8,5436,FUNC,GLOBAL,DEFAULT,9,True
1654,_ZN10LBgVgaqANQ10HTp1IavoOuEv,LBgVgaqANQ::HTp1IavoOu(),,0x18eab4,8,FUNC,WEAK,DEFAULT,9,True
1655,_Z10pVp6FaUp01v,pVp6FaUp01(),,0xe7728,60,FUNC,GLOBAL,DEFAULT,9,True
1656,_ZN10PO392awP4g5cloneEP10V8fxgahcBw,PO392awP4g::clone(V8fxgahcBw*),,0x11db50,68,FUNC,WEAK,DEFAULT,9,True
1657,_ZN10GbMhIaz9yS10vpuGLa4bmJEv,GbMhIaz9yS::vpuGLa4bmJ(),,0x1c2364,224,FUNC,GLOBAL,DEFAULT,9,True
1658,_ZN20mH33wa4I1qPropertiesD2Ev,mH33wa4I1qProperties::~mH33wa4I1qProperties(),,0x2373f8,28,FUNC,WEAK,DEFAULT,9,True
1659,Java_com_quattroplay_GraalClassic_Natives_onAppLeaveBackground,Java_com_quattroplay_GraalClassic_Natives_onAppLeaveBackground,,0x251bac,88,FUNC,GLOBAL,DEFAULT,9,True
1660,_ZN10EYMwkbFObT10GgGAkbGatWEPhiii,"EYMwkbFObT::GgGAkbGatW(unsigned char*, int, int, int)",,0x1533f4,352,FUNC,GLOBAL,DEFAULT,9,True
1661,_ZN10f6WHgaQkAF10fxivgaycXuERK10C8THgaTQxFb,"f6WHgaQkAF::fxivgaycXu(C8THgaTQxF const&, bool)",,0xef090,1296,FUNC,GLOBAL,DEFAULT,9,True
1662,_ZN10VGEwBaTQ4aD2Ev,VGEwBaTQ4a::~VGEwBaTQ4a(),,0x1e584c,72,FUNC,GLOBAL,DEFAULT,9,True
1663,_ZN20zF9VgaBKxRPropertiesD2Ev,zF9VgaBKxRProperties::~zF9VgaBKxRProperties(),,0x1afbbc,28,FUNC,WEAK,DEFAULT,9,True
1664,_ZN10AS80gaE4zW10S0OSgapxJOEf,AS80gaE4zW::S0OSgapxJO(float),,0x1d4f7c,84,FUNC,GLOBAL,DEFAULT,9,True
1665,_ZN10QPh5pbnC3y10tDfwgaPLKvEv,QPh5pbnC3y::tDfwgaPLKv(),,0xe415c,8,FUNC,WEAK,DEFAULT,9,True
1666,_ZN20mH33wa4I1qPropertiesC2Ev,mH33wa4I1qProperties::mH33wa4I1qProperties(),,0x2371ec,136,FUNC,GLOBAL,DEFAULT,9,True
1667,_ZN10uzN1fatj7510dplYgaNCnTEv,uzN1fatj75::dplYgaNCnT(),,0x10bfe8,192,FUNC,GLOBAL,DEFAULT,9,True
1668,yajl_gen_null,yajl_gen_null,,0x2bdb5c,504,FUNC,GLOBAL,DEFAULT,9,True
1669,_ZThn16_N20XCASBayqxtPropertiesD1Ev,non-virtual thunk to XCASBayqxtProperties::~XCASBayqxtProperties(),,0x1b1370,8,FUNC,WEAK,DEFAULT,9,True
1670,_ZN10FY2VgaG6rR10rysVgaGDXQEdb,"FY2VgaG6rR::rysVgaGDXQ(double, bool)",,0x16dc10,28,FUNC,WEAK,DEFAULT,9,True
1671,deflatePrime,deflatePrime,,0x28efbc,52,FUNC,GLOBAL,DEFAULT,9,True
1672,_ZN6CyaInt7mp_exchEPNS_6mp_intES1_,"CyaInt::mp_exch(CyaInt::mp_int*, CyaInt::mp_int*)",,0x2c65d0,52,FUNC,GLOBAL,DEFAULT,9,True
1673,LZ5iwaIEGN,LZ5iwaIEGN,,0x3a0b38,8,OBJECT,GLOBAL,DEFAULT,19,True
1674,_ZN10ohGYZakbFK10j3HMgatGAJEv,ohGYZakbFK::j3HMgatGAJ(),,0xe3848,48,FUNC,GLOBAL,DEFAULT,9,True
1675,_ZN10AS80gaE4zW10qwnSgaTomOERK10eY2wgaf6pw,AS80gaE4zW::qwnSgaTomO(eY2wgaf6pw const&),,0x1d55b0,1960,FUNC,GLOBAL,DEFAULT,9,True
1676,_ZN10w6qzgacqqy10hh84xa7zWhEi,w6qzgacqqy::hh84xa7zWh(int),,0x1ebe70,264,FUNC,GLOBAL,DEFAULT,9,True
1677,_ZN10SsrLga3IwID0Ev,SsrLga3IwI::~SsrLga3IwI(),,0x1b3ea4,32,FUNC,GLOBAL,DEFAULT,9,True
1678,_ZN10R_MvgaEQlv10q_90ua70AIEP10KKhLga4xoI,R_MvgaEQlv::q_90ua70AI(KKhLga4xoI*),,0xec7a0,88,FUNC,GLOBAL,DEFAULT,9,True
1679,_ZN10Dq2rua2EceD1Ev,Dq2rua2Ece::~Dq2rua2Ece(),,0x246d50,20,FUNC,WEAK,DEFAULT,9,True
1680,_ZN20pTy_fadYe4PropertiesD0Ev,pTy_fadYe4Properties::~pTy_fadYe4Properties(),,0x195bb4,56,FUNC,WEAK,DEFAULT,9,True
1681,_ZN10EbOa3arQHh5cloneEP10V8fxgahcBw,EbOa3arQHh::clone(V8fxgahcBw*),,0x11d96c,104,FUNC,WEAK,DEFAULT,9,True
1682,_Z10xhcRKanXm1v,xhcRKanXm1(),,0xe9d70,4,FUNC,GLOBAL,DEFAULT,9,True
1683,_ZN10zF9VgaBKxR10YkZNSaqdFIEv,zF9VgaBKxR::YkZNSaqdFI(),,0x1a5e88,164,FUNC,GLOBAL,DEFAULT,9,True
1684,log10@LIBC (3),log10,LIBC (3),0x0,0,FUNC,GLOBAL,DEFAULT,UND,False
1685,_ZN10w9XxgaJdbx10H6xm1ahjALERK10i7FHgaP2lF,w9XxgaJdbx::H6xm1ahjAL(i7FHgaP2lF const&),,0x1b9550,256,FUNC,GLOBAL,DEFAULT,9,True
1686,_ZN10e4ZYfa8PV210PoZKuaEg8tERK10C8THgaTQxFP10u3cBgayBVz,"e4ZYfa8PV2::PoZKuaEg8t(C8THgaTQxF const&, u3cBgayBVz*)",,0x236a80,644,FUNC,GLOBAL,DEFAULT,9,True
1687,_ZN10IIAnGagvsgD1Ev,IIAnGagvsg::~IIAnGagvsg(),,0xfd740,20,FUNC,GLOBAL,DEFAULT,9,True
1688,_ZN6CyaInt11CyaSSL_recvEPNS_6CYASSLEPvii,"CyaInt::CyaSSL_recv(CyaInt::CYASSL*, void*, int, int)",,0x2d11f4,48,FUNC,GLOBAL,DEFAULT,9,True
1689,_ZN10Kv6ugas5Mu10kAXG_a9JKlEv,Kv6ugas5Mu::kAXG_a9JKl(),,0x110d58,216,FUNC,GLOBAL,DEFAULT,9,True
1690,_ZN10LJyzga9Pwy10sUaPfacNFVEv,LJyzga9Pwy::sUaPfacNFV(),,0x109530,28,FUNC,GLOBAL,DEFAULT,9,True
1691,_ZN10CanTfaz6bZ10HA7Sjbw_ZkE,CanTfaz6bZ::HA7Sjbw_Zk,,0x3a06e0,1,OBJECT,GLOBAL,DEFAULT,19,True
1692,_ZN10_thLgaWjoID0Ev,_thLgaWjoI::~_thLgaWjoI(),,0x1cb5a0,32,FUNC,GLOBAL,DEFAULT,9,True
1693,_ZN10Kv6ugas5Mu10hOb6gaTxP_ERK10C8THgaTQxFiS2_,"Kv6ugas5Mu::hOb6gaTxP_(C8THgaTQxF const&, int, C8THgaTQxF const&)",,0x111d68,108,FUNC,GLOBAL,DEFAULT,9,True
1694,_ZN10XJLBgarMnAD2Ev,XJLBgarMnA::~XJLBgarMnA(),,0x20aba4,160,FUNC,GLOBAL,DEFAULT,9,True
1695,_ZN10K7FLgag3II10Cw2dNa4Jq1E,K7FLgag3II::Cw2dNa4Jq1,,0x38e164,4,OBJECT,GLOBAL,DEFAULT,18,True
1696,_ZN10ZOPBLaGcrF10MghWDaS8DcEP10C8THgaTQxFS1_S1_Pi,"ZOPBLaGcrF::MghWDaS8Dc(C8THgaTQxF*, C8THgaTQxF*, C8THgaTQxF*, int*)",,0x16b048,464,FUNC,GLOBAL,DEFAULT,9,True
1697,_ZN10J0CfgbmrLhC1EP10ieJzgaIFFyib,"J0CfgbmrLh::J0CfgbmrLh(ieJzgaIFFy*, int, bool)",,0x161664,188,FUNC,GLOBAL,DEFAULT,9,True
1698,_ZN10zW2NgaU4IK10fjZ0faMbr5EP10G0gxgajWBw,zW2NgaU4IK::fjZ0faMbr5(G0gxgajWBw*),,0x21da94,212,FUNC,GLOBAL,DEFAULT,9,True
1699,_Z10DBp3Mai9tTPKvS0_,"DBp3Mai9tT(void const*, void const*)",,0x213c94,200,FUNC,GLOBAL,DEFAULT,9,True
1700,_ZN10w9XxgaJdbx10bRaLgajKiIERK10vEhDgaHsFBb,"w9XxgaJdbx::bRaLgajKiI(vEhDgaHsFB const&, bool)",,0x1bba68,324,FUNC,GLOBAL,DEFAULT,9,True
1701,_ZN20IoTkgardbmPropertiesD2Ev,IoTkgardbmProperties::~IoTkgardbmProperties(),,0x16d260,28,FUNC,WEAK,DEFAULT,9,True
1702,FT_Bitmap_Copy,FT_Bitmap_Copy,,0x27ea2c,296,FUNC,GLOBAL,DEFAULT,9,True
1703,_ZN10MHEiIauRiT10TQ3EYaaR9DEPKviPhj,"MHEiIauRiT::TQ3EYaaR9D(void const*, int, unsigned char*, unsigned int)",,0xe5e58,280,FUNC,GLOBAL,DEFAULT,9,True
1704,_ZTV10m0ka3aUhjh,vtable for m0ka3aUhjh,,0x373290,64,OBJECT,WEAK,DEFAULT,15,True
1705,_ZN6CyaInt8mp_mul_dEPNS_6mp_intEjS1_,"CyaInt::mp_mul_d(CyaInt::mp_int*, unsigned int, CyaInt::mp_int*)",,0x2c8b08,356,FUNC,GLOBAL,DEFAULT,9,True
1706,_ZN10rizMgadjtJ10LV0wIafoo4Eff,"rizMgadjtJ::LV0wIafoo4(float, float)",,0x1e9d84,64,FUNC,GLOBAL,DEFAULT,9,True
1707,_ZN10ohGYZakbFK10fXZMgaqJPJEv,ohGYZakbFK::fXZMgaqJPJ(),,0xe3878,180,FUNC,GLOBAL,DEFAULT,9,True
1708,gId5RaV8_6Onln2aNBfC,gId5RaV8_6Onln2aNBfC,,0x3a58a0,8,OBJECT,GLOBAL,DEFAULT,19,True
1709,_Z18FreeLastSavedImageP11GifFileType,FreeLastSavedImage(GifFileType*),,0x2bc6f4,108,FUNC,GLOBAL,DEFAULT,9,True
1710,_ZN20o3AZxayNqcPropertiesD2Ev,o3AZxayNqcProperties::~o3AZxayNqcProperties(),,0x1e7b88,28,FUNC,WEAK,DEFAULT,9,True
1711,_ZN10G0gxgajWBw10lhv_fahWb4EP10zW2NgaU4IK,G0gxgajWBw::lhv_fahWb4(zW2NgaU4IK*),,0x215014,40,FUNC,GLOBAL,DEFAULT,9,True
1712,glTexParameteri,glTexParameteri,,0x0,0,FUNC,GLOBAL,DEFAULT,UND,False
1713,_ZN6CyaInt20CyaSSL_make_eap_keysEPNS_6CYASSLEPvjPKc,"CyaInt::CyaSSL_make_eap_keys(CyaInt::CYASSL*, void*, unsigned int, char const*)",,0x2d50e0,172,FUNC,GLOBAL,DEFAULT,9,True
1714,_ZN10qsr_gawI8U10s9A_gaFSgVEv,qsr_gawI8U::s9A_gaFSgV(),,0x100a60,16,FUNC,WEAK,DEFAULT,9,True
1715,_ZN10w6qzgacqqy10IgN9xaO3QlEiiiiiPi,"w6qzgacqqy::IgN9xaO3Ql(int, int, int, int, int, int*)",,0x1fa098,792,FUNC,GLOBAL,DEFAULT,9,True
1716,_ZThn16_N20mH33wa4I1qPropertiesD1Ev,non-virtual thunk to mH33wa4I1qProperties::~mH33wa4I1qProperties(),,0x237414,8,FUNC,WEAK,DEFAULT,9,True
1717,_ZN10V8fxgahcBw10W_4S2aJPX1ERK10eY2wgaf6pwS2_S2_fRK10dVIHgaIooF,"V8fxgahcBw::W_4S2aJPX1(eY2wgaf6pw const&, eY2wgaf6pw const&, eY2wgaf6pw const&, float, dVIHgaIooF const&)",,0x11b114,232,FUNC,GLOBAL,DEFAULT,9,True
1718,_ZN10zW2NgaU4IK10CoVXfalU01ERK10C8THgaTQxF,zW2NgaU4IK::CoVXfalU01(C8THgaTQxF const&),,0x21d924,252,FUNC,GLOBAL,DEFAULT,9,True
1719,_ZN10eODlJaQ5OL10ogTcHau6rYERK10C8THgaTQxF,eODlJaQ5OL::ogTcHau6rY(C8THgaTQxF const&),,0x241868,72,FUNC,GLOBAL,DEFAULT,9,True
1720,ft_outline_glyph_copy,ft_outline_glyph_copy,,0x27ff08,80,FUNC,GLOBAL,DEFAULT,9,True
1721,_ZN10a7qxJaHqKV10We1hLalFMoE,a7qxJaHqKV::We1hLalFMo,,0x3a0d40,8,OBJECT,GLOBAL,DEFAULT,19,True
1722,_ZN10esKIvakHfi5resetEv,esKIvakHfi::reset(),,0xfc2c0,280,FUNC,GLOBAL,DEFAULT,9,True
1723,_ZN10MpGzgariDy10Gd3lMafkaiEb,MpGzgariDy::Gd3lMafkai(bool),,0x18edbc,8,FUNC,WEAK,DEFAULT,9,True
1724,_ZN10oMhmIajzmW10aZ9nIa7_WXEv,oMhmIajzmW::aZ9nIa7_WX(),,0x100970,8,FUNC,WEAK,DEFAULT,9,True
1725,_ZN10psSDxavq9U10XSrzYaV3qzEv,psSDxavq9U::XSrzYaV3qz(),,0x202884,928,FUNC,GLOBAL,DEFAULT,9,True
1726,_ZN10a7qxJaHqKV10ejCrIaRQQ_Ev,a7qxJaHqKV::ejCrIaRQQ_(),,0x15fe50,52,FUNC,GLOBAL,DEFAULT,9,True
1727,_ZN10HtZ2_aJk7E10u9WRgaBn_NERK10KcKRganuPNRK10eY2wgaf6pwPKci,"HtZ2_aJk7E::u9WRgaBn_N(KcKRganuPN const&, eY2wgaf6pw const&, char const*, int)",,0x1061c8,4,FUNC,WEAK,DEFAULT,9,True
1728,__sF@LIBC (2),__sF,LIBC (2),0x0,0,OBJECT,GLOBAL,DEFAULT,UND,False
1729,_ZN20W6NzgawMJyPropertiesD2Ev,W6NzgawMJyProperties::~W6NzgawMJyProperties(),,0x17f8dc,28,FUNC,WEAK,DEFAULT,9,True
1730,_ZN20IoTkgardbmPropertiesC1Ev,IoTkgardbmProperties::IoTkgardbmProperties(),,0x16c500,156,FUNC,GLOBAL,DEFAULT,9,True
1731,__cxa_guard_release@LIBC_O (4),__cxa_guard_release,LIBC_O (4),0x0,0,FUNC,GLOBAL,DEFAULT,UND,False
1732,_ZN10yO8PSaf1tK10kI9vmbZMFyEv,yO8PSaf1tK::kI9vmbZMFy(),,0x1a5580,1164,FUNC,GLOBAL,DEFAULT,9,True
1733,jUrm2aY4uBKsGWqbQkZg,jUrm2aY4uBKsGWqbQkZg,,0x3a32f8,8,OBJECT,GLOBAL,DEFAULT,19,True
1734,_ZN10u0eyga1eqx10UudwgaGYIvEP10RZNxgaOF2w,u0eyga1eqx::UudwgaGYIv(RZNxgaOF2w*),,0x1e1a70,88,FUNC,GLOBAL,DEFAULT,9,True
1735,_ZN10N67CMatrxw10jpuKOaZbJiEv,N67CMatrxw::jpuKOaZbJi(),,0x234554,416,FUNC,GLOBAL,DEFAULT,9,True
1736,_ZN10w6qzgacqqy10vK2WxaKVhaEv,w6qzgacqqy::vK2WxaKVha(),,0x1ec798,52,FUNC,GLOBAL,DEFAULT,9,True
1737,_ZN10K7FLgag3II10D2mdNaX_R0E,K7FLgag3II::D2mdNaX_R0,,0x3a1991,1,OBJECT,GLOBAL,DEFAULT,19,True
1738,_ZN10cHovga0n1u10b2hvgavNWuEPKhPhj,"cHovga0n1u::b2hvgavNWu(unsigned char const*, unsigned char*, unsigned int)",,0xe6790,124,FUNC,GLOBAL,DEFAULT,9,True
1739,_ZN10a7qxJaHqKV10AqkCDa_NRWEPKc,a7qxJaHqKV::AqkCDa_NRW(char const*),,0x15f728,284,FUNC,GLOBAL,DEFAULT,9,True
1740,tt_cmap4_validate,tt_cmap4_validate,,0x262554,1116,FUNC,GLOBAL,DEFAULT,9,True
1741,_ZN10etUmgaa7Sn10faD8IaczSAE,etUmgaa7Sn::faD8IaczSA,,0x2dba16,1,OBJECT,GLOBAL,DEFAULT,10,True
1742,_ZN10iHmzga6Hmy10kYBnNalyt9Ev,iHmzga6Hmy::kYBnNalyt9(),,0x1d19b0,216,FUNC,GLOBAL,DEFAULT,9,True
1743,_ZN10_k_Bgam3zA10ZCBDgaugWBERK10eY2wgaf6pw,_k_Bgam3zA::ZCBDgaugWB(eY2wgaf6pw const&),,0x1c8e7c,284,FUNC,GLOBAL,DEFAULT,9,True
1744,stpcpy@LIBC (2),stpcpy,LIBC (2),0x0,0,FUNC,GLOBAL,DEFAULT,UND,False
1745,_ZN10s_YwgafWlw10SQO2ga9nZXERK10cXoLgatBuI,s_YwgafWlw::SQO2ga9nZX(cXoLgatBuI const&),,0x1dc3f4,132,FUNC,GLOBAL,DEFAULT,9,True
1746,jUrm2aY4uBQ8n_Fa6V5W,jUrm2aY4uBQ8n_Fa6V5W,,0x3a3350,8,OBJECT,GLOBAL,DEFAULT,19,True
1747,_Z10pkTVGaM9iJv,pkTVGaM9iJ(),,0x24fc8c,292,FUNC,GLOBAL,DEFAULT,9,True
1748,_Z20v9r4yaCim7E7Bm2aaHDBRK10C8THgaTQxF,v9r4yaCim7E7Bm2aaHDB(C8THgaTQxF const&),,0x1c4848,48,FUNC,GLOBAL,DEFAULT,9,True
1749,_ZN10f6WHgaQkAF10irmvgaEu_uERK10C8THgaTQxFP10nenvgaH9_u,"f6WHgaQkAF::irmvgaEu_u(C8THgaTQxF const&, nenvgaH9_u*)",,0xede48,296,FUNC,GLOBAL,DEFAULT,9,True
1750,_ZN10vuuHgangcF5ClearEv,vuuHgangcF::Clear(),,0xf6a84,136,FUNC,GLOBAL,DEFAULT,9,True
1751,_ZN10l8eTfaIl5YD2Ev,l8eTfaIl5Y::~l8eTfaIl5Y(),,0x2277b0,88,FUNC,GLOBAL,DEFAULT,9,True
1752,FT_GlyphLoader_CreateExtra,FT_GlyphLoader_CreateExtra,,0x25ea2c,156,FUNC,GLOBAL,DEFAULT,9,True
1753,DiZVgajboR,DiZVgajboR,,0x3a26c8,8,OBJECT,GLOBAL,DEFAULT,19,True
1754,_Z13jdiv_round_upll,"jdiv_round_up(long, long)",,0x2a52b0,16,FUNC,GLOBAL,DEFAULT,9,True
1755,_Z10py7HGaEYJxPf,py7HGaEYJx(float*),,0x1e6188,548,FUNC,GLOBAL,DEFAULT,9,True
1756,_ZN10MpHWLal8ZW10S0nJmbvPNJE,MpHWLal8ZW::S0nJmbvPNJ,,0x3a3020,4,OBJECT,GLOBAL,DEFAULT,19,True
1757,_ZN6CyaInt29CyaSSL_CTX_load_verify_bufferEPNS_10CYASSL_CTXEPKhli,"CyaInt::CyaSSL_CTX_load_verify_buffer(CyaInt::CYASSL_CTX*, unsigned char const*, long, int)",,0x2d35d8,228,FUNC,GLOBAL,DEFAULT,9,True
1758,_ZN10uK2SHaPVVw10S5XSHaIaRwD2Ev,uK2SHaPVVw::S5XSHaIaRw::~S5XSHaIaRw(),,0x20e2f8,64,FUNC,WEAK,DEFAULT,9,True
1759,_ZN10xiYWfajld110iVlvLaT2ZzERK10C8THgaTQxFS2_i,"xiYWfajld1::iVlvLaT2Zz(C8THgaTQxF const&, C8THgaTQxF const&, int)",,0x20a1f4,788,FUNC,GLOBAL,DEFAULT,9,True
1760,_ZN20ieJzgaIFFyPropertiesD2Ev,ieJzgaIFFyProperties::~ieJzgaIFFyProperties(),,0x168f28,28,FUNC,WEAK,DEFAULT,9,True
1761,_Z10oESLgaAATIPvb,"oESLgaAATI(void*, bool)",,0x252e84,136,FUNC,GLOBAL,DEFAULT,9,True
1762,chmod@LIBC (2),chmod,LIBC (2),0x0,0,FUNC,GLOBAL,DEFAULT,UND,False
1763,_ZN10cHovga0n1u10yRzKYaMMNIERK10C8THgaTQxFS2_b,"cHovga0n1u::yRzKYaMMNI(C8THgaTQxF const&, C8THgaTQxF const&, bool)",,0xf9b8c,244,FUNC,GLOBAL,DEFAULT,9,True
1764,jUrm2aY4uBVGk7faT0Ma,jUrm2aY4uBVGk7faT0Ma,,0x3a3608,8,OBJECT,GLOBAL,DEFAULT,19,True
1765,_Z10kFhhLast9nv,kFhhLast9n(),,0x2093fc,140,FUNC,GLOBAL,DEFAULT,9,True
1766,_ZN10G0gxgajWBw10QoDcMazLeaEi,G0gxgajWBw::QoDcMazLea(int),,0x2385e0,516,FUNC,GLOBAL,DEFAULT,9,True
1767,jpeg_destroy_compress2,jpeg_destroy_compress2,,0x2a5464,4,FUNC,GLOBAL,DEFAULT,9,True
1768,_ZN10nenvgaH9_u10DOoTHaeudxEv,nenvgaH9_u::DOoTHaeudx(),,0xf228c,136,FUNC,GLOBAL,DEFAULT,9,True
1769,rand@LIBC (2),rand,LIBC (2),0x0,0,FUNC,GLOBAL,DEFAULT,UND,False
1770,_ZN10tJIwIaYe8310keENFaKsnMERK10C8THgaTQxF,tJIwIaYe83::keENFaKsnM(C8THgaTQxF const&),,0x23dd7c,280,FUNC,GLOBAL,DEFAULT,9,True
1771,_ZN10MpGzgariDy10IOtYLapHuYEb,MpGzgariDy::IOtYLapHuY(bool),,0x18ea8c,8,FUNC,WEAK,DEFAULT,9,True
1772,_Z10e3y_Sao6eTRK10C8THgaTQxF,e3y_Sao6eT(C8THgaTQxF const&),,0x20f4e4,260,FUNC,GLOBAL,DEFAULT,9,True
1773,_ZN10pdnkJaZ8KK10U0VggaxqRiEv,pdnkJaZ8KK::U0VggaxqRi(),,0x244ec8,444,FUNC,GLOBAL,DEFAULT,9,True
1774,FT_Outline_New,FT_Outline_New,,0x25f158,20,FUNC,GLOBAL,DEFAULT,9,True
1775,_ZN10IUKzgam4Gy10xcTMgag3JJEv,IUKzgam4Gy::xcTMgag3JJ(),,0xe1c34,48,FUNC,GLOBAL,DEFAULT,9,True
1776,_ZN10ieJzgaIFFy10M5XOFaCauNEv,ieJzgaIFFy::M5XOFaCauN(),,0x164b44,220,FUNC,GLOBAL,DEFAULT,9,True
1777,_ZN10G0gxgajWBw10BRcLgaJqkIERK10C8THgaTQxFPKcz,"G0gxgajWBw::BRcLgaJqkI(C8THgaTQxF const&, char const*, ...)",,0x216d58,296,FUNC,GLOBAL,DEFAULT,9,True
1778,_ZN10w6qzgacqqy10GkJpga8KfqEi,w6qzgacqqy::GkJpga8Kfq(int),,0x1ebba0,48,FUNC,GLOBAL,DEFAULT,9,True
1779,_ZN10gqiNgaG64J10UtswgaQzVvEv,gqiNgaG64J::UtswgaQzVv(),,0xe4148,8,FUNC,WEAK,DEFAULT,9,True
1780,_ZN10LBgVgaqANQ10zE8FfaRT3NEv,LBgVgaqANQ::zE8FfaRT3N(),,0x18e0b0,88,FUNC,GLOBAL,DEFAULT,9,True
1781,_ZN10pWihMaQxaeC1ERK10C8THgaTQxF,pWihMaQxae::pWihMaQxae(C8THgaTQxF const&),,0x22f9a0,104,FUNC,GLOBAL,DEFAULT,9,True
1782,_ZN10KsGWqbQkZgC2ERK10C8THgaTQxF,KsGWqbQkZg::KsGWqbQkZg(C8THgaTQxF const&),,0x1ca080,48,FUNC,GLOBAL,DEFAULT,9,True
1783,_ZN10Fcx_gaoydV10IUN4BamBEEE,Fcx_gaoydV::IUN4BamBEE,,0x2dcb9c,4,OBJECT,GLOBAL,DEFAULT,10,True
1784,_ZN10iHmzga6Hmy10WPynNanVq9Ev,iHmzga6Hmy::WPynNanVq9(),,0x1d15c0,472,FUNC,GLOBAL,DEFAULT,9,True
1785,_ZN10_thLgaWjoI10sM2OLatXyQEi,_thLgaWjoI::sM2OLatXyQ(int),,0x1cc0a0,164,FUNC,GLOBAL,DEFAULT,9,True
1786,_ZN20c3fygag7qxPropertiesC2Ev,c3fygag7qxProperties::c3fygag7qxProperties(),,0x1dd744,176,FUNC,GLOBAL,DEFAULT,9,True
1787,_ZN10MpGzgariDy10cuc8IaZ6vAEb,MpGzgariDy::cuc8IaZ6vA(bool),,0x195558,4,FUNC,GLOBAL,DEFAULT,9,True
1788,_ZN10ApdygafUoxD1Ev,ApdygafUox::~ApdygafUox(),,0x1ddd9c,20,FUNC,WEAK,DEFAULT,9,True
1789,_ZN10Fcx_gaoydVC1ERK10C8THgaTQxF,Fcx_gaoydV::Fcx_gaoydV(C8THgaTQxF const&),,0x115494,52,FUNC,GLOBAL,DEFAULT,9,True
1790,_ZN10AS80gaE4zW10QWwPgaakYLEP10WcQ5gaFxw_j,"AS80gaE4zW::QWwPgaakYL(WcQ5gaFxw_*, unsigned int)",,0x1d6bf8,328,FUNC,GLOBAL,DEFAULT,9,True
1791,_ZN10m9DfJatoMG10B8wpgaSu5pEv,m9DfJatoMG::B8wpgaSu5p(),,0xf6880,60,FUNC,WEAK,DEFAULT,9,True
1792,_ZN10DzJhMaIXweD1Ev,DzJhMaIXwe::~DzJhMaIXwe(),,0x21ae18,20,FUNC,WEAK,DEFAULT,9,True
1793,_ZN10AS80gaE4zW10DHUQgarj7MEv,AS80gaE4zW::DHUQgarj7M(),,0x1d5d94,80,FUNC,GLOBAL,DEFAULT,9,True
1794,_ZN10EqV_Ka3Vx910bdqDgaFFMBERK10eY2wgaf6pw,EqV_Ka3Vx9::bdqDgaFFMB(eY2wgaf6pw const&),,0x1b2f88,296,FUNC,GLOBAL,DEFAULT,9,True
1795,_ZN10HtZ2_aJk7E10OZ5KfaLEeSEP10OYYKfaPU7RPfiS2_S2_b,"HtZ2_aJk7E::OZ5KfaLEeS(OYYKfaPU7R*, float*, int, float*, float*, bool)",,0x1061c4,4,FUNC,WEAK,DEFAULT,9,True
1796,_ZN10AICTfaebpZD0Ev,AICTfaebpZ::~AICTfaebpZ(),,0x21b708,32,FUNC,GLOBAL,DEFAULT,9,True
1797,_ZN10t545gajUJ_10QRm0ga3QVVERK10C8THgaTQxF,t545gajUJ_::QRm0ga3QVV(C8THgaTQxF const&),,0x1d420c,92,FUNC,GLOBAL,DEFAULT,9,True
1798,FT_Activate_Size,FT_Activate_Size,,0x25b108,40,FUNC,GLOBAL,DEFAULT,9,True
1799,_ZN10mH33wa4I1qC2ERK10C8THgaTQxF,mH33wa4I1q::mH33wa4I1q(C8THgaTQxF const&),,0x237274,80,FUNC,GLOBAL,DEFAULT,9,True
1800,_ZN10yWBvmbTwcyD2Ev,yWBvmbTwcy::~yWBvmbTwcy(),,0x1afdac,20,FUNC,WEAK,DEFAULT,9,True
1801,_ZN10t545gajUJ_C2EPS_,t545gajUJ_::t545gajUJ_(t545gajUJ_*),,0x1d3f70,492,FUNC,GLOBAL,DEFAULT,9,True
1802,o3AZxayNqcOnln2aNBfC,o3AZxayNqcOnln2aNBfC,,0x3a3658,8,OBJECT,GLOBAL,DEFAULT,19,True
1803,_ZN10cXoLgatBuI10lHUsfa3iWCEii,"cXoLgatBuI::lHUsfa3iWC(int, int)",,0x1b8ba4,160,FUNC,GLOBAL,DEFAULT,9,True
1804,_ZN10ZAuvgaUl6u4readEv,ZAuvgaUl6u::read(),,0x206414,240,FUNC,GLOBAL,DEFAULT,9,True
1805,_ZN10f6WHgaQkAF10iaBygafTIxERK10C8THgaTQxFb,"f6WHgaQkAF::iaBygafTIx(C8THgaTQxF const&, bool)",,0xefbcc,260,FUNC,GLOBAL,DEFAULT,9,True
1806,Cxl6KaVJXe,Cxl6KaVJXe,,0x3919b0,56,OBJECT,GLOBAL,DEFAULT,18,True
1807,_ZN10MpGzgariDy10GdB4Ya9Vt_Ev,MpGzgariDy::GdB4Ya9Vt_(),,0x190f9c,124,FUNC,GLOBAL,DEFAULT,9,True
1808,_ZN10cHovga0n1u10XKUSGabmOGERK10C8THgaTQxF,cHovga0n1u::XKUSGabmOG(C8THgaTQxF const&),,0xe5fdc,944,FUNC,GLOBAL,DEFAULT,9,True
1809,_Z10sGhaCakugJPhj,"sGhaCakugJ(unsigned char*, unsigned int)",,0x115854,52,FUNC,GLOBAL,DEFAULT,9,True
1810,_Z15jpeg_idct_floatP22jpeg_decompress_structP19jpeg_component_infoPsPPhj,"jpeg_idct_float(jpeg_decompress_struct*, jpeg_component_info*, short*, unsigned char**, unsigned int)",,0x2adb54,892,FUNC,GLOBAL,DEFAULT,9,True
1811,_ZN10mytSgavtrO10yEdX_aQ5qzERK10i7FHgaP2lFP10XoqxgaMPJw,"mytSgavtrO::yEdX_aQ5qz(i7FHgaP2lF const&, XoqxgaMPJw*)",,0x1d016c,1912,FUNC,GLOBAL,DEFAULT,9,True
1812,_ZTV20hsuDgateQBProperties,vtable for hsuDgateQBProperties,,0x377200,88,OBJECT,WEAK,DEFAULT,15,True
1813,_ZN20gId5RaV8_6PropertiesD1Ev,gId5RaV8_6Properties::~gId5RaV8_6Properties(),,0x249b40,28,FUNC,WEAK,DEFAULT,9,True
1814,_ZN10r1dvgaPpTuD2Ev,r1dvgaPpTu::~r1dvgaPpTu(),,0xffc04,64,FUNC,GLOBAL,DEFAULT,9,True
1815,_ZN10a7qxJaHqKV10QJRFDakPPZEj,a7qxJaHqKV::QJRFDakPPZ(unsigned int),,0x15fca8,148,FUNC,GLOBAL,DEFAULT,9,True
1816,_ZN10MpGzgariDy10kCBtwaWfwWEi,MpGzgariDy::kCBtwaWfwW(int),,0x18ea34,8,FUNC,WEAK,DEFAULT,9,True
1817,_ZN10znLtuaytEf10M4msgaG1tsEiP10G0gxgajWBw,"znLtuaytEf::M4msgaG1ts(int, G0gxgajWBw*)",,0x16ad78,116,FUNC,GLOBAL,DEFAULT,9,True
1818,TMppJaUi_O,TMppJaUi_O,,0x3a0c68,4,OBJECT,GLOBAL,DEFAULT,19,True
1819,_ZN10s40xgamwex10k3wAIauql7E,s40xgamwex::k3wAIauql7,,0x3a0828,8,OBJECT,GLOBAL,DEFAULT,19,True
1820,_ZN10SU3JfaCUmR10i_TLfa_IUSEffffb,"SU3JfaCUmR::i_TLfa_IUS(float, float, float, float, bool)",,0x10dca0,392,FUNC,GLOBAL,DEFAULT,9,True
1821,_ZN10G0gxgajWBw10EecTfa3U2YEPS_,G0gxgajWBw::EecTfa3U2Y(G0gxgajWBw*),,0x214280,188,FUNC,GLOBAL,DEFAULT,9,True
1822,FT_Sin,FT_Sin,,0x25d018,12,FUNC,GLOBAL,DEFAULT,9,True
1823,_ZN10IUKzgam4Gy10ihMzgaeeIyEv,IUKzgam4Gy::ihMzgaeeIy(),,0xe1d14,96,FUNC,GLOBAL,DEFAULT,9,True
1824,_ZN20XoqxgaMPJwPropertiesD0Ev,XoqxgaMPJwProperties::~XoqxgaMPJwProperties(),,0x1151ec,56,FUNC,WEAK,DEFAULT,9,True
1825,_ZN10_thLgaWjoI10u9WRgaBn_NERK10i7FHgaP2lFbRK10dVIHgaIooFS5_S5_S5_,"_thLgaWjoI::u9WRgaBn_N(i7FHgaP2lF const&, bool, dVIHgaIooF const&, dVIHgaIooF const&, dVIHgaIooF const&, dVIHgaIooF const&)",,0x1ccd20,2584,FUNC,GLOBAL,DEFAULT,9,True
1826,_ZN20J0CfgbmrLhPropertiesD0Ev,J0CfgbmrLhProperties::~J0CfgbmrLhProperties(),,0x168f4c,56,FUNC,WEAK,DEFAULT,9,True
1827,_ZN10w9XxgaJdbx10cTX60a6ZsyERK10eY2wgaf6pw,w9XxgaJdbx::cTX60a6Zsy(eY2wgaf6pw const&),,0x1ba5e8,260,FUNC,GLOBAL,DEFAULT,9,True
1828,_ZN10W6NzgawMJy10rGmrwapHDUEv,W6NzgawMJy::rGmrwapHDU(),,0x1702cc,12,FUNC,GLOBAL,DEFAULT,9,True
1829,_ZN10NVxhJah9mI10tIIEga1dSCEff,"NVxhJah9mI::tIIEga1dSC(float, float)",,0x10bb38,20,FUNC,GLOBAL,DEFAULT,9,True
1830,_ZN10FZpembCtKjC2Ev,FZpembCtKj::FZpembCtKj(),,0x11e0c4,104,FUNC,GLOBAL,DEFAULT,9,True
1831,_ZN10DFeOfaFXSUC2Ev,DFeOfaFXSU::DFeOfaFXSU(),,0x10f7d8,132,FUNC,GLOBAL,DEFAULT,9,True
1832,_ZN10w6qzgacqqy10PKdHxa9aZXE,w6qzgacqqy::PKdHxa9aZX,,0x3a4380,2048,OBJECT,GLOBAL,DEFAULT,19,True
1833,_ZN10G0gxgajWBw10JGPAHaB5AhERK10C8THgaTQxF,G0gxgajWBw::JGPAHaB5Ah(C8THgaTQxF const&),,0x216454,192,FUNC,GLOBAL,DEFAULT,9,True
1834,_ZN10AS80gaE4zW10tOW2gaa54XEj,AS80gaE4zW::tOW2gaa54X(unsigned int),,0x1d6a6c,396,FUNC,GLOBAL,DEFAULT,9,True
1835,_ZN10Dq2rua2EceC1EP10zF9VgaBKxR,Dq2rua2Ece::Dq2rua2Ece(zF9VgaBKxR*),,0x246950,76,FUNC,GLOBAL,DEFAULT,9,True
1836,_ZN10K7FLgag3II10rWDnMaMcvjEv,K7FLgag3II::rWDnMaMcvj(),,0x16f9e0,112,FUNC,GLOBAL,DEFAULT,9,True
1837,_ZN10awDo2aJRkD10bdqDgaFFMBERK10eY2wgaf6pw,awDo2aJRkD::bdqDgaFFMB(eY2wgaf6pw const&),,0x1df968,132,FUNC,GLOBAL,DEFAULT,9,True
1838,BZ2_crc32Table,BZ2_crc32Table,,0x39f240,1024,OBJECT,GLOBAL,DEFAULT,18,True
1839,FT_GlyphLoader_Prepare,FT_GlyphLoader_Prepare,,0x2598a4,128,FUNC,GLOBAL,DEFAULT,9,True
1840,_ZN20Q8n_Fa6V5WPropertiesD1Ev,Q8n_Fa6V5WProperties::~Q8n_Fa6V5WProperties(),,0x1cb374,28,FUNC,WEAK,DEFAULT,9,True
1841,_ZN10V8fxgahcBw10cXs_ganY9UEiiRK10C8THgaTQxF,"V8fxgahcBw::cXs_ganY9U(int, int, C8THgaTQxF const&)",,0x11acb8,84,FUNC,GLOBAL,DEFAULT,9,True
1842,_Z10Ez46IaDszzRK10C8THgaTQxF,Ez46IaDszz(C8THgaTQxF const&),,0x187998,244,FUNC,GLOBAL,DEFAULT,9,True
1843,_ZN20c3fygag7qxPropertiesD1Ev,c3fygag7qxProperties::~c3fygag7qxProperties(),,0x1ddd38,28,FUNC,WEAK,DEFAULT,9,True
1844,_ZN20VGEwBaTQ4aPropertiesC2Ev,VGEwBaTQ4aProperties::VGEwBaTQ4aProperties(),,0x1e58b4,156,FUNC,GLOBAL,DEFAULT,9,True
1845,_Z10D0xdJaae0ERK10C8THgaTQxF,D0xdJaae0E(C8THgaTQxF const&),,0xf5ccc,328,FUNC,GLOBAL,DEFAULT,9,True
1846,_ZN10OYYKfaPU7R10eR3LfamR2SEffff,"OYYKfaPU7R::eR3LfamR2S(float, float, float, float)",,0x100af0,196,FUNC,GLOBAL,DEFAULT,9,True
1847,_ZN10MpGzgariDy10BBd0Lag3N_Ev,MpGzgariDy::BBd0Lag3N_(),,0x18e9ec,8,FUNC,WEAK,DEFAULT,9,True
1848,_ZThn16_N20Vx2_xajLEdPropertiesD0Ev,non-virtual thunk to Vx2_xajLEdProperties::~Vx2_xajLEdProperties(),,0x1e7c6c,8,FUNC,WEAK,DEFAULT,9,True
1849,_ZN10LBgVgaqANQ10rVjVga1mQQERK10C8THgaTQxF,LBgVgaqANQ::rVjVga1mQQ(C8THgaTQxF const&),,0x1856d8,88,FUNC,GLOBAL,DEFAULT,9,True
1850,v9r4yaCim7Onln2aNBfC,v9r4yaCim7Onln2aNBfC,,0x3a3280,8,OBJECT,GLOBAL,DEFAULT,19,True
1851,_ZN10OtwAJaQWkYD1Ev,OtwAJaQWkY::~OtwAJaQWkY(),,0x245dc8,20,FUNC,WEAK,DEFAULT,9,True
1852,_ZN10IUKzgam4Gy10oYBkBavyX0Ev,IUKzgam4Gy::oYBkBavyX0(),,0xe1c98,124,FUNC,GLOBAL,DEFAULT,9,True
1853,_ZN10k3yv6au69410Pq9u6akyP4ERK10C8THgaTQxF,k3yv6au694::Pq9u6akyP4(C8THgaTQxF const&),,0x19b594,184,FUNC,GLOBAL,DEFAULT,9,True
1854,_ZThn16_N20ZPvEDawoHYPropertiesD1Ev,non-virtual thunk to ZPvEDawoHYProperties::~ZPvEDawoHYProperties(),,0x1bffe0,8,FUNC,WEAK,DEFAULT,9,True
1855,_ZN10IUKzgam4Gy10wNLMganPDJEv,IUKzgam4Gy::wNLMganPDJ(),,0xe1c64,52,FUNC,GLOBAL,DEFAULT,9,True
1856,tt_cmap12_init,tt_cmap12_init,,0x261f30,56,FUNC,GLOBAL,DEFAULT,9,True
1857,_Z10syQC_aHPhiv,syQC_aHPhi(),,0x20e9dc,184,FUNC,GLOBAL,DEFAULT,9,True
1858,_ZN10kyTzgazlOy10CsDRvaIOJpE,kyTzgazlOy::CsDRvaIOJp,,0x3a5670,8,OBJECT,GLOBAL,DEFAULT,19,True
1859,_ZN10eODlJaQ5OL10TPzvIaqLa3Ev,eODlJaQ5OL::TPzvIaqLa3(),,0x241968,76,FUNC,GLOBAL,DEFAULT,9,True
1860,_ZN6CyaInt13CyaSSL_writevEPNS_6CYASSLEPK5ioveci,"CyaInt::CyaSSL_writev(CyaInt::CYASSL*, iovec const*, int)",,0x2d33e4,500,FUNC,GLOBAL,DEFAULT,9,True
1861,_ZN10PfQXva4zXuIdE10VBZsMaAr_nEiRK10C8THgaTQxF,"PfQXva4zXu<double>::VBZsMaAr_n(int, C8THgaTQxF const&)",,0x18eb08,64,FUNC,WEAK,DEFAULT,9,True
1862,glTexImage2D,glTexImage2D,,0x0,0,FUNC,GLOBAL,DEFAULT,UND,False
1863,znXnabszLl,znXnabszLl,,0x38e530,4,OBJECT,GLOBAL,DEFAULT,18,True
1864,_ZN10GaA2gaD2MX10WmPkgaZP7lEii,"GaA2gaD2MX::WmPkgaZP7l(int, int)",,0x16ccd8,160,FUNC,GLOBAL,DEFAULT,9,True
1865,_ZThn16_N20EqV_Ka3Vx9PropertiesD0Ev,non-virtual thunk to EqV_Ka3Vx9Properties::~EqV_Ka3Vx9Properties(),,0x1b318c,8,FUNC,WEAK,DEFAULT,9,True
1866,_ZThn16_N20EYKlVaL7URPropertiesD1Ev,non-virtual thunk to EYKlVaL7URProperties::~EYKlVaL7URProperties(),,0x1e053c,8,FUNC,WEAK,DEFAULT,9,True
1867,_ZN10W6NzgawMJy10QGFkwaIG_OEib,"W6NzgawMJy::QGFkwaIG_O(int, bool)",,0x19f370,4,FUNC,GLOBAL,DEFAULT,9,True
1868,_ZN20uzvDgataRBPropertiesC2Ev,uzvDgataRBProperties::uzvDgataRBProperties(),,0x1b14f8,176,FUNC,GLOBAL,DEFAULT,9,True
1869,FT_Stream_Close,FT_Stream_Close,,0x25c4b4,36,FUNC,GLOBAL,DEFAULT,9,True
1870,_ZN10HtZ2_aJk7E10eR3LfamR2SEffff,"HtZ2_aJk7E::eR3LfamR2S(float, float, float, float)",,0x1061d4,4,FUNC,WEAK,DEFAULT,9,True
1871,_ZN20pTy_fadYe4PropertiesC1Ev,pTy_fadYe4Properties::pTy_fadYe4Properties(),,0x1956e0,248,FUNC,GLOBAL,DEFAULT,9,True
1872,_ZNK10XoqxgaMPJw10F2PCgaTohBEv,XoqxgaMPJw::F2PCgaTohB() const,,0x114f3c,52,FUNC,GLOBAL,DEFAULT,9,True
1873,_ZN10OV5NOaoBLl10a67ogaLqLpEi,OV5NOaoBLl::a67ogaLqLp(int),,0x22cb38,64,FUNC,WEAK,DEFAULT,9,True
1874,_ZN10fFOoganeup10R27kva4noZERK10C8THgaTQxF,fFOoganeup::R27kva4noZ(C8THgaTQxF const&),,0xff594,200,FUNC,GLOBAL,DEFAULT,9,True
1875,unzGetCurrentFileInfo2,unzGetCurrentFileInfo2,,0x2579ec,72,FUNC,GLOBAL,DEFAULT,9,True
1876,_ZN10eODlJaQ5OL10TThbXaHF6oEP10W6NzgawMJyfffiP10tJIwIaYe83,"eODlJaQ5OL::TThbXaHF6o(W6NzgawMJy*, float, float, float, int, tJIwIaYe83*)",,0x23fefc,164,FUNC,GLOBAL,DEFAULT,9,True
1877,iJRZ2aNOE7,iJRZ2aNOE7,,0x3a06a8,4,OBJECT,GLOBAL,DEFAULT,19,True
1878,_ZN10OYYKfaPU7R10okvPKaRYW_Effff,"OYYKfaPU7R::okvPKaRYW_(float, float, float, float)",,0x100a70,128,FUNC,GLOBAL,DEFAULT,9,True
1879,_ZN10psSDxavq9U10S12AgafaNzERK10C8THgaTQxF,psSDxavq9U::S12AgafaNz(C8THgaTQxF const&),,0x20443c,80,FUNC,GLOBAL,DEFAULT,9,True
1880,send@LIBC (2),send,LIBC (2),0x0,0,FUNC,GLOBAL,DEFAULT,UND,False
1881,_ZN10nDIHgaJ9nF10JCdjIae4MTEv,nDIHgaJ9nF::JCdjIae4MT(),,0x11dcf8,304,FUNC,GLOBAL,DEFAULT,9,True
1882,fJ8VgaKXwROnln2aNBfC,fJ8VgaKXwROnln2aNBfC,,0x3a5870,8,OBJECT,GLOBAL,DEFAULT,19,True
1883,_ZN10eODlJaQ5OL10rVjVga1mQQERK10C8THgaTQxF10RiQ7IaxCcAP10G0gxgajWBw,"eODlJaQ5OL::rVjVga1mQQ(C8THgaTQxF const&, RiQ7IaxCcA, G0gxgajWBw*)",,0x23e764,108,FUNC,GLOBAL,DEFAULT,9,True
1884,_ZN10r1dvgaPpTuD0Ev,r1dvgaPpTu::~r1dvgaPpTu(),,0xffc44,32,FUNC,GLOBAL,DEFAULT,9,True
1885,_ZN10W6NzgawMJy10Gd3lMafkaiEb,W6NzgawMJy::Gd3lMafkai(bool),,0x17fbc8,124,FUNC,WEAK,DEFAULT,9,True
1886,_ZN10wp1umbbOIxD2Ev,wp1umbbOIx::~wp1umbbOIx(),,0x1afd68,20,FUNC,WEAK,DEFAULT,9,True
1887,_ZN10xiYWfajld110cU8hIaX5SSEv,xiYWfajld1::cU8hIaX5SS(),,0x2092a0,348,FUNC,GLOBAL,DEFAULT,9,True
1888,inet_ntoa@LIBC (2),inet_ntoa,LIBC (2),0x0,0,FUNC,GLOBAL,DEFAULT,UND,False
1889,_ZN6CyaInt24CyaSSL_CertManagerVerifyEPNS_19CYASSL_CERT_MANAGEREPKci,"CyaInt::CyaSSL_CertManagerVerify(CyaInt::CYASSL_CERT_MANAGER*, char const*, int)",,0x2d27b4,304,FUNC,GLOBAL,DEFAULT,9,True
1890,_ZTV20v9r4yaCim7Properties,vtable for v9r4yaCim7Properties,,0x378190,88,OBJECT,WEAK,DEFAULT,15,True
1891,_ZN10JE42uaVwcKD0Ev,JE42uaVwcK::~JE42uaVwcK(),,0x236dac,48,FUNC,WEAK,DEFAULT,9,True
1892,zError,zError,,0x296fd8,24,FUNC,GLOBAL,DEFAULT,9,True
1893,_ZThn16_N20pTy_fadYe4PropertiesD0Ev,non-virtual thunk to pTy_fadYe4Properties::~pTy_fadYe4Properties(),,0x195bec,8,FUNC,WEAK,DEFAULT,9,True
1894,_ZTV10HtZ2_aJk7E,vtable for HtZ2_aJk7E,,0x3722e0,328,OBJECT,WEAK,DEFAULT,15,True
1895,_ZTV10XoqxgaMPJw,vtable for XoqxgaMPJw,,0x372f50,320,OBJECT,WEAK,DEFAULT,15,True
1896,_ZN6CyaInt17ParseCertRelativeEPNS_11DecodedCertEiiPv,"CyaInt::ParseCertRelative(CyaInt::DecodedCert*, int, int, void*)",,0x2c3b80,3764,FUNC,GLOBAL,DEFAULT,9,True
1897,_ZN10LJyzga9Pwy10OQhoIa5C2XERK10C8THgaTQxFiii,"LJyzga9Pwy::OQhoIa5C2X(C8THgaTQxF const&, int, int, int)",,0x109048,100,FUNC,GLOBAL,DEFAULT,9,True
1898,_ZN10w6qzgacqqy10t5lDxajcJUEhRK10C8THgaTQxF,"w6qzgacqqy::t5lDxajcJU(unsigned char, C8THgaTQxF const&)",,0x1ebf78,252,FUNC,GLOBAL,DEFAULT,9,True
1899,_ZN10AS80gaE4zW10iIEPgaRR3LEv,AS80gaE4zW::iIEPgaRR3L(),,0x1d633c,92,FUNC,GLOBAL,DEFAULT,9,True
1900,_ZN20RH6ygazf9xPropertiesC2Ev,RH6ygazf9xProperties::RH6ygazf9xProperties(),,0x20f6ec,176,FUNC,GLOBAL,DEFAULT,9,True
1901,PZu2nbGGIQ,PZu2nbGGIQ,,0x3a4e98,8,OBJECT,GLOBAL,DEFAULT,19,True
1902,_ZN10QPh5pbnC3y10AtwMgawWqJEv,QPh5pbnC3y::AtwMgawWqJ(),,0xe3788,8,FUNC,GLOBAL,DEFAULT,9,True
1903,_ZN10LJyzga9Pwy10mR9zgaAU1yEv,LJyzga9Pwy::mR9zgaAU1y(),,0x10ab74,8,FUNC,WEAK,DEFAULT,9,True
1904,_ZN10Qw3xjbiAg3D0Ev,Qw3xjbiAg3::~Qw3xjbiAg3(),,0x1d3da4,72,FUNC,WEAK,DEFAULT,9,True
1905,_ZTV10s_YwgafWlw,vtable for s_YwgafWlw,,0x379900,944,OBJECT,WEAK,DEFAULT,15,True
1906,Java_com_quattroplay_GraalClassic_Natives_onUpdateVideoPlayerRectangle,Java_com_quattroplay_GraalClassic_Natives_onUpdateVideoPlayerRectangle,,0x252c3c,28,FUNC,GLOBAL,DEFAULT,9,True
1907,_ZN10AICTfaebpZC2EP10zW2NgaU4IKRK10C8THgaTQxFii,"AICTfaebpZ::AICTfaebpZ(zW2NgaU4IK*, C8THgaTQxF const&, int, int)",,0x21b490,216,FUNC,GLOBAL,DEFAULT,9,True
1908,_ZTV10LJyzga9Pwy,vtable for LJyzga9Pwy,,0x3726b0,568,OBJECT,WEAK,DEFAULT,15,True
1909,_ZN10AS80gaE4zW10HmU6gaQ1p0Ei,AS80gaE4zW::HmU6gaQ1p0(int),,0x1d5fe4,136,FUNC,GLOBAL,DEFAULT,9,True
1910,_Z10AiE9BagwJIPhj,"AiE9BagwJI(unsigned char*, unsigned int)",,0x115360,88,FUNC,GLOBAL,DEFAULT,9,True
1911,_ZN10w6qzgacqqy10inV3xabTUgERK10C8THgaTQxFS2_S2_,"w6qzgacqqy::inV3xabTUg(C8THgaTQxF const&, C8THgaTQxF const&, C8THgaTQxF const&)",,0x1f8290,644,FUNC,GLOBAL,DEFAULT,9,True
1912,_ZN10C8THgaTQxF10strcasecmpEPKcS1_,"C8THgaTQxF::strcasecmp(char const*, char const*)",,0xf4c58,4,FUNC,GLOBAL,DEFAULT,9,True
1913,_ZN10w6qzgacqqy10pov5xa80eiEv,w6qzgacqqy::pov5xa80ei(),,0x1ec82c,36,FUNC,GLOBAL,DEFAULT,9,True
1914,glEnable,glEnable,,0x0,0,FUNC,GLOBAL,DEFAULT,UND,False
1915,_ZN10fFOoganeup10N6fLMatanDERK10C8THgaTQxFb,"fFOoganeup::N6fLMatanD(C8THgaTQxF const&, bool)",,0xfe48c,516,FUNC,GLOBAL,DEFAULT,9,True
1916,_ZN10kyTzgazlOy10e0CVvaMq5sEv,kyTzgazlOy::e0CVvaMq5s(),,0x238f48,976,FUNC,GLOBAL,DEFAULT,9,True
1917,_ZN6CyaInt14CyaSSL_CleanupEv,CyaInt::CyaSSL_Cleanup(),,0x2d2e40,160,FUNC,GLOBAL,DEFAULT,9,True
1918,_ZN6CyaInt26CyaSSL_CTX_set_cipher_listEPNS_10CYASSL_CTXEPKc,"CyaInt::CyaSSL_CTX_set_cipher_list(CyaInt::CYASSL_CTX*, char const*)",,0x2d2a90,36,FUNC,GLOBAL,DEFAULT,9,True
1919,_ZN10ToQnQaIHFG10GAixPaBfDYEP10mTAogaaEipb,"ToQnQaIHFG::GAixPaBfDY(mTAogaaEip*, bool)",,0x221630,344,FUNC,GLOBAL,DEFAULT,9,True
1920,_ZN10LJyzga9Pwy4initEv,LJyzga9Pwy::init(),,0x10a8a8,24,FUNC,GLOBAL,DEFAULT,9,True
1921,_ZN10MpGzgariDy6detachEv,MpGzgariDy::detach(),,0x191018,132,FUNC,GLOBAL,DEFAULT,9,True
1922,_ZN10u0eyga1eqx10jAiwga8eNvERK10cXoLgatBuI,u0eyga1eqx::jAiwga8eNv(cXoLgatBuI const&),,0x1e3d40,284,FUNC,GLOBAL,DEFAULT,9,True
1923,read@LIBC (2),read,LIBC (2),0x0,0,FUNC,GLOBAL,DEFAULT,UND,False
1924,_ZN10G0gxgajWBw10wjnCga8dUAEi,G0gxgajWBw::wjnCga8dUA(int),,0xe7780,8,FUNC,WEAK,DEFAULT,9,True
1925,memmove@LIBC (2),memmove,LIBC (2),0x0,0,FUNC,GLOBAL,DEFAULT,UND,False
1926,_Z15BZ2_bsInitWriteP6EState,BZ2_bsInitWrite(EState*),,0x2861a0,12,FUNC,GLOBAL,DEFAULT,9,True
1927,_ZN10W6NzgawMJy10Mw3jwaeAuOEv,W6NzgawMJy::Mw3jwaeAuO(),,0x19f998,8,FUNC,GLOBAL,DEFAULT,9,True
1928,_ZN10W6NzgawMJy10tIIEga1dSCEPS_,W6NzgawMJy::tIIEga1dSC(W6NzgawMJy*),,0x18446c,2216,FUNC,GLOBAL,DEFAULT,9,True
1929,_ZN10xiYWfajld110K_DrLargSwEv,xiYWfajld1::K_DrLargSw(),,0x209fa8,104,FUNC,GLOBAL,DEFAULT,9,True
1930,_Z10k1gxobOWBfRK10C8THgaTQxF,k1gxobOWBf(C8THgaTQxF const&),,0x20f5e8,260,FUNC,GLOBAL,DEFAULT,9,True
1931,cosf@LIBC (3),cosf,LIBC (3),0x0,0,FUNC,GLOBAL,DEFAULT,UND,False
1932,_Z10WMq3FaR8u_RK10C8THgaTQxF,WMq3FaR8u_(C8THgaTQxF const&),,0xe65b0,120,FUNC,GLOBAL,DEFAULT,9,True
1933,_ZN10LJyzga9Pwy10MirkGasAOdEi,LJyzga9Pwy::MirkGasAOd(int),,0x1098a8,24,FUNC,GLOBAL,DEFAULT,9,True
1934,glEnableClientState,glEnableClientState,,0x0,0,FUNC,GLOBAL,DEFAULT,UND,False
1935,_ZN10AS80gaE4zW10XBgRgaCAqNEv,AS80gaE4zW::XBgRgaCAqN(),,0x1d614c,12,FUNC,GLOBAL,DEFAULT,9,True
1936,_ZN10G0gxgajWBw10Z1jrMamtBmERK10C8THgaTQxF,G0gxgajWBw::Z1jrMamtBm(C8THgaTQxF const&),,0x217198,224,FUNC,GLOBAL,DEFAULT,9,True
1937,_ZN10znLtuaytEfD2Ev,znLtuaytEf::~znLtuaytEf(),,0x16ae50,20,FUNC,WEAK,DEFAULT,9,True
1938,_ZN10ieJzgaIFFy10al7gganN0iEP10W6NzgawMJyRK10qdSBga_dtA,"ieJzgaIFFy::al7gganN0i(W6NzgawMJy*, qdSBga_dtA const&)",,0x1612c0,208,FUNC,GLOBAL,DEFAULT,9,True
1939,_ZN10xiYWfajld110cForLaemFwEv,xiYWfajld1::cForLaemFw(),,0x20a010,484,FUNC,GLOBAL,DEFAULT,9,True
1940,_ZN10psSDxavq9U10rQ0pYaJjvrE,psSDxavq9U::rQ0pYaJjvr,,0x398b88,4,OBJECT,GLOBAL,DEFAULT,18,True
1941,otezibkNfe,otezibkNfe,,0x38d560,4,OBJECT,GLOBAL,DEFAULT,18,True
1942,_ZN10LJyzga9Pwy10zdSsIa8dU0Ev,LJyzga9Pwy::zdSsIa8dU0(),,0x109504,44,FUNC,GLOBAL,DEFAULT,9,True
1943,ZPvEDawoHYOnln2aNBfC,ZPvEDawoHYOnln2aNBfC,,0x3a3210,8,OBJECT,GLOBAL,DEFAULT,19,True
1944,_ZThn16_N20XoqxgaMPJwPropertiesD1Ev,non-virtual thunk to XoqxgaMPJwProperties::~XoqxgaMPJwProperties(),,0x1151e4,8,FUNC,WEAK,DEFAULT,9,True
1945,_ZN10yL3_IaDMFt10r8HDgaOK0BERK10C8THgaTQxF,yL3_IaDMFt::r8HDgaOK0B(C8THgaTQxF const&),,0xebfac,32,FUNC,GLOBAL,DEFAULT,9,True
1946,_ZN10zF9VgaBKxR10wKa3lbREhaEP10nenvgaH9_u,zF9VgaBKxR::wKa3lbREha(nenvgaH9_u*),,0x1a7c08,352,FUNC,GLOBAL,DEFAULT,9,True
1947,_ZN10LBgVgaqANQ10R247Ia4RpAEi,LBgVgaqANQ::R247Ia4RpA(int),,0x18acb8,116,FUNC,GLOBAL,DEFAULT,9,True
1948,_ZN10D2x4gaXfrZ10R6ClTaxwOaE,D2x4gaXfrZ::R6ClTaxwOa,,0x3a3450,8,OBJECT,GLOBAL,DEFAULT,19,True
1949,_ZN10wiULgacZUI10SoDvgaHLdvERK10C8THgaTQxF,wiULgacZUI::SoDvgaHLdv(C8THgaTQxF const&),,0xe89d8,232,FUNC,GLOBAL,DEFAULT,9,True
1950,_ZN10W6NzgawMJy10YXBswaeyGVEv,W6NzgawMJy::YXBswaeyGV(),,0x17f814,40,FUNC,WEAK,DEFAULT,9,True
1951,_ZN10yL3_IaDMFt10TBCvgay5cvERK10C8THgaTQxF,yL3_IaDMFt::TBCvgay5cv(C8THgaTQxF const&),,0xeba30,176,FUNC,GLOBAL,DEFAULT,9,True
1952,_ZN10EqV_Ka3Vx910r1SwgaPUgwEii,"EqV_Ka3Vx9::r1SwgaPUgw(int, int)",,0x1b24b8,560,FUNC,GLOBAL,DEFAULT,9,True
1953,_ZThn16_N20IoTkgardbmPropertiesD1Ev,non-virtual thunk to IoTkgardbmProperties::~IoTkgardbmProperties(),,0x16d27c,8,FUNC,WEAK,DEFAULT,9,True
1954,_ZN10G0gxgajWBw10eU79LaTf87ERK10C8THgaTQxFb,"G0gxgajWBw::eU79LaTf87(C8THgaTQxF const&, bool)",,0x21ae5c,1160,FUNC,GLOBAL,DEFAULT,9,True
1955,_ZN20irqhGaERgbPropertiesD2Ev,irqhGaERgbProperties::~irqhGaERgbProperties(),,0x247240,28,FUNC,WEAK,DEFAULT,9,True
1956,_ZN10SsrLga3IwI10vzwZBaA0mzERK10cXoLgatBuI,SsrLga3IwI::vzwZBaA0mz(cXoLgatBuI const&),,0x1b4860,164,FUNC,GLOBAL,DEFAULT,9,True
1957,_ZN10fUWH_a_9zmC2ERK10C8THgaTQxF,fUWH_a_9zm::fUWH_a_9zm(C8THgaTQxF const&),,0x11347c,196,FUNC,GLOBAL,DEFAULT,9,True
1958,_ZN10XCASBayqxtD1Ev,XCASBayqxt::~XCASBayqxt(),,0x1b13b8,52,FUNC,WEAK,DEFAULT,9,True
1959,BZ2_bzDecompressInit,BZ2_bzDecompressInit,,0x281588,236,FUNC,GLOBAL,DEFAULT,9,True
1960,jUrm2aY4uBXJLBgarMnA,jUrm2aY4uBXJLBgarMnA,,0x3a4d98,8,OBJECT,GLOBAL,DEFAULT,19,True
1961,_ZN10iHmzga6Hmy10_BfnNaLKa9Ev,iHmzga6Hmy::_BfnNaLKa9(),,0x1d1a88,304,FUNC,GLOBAL,DEFAULT,9,True
1962,_ZNK10w9XxgaJdbx10H7iLgadIpIEv,w9XxgaJdbx::H7iLgadIpI() const,,0x1b0940,48,FUNC,WEAK,DEFAULT,9,True
1963,FT_List_Iterate,FT_List_Iterate,,0x260230,88,FUNC,GLOBAL,DEFAULT,9,True
1964,_ZN10EqV_Ka3Vx910SeNfIah2TQERK10C8THgaTQxFRK10eY2wgaf6pwiRK10dVIHgaIooFP10XoqxgaMPJw,"EqV_Ka3Vx9::SeNfIah2TQ(C8THgaTQxF const&, eY2wgaf6pw const&, int, dVIHgaIooF const&, XoqxgaMPJw*)",,0x1b26ec,304,FUNC,GLOBAL,DEFAULT,9,True
1965,_ZN10uSjUgask_P10dplYgaNCnTEiiii,"uSjUgask_P::dplYgaNCnT(int, int, int, int)",,0x10773c,32,FUNC,WEAK,DEFAULT,9,True
1966,_ZN10fEVMgax6LJ10uosMgajvnJEi,fEVMgax6LJ::uosMgajvnJ(int),,0xe372c,4,FUNC,WEAK,DEFAULT,9,True
1967,jpeg_write_m_byte,jpeg_write_m_byte,,0x2a578c,32,FUNC,GLOBAL,DEFAULT,9,True
1968,_Z10dZEN2aa5nYv,dZEN2aa5nY(),,0xf1910,48,FUNC,GLOBAL,DEFAULT,9,True
1969,_ZN10w9XxgaJdbxD1Ev,w9XxgaJdbx::~w9XxgaJdbx(),,0x1bb8f4,340,FUNC,GLOBAL,DEFAULT,9,True
1970,_ZN10SsrLga3IwI10buvQMa35MHERK10C8THgaTQxFPK10cXoLgatBuI,"SsrLga3IwI::buvQMa35MH(C8THgaTQxF const&, cXoLgatBuI const*)",,0x1b5f4c,96,FUNC,GLOBAL,DEFAULT,9,True
1971,_ZN10Fcx_gaoydV10i2SAEawVDLEv,Fcx_gaoydV::i2SAEawVDL(),,0x115594,124,FUNC,GLOBAL,DEFAULT,9,True
1972,_ZN10e4ZYfa8PV210xqSLua2oTuEv,e4ZYfa8PV2::xqSLua2oTu(),,0x2359e4,108,FUNC,GLOBAL,DEFAULT,9,True
1973,pf4XGaFb9K,pf4XGaFb9K,,0x3a5a20,40,OBJECT,GLOBAL,DEFAULT,19,True
1974,_ZN10LJyzga9Pwy10ji5BVa_3E4Ev,LJyzga9Pwy::ji5BVa_3E4(),,0x10ab7c,8,FUNC,WEAK,DEFAULT,9,True
1975,_ZN6CyaInt25CyaSSL_load_error_stringsEv,CyaInt::CyaSSL_load_error_strings(),,0x2d2a38,4,FUNC,GLOBAL,DEFAULT,9,True
1976,ft_mem_qrealloc,ft_mem_qrealloc,,0x25e8ac,264,FUNC,GLOBAL,DEFAULT,9,True
1977,_ZN10iHmzga6HmyD1Ev,iHmzga6Hmy::~iHmzga6Hmy(),,0x1d2ef0,132,FUNC,GLOBAL,DEFAULT,9,True
1978,_ZN10w9XxgaJdbx10D6WJBajlgmERK10eY2wgaf6pwi,"w9XxgaJdbx::D6WJBajlgm(eY2wgaf6pw const&, int)",,0x1b9738,1020,FUNC,GLOBAL,DEFAULT,9,True
1979,_ZTV10DzJhMaIXwe,vtable for DzJhMaIXwe,,0x37d1a0,48,OBJECT,WEAK,DEFAULT,15,True
1980,_ZN10fUWH_a_9zm10PHFwgaxH5vEi,fUWH_a_9zm::PHFwgaxH5v(int),,0x113910,232,FUNC,GLOBAL,DEFAULT,9,True
1981,_ZN10D6TlgajP1m5clearEv,D6TlgajP1m::clear(),,0x21e7a8,160,FUNC,GLOBAL,DEFAULT,9,True
1982,_ZN10GbMhIaz9yS10py0qgaE4krERK10C8THgaTQxF,GbMhIaz9yS::py0qgaE4kr(C8THgaTQxF const&),,0x1c35b0,76,FUNC,GLOBAL,DEFAULT,9,True
1983,_ZN10uq9xgaUxlx10zO9xgagSlxERK10C8THgaTQxF,uq9xgaUxlx::zO9xgagSlx(C8THgaTQxF const&),,0x201770,288,FUNC,GLOBAL,DEFAULT,9,True
1984,_ZN10BEXWLaNNcXD1Ev,BEXWLaNNcX::~BEXWLaNNcX(),,0x23ae2c,140,FUNC,GLOBAL,DEFAULT,9,True
1985,FT_Stream_Free,FT_Stream_Free,,0x25df4c,76,FUNC,GLOBAL,DEFAULT,9,True
1986,_ZTV20C2t_vaQTaxProperties,vtable for C2t_vaQTaxProperties,,0x37f810,88,OBJECT,WEAK,DEFAULT,15,True
1987,_ZN10vy1JgaKVkH6AssignEPS_,vy1JgaKVkH::Assign(vy1JgaKVkH*),,0xedc1c,116,FUNC,GLOBAL,DEFAULT,9,True
1988,_ZTV10AICTfaebpZ,vtable for AICTfaebpZ,,0x37d540,320,OBJECT,WEAK,DEFAULT,15,True
1989,_ZN10c3fygag7qxD1Ev,c3fygag7qx::~c3fygag7qx(),,0x1dcb30,128,FUNC,GLOBAL,DEFAULT,9,True
1990,_ZN10EqV_Ka3Vx910j9gLgaw2nIEv,EqV_Ka3Vx9::j9gLgaw2nI(),,0x1b2328,180,FUNC,GLOBAL,DEFAULT,9,True
1991,FT_FloorFix,FT_FloorFix,,0x25921c,28,FUNC,GLOBAL,DEFAULT,9,True
1992,_ZN10IUKzgam4Gy10fKM_ZaACqMEdd,"IUKzgam4Gy::fKM_ZaACqM(double, double)",,0xe27f0,256,FUNC,GLOBAL,DEFAULT,9,True
1993,_ZN10zF9VgaBKxR10DXk2RaUeA4Ej,zF9VgaBKxR::DXk2RaUeA4(unsigned int),,0x1a6c00,2600,FUNC,GLOBAL,DEFAULT,9,True
1994,deflateReset,deflateReset,,0x28ee40,336,FUNC,GLOBAL,DEFAULT,9,True
1995,_ZN10BP3Kfa2PcSC1EP10LJyzga9Pwyiiii,"BP3Kfa2PcS::BP3Kfa2PcS(LJyzga9Pwy*, int, int, int, int)",,0x10ae20,48,FUNC,GLOBAL,DEFAULT,9,True
1996,_Z20NgNBgaN3oAE7Bm2aaHDBRK10C8THgaTQxF,NgNBgaN3oAE7Bm2aaHDB(C8THgaTQxF const&),,0x236f80,48,FUNC,GLOBAL,DEFAULT,9,True
1997,ImyVgaLw1Q,ImyVgaLw1Q,,0x392000,24,OBJECT,GLOBAL,DEFAULT,18,True
1998,_ZN20C2t_vaQTaxPropertiesC1Ev,C2t_vaQTaxProperties::C2t_vaQTaxProperties(),,0x249f9c,156,FUNC,GLOBAL,DEFAULT,9,True
1999,_ZN10IiAFxau9AWC1ERK10C8THgaTQxFS2_,"IiAFxau9AW::IiAFxau9AW(C8THgaTQxF const&, C8THgaTQxF const&)",,0x1ec4a8,64,FUNC,GLOBAL,DEFAULT,9,True
2000,RH6ygazf9xOnln2aNBfC,RH6ygazf9xOnln2aNBfC,,0x3a4e80,8,OBJECT,GLOBAL,DEFAULT,19,True
2001,_ZN10BP3Kfa2PcS10ZpOMfay1FTEv,BP3Kfa2PcS::ZpOMfay1FT(),,0x10afe8,48,FUNC,GLOBAL,DEFAULT,9,True
2002,_ZN10u3cBgayBVz10ywcTAa082DEv,u3cBgayBVz::ywcTAa082D(),,0x20cf70,260,FUNC,GLOBAL,DEFAULT,9,True
2003,_ZN10FY2VgaG6rR10yizVgakj2QEdb,"FY2VgaG6rR::yizVgakj2Q(double, bool)",,0x16dbf4,28,FUNC,WEAK,DEFAULT,9,True
2004,_ZN10s40xgamwex10fbFOKa2fe_ERK10C8THgaTQxFiibb,"s40xgamwex::fbFOKa2fe_(C8THgaTQxF const&, int, int, bool, bool)",,0x105778,1000,FUNC,GLOBAL,DEFAULT,9,True
2005,_ZN10OOmzgapOmyD0Ev,OOmzgapOmy::~OOmzgapOmy(),,0xf019c,32,FUNC,GLOBAL,DEFAULT,9,True
2006,_ZTV10pdnkJaZ8KK,vtable for pdnkJaZ8KK,,0x37e830,320,OBJECT,WEAK,DEFAULT,15,True
2007,_ZN10GbMhIaz9yS10oYkJLavfLLEjjbb,"GbMhIaz9yS::oYkJLavfLL(unsigned int, unsigned int, bool, bool)",,0x1c14fc,240,FUNC,GLOBAL,DEFAULT,9,True
2008,_ZN10W6NzgawMJy10dyM3LassN2Ev,W6NzgawMJy::dyM3LassN2(),,0x1808b0,116,FUNC,GLOBAL,DEFAULT,9,True
2009,_ZN10u3cBgayBVzD1Ev,u3cBgayBVz::~u3cBgayBVz(),,0x20c928,140,FUNC,GLOBAL,DEFAULT,9,True
2010,_ZN10W6NzgawMJy10yizVgakj2QEdb,"W6NzgawMJy::yizVgakj2Q(double, bool)",,0x17ed80,320,FUNC,GLOBAL,DEFAULT,9,True
2011,_ZN10Zb7cUaSFEU10q_90ua70AIEP10yL3_IaDMFt,Zb7cUaSFEU::q_90ua70AI(yL3_IaDMFt*),,0xecb58,20,FUNC,GLOBAL,DEFAULT,9,True
2012,_ZN10V8fxgahcBwD2Ev,V8fxgahcBw::~V8fxgahcBw(),,0x11a958,164,FUNC,GLOBAL,DEFAULT,9,True
2013,_ZN10fEVMgax6LJ10my_MgaBeQJEv,fEVMgax6LJ::my_MgaBeQJ(),,0xe3724,8,FUNC,WEAK,DEFAULT,9,True
2014,_ZTV20ZwL1xarB5eProperties,vtable for ZwL1xarB5eProperties,,0x37c250,88,OBJECT,WEAK,DEFAULT,15,True
2015,_ZN10VxVm2aj1TBD1Ev,VxVm2aj1TB::~VxVm2aj1TB(),,0x22f554,20,FUNC,WEAK,DEFAULT,9,True
2016,__set_errno_internal,__set_errno_internal,,0x24f6e4,36,FUNC,GLOBAL,DEFAULT,9,True
2017,_ZN10uzvDgataRB10j9gLgaw2nIEv,uzvDgataRB::j9gLgaw2nI(),,0x1b15a8,64,FUNC,GLOBAL,DEFAULT,9,True
2018,_ZN10EXZ0IaPJruD2Ev,EXZ0IaPJru::~EXZ0IaPJru(),,0xf0594,84,FUNC,GLOBAL,DEFAULT,9,True
2019,_ZN10MHEiIauRiT10cj4JXaPenSE,MHEiIauRiT::cj4JXaPenS,,0x39ff38,4,OBJECT,GLOBAL,DEFAULT,19,True
2020,_ZThn16_N20znLtuaytEfPropertiesD1Ev,non-virtual thunk to znLtuaytEfProperties::~znLtuaytEfProperties(),,0x16ae08,8,FUNC,WEAK,DEFAULT,9,True
2021,k1h4JaIMdnOnln2aNBfC,k1h4JaIMdnOnln2aNBfC,,0x3a5890,8,OBJECT,GLOBAL,DEFAULT,19,True
2022,_ZN10vuuHgangcF4SortEv,vuuHgangcF::Sort(),,0xf8100,504,FUNC,GLOBAL,DEFAULT,9,True
2023,_ZN10QPh5pbnC3yC2ERK10C8THgaTQxF,QPh5pbnC3y::QPh5pbnC3y(C8THgaTQxF const&),,0xe4098,68,FUNC,GLOBAL,DEFAULT,9,True
2024,_ZN10rizMgadjtJ10TyJlIa1WTVERKS_,rizMgadjtJ::TyJlIa1WTV(rizMgadjtJ const&),,0x1e9dfc,192,FUNC,GLOBAL,DEFAULT,9,True
2025,_ZNK10rizMgadjtJ10IJsxIacNL4Ev,rizMgadjtJ::IJsxIacNL4() const,,0x1e9c04,68,FUNC,GLOBAL,DEFAULT,9,True
2026,_Z10bjRB2aIssOv,bjRB2aIssO(),,0x201aec,56,FUNC,GLOBAL,DEFAULT,9,True
2027,_ZN20AICTfaebpZPropertiesD2Ev,AICTfaebpZProperties::~AICTfaebpZProperties(),,0x21e4f8,28,FUNC,WEAK,DEFAULT,9,True
2028,_ZN10AS80gaE4zW10dsgQgajsAMERK10eY2wgaf6pw,AS80gaE4zW::dsgQgajsAM(eY2wgaf6pw const&),,0x1d7da0,656,FUNC,GLOBAL,DEFAULT,9,True
2029,_ZN10eODlJaQ5OL10t2ZgIaHOUREv,eODlJaQ5OL::t2ZgIaHOUR(),,0x23f294,232,FUNC,GLOBAL,DEFAULT,9,True
2030,_ZN10ZAuvgaUl6uD0Ev,ZAuvgaUl6u::~ZAuvgaUl6u(),,0x205668,32,FUNC,GLOBAL,DEFAULT,9,True
2031,_ZN10w6qzgacqqy10Qe2Fxa9uZWE,w6qzgacqqy::Qe2Fxa9uZW,,0x3a36d8,8,OBJECT,GLOBAL,DEFAULT,19,True
2032,_ZN10W6NzgawMJy10QoIhLaFYvoEb,W6NzgawMJy::QoIhLaFYvo(bool),,0x17c3e8,1028,FUNC,GLOBAL,DEFAULT,9,True
2033,_ZN10wiULgacZUI10TuvvgaF66uE,wiULgacZUI::TuvvgaF66u,,0x39ff90,8,OBJECT,GLOBAL,DEFAULT,19,True
2034,_ZN10XJLBgarMnA10gLmBgarL2zEv,XJLBgarMnA::gLmBgarL2z(),,0x20acb4,104,FUNC,GLOBAL,DEFAULT,9,True
2035,_ZN10X7ZxganTcx10dGBMgabjvJEv,X7ZxganTcx::dGBMgabjvJ(),,0x10015c,76,FUNC,GLOBAL,DEFAULT,9,True
2036,_ZN10AS80gaE4zW10boE3gaVAGYEv,AS80gaE4zW::boE3gaVAGY(),,0x1d5e8c,72,FUNC,GLOBAL,DEFAULT,9,True
2037,FT_New_Face,FT_New_Face,,0x2611c4,60,FUNC,GLOBAL,DEFAULT,9,True
2038,_ZN10tJIwIaYe83D1Ev,tJIwIaYe83::~tJIwIaYe83(),,0x23d494,56,FUNC,GLOBAL,DEFAULT,9,True
2039,_ZN10ZAuvgaUl6u10i90qHavAl9ERK10C8THgaTQxFS2_jb,"ZAuvgaUl6u::i90qHavAl9(C8THgaTQxF const&, C8THgaTQxF const&, unsigned int, bool)",,0x206bc4,532,FUNC,GLOBAL,DEFAULT,9,True
2040,_ZN10u0eyga1eqx10FKXQHaUS9uEv,u0eyga1eqx::FKXQHaUS9u(),,0x1e252c,76,FUNC,GLOBAL,DEFAULT,9,True
2041,_ZN10qsr_gawI8UC1EP10LJyzga9Pwyiiii,"qsr_gawI8U::qsr_gawI8U(LJyzga9Pwy*, int, int, int, int)",,0x100884,68,FUNC,GLOBAL,DEFAULT,9,True
2042,_ZNK10lKR7faAPdb10n73OfaU4zVEfff,"lKR7faAPdb::n73OfaU4zV(float, float, float) const",,0x1e6c28,204,FUNC,GLOBAL,DEFAULT,9,True
2043,bind@LIBC (2),bind,LIBC (2),0x0,0,FUNC,GLOBAL,DEFAULT,UND,False
2044,_ZN10_k_Bgam3zA10qKVxbbLb9jEii,"_k_Bgam3zA::qKVxbbLb9j(int, int)",,0x1c6478,20,FUNC,GLOBAL,DEFAULT,9,True
2045,_ZN10ScpN2avPaY10m6pngaXzjoEP10G0gxgajWBwRK10C8THgaTQxF,"ScpN2avPaY::m6pngaXzjo(G0gxgajWBw*, C8THgaTQxF const&)",,0x22cf20,148,FUNC,GLOBAL,DEFAULT,9,True
2046,_ZN10cWWYfaxbT210DpbOGacdQCEP10c76BgaJBGAP10sXw2GaJkKPi,"cWWYfaxbT2::DpbOGacdQC(c76BgaJBGA*, sXw2GaJkKP*, int)",,0x22f148,1016,FUNC,GLOBAL,DEFAULT,9,True
2047,_ZN10_YTgFa6HPkC2Ev,_YTgFa6HPk::_YTgFa6HPk(),,0x1b0760,124,FUNC,GLOBAL,DEFAULT,9,True
2048,_ZTV20u0eyga1eqxProperties,vtable for u0eyga1eqxProperties,,0x37b070,88,OBJECT,WEAK,DEFAULT,15,True
2049,_ZN10w9XxgaJdbx10XDCwLai72AERK10cXoLgatBuI,w9XxgaJdbx::XDCwLai72A(cXoLgatBuI const&),,0x1b0938,8,FUNC,WEAK,DEFAULT,9,True
2050,_ZTV10fEVMgax6LJ,vtable for fEVMgax6LJ,,0x371990,144,OBJECT,WEAK,DEFAULT,15,True
2051,_ZN20EYKlVaL7URPropertiesD1Ev,EYKlVaL7URProperties::~EYKlVaL7URProperties(),,0x1e0520,28,FUNC,WEAK,DEFAULT,9,True
2052,_ZN10wiULgacZUI10saI2JavMTlERK10C8THgaTQxFj,"wiULgacZUI::saI2JavMTl(C8THgaTQxF const&, unsigned int)",,0xe7cb0,112,FUNC,GLOBAL,DEFAULT,9,True
2053,_ZN10Vx2_xajLEd10_nXZxaZzJcEv,Vx2_xajLEd::_nXZxaZzJc(),,0x1e7160,164,FUNC,GLOBAL,DEFAULT,9,True
2054,_ZN10yVOJMa8r9BC2Ev,yVOJMa8r9B::yVOJMa8r9B(),,0x21fc54,256,FUNC,GLOBAL,DEFAULT,9,True
2055,_ZTV20G0gxgajWBwProperties,vtable for G0gxgajWBwProperties,,0x37d1d0,88,OBJECT,WEAK,DEFAULT,15,True
2056,_ZThn16_N20ieJzgaIFFyPropertiesD1Ev,non-virtual thunk to ieJzgaIFFyProperties::~ieJzgaIFFyProperties(),,0x168f44,8,FUNC,WEAK,DEFAULT,9,True
2057,_ZN6CyaInt25CyaSSL_get_current_cipherEPNS_6CYASSLE,CyaInt::CyaSSL_get_current_cipher(CyaInt::CYASSL*),,0x2d38f0,16,FUNC,GLOBAL,DEFAULT,9,True
2058,_ZN10e4ZYfa8PV210ufZhMaE8JeEP10G0gxgajWBw,e4ZYfa8PV2::ufZhMaE8Je(G0gxgajWBw*),,0x235000,16,FUNC,GLOBAL,DEFAULT,9,True
2059,_ZN10zF9VgaBKxR10TEaWmbaAyUEP10nenvgaH9_ub,"zF9VgaBKxR::TEaWmbaAyU(nenvgaH9_u*, bool)",,0x1a77a0,544,FUNC,GLOBAL,DEFAULT,9,True
2060,FT_Init_FreeType,FT_Init_FreeType,,0x26138c,140,FUNC,GLOBAL,DEFAULT,9,True
2061,_ZTV10e4ZYfa8PV2,vtable for e4ZYfa8PV2,,0x37de00,320,OBJECT,WEAK,DEFAULT,15,True
2062,_ZN10V8fxgahcBw10guGxDa8lXSEiiiiRK10C8THgaTQxF,"V8fxgahcBw::guGxDa8lXS(int, int, int, int, C8THgaTQxF const&)",,0x11cf8c,540,FUNC,GLOBAL,DEFAULT,9,True
2063,_ZN10mTAogaaEipC1Ev,mTAogaaEip::mTAogaaEip(),,0x220150,340,FUNC,GLOBAL,DEFAULT,9,True
2064,_Z10RdYPkbqhk8P10lGIClbdcbO,RdYPkbqhk8(lGIClbdcbO*),,0x1976d8,328,FUNC,GLOBAL,DEFAULT,9,True
2065,_ZNK10lKR7faAPdb10OJjqIaidLZEffff,"lKR7faAPdb::OJjqIaidLZ(float, float, float, float) const",,0x1e6d70,564,FUNC,GLOBAL,DEFAULT,9,True
2066,_ZN10HtZ2_aJk7E10NkzLfaflDSEv,HtZ2_aJk7E::NkzLfaflDS(),,0x1061d8,28,FUNC,WEAK,DEFAULT,9,True
2067,jpeg_resync_to_restart,jpeg_resync_to_restart,,0x29c198,768,FUNC,GLOBAL,DEFAULT,9,True
2068,_ZN10zeksfaZDrCD2Ev,zeksfaZDrC::~zeksfaZDrC(),,0x1afd24,20,FUNC,WEAK,DEFAULT,9,True
2069,_ZN10fEVMgax6LJ10ACEMgabNxJEf,fEVMgax6LJ::ACEMgabNxJ(float),,0xe3734,4,FUNC,WEAK,DEFAULT,9,True
2070,_ZN10k3yv6au694C2Ev,k3yv6au694::k3yv6au694(),,0x19b3e0,52,FUNC,GLOBAL,DEFAULT,9,True
2071,_ZN6CyaInt8s_mp_addEPNS_6mp_intES1_S1_,"CyaInt::s_mp_add(CyaInt::mp_int*, CyaInt::mp_int*, CyaInt::mp_int*)",,0x2c7104,488,FUNC,GLOBAL,DEFAULT,9,True
2072,_ZN10ZwL1xarB5eC2Ei,ZwL1xarB5e::ZwL1xarB5e(int),,0x1e79ec,108,FUNC,GLOBAL,DEFAULT,9,True
2073,_ZN10X0HXmbuEQV10JhjWgazQFREv,X0HXmbuEQV::JhjWgazQFR(),,0x249be8,136,FUNC,GLOBAL,DEFAULT,9,True
2074,_ZN10W6NzgawMJy10PeaZLa8d4YEb,W6NzgawMJy::PeaZLa8d4Y(bool),,0x17fa18,108,FUNC,WEAK,DEFAULT,9,True
2075,_ZN10kyTzgazlOy10cWUzgaxvPyEP10W6NzgawMJyRK10C8THgaTQxF,"kyTzgazlOy::cWUzgaxvPy(W6NzgawMJy*, C8THgaTQxF const&)",,0x23a598,724,FUNC,GLOBAL,DEFAULT,9,True
2076,_Z10nak8fakACbRK10C8THgaTQxF,nak8fakACb(C8THgaTQxF const&),,0xf52bc,452,FUNC,GLOBAL,DEFAULT,9,True
2077,_ZN10zF9VgaBKxR5ClearEv,zF9VgaBKxR::Clear(),,0x1a6194,304,FUNC,GLOBAL,DEFAULT,9,True
2078,FT_Bitmap_New,FT_Bitmap_New,,0x27ea08,36,FUNC,GLOBAL,DEFAULT,9,True
2079,_ZN10SYX_HaZ3zD4initEv,SYX_HaZ3zD::init(),,0xfac3c,4,FUNC,GLOBAL,DEFAULT,9,True
2080,_ZN10mTAogaaEip10bPEZSaDXtSERK10C8THgaTQxFb,"mTAogaaEip::bPEZSaDXtS(C8THgaTQxF const&, bool)",,0x2274a8,728,FUNC,GLOBAL,DEFAULT,9,True
2081,_ZN6CyaInt9mp_mul_2dEPNS_6mp_intEiS1_,"CyaInt::mp_mul_2d(CyaInt::mp_int*, int, CyaInt::mp_int*)",,0x2c6c04,344,FUNC,GLOBAL,DEFAULT,9,True
2082,_ZN10yL3_IaDMFt10xuK9TapJORERK10C8THgaTQxF,yL3_IaDMFt::xuK9TapJOR(C8THgaTQxF const&),,0xec100,272,FUNC,GLOBAL,DEFAULT,9,True
2083,_ZThn16_N20XJLBgarMnAPropertiesD0Ev,non-virtual thunk to XJLBgarMnAProperties::~XJLBgarMnAProperties(),,0x20bffc,8,FUNC,WEAK,DEFAULT,9,True
2084,_ZThn16_N20AeOgLaUSKnPropertiesD1Ev,non-virtual thunk to AeOgLaUSKnProperties::~AeOgLaUSKnProperties(),,0x1a4514,8,FUNC,WEAK,DEFAULT,9,True
2085,feof@LIBC (2),feof,LIBC (2),0x0,0,FUNC,GLOBAL,DEFAULT,UND,False
2086,_ZN10W6NzgawMJy10uc76LadGB5Ev,W6NzgawMJy::uc76LadGB5(),,0x181e68,56,FUNC,GLOBAL,DEFAULT,9,True
2087,_ZN10RWahgahP3iC2Ev,RWahgahP3i::RWahgahP3i(),,0x1ea04c,4,FUNC,GLOBAL,DEFAULT,9,True
2088,_Z10KVUIGaevoyRK10C8THgaTQxF,KVUIGaevoy(C8THgaTQxF const&),,0x1146cc,196,FUNC,GLOBAL,DEFAULT,9,True
2089,_Z10yHC_vamaixv,yHC_vamaix(),,0x24a088,48,FUNC,GLOBAL,DEFAULT,9,True
2090,_ZN6CyaInt8mp_mul_2EPNS_6mp_intES1_,"CyaInt::mp_mul_2(CyaInt::mp_int*, CyaInt::mp_int*)",,0x2c8d60,336,FUNC,GLOBAL,DEFAULT,9,True
2091,_ZN10ApdygafUox10q2hwgaKNMvERK10cXoLgatBuI,ApdygafUox::q2hwgaKNMv(cXoLgatBuI const&),,0x1dda24,48,FUNC,GLOBAL,DEFAULT,9,True
2092,_ZN10N67CMatrxw10PCrWfbqRM0Ev,N67CMatrxw::PCrWfbqRM0(),,0x232e44,132,FUNC,GLOBAL,DEFAULT,9,True
2093,_Z11Sha256FinalP6Sha256Ph,"Sha256Final(Sha256*, unsigned char*)",,0x2d0b1c,736,FUNC,GLOBAL,DEFAULT,9,True
2094,_ZN10w9XxgaJdbx10JuyKBaBDMmEv,w9XxgaJdbx::JuyKBaBDMm(),,0x1b7db0,264,FUNC,GLOBAL,DEFAULT,9,True
2095,_ZN10GaA2gaD2MX10xqeggaXKgiE,GaA2gaD2MX::xqeggaXKgi,,0x3a18fc,1,OBJECT,GLOBAL,DEFAULT,19,True
2096,_ZN10psSDxavq9U10YW8MSai8XHERK10C8THgaTQxF,psSDxavq9U::YW8MSai8XH(C8THgaTQxF const&),,0x2023a0,740,FUNC,GLOBAL,DEFAULT,9,True
2097,_ZN10N67CMatrxw10JFyTfbLMlZEv,N67CMatrxw::JFyTfbLMlZ(),,0x230eac,312,FUNC,GLOBAL,DEFAULT,9,True
2098,strlen@LIBC (2),strlen,LIBC (2),0x0,0,FUNC,GLOBAL,DEFAULT,UND,False
2099,FT_Done_GlyphSlot,FT_Done_GlyphSlot,,0x25f508,212,FUNC,GLOBAL,DEFAULT,9,True
2100,_ZN10m0ka3aUhjhD0Ev,m0ka3aUhjh::~m0ka3aUhjh(),,0x11d530,4,FUNC,WEAK,DEFAULT,9,True
2101,_ZN10vy1JgaKVkH6InsertEiPv,"vy1JgaKVkH::Insert(int, void*)",,0xed888,320,FUNC,GLOBAL,DEFAULT,9,True
2102,_ZN10AICTfaebpZ10h2dTfavq4YEP10l8eTfaIl5Y,AICTfaebpZ::h2dTfavq4Y(l8eTfaIl5Y*),,0x21b5f8,76,FUNC,GLOBAL,DEFAULT,9,True
2103,_ZN10mxJodbLVpT10GcVldbpK2QERK10C8THgaTQxF,mxJodbLVpT::GcVldbpK2Q(C8THgaTQxF const&),,0xe4384,204,FUNC,GLOBAL,DEFAULT,9,True
2104,_ZN20l8eTfaIl5YPropertiesD2Ev,l8eTfaIl5YProperties::~l8eTfaIl5YProperties(),,0x22c858,28,FUNC,WEAK,DEFAULT,9,True
2105,_ZN20EYKlVaL7URPropertiesC2Ev,EYKlVaL7URProperties::EYKlVaL7URProperties(),,0x1dfd44,156,FUNC,GLOBAL,DEFAULT,9,True
2106,_ZN10Zb7cUaSFEU10svNvga4fmvEv,Zb7cUaSFEU::svNvga4fmv(),,0xecb90,16,FUNC,GLOBAL,DEFAULT,9,True
2107,_ZN10HtZ2_aJk7ED1Ev,HtZ2_aJk7E::~HtZ2_aJk7E(),,0x1061f4,20,FUNC,WEAK,DEFAULT,9,True
2108,_ZN10k3yv6au69410BOAv6acAb5ERK10C8THgaTQxFPS0_,"k3yv6au694::BOAv6acAb5(C8THgaTQxF const&, C8THgaTQxF*)",,0x19b43c,344,FUNC,GLOBAL,DEFAULT,9,True
2109,_ZN10QpvgIav2uR10Bh5fIar38QD0Ev,QpvgIav2uR::Bh5fIar38Q::~Bh5fIar38Q(),,0x1d3014,120,FUNC,WEAK,DEFAULT,9,True
2110,k71TfaRoLZ,k71TfaRoLZ,,0x3a5070,8,OBJECT,GLOBAL,DEFAULT,19,True
2111,_ZN10EqV_Ka3Vx910pqxXgaPJHSEv,EqV_Ka3Vx9::pqxXgaPJHS(),,0x1b2238,64,FUNC,GLOBAL,DEFAULT,9,True
2112,Java_com_quattroplay_GraalClassic_Natives_onMobirooPurchase,Java_com_quattroplay_GraalClassic_Natives_onMobirooPurchase,,0x252614,332,FUNC,GLOBAL,DEFAULT,9,True
2113,_Z24yajl_render_error_stringP13yajl_handle_tPKhmi,"yajl_render_error_string(yajl_handle_t*, unsigned char const*, unsigned long, int)",,0x2bfcac,1096,FUNC,GLOBAL,DEFAULT,9,True
2114,_ZN6CyaInt19SSL_CtxResourceFreeEPNS_10CYASSL_CTXE,CyaInt::SSL_CtxResourceFree(CyaInt::CYASSL_CTX*),,0x2d6240,100,FUNC,GLOBAL,DEFAULT,9,True
2115,_ZN10AS80gaE4zW10pYV2gaqn4XEv,AS80gaE4zW::pYV2gaqn4X(),,0x1d4a08,216,FUNC,GLOBAL,DEFAULT,9,True
2116,_ZN10giqpgaXJ_p10LlopgaY5YpEv,giqpgaXJ_p::LlopgaY5Yp(),,0x2131cc,76,FUNC,WEAK,DEFAULT,9,True
2117,_ZN10imqXgalNBSD1Ev,imqXgalNBS::~imqXgalNBS(),,0x1e4c8c,84,FUNC,WEAK,DEFAULT,9,True
2118,_ZN10kyTzgazlOy10IFgYvaQDjvERK10C8THgaTQxFS2_iii,"kyTzgazlOy::IFgYvaQDjv(C8THgaTQxF const&, C8THgaTQxF const&, int, int, int)",,0x239a80,716,FUNC,GLOBAL,DEFAULT,9,True
2119,_ZN10pTy_fadYe4D0Ev,pTy_fadYe4::~pTy_fadYe4(),,0x1956c0,32,FUNC,GLOBAL,DEFAULT,9,True
2120,_ZN10a7qxJaHqKV10OkcCDaa_KWERK10C8THgaTQxFb,"a7qxJaHqKV::OkcCDaa_KW(C8THgaTQxF const&, bool)",,0x15fa64,244,FUNC,GLOBAL,DEFAULT,9,True
2121,_ZNK10KsGWqbQkZg10jKok1ayqMJEv,KsGWqbQkZg::jKok1ayqMJ() const,,0x1ca628,8,FUNC,WEAK,DEFAULT,9,True
2122,_ZN10w9XxgaJdbx10qnwBgapRaAERK10cXoLgatBuI,w9XxgaJdbx::qnwBgapRaA(cXoLgatBuI const&),,0x1b7398,40,FUNC,GLOBAL,DEFAULT,9,True
2123,_ZN10mTAogaaEip10XiRpPaJsmSEP10G0gxgajWBwP10vy1JgaKVkH,"mTAogaaEip::XiRpPaJsmS(G0gxgajWBw*, vy1JgaKVkH*)",,0x220304,264,FUNC,GLOBAL,DEFAULT,9,True
2124,_ZN20VGEwBaTQ4aPropertiesD2Ev,VGEwBaTQ4aProperties::~VGEwBaTQ4aProperties(),,0x1e5ce4,28,FUNC,WEAK,DEFAULT,9,True
2125,jpeg_stdio_src,jpeg_stdio_src,,0x29920c,168,FUNC,GLOBAL,DEFAULT,9,True
2126,_ZN10tJIwIaYe8310RIVxIapa94ERK10V6P7faBscb,tJIwIaYe83::RIVxIapa94(V6P7faBscb const&),,0x23ca94,244,FUNC,GLOBAL,DEFAULT,9,True
2127,_ZN10IIAnGagvsg10o6cnGa4D8fEPvRK10i7FHgaP2lFS3_,"IIAnGagvsg::o6cnGa4D8f(void*, i7FHgaP2lF const&, i7FHgaP2lF const&)",,0xfdb60,980,FUNC,GLOBAL,DEFAULT,9,True
2128,_ZN10KKhLga4xoI10r8HDgaOK0BEP10J7zOgaf09K,KKhLga4xoI::r8HDgaOK0B(J7zOgaf09K*),,0xeb6c4,80,FUNC,GLOBAL,DEFAULT,9,True
2129,b0DWfaPgX0,b0DWfaPgX0,,0x3a5090,8,OBJECT,GLOBAL,DEFAULT,19,True
2130,_ZN10OV5NOaoBLlD2Ev,OV5NOaoBLl::~OV5NOaoBLl(),,0x22c810,72,FUNC,WEAK,DEFAULT,9,True
2131,_ZN20_thLgaWjoIPropertiesC1Ev,_thLgaWjoIProperties::_thLgaWjoIProperties(),,0x1cb60c,176,FUNC,GLOBAL,DEFAULT,9,True
2132,_ZTV10DFeOfaFXSU,vtable for DFeOfaFXSU,,0x372e60,48,OBJECT,WEAK,DEFAULT,15,True
2133,_ZN10w6qzgacqqy10HLi4xaSoehERK10C8THgaTQxF,w6qzgacqqy::HLi4xaSoeh(C8THgaTQxF const&),,0x1ed0f4,976,FUNC,GLOBAL,DEFAULT,9,True
2134,_ZN10kyTzgazlOy10ZxfiLanHYoEv,kyTzgazlOy::ZxfiLanHYo(),,0x239f8c,908,FUNC,GLOBAL,DEFAULT,9,True
2135,EqV_Ka3Vx9Onln2aNBfC,EqV_Ka3Vx9Onln2aNBfC,,0x3a3158,8,OBJECT,GLOBAL,DEFAULT,19,True
2136,_Z10Me7jJabIxKRK10nulqJa9GMP,Me7jJabIxK(nulqJa9GMP const&),,0x1e87d8,848,FUNC,GLOBAL,DEFAULT,9,True
2137,_ZTV20_YTgFa6HPkProperties,vtable for _YTgFa6HPkProperties,,0x375f00,88,OBJECT,WEAK,DEFAULT,15,True
2138,_ZTV10bNZvga2Awv,vtable for bNZvga2Awv,,0x371ea0,48,OBJECT,WEAK,DEFAULT,15,True
2139,_ZN10w6qzgacqqy10sWNJxaNC8ZE,w6qzgacqqy::sWNJxaNC8Z,,0x3a3710,8,OBJECT,GLOBAL,DEFAULT,19,True
2140,_ZN10VxSu6advA4C2Ei,VxSu6advA4::VxSu6advA4(int),,0x19b64c,112,FUNC,GLOBAL,DEFAULT,9,True
2141,yajl_gen_get_buf,yajl_gen_get_buf,,0x2be700,100,FUNC,GLOBAL,DEFAULT,9,True
2142,_ZN10D6TlgajP1m4initEv,D6TlgajP1m::init(),,0x21e748,96,FUNC,GLOBAL,DEFAULT,9,True
2143,_ZN6CyaInt22FreeHandshakeResourcesEPNS_6CYASSLE,CyaInt::FreeHandshakeResources(CyaInt::CYASSL*),,0x2d6830,152,FUNC,GLOBAL,DEFAULT,9,True
2144,_ZN10zF9VgaBKxR10sumvmbkx_xEdd,"zF9VgaBKxR::sumvmbkx_x(double, double)",,0x1a8ff8,308,FUNC,GLOBAL,DEFAULT,9,True
2145,_ZN10G0gxgajWBw10F2BxMaZCTrEiPS_,"G0gxgajWBw::F2BxMaZCTr(int, G0gxgajWBw*)",,0x216210,112,FUNC,GLOBAL,DEFAULT,9,True
2146,_ZN10etUmgaa7Sn10rd5mga0_1nE,etUmgaa7Sn::rd5mga0_1n,,0x3a0670,8,OBJECT,GLOBAL,DEFAULT,19,True
2147,_ZN10w9XxgaJdbx10Igp60aIS_xERK10eY2wgaf6pw,w9XxgaJdbx::Igp60aIS_x(eY2wgaf6pw const&),,0x1bee18,1544,FUNC,GLOBAL,DEFAULT,9,True
2148,_Z21jinit_compress_masterP20jpeg_compress_struct,jinit_compress_master(jpeg_compress_struct*),,0x2aeed8,232,FUNC,GLOBAL,DEFAULT,9,True
2149,BZ2_bzDecompressEnd,BZ2_bzDecompressEnd,,0x282300,156,FUNC,GLOBAL,DEFAULT,9,True
2150,_ZN10yL3_IaDMFt10g6yvgaX89uERK10C8THgaTQxF,yL3_IaDMFt::g6yvgaX89u(C8THgaTQxF const&),,0xebd48,64,FUNC,GLOBAL,DEFAULT,9,True
2151,_ZN10IoTkgardbmC1Eiii,"IoTkgardbm::IoTkgardbm(int, int, int)",,0x16c620,156,FUNC,GLOBAL,DEFAULT,9,True
2152,_ZTV20awDo2aJRkDProperties,vtable for awDo2aJRkDProperties,,0x37a830,88,OBJECT,WEAK,DEFAULT,15,True
2153,_ZN10W6NzgawMJy10iZDhga9esjEd,W6NzgawMJy::iZDhga9esj(double),,0x17f000,312,FUNC,GLOBAL,DEFAULT,9,True
2154,_Z10soSA2abnDNv,soSA2abnDN(),,0x241f94,48,FUNC,GLOBAL,DEFAULT,9,True
2155,_ZN6CyaInt7mp_copyEPNS_6mp_intES1_,"CyaInt::mp_copy(CyaInt::mp_int*, CyaInt::mp_int*)",,0x2c645c,196,FUNC,GLOBAL,DEFAULT,9,True
2156,adler32_combine,adler32_combine,,0x2975ac,220,FUNC,GLOBAL,DEFAULT,9,True
2157,WXgq7a6SIR,WXgq7a6SIR,,0x1542e0,276,FUNC,GLOBAL,DEFAULT,9,True
2158,_ZN10ovXCga6FnB10rJ9IKaWNBVEPhiiiiiiPKhiiiiiRK10dVIHgaIooFbS5_,"ovXCga6FnB::rJ9IKaWNBV(unsigned char*, int, int, int, int, int, int, unsigned char const*, int, int, int, int, int, dVIHgaIooF const&, bool, dVIHgaIooF const&)",,0x14c7c4,4492,FUNC,GLOBAL,DEFAULT,9,True
2159,_ZN10GbMhIaz9yS10P1KwgacbawEv,GbMhIaz9yS::P1Kwgacbaw(),,0x1c2960,116,FUNC,GLOBAL,DEFAULT,9,True
2160,_ZN10iHmzga6Hmy10Hco7MakZPWEv,iHmzga6Hmy::Hco7MakZPW(),,0x1d1ec4,216,FUNC,GLOBAL,DEFAULT,9,True
2161,_ZN20imqXgalNBSPropertiesD0Ev,imqXgalNBSProperties::~imqXgalNBSProperties(),,0x1e4c4c,56,FUNC,WEAK,DEFAULT,9,True
2162,_ZN10s_YwgafWlw10oWWiIaPbyTERK10cXoLgatBuI,s_YwgafWlw::oWWiIaPbyT(cXoLgatBuI const&),,0x1dc2d0,160,FUNC,GLOBAL,DEFAULT,9,True
2163,FT_MulDiv_No_Round,FT_MulDiv_No_Round,,0x259348,236,FUNC,GLOBAL,DEFAULT,9,True
2164,_ZN10W6NzgawMJy10FZLZLawZzZEb,W6NzgawMJy::FZLZLawZzZ(bool),,0x17faf0,108,FUNC,WEAK,DEFAULT,9,True
2165,deflate,deflate,,0x28f124,7120,FUNC,GLOBAL,DEFAULT,9,True
2166,_ZNK10C8THgaTQxF10k4GeJakRYFEv,C8THgaTQxF::k4GeJakRYF() const,,0xf4b08,160,FUNC,GLOBAL,DEFAULT,9,True
2167,yajl_gen_string,yajl_gen_string,,0x2bd8f4,616,FUNC,GLOBAL,DEFAULT,9,True
2168,_ZN10FY2VgaG6rRD2Ev,FY2VgaG6rR::~FY2VgaG6rR(),,0x16d9d4,56,FUNC,GLOBAL,DEFAULT,9,True
2169,_ZN10Fcx_gaoydV10rQbvCaJzR_EP10nenvgaH9_ub,"Fcx_gaoydV::rQbvCaJzR_(nenvgaH9_u*, bool)",,0x153578,1840,FUNC,GLOBAL,DEFAULT,9,True
2170,_ZN10IUKzgam4Gy10j5OZZa3ACLERK10C8THgaTQxFbbdd,"IUKzgam4Gy::j5OZZa3ACL(C8THgaTQxF const&, bool, bool, double, double)",,0xe1f34,1328,FUNC,GLOBAL,DEFAULT,9,True
2171,FT_Stream_TryRead,FT_Stream_TryRead,,0x25c608,132,FUNC,GLOBAL,DEFAULT,9,True
2172,_ZN10W6NzgawMJy10HcdQwaqJxeEv,W6NzgawMJy::HcdQwaqJxe(),,0x171ee8,108,FUNC,GLOBAL,DEFAULT,9,True
2173,_ZN10wiULgacZUI10WIOygaAhUxERK10C8THgaTQxF,wiULgacZUI::WIOygaAhUx(C8THgaTQxF const&),,0xe8df0,304,FUNC,GLOBAL,DEFAULT,9,True
2174,_ZN10H4zIGaBY6xC1EPv,H4zIGaBY6x::H4zIGaBY6x(void*),,0xf06d8,172,FUNC,GLOBAL,DEFAULT,9,True
2175,ft_outline_glyph_class,ft_outline_glyph_class,,0x380258,64,OBJECT,GLOBAL,DEFAULT,15,True
2176,_ZNK10tJIwIaYe8310a3VMFaksMLERK10qdSBga_dtA,tJIwIaYe83::a3VMFaksML(qdSBga_dtA const&) const,,0x23d8c4,464,FUNC,GLOBAL,DEFAULT,9,True
2177,FT_Get_SubGlyph_Info,FT_Get_SubGlyph_Info,,0x25b398,120,FUNC,GLOBAL,DEFAULT,9,True
2178,_ZTV10J7J0ga9peW,vtable for J7J0ga9peW,,0x379840,48,OBJECT,WEAK,DEFAULT,15,True
2179,_ZN6CyaInt19CyaSSL_connect_certEPNS_6CYASSLE,CyaInt::CyaSSL_connect_cert(CyaInt::CYASSL*),,0x2d2e04,60,FUNC,GLOBAL,DEFAULT,9,True
2180,_Z23jinit_d_coef_controllerP22jpeg_decompress_structi,"jinit_d_coef_controller(jpeg_decompress_struct*, int)",,0x2aad18,448,FUNC,GLOBAL,DEFAULT,9,True
2181,_ZN10LJyzga9PwyC1Ev,LJyzga9Pwy::LJyzga9Pwy(),,0x1093d8,300,FUNC,GLOBAL,DEFAULT,9,True
2182,_ZN10OYYKfaPU7R10nynsVawquXERK10C8THgaTQxFi,"OYYKfaPU7R::nynsVawquX(C8THgaTQxF const&, int)",,0x104d38,144,FUNC,GLOBAL,DEFAULT,9,True
2183,_ZN10Q8n_Fa6V5WC1Ev,Q8n_Fa6V5W::Q8n_Fa6V5W(),,0x1ca818,104,FUNC,GLOBAL,DEFAULT,9,True
2184,_ZN10TZf6gaQ3S_10IGa6gaABO_EPKcii,"TZf6gaQ3S_::IGa6gaABO_(char const*, int, int)",,0x110a04,332,FUNC,GLOBAL,DEFAULT,9,True
2185,_ZN6CyaInt16CyaSSL_X509_freeEPNS_11CYASSL_X509E,CyaInt::CyaSSL_X509_free(CyaInt::CYASSL_X509*),,0x2d3a80,4,FUNC,GLOBAL,DEFAULT,9,True
2186,yajl_gen_number,yajl_gen_number,,0x2bd6f0,516,FUNC,GLOBAL,DEFAULT,9,True
2187,_ZN10V8fxgahcBw10lAtT2agvh2Ev,V8fxgahcBw::lAtT2agvh2(),,0x11a8c8,124,FUNC,GLOBAL,DEFAULT,9,True
2188,_ZN10LJyzga9Pwy10ZQLOfagSjVEv,LJyzga9Pwy::ZQLOfagSjV(),,0x10954c,28,FUNC,GLOBAL,DEFAULT,9,True
2189,_ZN10MpGzgariDyD2Ev,MpGzgariDy::~MpGzgariDy(),,0x192598,488,FUNC,GLOBAL,DEFAULT,9,True
2190,_ZN10giqpgaXJ_p10Ym2oga0BGpEi,giqpgaXJ_p::Ym2oga0BGp(int),,0x213454,156,FUNC,WEAK,DEFAULT,9,True
2191,_ZN10zW2NgaU4IK10NmvZfaW_l3Ev,zW2NgaU4IK::NmvZfaW_l3(),,0x21cf90,40,FUNC,GLOBAL,DEFAULT,9,True
2192,_ZN20ULeBJaZ1WYPropertiesD2Ev,ULeBJaZ1WYProperties::~ULeBJaZ1WYProperties(),,0x245d00,28,FUNC,WEAK,DEFAULT,9,True
2193,_ZNK10rizMgadjtJ9transformERK10qdSBga_dtA,rizMgadjtJ::transform(qdSBga_dtA const&) const,,0x1e9f08,104,FUNC,GLOBAL,DEFAULT,9,True
2194,_ZTV20MpGzgariDyProperties,vtable for MpGzgariDyProperties,,0x374a60,88,OBJECT,WEAK,DEFAULT,15,True
2195,_ZN10IUKzgam4Gy10_8B_ZagIhMEd,IUKzgam4Gy::_8B_ZagIhM(double),,0xe2754,156,FUNC,GLOBAL,DEFAULT,9,True
2196,compressBound,compressBound,,0x28cc40,20,FUNC,GLOBAL,DEFAULT,9,True
2197,_ZN10GaA2gaD2MX10kGgggaiEiiE,GaA2gaD2MX::kGgggaiEii,,0x38deb0,1,OBJECT,GLOBAL,DEFAULT,18,True
2198,_ZN10u3cBgayBVzC1Ev,u3cBgayBVz::u3cBgayBVz(),,0x20c38c,120,FUNC,GLOBAL,DEFAULT,9,True
2199,_ZN20C2t_vaQTaxPropertiesC2Ev,C2t_vaQTaxProperties::C2t_vaQTaxProperties(),,0x249f9c,156,FUNC,GLOBAL,DEFAULT,9,True
2200,_ZTV10yWBvmbTwcy,vtable for yWBvmbTwcy,,0x375860,368,OBJECT,WEAK,DEFAULT,15,True
2201,_ZN10eODlJaQ5OL10jlavgawjQuEv,eODlJaQ5OL::jlavgawjQu(),,0x241824,36,FUNC,GLOBAL,DEFAULT,9,True
2202,_ZN20ieJzgaIFFyPropertiesC1Ev,ieJzgaIFFyProperties::ieJzgaIFFyProperties(),,0x1618f0,176,FUNC,GLOBAL,DEFAULT,9,True
2203,_ZNK10tJIwIaYe8310vcSNFa8czMEv,tJIwIaYe83::vcSNFa8czM() const,,0x23cf58,24,FUNC,GLOBAL,DEFAULT,9,True
2204,strstr@LIBC (2),strstr,LIBC (2),0x0,0,FUNC,GLOBAL,DEFAULT,UND,False
2205,_ZN10rizMgadjtJ10dv5QLaQehSEf,rizMgadjtJ::dv5QLaQehS(float),,0x1e9dc4,56,FUNC,GLOBAL,DEFAULT,9,True
2206,_ZN10w9XxgaJdbx10_fjt2afPgHERK10eY2wgaf6pw,w9XxgaJdbx::_fjt2afPgH(eY2wgaf6pw const&),,0x1b9414,164,FUNC,GLOBAL,DEFAULT,9,True
2207,_ZN10SU3JfaCUmR10brKIfarGfQEffff,"SU3JfaCUmR::brKIfarGfQ(float, float, float, float)",,0x10dbd0,208,FUNC,GLOBAL,DEFAULT,9,True
2208,_ZN10oMhmIajzmW10gSNIfakziQEi,oMhmIajzmW::gSNIfakziQ(int),,0x100990,4,FUNC,WEAK,DEFAULT,9,True
2209,tt_cmap14_done,tt_cmap14_done,,0x2633f8,56,FUNC,GLOBAL,DEFAULT,9,True
2210,_ZThn16_N20NgNBgaN3oAPropertiesD1Ev,non-virtual thunk to NgNBgaN3oAProperties::~NgNBgaN3oAProperties(),,0x2373f0,8,FUNC,WEAK,DEFAULT,9,True
2211,_ZN10N67CMatrxw10rVjVga1mQQERK10C8THgaTQxFS2_P10G0gxgajWBw,"N67CMatrxw::rVjVga1mQQ(C8THgaTQxF const&, C8THgaTQxF const&, G0gxgajWBw*)",,0x2329c0,1156,FUNC,GLOBAL,DEFAULT,9,True
2212,_ZN10oMhmIajzmW10pNXRfaaV_XEiiPKfS1_S1_S1_PKv,"oMhmIajzmW::pNXRfaaV_X(int, int, float const*, float const*, float const*, float const*, void const*)",,0x10097c,4,FUNC,WEAK,DEFAULT,9,True
2213,_ZN10uq9xgaUxlx10CtDMcbyPwmEv,uq9xgaUxlx::CtDMcbyPwm(),,0x2019fc,240,FUNC,GLOBAL,DEFAULT,9,True
2214,_ZN10k1h4JaIMdnD1Ev,k1h4JaIMdn::~k1h4JaIMdn(),,0x248ae8,52,FUNC,WEAK,DEFAULT,9,True
2215,_ZN10uq9xgaUxlx10Ab3_ZatiFMEv,uq9xgaUxlx::Ab3_ZatiFM(),,0x2015b8,24,FUNC,GLOBAL,DEFAULT,9,True
2216,_ZThn16_N20LJyzga9PwyPropertiesD1Ev,non-virtual thunk to LJyzga9PwyProperties::~LJyzga9PwyProperties(),,0x10abf0,8,FUNC,WEAK,DEFAULT,9,True
2217,_ZN10zF9VgaBKxR10XbvombQRdsEiii,"zF9VgaBKxR::XbvombQRds(int, int, int)",,0x1abe04,272,FUNC,GLOBAL,DEFAULT,9,True
2218,_ZN6CyaInt8mp_clearEPNS_6mp_intE,CyaInt::mp_clear(CyaInt::mp_int*),,0x2c6190,100,FUNC,GLOBAL,DEFAULT,9,True
2219,_ZN10w7keKa2nGvD1Ev,w7keKa2nGv::~w7keKa2nGv(),,0x23a9d8,4,FUNC,GLOBAL,DEFAULT,9,True
2220,_ZN20hsuDgateQBPropertiesD1Ev,hsuDgateQBProperties::~hsuDgateQBProperties(),,0x1b6b70,28,FUNC,WEAK,DEFAULT,9,True
2221,GifMakeSavedImage,GifMakeSavedImage,,0x2bc760,336,FUNC,GLOBAL,DEFAULT,9,True
2222,_Z10Z_3hJaGZOIv,Z_3hJaGZOI(),,0xf6728,96,FUNC,GLOBAL,DEFAULT,9,True
2223,_ZN10N67CMatrxw10flS_fbykv4Ev,N67CMatrxw::flS_fbykv4(),,0x230214,52,FUNC,GLOBAL,DEFAULT,9,True
2224,_ZN10vy1JgaKVkH10TF9BgaVKIAEPS_ii,"vy1JgaKVkH::TF9BgaVKIA(vy1JgaKVkH*, int, int)",,0xedc90,184,FUNC,GLOBAL,DEFAULT,9,True
2225,_ZN10W6NzgawMJy10lLMOwawDkdEiiiii,"W6NzgawMJy::lLMOwawDkd(int, int, int, int, int)",,0x17b158,160,FUNC,GLOBAL,DEFAULT,9,True
2226,_Z10E1kNPa7i7aP10G0gxgajWBwi,"E1kNPa7i7a(G0gxgajWBw*, int)",,0x221c20,280,FUNC,GLOBAL,DEFAULT,9,True
2227,_ZThn16_N20hsuDgateQBPropertiesD0Ev,non-virtual thunk to hsuDgateQBProperties::~hsuDgateQBProperties(),,0x1b6bcc,8,FUNC,WEAK,DEFAULT,9,True
2228,_ZN10ZAuvgaUl6u10cQ2PgaA_oMERK10C8THgaTQxFS2_b,"ZAuvgaUl6u::cQ2PgaA_oM(C8THgaTQxF const&, C8THgaTQxF const&, bool)",,0x206ed4,876,FUNC,GLOBAL,DEFAULT,9,True
2229,_Z10WgBeJa1YTFd,WgBeJa1YTF(double),,0xf5480,120,FUNC,GLOBAL,DEFAULT,9,True
2230,_ZN10pWihMaQxae10rVjVga1mQQERK10C8THgaTQxFP10G0gxgajWBw,"pWihMaQxae::rVjVga1mQQ(C8THgaTQxF const&, G0gxgajWBw*)",,0x2349dc,88,FUNC,GLOBAL,DEFAULT,9,True
2231,_ZN6CyaInt22CyaSSL_CIPHER_get_nameEPKNS_13CYASSL_CIPHERE,CyaInt::CyaSSL_CIPHER_get_name(CyaInt::CYASSL_CIPHER const*),,0x2d3900,360,FUNC,GLOBAL,DEFAULT,9,True
2232,_Z10X8wxSadvPuRK10C8THgaTQxF,X8wxSadvPu(C8THgaTQxF const&),,0x1f30b0,232,FUNC,GLOBAL,DEFAULT,9,True
2233,_Z10E3UikbICwHv,E3UikbICwH(),,0x20e4e0,12,FUNC,GLOBAL,DEFAULT,9,True
2234,_ZN10psSDxavq9U4readEv,psSDxavq9U::read(),,0x204274,312,FUNC,GLOBAL,DEFAULT,9,True
2235,_ZN10AS80gaE4zW10xR54gaFxUZEv,AS80gaE4zW::xR54gaFxUZ(),,0x1d74e4,96,FUNC,GLOBAL,DEFAULT,9,True
2236,_ZN10w7keKa2nGv10rvAYJa3jAhEv,w7keKa2nGv::rvAYJa3jAh(),,0x23ab80,20,FUNC,GLOBAL,DEFAULT,9,True
2237,_Z10jVGHgaOImFRK10C8THgaTQxF,jVGHgaOImF(C8THgaTQxF const&),,0x1e9180,320,FUNC,GLOBAL,DEFAULT,9,True
2238,_ZN10G0gxgajWBw10eGW8LacZ76ERK10C8THgaTQxFj,"G0gxgajWBw::eGW8LacZ76(C8THgaTQxF const&, unsigned int)",,0x215660,324,FUNC,GLOBAL,DEFAULT,9,True
2239,_ZN6CyaInt12SendFinishedEPNS_6CYASSLE,CyaInt::SendFinished(CyaInt::CYASSL*),,0x2d6d9c,1412,FUNC,GLOBAL,DEFAULT,9,True
2240,_ZN10oJlO1aTTY710DdHB1acZjYEibih,"oJlO1aTTY7::DdHB1acZjY(int, bool, int, unsigned char)",,0x15eba4,1004,FUNC,GLOBAL,DEFAULT,9,True
2241,_ZN20G0gxgajWBwPropertiesC1Ev,G0gxgajWBwProperties::G0gxgajWBwProperties(),,0x213fe4,176,FUNC,GLOBAL,DEFAULT,9,True
2242,_ZN10XJLBgarMnA10da7AgaaEQzEv,XJLBgarMnA::da7AgaaEQz(),,0x20a76c,124,FUNC,GLOBAL,DEFAULT,9,True
2243,_ZN10C8THgaTQxFlsEi,C8THgaTQxF::operator<<(int),,0xf29a0,48,FUNC,GLOBAL,DEFAULT,9,True
2244,_Z10Ga8KmbJugLP10W6NzgawMJyRK10C8THgaTQxF,"Ga8KmbJugL(W6NzgawMJy*, C8THgaTQxF const&)",,0x1ad124,368,FUNC,GLOBAL,DEFAULT,9,True
2245,_ZN10uSjUgask_P10AJfYga4QiTEi,uSjUgask_P::AJfYga4QiT(int),,0x10775c,4,FUNC,WEAK,DEFAULT,9,True
2246,_ZTV20w6qzgacqqyProperties,vtable for w6qzgacqqyProperties,,0x37c6d0,88,OBJECT,WEAK,DEFAULT,15,True
2247,_ZN10l8eTfaIl5Y10yKiTfaTn8YEv,l8eTfaIl5Y::yKiTfaTn8Y(),,0x21fb38,284,FUNC,GLOBAL,DEFAULT,9,True
2248,_ZN10NiVAFatPFB10NcxWQawyR8Ev,NiVAFatPFB::NcxWQawyR8(),,0xed0d8,716,FUNC,GLOBAL,DEFAULT,9,True
2249,_ZN10UU64BayqVED1Ev,UU64BayqVE::~UU64BayqVE(),,0x1153e4,60,FUNC,GLOBAL,DEFAULT,9,True
2250,_Z13jpeg_idct_1x1P22jpeg_decompress_structP19jpeg_component_infoPsPPhj,"jpeg_idct_1x1(jpeg_decompress_struct*, jpeg_component_info*, short*, unsigned char**, unsigned int)",,0x2aeea4,52,FUNC,GLOBAL,DEFAULT,9,True
2251,_ZTV20EYKlVaL7URProperties,vtable for EYKlVaL7URProperties,,0x37ac30,88,OBJECT,WEAK,DEFAULT,15,True
2252,_ZN10AeOgLaUSKnD0Ev,AeOgLaUSKn::~AeOgLaUSKn(),,0x1a3964,32,FUNC,GLOBAL,DEFAULT,9,True
2253,_ZN10EYKlVaL7UR10j9gLgaw2nIEv,EYKlVaL7UR::j9gLgaw2nI(),,0x1dfde0,44,FUNC,GLOBAL,DEFAULT,9,True
2254,_ZN10ZAuvgaUl6u10ZdIGHasPxmEv,ZAuvgaUl6u::ZdIGHasPxm(),,0x207bec,460,FUNC,GLOBAL,DEFAULT,9,True
2255,mktime@LIBC (2),mktime,LIBC (2),0x0,0,FUNC,GLOBAL,DEFAULT,UND,False
2256,_ZN10vy1JgaKVkHD2Ev,vy1JgaKVkH::~vy1JgaKVkH(),,0xe5968,20,FUNC,WEAK,DEFAULT,9,True
2257,yajl_gen_map_close,yajl_gen_map_close,,0x2be154,480,FUNC,GLOBAL,DEFAULT,9,True
2258,_ZN10W6NzgawMJy10v3qmgaznunEv,W6NzgawMJy::v3qmgaznun(),,0x17f7c4,80,FUNC,WEAK,DEFAULT,9,True
2259,_Z10NZQXfaKbY1RK10C8THgaTQxF,NZQXfaKbY1(C8THgaTQxF const&),,0xfa31c,44,FUNC,GLOBAL,DEFAULT,9,True
2260,_ZN6CyaInt15CyaSSL_SetTmpDHEPNS_6CYASSLEPKhiS3_i,"CyaInt::CyaSSL_SetTmpDH(CyaInt::CYASSL*, unsigned char const*, int, unsigned char const*, int)",,0x2d0fcc,376,FUNC,GLOBAL,DEFAULT,9,True
2261,_ZN6CyaInt10SetSessionEPNS_6CYASSLEPNS_14CYASSL_SESSIONE,"CyaInt::SetSession(CyaInt::CYASSL*, CyaInt::CYASSL_SESSION*)",,0x2d3118,152,FUNC,GLOBAL,DEFAULT,9,True
2262,_ZN10AS80gaE4zW10c3jSgagujOEv,AS80gaE4zW::c3jSgagujO(),,0x1d50a0,8,FUNC,GLOBAL,DEFAULT,9,True
2263,_ZN10EbOa3arQHhD0Ev,EbOa3arQHh::~EbOa3arQHh(),,0x11d688,48,FUNC,WEAK,DEFAULT,9,True
2264,_ZN10IMzlIaJILV10vRZrAaJE9gERK10C8THgaTQxF,IMzlIaJILV::vRZrAaJE9g(C8THgaTQxF const&),,0x19bb08,404,FUNC,GLOBAL,DEFAULT,9,True
2265,_ZN6CyaInt8SendDataEPNS_6CYASSLEPKvi,"CyaInt::SendData(CyaInt::CYASSL*, void const*, int)",,0x2d7660,824,FUNC,GLOBAL,DEFAULT,9,True
2266,_ZN10w6qzgacqqy10gNjCHa1fRiEP10LBgVgaqANQddRK10C8THgaTQxFS4_,"w6qzgacqqy::gNjCHa1fRi(LBgVgaqANQ*, double, double, C8THgaTQxF const&, C8THgaTQxF const&)",,0x1fb89c,968,FUNC,GLOBAL,DEFAULT,9,True
2267,_Z10ituN2aeffYv,ituN2aeffY(),,0xe4788,112,FUNC,GLOBAL,DEFAULT,9,True
2268,_ZN10PfQXva4zXuIdE10m6pngaXzjoERK10CanTfaz6bZ,PfQXva4zXu<double>::m6pngaXzjo(CanTfaz6bZ const&),,0x18eca8,208,FUNC,WEAK,DEFAULT,9,True
2269,_ZN10zYRMgaG0IJ10Uev7fajUVaEv,zYRMgaG0IJ::Uev7fajUVa(),,0xf89b4,136,FUNC,GLOBAL,DEFAULT,9,True
2270,tt_cmap2_validate,tt_cmap2_validate,,0x262330,548,FUNC,GLOBAL,DEFAULT,9,True
2271,_ZN10Fcx_gaoydV10ZhezCaPDf3ERK10C8THgaTQxF,Fcx_gaoydV::ZhezCaPDf3(C8THgaTQxF const&),,0x117824,120,FUNC,GLOBAL,DEFAULT,9,True
2272,_ZN10ZAuvgaUl6u10OJerHac0w9Ev,ZAuvgaUl6u::OJerHac0w9(),,0x207240,184,FUNC,GLOBAL,DEFAULT,9,True
2273,_ZN10xqXr6a2B71D2Ev,xqXr6a2B71::~xqXr6a2B71(),,0x19b2e0,256,FUNC,GLOBAL,DEFAULT,9,True
2274,_ZN10zF9VgaBKxR10onw9RanRCaEiiiidddb,"zF9VgaBKxR::onw9RanRCa(int, int, int, int, double, double, double, bool)",,0x1aeafc,276,FUNC,GLOBAL,DEFAULT,9,True
2275,_ZN20hsuDgateQBPropertiesC2Ev,hsuDgateQBProperties::hsuDgateQBProperties(),,0x1b62e8,136,FUNC,GLOBAL,DEFAULT,9,True
2276,_ZN10pdnkJaZ8KK10KkIoJa6UoOEv,pdnkJaZ8KK::KkIoJa6UoO(),,0x242f3c,120,FUNC,GLOBAL,DEFAULT,9,True
2277,_ZN10G0gxgajWBw10y55fMaiK9cERK10C8THgaTQxFS2_b,"G0gxgajWBw::y55fMaiK9c(C8THgaTQxF const&, C8THgaTQxF const&, bool)",,0x217444,780,FUNC,GLOBAL,DEFAULT,9,True
2278,_ZN10zF9VgaBKxR10INQAvaz1BbEddiiiP10MpGzgariDy,"zF9VgaBKxR::INQAvaz1Bb(double, double, int, int, int, MpGzgariDy*)",,0x1acde4,548,FUNC,GLOBAL,DEFAULT,9,True
2279,_Z8Md5FinalP3Md5Ph,"Md5Final(Md5*, unsigned char*)",,0x2cc7a8,244,FUNC,GLOBAL,DEFAULT,9,True
2280,fclose@LIBC (2),fclose,LIBC (2),0x0,0,FUNC,GLOBAL,DEFAULT,UND,False
2281,_ZN10uzvDgataRBC2ERK10C8THgaTQxF,uzvDgataRB::uzvDgataRB(C8THgaTQxF const&),,0x1b1650,52,FUNC,GLOBAL,DEFAULT,9,True
2282,_ZN10w9XxgaJdbx10bANwga6jcwERK10eY2wgaf6pwS2_,"w9XxgaJdbx::bANwga6jcw(eY2wgaf6pw const&, eY2wgaf6pw const&)",,0x1b707c,468,FUNC,GLOBAL,DEFAULT,9,True
2283,_ZNK10u3cBgayBVz10NiLe1azp1EEv,u3cBgayBVz::NiLe1azp1E() const,,0x20c484,84,FUNC,GLOBAL,DEFAULT,9,True
2284,_ZN10pdnkJaZ8KK10SoLnJaBuBNEv,pdnkJaZ8KK::SoLnJaBuBN(),,0x242e78,76,FUNC,GLOBAL,DEFAULT,9,True
2285,_ZN10u3cBgayBVz10n9sqgau8SqERK10C8THgaTQxFi,"u3cBgayBVz::n9sqgau8Sq(C8THgaTQxF const&, int)",,0x20ccd8,628,FUNC,GLOBAL,DEFAULT,9,True
2286,_ZN10f6WHgaQkAF10FVQvga97ovERK10C8THgaTQxF,f6WHgaQkAF::FVQvga97ov(C8THgaTQxF const&),,0xee13c,84,FUNC,GLOBAL,DEFAULT,9,True
2287,_ZTV20AICTfaebpZProperties,vtable for AICTfaebpZProperties,,0x37d370,88,OBJECT,WEAK,DEFAULT,15,True
2288,_ZN6CyaInt8TLS_hmacEPNS_6CYASSLEPhPKhjii,"CyaInt::TLS_hmac(CyaInt::CYASSL*, unsigned char*, unsigned char const*, unsigned int, int, int)",,0x2d518c,328,FUNC,GLOBAL,DEFAULT,9,True
2289,_ZN10CDPvgaY2nv10mkWQKaPG80Ev,CDPvgaY2nv::mkWQKaPG80(),,0xe9c6c,260,FUNC,GLOBAL,DEFAULT,9,True
2290,_ZThn16_N20G0gxgajWBwPropertiesD1Ev,non-virtual thunk to G0gxgajWBwProperties::~G0gxgajWBwProperties(),,0x21add0,8,FUNC,WEAK,DEFAULT,9,True
2291,_ZN10c3fygag7qxC2Ev,c3fygag7qx::c3fygag7qx(),,0x1dd8b8,100,FUNC,GLOBAL,DEFAULT,9,True
2292,_ZN10N67CMatrxw10fssWfaryN0EP10zW2NgaU4IK,N67CMatrxw::fssWfaryN0(zW2NgaU4IK*),,0x230cdc,320,FUNC,GLOBAL,DEFAULT,9,True
2293,_ZN10C8THgaTQxFlsEc,C8THgaTQxF::operator<<(char),,0xf31e0,48,FUNC,GLOBAL,DEFAULT,9,True
2294,_ZN20dJ10YaC3tXPropertiesD1Ev,dJ10YaC3tXProperties::~dJ10YaC3tXProperties(),,0x24859c,28,FUNC,WEAK,DEFAULT,9,True
2295,_ZN10wiULgacZUI10yPJyga59PxE,wiULgacZUI::yPJyga59Px,,0x39ffb8,8,OBJECT,GLOBAL,DEFAULT,19,True
2296,yajl_gen_array_open,yajl_gen_array_open,,0x2be334,492,FUNC,GLOBAL,DEFAULT,9,True
2297,lNZ1Ya6AhY,lNZ1Ya6AhY,,0x392630,64,OBJECT,GLOBAL,DEFAULT,18,True
2298,_ZN10vuuHgangcF3AddERK10CanTfaz6bZ,vuuHgangcF::Add(CanTfaz6bZ const&),,0xf6984,120,FUNC,GLOBAL,DEFAULT,9,True
2299,_ZTV10irqhGaERgb,vtable for irqhGaERgb,,0x37ec10,432,OBJECT,WEAK,DEFAULT,15,True
2300,tt_cmap0_char_next,tt_cmap0_char_next,,0x261888,64,FUNC,GLOBAL,DEFAULT,9,True
2301,_ZN10vuuHgangcFD1Ev,vuuHgangcF::~vuuHgangcF(),,0xf6b0c,40,FUNC,GLOBAL,DEFAULT,9,True
2302,_ZN10AUzMgaePtJ4pushERK10rizMgadjtJ,AUzMgaePtJ::push(rizMgadjtJ const&),,0xff8e8,160,FUNC,GLOBAL,DEFAULT,9,True
2303,N1Y4PaaYNq,N1Y4PaaYNq,,0x391780,32,OBJECT,GLOBAL,DEFAULT,18,True
2304,_ZN20V8fxgahcBwPropertiesC2Ev,V8fxgahcBwProperties::V8fxgahcBwProperties(),,0x11a4d8,184,FUNC,GLOBAL,DEFAULT,9,True
2305,_ZN10ZOPBLaGcrF10nODWDaZ5WcE,ZOPBLaGcrF::nODWDaZ5Wc,,0x3a0f98,1,OBJECT,GLOBAL,DEFAULT,19,True
2306,_ZTVN10uK2SHaPVVw10S5XSHaIaRwE,vtable for uK2SHaPVVw::S5XSHaIaRw,,0x37cf50,48,OBJECT,WEAK,DEFAULT,15,True
2307,_ZN10_k_Bgam3zA9addObjectEP10w9XxgaJdbx,_k_Bgam3zA::addObject(w9XxgaJdbx*),,0x1c93ac,72,FUNC,GLOBAL,DEFAULT,9,True
2308,_ZN10w6qzgacqqy10D6p9xajAxlERK10C8THgaTQxFiiiiiPi,"w6qzgacqqy::D6p9xajAxl(C8THgaTQxF const&, int, int, int, int, int, int*)",,0x1fa3b0,1012,FUNC,GLOBAL,DEFAULT,9,True
2309,_ZN10kM00HafgtE10VlZyZade2oERK10C8THgaTQxF,kM00HafgtE::VlZyZade2o(C8THgaTQxF const&),,0x117988,392,FUNC,GLOBAL,DEFAULT,9,True
2310,_ZN10giqpgaXJ_p10a67ogaLqLpEi,giqpgaXJ_p::a67ogaLqLp(int),,0x213360,104,FUNC,WEAK,DEFAULT,9,True
2311,_ZN10G0gxgajWBw10YYTtMa4HLoEb,G0gxgajWBw::YYTtMa4HLo(bool),,0x10ab38,4,FUNC,WEAK,DEFAULT,9,True
2312,_ZN10G0gxgajWBw10eK_EMazo6xEPS_,G0gxgajWBw::eK_EMazo6x(G0gxgajWBw*),,0x2144c8,88,FUNC,GLOBAL,DEFAULT,9,True
2313,_ZN10yWBvmbTwcy10RYosfaYCvCEiid,"yWBvmbTwcy::RYosfaYCvC(int, int, double)",,0x1a96a8,88,FUNC,GLOBAL,DEFAULT,9,True
2314,_ZN6CyaInt13ToTraditionalEPhj,"CyaInt::ToTraditional(unsigned char*, unsigned int)",,0x2c2008,764,FUNC,GLOBAL,DEFAULT,9,True
2315,_ZN10LJyzga9Pwy10tfg2gaDhwXEiibi,"LJyzga9Pwy::tfg2gaDhwX(int, int, bool, int)",,0x109f04,64,FUNC,GLOBAL,DEFAULT,9,True
2316,_ZTV10Dq2rua2Ece,vtable for Dq2rua2Ece,,0x37ea00,432,OBJECT,WEAK,DEFAULT,15,True
2317,_ZN10uSjUgask_P10SzGlKaXqRBEi,uSjUgask_P::SzGlKaXqRB(int),,0x107540,8,FUNC,GLOBAL,DEFAULT,9,True
2318,_ZN10J7zOgaf09K10lATwgagnhwEPvRK10C8THgaTQxF,"J7zOgaf09K::lATwgagnhw(void*, C8THgaTQxF const&)",,0xe3710,4,FUNC,WEAK,DEFAULT,9,True
2319,_Z15jpeg_free_smallP18jpeg_common_structPvm,"jpeg_free_small(jpeg_common_struct*, void*, unsigned long)",,0x2a2360,8,FUNC,GLOBAL,DEFAULT,9,True
2320,dUo4PaSyjq,dUo4PaSyjq,,0x391650,64,OBJECT,GLOBAL,DEFAULT,18,True
2321,_ZNK10GbMhIaz9yS7getTextEPcj,"GbMhIaz9yS::getText(char*, unsigned int) const",,0x1c08cc,56,FUNC,GLOBAL,DEFAULT,9,True
2322,_Z10EhKGkbAyz0i,EhKGkbAyz0(int),,0x197210,16,FUNC,GLOBAL,DEFAULT,9,True
2323,_ZN10uSjUgask_P10KQm_ga7P4UEv,uSjUgask_P::KQm_ga7P4U(),,0x10770c,32,FUNC,GLOBAL,DEFAULT,9,True
2324,_ZN10ZAuvgaUl6u10eh7EHaaKclE,ZAuvgaUl6u::eh7EHaaKcl,,0x398b98,4,OBJECT,GLOBAL,DEFAULT,18,True
2325,unzGetGlobalInfo2,unzGetGlobalInfo2,,0x2579cc,32,FUNC,GLOBAL,DEFAULT,9,True
2326,_ZN10oMhmIajzmW10FAlmIaAMpWERfS0_S0_S0_,"oMhmIajzmW::FAlmIaAMpW(float&, float&, float&, float&)",,0x1066c8,192,FUNC,GLOBAL,DEFAULT,9,True
2327,_ZN10K7FLgag3II10wV_jMa6xrgE,K7FLgag3II::wV_jMa6xrg,,0x3a1938,8,OBJECT,GLOBAL,DEFAULT,19,True
2328,_ZN6CyaInt29CyaSSL_CTX_set_group_messagesEPNS_10CYASSL_CTXE,CyaInt::CyaSSL_CTX_set_group_messages(CyaInt::CYASSL_CTX*),,0x2d14ac,32,FUNC,GLOBAL,DEFAULT,9,True
2329,_ZN10ZAuvgaUl6u10qFWEHayY2kEv,ZAuvgaUl6u::qFWEHayY2k(),,0x204cf8,100,FUNC,GLOBAL,DEFAULT,9,True
2330,_Z13yajl_buf_dataP10yajl_buf_t,yajl_buf_data(yajl_buf_t*),,0x2bcf34,8,FUNC,GLOBAL,DEFAULT,9,True
2331,_ZN10wp1umbbOIxD0Ev,wp1umbbOIx::~wp1umbbOIx(),,0x1afd7c,48,FUNC,WEAK,DEFAULT,9,True
2332,_ZN10OYYKfaPU7R10cXs_ganY9UERK10C8THgaTQxFffffiiii,"OYYKfaPU7R::cXs_ganY9U(C8THgaTQxF const&, float, float, float, float, int, int, int, int)",,0x103060,1068,FUNC,GLOBAL,DEFAULT,9,True
2333,_ZN10PO392awP4g10kCI62aW8feEv,PO392awP4g::kCI62aW8fe(),,0x11c0dc,20,FUNC,GLOBAL,DEFAULT,9,True
2334,_Z10eUsOkbTV36PKc,eUsOkbTV36(char const*),,0x1976b4,36,FUNC,GLOBAL,DEFAULT,9,True
2335,_ZThn16_N20fJ8VgaKXwRPropertiesD0Ev,non-virtual thunk to fJ8VgaKXwRProperties::~fJ8VgaKXwRProperties(),,0x248104,8,FUNC,WEAK,DEFAULT,9,True
2336,_ZN10LBgVgaqANQ10e9W7IarniAERK10C8THgaTQxFb,"LBgVgaqANQ::e9W7IarniA(C8THgaTQxF const&, bool)",,0x18e960,44,FUNC,GLOBAL,DEFAULT,9,True
2337,_ZN6CyaInt18CheckAvalaibleSizeEPNS_6CYASSLEi,"CyaInt::CheckAvalaibleSize(CyaInt::CYASSL*, int)",,0x2d6aa0,260,FUNC,GLOBAL,DEFAULT,9,True
2338,_ZN10LBgVgaqANQ10cuc8IaZ6vAEb,LBgVgaqANQ::cuc8IaZ6vA(bool),,0x186894,148,FUNC,GLOBAL,DEFAULT,9,True
2339,_ZN10ToQnQaIHFG10hWvtPaItrVEP10mTAogaaEipb,"ToQnQaIHFG::hWvtPaItrV(mTAogaaEip*, bool)",,0x221304,164,FUNC,GLOBAL,DEFAULT,9,True
2340,_ZN10rizMgadjtJ10O8hNfaaT4TEfff,"rizMgadjtJ::O8hNfaaT4T(float, float, float)",,0x1e9c58,164,FUNC,GLOBAL,DEFAULT,9,True
2341,_ZN20v9r4yaCim7PropertiesC2Ev,v9r4yaCim7Properties::v9r4yaCim7Properties(),,0x1c4764,136,FUNC,GLOBAL,DEFAULT,9,True
2342,Java_com_quattroplay_GraalClassic_Natives_QPlayLoop,Java_com_quattroplay_GraalClassic_Natives_QPlayLoop,,0x250ee0,1560,FUNC,GLOBAL,DEFAULT,9,True
2343,_ZN10yL3_IaDMFtD2Ev,yL3_IaDMFt::~yL3_IaDMFt(),,0xebe1c,64,FUNC,GLOBAL,DEFAULT,9,True
2344,inflateMark,inflateMark,,0x293e44,92,FUNC,GLOBAL,DEFAULT,9,True
2345,_ZN20ZwL1xarB5ePropertiesD1Ev,ZwL1xarB5eProperties::~ZwL1xarB5eProperties(),,0x1e7bd0,28,FUNC,WEAK,DEFAULT,9,True
2346,_ZN10xiYWfajld110pryqLaFAXvE,xiYWfajld1::pryqLaFAXv,,0x3990b0,4,OBJECT,GLOBAL,DEFAULT,18,True
2347,_ZN10n_rGfa49jOC2Ev,n_rGfa49jO::n_rGfa49jO(),,0x11e030,148,FUNC,GLOBAL,DEFAULT,9,True
2348,GPGmga7DHn,GPGmga7DHn,,0x3a5538,8,OBJECT,GLOBAL,DEFAULT,19,True
2349,_ZN10qjQMgaXCHJ10cWQMgaD8HJEPKc,qjQMgaXCHJ::cWQMgaD8HJ(char const*),,0xfa0d8,4,FUNC,GLOBAL,DEFAULT,9,True
2350,_ZN7_JNIEnv20CallStaticVoidMethodEP7_jclassP10_jmethodIDz,"_JNIEnv::CallStaticVoidMethod(_jclass*, _jmethodID*, ...)",,0xe4290,140,FUNC,WEAK,DEFAULT,9,True
2351,_ZN10cWWYfaxbT2D0Ev,cWWYfaxbT2::~cWWYfaxbT2(),,0x22f5d8,72,FUNC,WEAK,DEFAULT,9,True
2352,realloc@LIBC (2),realloc,LIBC (2),0x0,0,FUNC,GLOBAL,DEFAULT,UND,False
2353,_ZN10wiULgacZUI10s5g_Jac__iE,wiULgacZUI::s5g_Jac__i,,0x389768,8,OBJECT,GLOBAL,DEFAULT,18,True
2354,_ZN10w9XxgaJdbx10xoMZFagkAWERK10eY2wgaf6pw,w9XxgaJdbx::xoMZFagkAW(eY2wgaf6pw const&),,0x1b7250,320,FUNC,GLOBAL,DEFAULT,9,True
2355,_ZN10f6WHgaQkAF10mS9ygaqVbyERK10C8THgaTQxF,f6WHgaQkAF::mS9ygaqVby(C8THgaTQxF const&),,0xef5a0,252,FUNC,GLOBAL,DEFAULT,9,True
2356,_ZN10DFeOfaFXSUC1Ej,DFeOfaFXSU::DFeOfaFXSU(unsigned int),,0x10f85c,136,FUNC,GLOBAL,DEFAULT,9,True
2357,ft_mem_strcpyn,ft_mem_strcpyn,,0x25f694,96,FUNC,GLOBAL,DEFAULT,9,True
2358,_ZN10o3AZxayNqcC2Ev,o3AZxayNqc::o3AZxayNqc(),,0x1e7474,100,FUNC,GLOBAL,DEFAULT,9,True
2359,_ZN6CyaInt13s_mp_mul_digsEPNS_6mp_intES1_S1_i,"CyaInt::s_mp_mul_digs(CyaInt::mp_int*, CyaInt::mp_int*, CyaInt::mp_int*, int)",,0x2c9954,332,FUNC,GLOBAL,DEFAULT,9,True
2360,_ZN10N67CMatrxw10uSMgPasJJKERK10C8THgaTQxFS2_P10G0gxgajWBw,"N67CMatrxw::uSMgPasJJK(C8THgaTQxF const&, C8THgaTQxF const&, G0gxgajWBw*)",,0x232160,960,FUNC,GLOBAL,DEFAULT,9,True
2361,_Z10m08YFaUb3Vv,m08YFaUb3V(),,0x1cb16c,128,FUNC,GLOBAL,DEFAULT,9,True
2362,_ZN20NgNBgaN3oAPropertiesD1Ev,NgNBgaN3oAProperties::~NgNBgaN3oAProperties(),,0x2373d4,28,FUNC,WEAK,DEFAULT,9,True
2363,_ZN10uK2SHaPVVw10utRSHaqBLwEv,uK2SHaPVVw::utRSHaqBLw(),,0x20de64,44,FUNC,GLOBAL,DEFAULT,9,True
2364,_ZTV20ZAuvgaUl6uProperties,vtable for ZAuvgaUl6uProperties,,0x37cbc0,88,OBJECT,WEAK,DEFAULT,15,True
2365,_ZN10ieJzgaIFFy10S_m2KazYBbEP10W6NzgawMJy,ieJzgaIFFy::S_m2KazYBb(W6NzgawMJy*),,0x168d68,260,FUNC,GLOBAL,DEFAULT,9,True
2366,_ZTV10o3AZxayNqc,vtable for o3AZxayNqc,,0x371c70,344,OBJECT,WEAK,DEFAULT,15,True
2367,Muw0LaEX2_,Muw0LaEX2_,,0x392040,100,OBJECT,GLOBAL,DEFAULT,18,True
2368,_ZN10e3mhxao0dC10nhHKJaj1T5Ev,e3mhxao0dC::nhHKJaj1T5(),,0x1ea954,32,FUNC,GLOBAL,DEFAULT,9,True
2369,_ZN10N67CMatrxw10uLjcMaFeZ9EdRK10C8THgaTQxFP10G0gxgajWBw,"N67CMatrxw::uLjcMaFeZ9(double, C8THgaTQxF const&, G0gxgajWBw*)",,0x2338e4,208,FUNC,GLOBAL,DEFAULT,9,True
2370,_ZN10tJIwIaYe8310bScOFafrRMERK10C8THgaTQxF,tJIwIaYe83::bScOFafrRM(C8THgaTQxF const&),,0x23cd14,272,FUNC,GLOBAL,DEFAULT,9,True
2371,_ZN10FY2VgaG6rRC1EP10zF9VgaBKxR,FY2VgaG6rR::FY2VgaG6rR(zF9VgaBKxR*),,0x16d81c,252,FUNC,GLOBAL,DEFAULT,9,True
2372,_ZN6CyaInt18ShrinkOutputBufferEPNS_6CYASSLE,CyaInt::ShrinkOutputBuffer(CyaInt::CYASSL*),,0x2d6618,68,FUNC,GLOBAL,DEFAULT,9,True
2373,FT_Bitmap_Done,FT_Bitmap_Done,,0x27f3b4,108,FUNC,GLOBAL,DEFAULT,9,True
2374,L3buGaVL0l,L3buGaVL0l,,0x3a5a90,1,OBJECT,GLOBAL,DEFAULT,19,True
2375,FT_Get_First_Char,FT_Get_First_Char,,0x25a7a8,104,FUNC,GLOBAL,DEFAULT,9,True
2376,_Z10EdG0Iad8auP10ydogJa7ZoHP10_KlgJakVmHi,"EdG0Iad8au(ydogJa7ZoH*, _KlgJakVmH*, int)",,0x156328,412,FUNC,GLOBAL,DEFAULT,9,True
2377,_ZN10C8THgaTQxFlsEj,C8THgaTQxF::operator<<(unsigned int),,0xf2aec,48,FUNC,GLOBAL,DEFAULT,9,True
2378,_ZN10BP3Kfa2PcS10KQm_ga7P4UEv,BP3Kfa2PcS::KQm_ga7P4U(),,0x10ad88,152,FUNC,GLOBAL,DEFAULT,9,True
2379,FT_GlyphSlot_Embolden,FT_GlyphSlot_Embolden,,0x26150c,424,FUNC,GLOBAL,DEFAULT,9,True
2380,jfnzibtane,jfnzibtane,,0x3a0d39,1,OBJECT,GLOBAL,DEFAULT,19,True
2381,DGifOpenFileName,DGifOpenFileName,,0x2ba9f8,72,FUNC,GLOBAL,DEFAULT,9,True
2382,_ZN10zF9VgaBKxR10w8A3lbNRDaERK10C8THgaTQxFS2_ii,"zF9VgaBKxR::w8A3lbNRDa(C8THgaTQxF const&, C8THgaTQxF const&, int, int)",,0x1a7d68,756,FUNC,GLOBAL,DEFAULT,9,True
2383,_ZN10yWBvmbTwcyC1EP10zF9VgaBKxRRK10C8THgaTQxF,"yWBvmbTwcy::yWBvmbTwcy(zF9VgaBKxR*, C8THgaTQxF const&)",,0x1a5a0c,76,FUNC,GLOBAL,DEFAULT,9,True
2384,_ZN10uSjUgask_P10P1yYgac5yTEPhii,"uSjUgask_P::P1yYgac5yT(unsigned char*, int, int)",,0x107318,24,FUNC,GLOBAL,DEFAULT,9,True
2385,_ZN6CyaInt9mystrnstrEPKcS1_j,"CyaInt::mystrnstr(char const*, char const*, unsigned int)",,0x2d0e2c,192,FUNC,GLOBAL,DEFAULT,9,True
2386,_ZN20AICTfaebpZPropertiesD0Ev,AICTfaebpZProperties::~AICTfaebpZProperties(),,0x21e51c,56,FUNC,WEAK,DEFAULT,9,True
2387,_ZN10Kv6ugas5Mu10zaevgaCxTuERK10C8THgaTQxF,Kv6ugas5Mu::zaevgaCxTu(C8THgaTQxF const&),,0x111054,624,FUNC,GLOBAL,DEFAULT,9,True
2388,_ZN10V8fxgahcBw10aTwwDa4gZREv,V8fxgahcBw::aTwwDa4gZR(),,0x11b01c,96,FUNC,GLOBAL,DEFAULT,9,True
2389,_ZN10xiYWfajld110V_hmLaCLmsE,xiYWfajld1::V_hmLaCLms,,0x399178,8,OBJECT,GLOBAL,DEFAULT,18,True
2390,_ZN10SU3JfaCUmR10TVnAfatKdJEiiiPKv,"SU3JfaCUmR::TVnAfatKdJ(int, int, int, void const*)",,0x10f4cc,72,FUNC,GLOBAL,DEFAULT,9,True
2391,_ZN10Ztjndb0_dS4readEv,Ztjndb0_dS::read(),,0xe4b70,2764,FUNC,GLOBAL,DEFAULT,9,True
2392,_ZN10MpGzgariDy10DhEtLazvyyEv,MpGzgariDy::DhEtLazvyy(),,0x190e94,52,FUNC,GLOBAL,DEFAULT,9,True
2393,_ZNK10rizMgadjtJ10ZdVKJayL45Ev,rizMgadjtJ::ZdVKJayL45() const,,0x1e9c48,16,FUNC,GLOBAL,DEFAULT,9,True
2394,_ZN20Kc8uganwOuPropertiesC1Ev,Kc8uganwOuProperties::Kc8uganwOuProperties(),,0x169220,156,FUNC,GLOBAL,DEFAULT,9,True
2395,register_cipher,register_cipher,,0x2552f0,236,FUNC,GLOBAL,DEFAULT,9,True
2396,_ZN10AS80gaE4zW10TdfRgasqpNEv,AS80gaE4zW::TdfRgasqpN(),,0x1d5ed4,16,FUNC,GLOBAL,DEFAULT,9,True
2397,_ZN10IUKzgam4Gy10is5VZaucuIE,IUKzgam4Gy::is5VZaucuI,,0x389010,8,OBJECT,GLOBAL,DEFAULT,18,True
2398,_ZN10W6NzgawMJy10vMdDLawcCGEiiiii,"W6NzgawMJy::vMdDLawcCG(int, int, int, int, int)",,0x17fddc,644,FUNC,GLOBAL,DEFAULT,9,True
2399,_ZN10ln7yHaeP9fC1EP10w9XxgaJdbx,ln7yHaeP9f::ln7yHaeP9f(w9XxgaJdbx*),,0x1ce570,224,FUNC,GLOBAL,DEFAULT,9,True
2400,_ZThn16_N20zF9VgaBKxRPropertiesD1Ev,non-virtual thunk to zF9VgaBKxRProperties::~zF9VgaBKxRProperties(),,0x1afbd8,8,FUNC,WEAK,DEFAULT,9,True
2401,_ZN10_thLgaWjoIC1ERK10C8THgaTQxF,_thLgaWjoI::_thLgaWjoI(C8THgaTQxF const&),,0x1cb798,68,FUNC,GLOBAL,DEFAULT,9,True
2402,_ZN10m9DfJatoMG10LlopgaY5YpEv,m9DfJatoMG::LlopgaY5Yp(),,0xf67cc,60,FUNC,WEAK,DEFAULT,9,True
2403,_ZN10_WevgakbUu10Jw2MfabKSTEv,_WevgakbUu::Jw2MfabKST(),,0x107afc,104,FUNC,GLOBAL,DEFAULT,9,True
2404,_ZN10tJIwIaYe8310J08NFagcOMEv,tJIwIaYe83::J08NFagcOM(),,0x23cb8c,136,FUNC,GLOBAL,DEFAULT,9,True
2405,_ZN10xiYWfajld110p33cLaz1BkERK10C8THgaTQxFb,"xiYWfajld1::p33cLaz1Bk(C8THgaTQxF const&, bool)",,0x208d64,172,FUNC,GLOBAL,DEFAULT,9,True
2406,_ZN10irqhGaERgb10JhjWgazQFREv,irqhGaERgb::JhjWgazQFR(),,0x246e28,136,FUNC,GLOBAL,DEFAULT,9,True
2407,_ZN10V8fxgahcBw10PHFwgaxH5vEii,"V8fxgahcBw::PHFwgaxH5v(int, int)",,0x11a754,132,FUNC,GLOBAL,DEFAULT,9,True
2408,_ZN10eODlJaQ5OL10myF7XaBz3bEv,eODlJaQ5OL::myF7XaBz3b(),,0x241c1c,8,FUNC,GLOBAL,DEFAULT,9,True
2409,_ZN10NVxhJah9mID1Ev,NVxhJah9mI::~NVxhJah9mI(),,0x10b638,52,FUNC,GLOBAL,DEFAULT,9,True
2410,_ZN10kM00HafgtE10uvNyZa6fToEP10bNZvga2Awv,kM00HafgtE::uvNyZa6fTo(bNZvga2Awv*),,0x1178e8,160,FUNC,GLOBAL,DEFAULT,9,True
2411,_Z10Ui191aGI2qv,Ui191aGI2q(),,0x20c008,16,FUNC,GLOBAL,DEFAULT,9,True
2412,_ZN10cHovga0n1u10ZirdYaFAVgEPv,cHovga0n1u::ZirdYaFAVg(void*),,0xf9c80,12,FUNC,GLOBAL,DEFAULT,9,True
2413,_ZN10ySrpgaC30p10mgCpgamO9pEv,ySrpgaC30p::mgCpgamO9p(),,0xf6794,8,FUNC,WEAK,DEFAULT,9,True
2414,_ZN10w6qzgacqqy10t3H3xaxGJgERK10C8THgaTQxF,w6qzgacqqy::t3H3xaxGJg(C8THgaTQxF const&),,0x1f943c,156,FUNC,GLOBAL,DEFAULT,9,True
2415,perror@LIBC (2),perror,LIBC (2),0x0,0,FUNC,GLOBAL,DEFAULT,UND,False
2416,E6bq_akOE7,E6bq_akOE7,,0x38a198,4,OBJECT,GLOBAL,DEFAULT,18,True
2417,_thLgaWjoIOnln2aNBfC,_thLgaWjoIOnln2aNBfC,,0x3a3370,8,OBJECT,GLOBAL,DEFAULT,19,True
2418,_ZN10yO8PSaf1tKD2Ev,yO8PSaf1tK::~yO8PSaf1tK(),,0x1afdf0,64,FUNC,WEAK,DEFAULT,9,True
2419,_ZN10SDrvgadS3uC1ERK10C8THgaTQxF,SDrvgadS3u::SDrvgadS3u(C8THgaTQxF const&),,0x1ffd98,208,FUNC,GLOBAL,DEFAULT,9,True
2420,_ZN10hsuDgateQBC1ERK10C8THgaTQxF,hsuDgateQB::hsuDgateQB(C8THgaTQxF const&),,0x1b63cc,48,FUNC,GLOBAL,DEFAULT,9,True
2421,_ZN10r1dvgaPpTu10wq9rfa1xiCEv,r1dvgaPpTu::wq9rfa1xiC(),,0xffc64,832,FUNC,GLOBAL,DEFAULT,9,True
2422,_Z10EfL6IaOmizv,EfL6IaOmiz(),,0x18e080,48,FUNC,GLOBAL,DEFAULT,9,True
2423,_ZN10SsrLga3IwIC2EP10LJyzga9Pwy,SsrLga3IwI::SsrLga3IwI(LJyzga9Pwy*),,0x1b33b0,368,FUNC,GLOBAL,DEFAULT,9,True
2424,_ZThn16_N20Dq2rua2EcePropertiesD1Ev,non-virtual thunk to Dq2rua2EceProperties::~Dq2rua2EceProperties(),,0x246d08,8,FUNC,WEAK,DEFAULT,9,True
2425,_ZN10G0gxgajWBw10JGEjIaHQ8TEd,G0gxgajWBw::JGEjIaHQ8T(double),,0x216068,168,FUNC,GLOBAL,DEFAULT,9,True
2426,_ZN10G0gxgajWBw10wCKpMa1PglEv,G0gxgajWBw::wCKpMa1Pgl(),,0x215378,24,FUNC,GLOBAL,DEFAULT,9,True
2427,_ZN10NVxhJah9mI10GzohJaFhfIEv,NVxhJah9mI::GzohJaFhfI(),,0x10b608,48,FUNC,GLOBAL,DEFAULT,9,True
2428,_ZN10K7FLgag3II10WhxdNaSC_0E,K7FLgag3II::WhxdNaSC_0,,0x3a1993,1,OBJECT,GLOBAL,DEFAULT,19,True
2429,_ZN10psSDxavq9U10XPnqYaoFOrE,psSDxavq9U::XPnqYaoFOr,,0x398b90,1,OBJECT,GLOBAL,DEFAULT,18,True
2430,_ZN10LJyzga9Pwy10aZ9nIa7_WXEv,LJyzga9Pwy::aZ9nIa7_WX(),,0x10ab58,8,FUNC,WEAK,DEFAULT,9,True
2431,_ZNK10tJIwIaYe8310f8iOFawIWMEv,tJIwIaYe83::f8iOFawIWM() const,,0x23cef0,48,FUNC,GLOBAL,DEFAULT,9,True
2432,_ZN10MpGzgariDy10DuT_Lapiw_Ev,MpGzgariDy::DuT_Lapiw_(),,0x18ea0c,8,FUNC,WEAK,DEFAULT,9,True
2433,_ZN10KcKRganuPN10HwyeFafFRiE,KcKRganuPN::HwyeFafFRi,,0x3a0a08,8,OBJECT,GLOBAL,DEFAULT,19,True
2434,_ZN10D6TlgajP1m10aWO3HavsPGEP10G0gxgajWBw,D6TlgajP1m::aWO3HavsPG(G0gxgajWBw*),,0x21ec14,188,FUNC,GLOBAL,DEFAULT,9,True
2435,_ZN10LBgVgaqANQ10gtHggaibFiEP10W6NzgawMJy,LBgVgaqANQ::gtHggaibFi(W6NzgawMJy*),,0x188f00,200,FUNC,GLOBAL,DEFAULT,9,True
2436,_ZN10N67CMatrxw10B0GWfbeOZ0E10RiQ7IaxCcA,N67CMatrxw::B0GWfbeOZ0(RiQ7IaxCcA),,0x230cac,24,FUNC,GLOBAL,DEFAULT,9,True
2437,_ZN10FY2VgaG6rR10U0VggaxqRiEv,FY2VgaG6rR::U0VggaxqRi(),,0x16dc40,28,FUNC,WEAK,DEFAULT,9,True
2438,_ZN10QPh5pbnC3y10uosMgajvnJEi,QPh5pbnC3y::uosMgajvnJ(int),,0xe3794,8,FUNC,GLOBAL,DEFAULT,9,True
2439,_ZN10_WevgakbUu10MzWVgaRTlREji,"_WevgakbUu::MzWVgaRTlR(unsigned int, int)",,0x108658,404,FUNC,GLOBAL,DEFAULT,9,True
2440,_ZN10V8fxgahcBw10ANaU2arHS2EP10K9562aXNAe,V8fxgahcBw::ANaU2arHS2(K9562aXNAe*),,0x11aa1c,60,FUNC,GLOBAL,DEFAULT,9,True
2441,_ZN10eODlJaQ5OL10cuc8IaZ6vAEb,eODlJaQ5OL::cuc8IaZ6vA(bool),,0x23f37c,84,FUNC,GLOBAL,DEFAULT,9,True
2442,_ZN10yB4QvadugpC2Ev,yB4Qvadugp::yB4Qvadugp(),,0x238f30,24,FUNC,GLOBAL,DEFAULT,9,True
2443,strtod@LIBC (2),strtod,LIBC (2),0x0,0,FUNC,GLOBAL,DEFAULT,UND,False
2444,_ZN10G0gxgajWBw10fssWfaryN0ERK10C8THgaTQxF,G0gxgajWBw::fssWfaryN0(C8THgaTQxF const&),,0x214a4c,40,FUNC,GLOBAL,DEFAULT,9,True
2445,_ZN10EYKlVaL7URC2Ev,EYKlVaL7UR::EYKlVaL7UR(),,0x1dfe6c,100,FUNC,GLOBAL,DEFAULT,9,True
2446,_ZN10w6qzgacqqy10ham0faegV4E,w6qzgacqqy::ham0faegV4,,0x3a3698,4,OBJECT,GLOBAL,DEFAULT,19,True
2447,_ZN10XJLBgarMnA10QJ5AgaerPzERK10C8THgaTQxF,XJLBgarMnA::QJ5AgaerPz(C8THgaTQxF const&),,0x20b0c4,72,FUNC,GLOBAL,DEFAULT,9,True
2448,_ZN10xKbb3aMu1h10kCI62aW8feEv,xKbb3aMu1h::kCI62aW8fe(),,0x11b200,40,FUNC,GLOBAL,DEFAULT,9,True
2449,_Z17BZ2_hbAssignCodesPiPhiii,"BZ2_hbAssignCodes(int*, unsigned char*, int, int, int)",,0x28a834,96,FUNC,GLOBAL,DEFAULT,9,True
2450,unzOpenCurrentFile1,unzOpenCurrentFile1,,0x258efc,20,FUNC,GLOBAL,DEFAULT,9,True
2451,Java_com_quattroplay_GraalClassic_Natives_onAppEnterBackground,Java_com_quattroplay_GraalClassic_Natives_onAppEnterBackground,,0x251adc,208,FUNC,GLOBAL,DEFAULT,9,True
2452,_ZN10N67CMatrxw10mkKXfbJAS1ERK10C8THgaTQxFS2_,"N67CMatrxw::mkKXfbJAS1(C8THgaTQxF const&, C8THgaTQxF const&)",,0x230910,120,FUNC,GLOBAL,DEFAULT,9,True
2453,_ZN10e4ZYfa8PV210nXQ0vaE9jyERK10C8THgaTQxFS2_,"e4ZYfa8PV2::nXQ0vaE9jy(C8THgaTQxF const&, C8THgaTQxF const&)",,0x234cc8,100,FUNC,GLOBAL,DEFAULT,9,True
2454,_ZN10vy1JgaKVkH10TF9BgaVKIAEPS_,vy1JgaKVkH::TF9BgaVKIA(vy1JgaKVkH*),,0xedd48,20,FUNC,GLOBAL,DEFAULT,9,True
2455,XCASBayqxtOnln2aNBfC,XCASBayqxtOnln2aNBfC,,0x3a30d0,8,OBJECT,GLOBAL,DEFAULT,19,True
2456,_ZN10W6NzgawMJy10VNJBwaM8l2Ev,W6NzgawMJy::VNJBwaM8l2(),,0x19c954,748,FUNC,GLOBAL,DEFAULT,9,True
2457,_ZN10D2x4gaXfrZ10J7dwMafvJqEv,D2x4gaXfrZ::J7dwMafvJq(),,0x1d3d30,52,FUNC,GLOBAL,DEFAULT,9,True
2458,_ZN10N67CMatrxw10aamHMa7f5zEv,N67CMatrxw::aamHMa7f5z(),,0x233bb0,64,FUNC,GLOBAL,DEFAULT,9,True
2459,_ZN10w9XxgaJdbx10xlDDgaQIXBERK10eY2wgaf6pw,w9XxgaJdbx::xlDDgaQIXB(eY2wgaf6pw const&),,0x1bf420,808,FUNC,GLOBAL,DEFAULT,9,True
2460,BZ2_bzCompressInit,BZ2_bzCompressInit,,0x281088,652,FUNC,GLOBAL,DEFAULT,9,True
2461,_ZN10LBgVgaqANQ10mrK3IaCGLwEb,LBgVgaqANQ::mrK3IaCGLw(bool),,0x189c78,92,FUNC,GLOBAL,DEFAULT,9,True
2462,_ZN10ieJzgaIFFy10JX6VLaUsvWEv,ieJzgaIFFy::JX6VLaUsvW(),,0x168ef0,8,FUNC,WEAK,DEFAULT,9,True
2463,_ZN20w9XxgaJdbxPropertiesC2Ev,w9XxgaJdbxProperties::w9XxgaJdbxProperties(),,0x1b8c44,184,FUNC,GLOBAL,DEFAULT,9,True
2464,_ZN6CyaInt27CyaSSL_X509_get_issuer_nameEPNS_11CYASSL_X509E,CyaInt::CyaSSL_X509_get_issuer_name(CyaInt::CYASSL_X509*),,0x2d3764,4,FUNC,GLOBAL,DEFAULT,9,True
2465,_Z10OBUwqbzeiWi,OBUwqbzeiW(int),,0x18fce8,476,FUNC,GLOBAL,DEFAULT,9,True
2466,_ZN10cWWYfaxbT210m6pngaXzjoEP10G0gxgajWBwRK10C8THgaTQxF,"cWWYfaxbT2::m6pngaXzjo(G0gxgajWBw*, C8THgaTQxF const&)",,0x22d8c0,1196,FUNC,GLOBAL,DEFAULT,9,True
2467,_ZN10c76BgaJBGAC2ERK10C8THgaTQxFS2_,"c76BgaJBGA::c76BgaJBGA(C8THgaTQxF const&, C8THgaTQxF const&)",,0x22e49c,204,FUNC,GLOBAL,DEFAULT,9,True
2468,_ZThn16_N20V8fxgahcBwPropertiesD0Ev,non-virtual thunk to V8fxgahcBwProperties::~V8fxgahcBwProperties(),,0x11d528,8,FUNC,WEAK,DEFAULT,9,True
2469,_Z13jpeg_mem_initP18jpeg_common_struct,jpeg_mem_init(jpeg_common_struct*),,0x2a23a8,8,FUNC,GLOBAL,DEFAULT,9,True
2470,_Z10L_1XHasi7Av,L_1XHasi7A(),,0x250d64,372,FUNC,GLOBAL,DEFAULT,9,True
2471,_ZN10Fcx_gaoydV10EwqaCacWnJEv,Fcx_gaoydV::EwqaCacWnJ(),,0x117104,540,FUNC,GLOBAL,DEFAULT,9,True
2472,FT_Select_Metrics,FT_Select_Metrics,,0x259d34,276,FUNC,GLOBAL,DEFAULT,9,True
2473,FT_Set_Charmap,FT_Set_Charmap,,0x25acfc,176,FUNC,GLOBAL,DEFAULT,9,True
2474,_ZN10mTAogaaEip10xxpwPaW5SXEP10G0gxgajWBwRK10C8THgaTQxFPP10cWWYfaxbT2PS1_b,"mTAogaaEip::xxpwPaW5SX(G0gxgajWBw*, C8THgaTQxF const&, cWWYfaxbT2**, G0gxgajWBw**, bool)",,0x221928,112,FUNC,GLOBAL,DEFAULT,9,True
2475,_ZN10LBgVgaqANQ10Hqi8Iac7AAEv,LBgVgaqANQ::Hqi8Iac7AA(),,0x1850c0,104,FUNC,GLOBAL,DEFAULT,9,True
2476,_ZN10fUWH_a_9zm10muEH_a8FkmE,fUWH_a_9zm::muEH_a8Fkm,,0x3a0a20,8,OBJECT,GLOBAL,DEFAULT,19,True
2477,jpeg_finish_decompress,jpeg_finish_decompress,,0x298728,236,FUNC,GLOBAL,DEFAULT,9,True
2478,_ZN10G0gxgajWBw10FDFHMa6DlAE10RiQ7IaxCcA,G0gxgajWBw::FDFHMa6DlA(RiQ7IaxCcA),,0x215290,20,FUNC,GLOBAL,DEFAULT,9,True
2479,_ZN10s40xgamwex10T4eMKaTicYE,s40xgamwex::T4eMKaTicY,,0x3a0860,8,OBJECT,GLOBAL,DEFAULT,19,True
2480,_ZThn16_N20C2t_vaQTaxPropertiesD1Ev,non-virtual thunk to C2t_vaQTaxProperties::~C2t_vaQTaxProperties(),,0x24a0d4,8,FUNC,WEAK,DEFAULT,9,True
2481,_ZN6CyaInt11ReceiveDataEPNS_6CYASSLEPhii,"CyaInt::ReceiveData(CyaInt::CYASSL*, unsigned char*, int, int)",,0x2d9294,276,FUNC,GLOBAL,DEFAULT,9,True
2482,_ZN20MpHWLal8ZWPropertiesD1Ev,MpHWLal8ZWProperties::~MpHWLal8ZWProperties(),,0x1afb98,28,FUNC,WEAK,DEFAULT,9,True
2483,_ZN10yL3_IaDMFt3AddERK10C8THgaTQxF,yL3_IaDMFt::Add(C8THgaTQxF const&),,0xebf14,152,FUNC,GLOBAL,DEFAULT,9,True
2484,_ZN10w9XxgaJdbx10Txw60ah_5xEv,w9XxgaJdbx::Txw60ah_5x(),,0x1b0910,28,FUNC,WEAK,DEFAULT,9,True
2485,_ZN20v9r4yaCim7PropertiesD1Ev,v9r4yaCim7Properties::~v9r4yaCim7Properties(),,0x1c495c,28,FUNC,WEAK,DEFAULT,9,True
2486,_ZN10W6NzgawMJy10IOtYLapHuYEb,W6NzgawMJy::IOtYLapHuY(bool),,0x17fb5c,108,FUNC,WEAK,DEFAULT,9,True
2487,_ZN10XJLBgarMnA7connectERK10C8THgaTQxFi,"XJLBgarMnA::connect(C8THgaTQxF const&, int)",,0x20ad98,596,FUNC,GLOBAL,DEFAULT,9,True
2488,unzCloseCurrentFile1,unzCloseCurrentFile1,,0x258a90,144,FUNC,GLOBAL,DEFAULT,9,True
2489,_ZN10Ox9zJa6D1X10jn0IFaiWtIERK10V6P7faBscb,Ox9zJa6D1X::jn0IFaiWtI(V6P7faBscb const&),,0x23c268,360,FUNC,GLOBAL,DEFAULT,9,True
2490,_ZN10yO8PSaf1tKC1Ev,yO8PSaf1tK::yO8PSaf1tK(),,0x1a51c8,136,FUNC,GLOBAL,DEFAULT,9,True
2491,tt_cmap2_class_rec1,tt_cmap2_class_rec1,,0x37fec8,104,OBJECT,GLOBAL,DEFAULT,15,True
2492,_ZN10OYYKfaPU7R10i_TLfa_IUSEffffb,"OYYKfaPU7R::i_TLfa_IUS(float, float, float, float, bool)",,0x100c2c,824,FUNC,GLOBAL,DEFAULT,9,True
2493,_Z10dkzogaGkhpRK10C8THgaTQxFS1_,"dkzogaGkhp(C8THgaTQxF const&, C8THgaTQxF const&)",,0xf4dfc,192,FUNC,GLOBAL,DEFAULT,9,True
2494,_ZN10W6NzgawMJy10zE8FfaRT3NEv,W6NzgawMJy::zE8FfaRT3N(),,0x17f2a8,204,FUNC,GLOBAL,DEFAULT,9,True
2495,_ZN10w6qzgacqqy10N8r0fa3h_4ERK10C8THgaTQxFj,"w6qzgacqqy::N8r0fa3h_4(C8THgaTQxF const&, unsigned int)",,0x1f98d0,588,FUNC,GLOBAL,DEFAULT,9,True
2496,_ZTV10XCASBayqxt,vtable for XCASBayqxt,,0x376340,888,OBJECT,WEAK,DEFAULT,15,True
2497,_Z10a23dJao0rFRK10C8THgaTQxF,a23dJao0rF(C8THgaTQxF const&),,0xf56f8,136,FUNC,GLOBAL,DEFAULT,9,True
2498,_ZN20MpHWLal8ZWPropertiesD0Ev,MpHWLal8ZWProperties::~MpHWLal8ZWProperties(),,0x1afc20,56,FUNC,WEAK,DEFAULT,9,True
2499,_ZN10BEXWLaNNcXC2Eb,BEXWLaNNcX::BEXWLaNNcX(bool),,0x23ae18,20,FUNC,GLOBAL,DEFAULT,9,True
2500,FT_CeilFix,FT_CeilFix,,0x2591f4,40,FUNC,GLOBAL,DEFAULT,9,True
2501,_ZTV10R94BFa3XEC,vtable for R94BFa3XEC,,0x37dc90,48,OBJECT,WEAK,DEFAULT,15,True
2502,_ZN6CyaInt14mp_invmod_slowEPNS_6mp_intES1_S1_,"CyaInt::mp_invmod_slow(CyaInt::mp_int*, CyaInt::mp_int*, CyaInt::mp_int*)",,0x2c8388,1096,FUNC,GLOBAL,DEFAULT,9,True
2503,_ZN10tAT1BaincC10MoB5BaB4jFEP10nenvgaH9_uPs,"tAT1BaincC::MoB5BaB4jF(nenvgaH9_u*, short*)",,0x238be0,704,FUNC,GLOBAL,DEFAULT,9,True
2504,_Z10XU4ugaHKLuP10bNZvga2AwvS0_,"XU4ugaHKLu(bNZvga2Awv*, bNZvga2Awv*)",,0xf0964,420,FUNC,GLOBAL,DEFAULT,9,True
2505,_ZN10etUmgaa7Sn10Ta7cJaWEEEE,etUmgaa7Sn::Ta7cJaWEEE,,0x389988,8,OBJECT,GLOBAL,DEFAULT,18,True
2506,_Z10gxQtxazOIMRK10GYj6faHpW9,gxQtxazOIM(GYj6faHpW9 const&),,0x1e851c,692,FUNC,GLOBAL,DEFAULT,9,True
2507,_ZN10ySrpgaC30p10B8wpgaSu5pEv,ySrpgaC30p::B8wpgaSu5p(),,0xf67a4,8,FUNC,WEAK,DEFAULT,9,True
2508,_ZN10MpHWLal8ZWD0Ev,MpHWLal8ZW::~MpHWLal8ZW(),,0x1a4940,32,FUNC,GLOBAL,DEFAULT,9,True
2509,_ZN10u0eyga1eqx10nzZwgampmwEPKc,u0eyga1eqx::nzZwgampmw(char const*),,0x1e1b30,368,FUNC,GLOBAL,DEFAULT,9,True
2510,_ZN10s_YwgafWlw10ihpLga8SuIERK10cXoLgatBuI,s_YwgafWlw::ihpLga8SuI(cXoLgatBuI const&),,0x1dc478,1128,FUNC,GLOBAL,DEFAULT,9,True
2511,_ZN10zW2NgaU4IK10JkKVfa5Ab0EP10vuuHgangcFRK10C8THgaTQxF,"zW2NgaU4IK::JkKVfa5Ab0(vuuHgangcF*, C8THgaTQxF const&)",,0x21e058,1176,FUNC,GLOBAL,DEFAULT,9,True
2512,_ZN10oMhmIajzmW10alSIfatkmQEiii,"oMhmIajzmW::alSIfatkmQ(int, int, int)",,0x1061b0,4,FUNC,WEAK,DEFAULT,9,True
2513,_ZN10SDrvgadS3u10t0Nyga0GTxERK10C8THgaTQxF,SDrvgadS3u::t0Nyga0GTx(C8THgaTQxF const&),,0x2000f8,3392,FUNC,GLOBAL,DEFAULT,9,True
2514,_ZN10OV5NOaoBLlD0Ev,OV5NOaoBLl::~OV5NOaoBLl(),,0x22c8bc,80,FUNC,WEAK,DEFAULT,9,True
2515,_ZN10EYKlVaL7URD1Ev,EYKlVaL7UR::~EYKlVaL7UR(),,0x1e0584,20,FUNC,WEAK,DEFAULT,9,True
2516,_ZN10_WevgakbUu10mi6CEa2UvNE,_WevgakbUu::mi6CEa2UvN,,0x3a08e8,8,OBJECT,GLOBAL,DEFAULT,19,True
2517,_ZN10mTAogaaEip10xxpwPaW5SXEP10G0gxgajWBwRK10CanTfaz6bZPP10cWWYfaxbT2PS1_b,"mTAogaaEip::xxpwPaW5SX(G0gxgajWBw*, CanTfaz6bZ const&, cWWYfaxbT2**, G0gxgajWBw**, bool)",,0x2205c4,3392,FUNC,GLOBAL,DEFAULT,9,True
2518,_ZN10FY2VgaG6rR10Eb3ggariYiEv,FY2VgaG6rR::Eb3ggariYi(),,0x16d9a8,44,FUNC,GLOBAL,DEFAULT,9,True
2519,_ZNK10vuuHgangcF10W2tZ2afUk7ERK10C8THgaTQxF,vuuHgangcF::W2tZ2afUk7(C8THgaTQxF const&) const,,0xf6f9c,176,FUNC,GLOBAL,DEFAULT,9,True
2520,_Z18jinit_huff_encoderP20jpeg_compress_struct,jinit_huff_encoder(jpeg_compress_struct*),,0x2b2a2c,128,FUNC,GLOBAL,DEFAULT,9,True
2521,_ZN10GaA2gaD2MX10Bg7jgaHJxlEv,GaA2gaD2MX::Bg7jgaHJxl(),,0x16ccc0,24,FUNC,GLOBAL,DEFAULT,9,True
2522,_Z10Z3iMga2EfJv,Z3iMga2EfJ(),,0x252c58,116,FUNC,GLOBAL,DEFAULT,9,True
2523,_ZN10C8THgaTQxF10b8kcJaso_DEjiibbb,"C8THgaTQxF::b8kcJaso_D(unsigned int, int, int, bool, bool, bool)",,0xf2c54,280,FUNC,GLOBAL,DEFAULT,9,True
2524,_ZN10SsrLga3IwI10IMiLgaDppIEv,SsrLga3IwI::IMiLgaDppI(),,0x1b37e0,184,FUNC,GLOBAL,DEFAULT,9,True
2525,_ZN10Fkb1ga78BW10QjQ0gasDjWEi,Fkb1ga78BW::QjQ0gasDjW(int),,0x1d31dc,68,FUNC,GLOBAL,DEFAULT,9,True
2526,_ZN10AS80gaE4zW10EmhRgaNdrNEv,AS80gaE4zW::EmhRgaNdrN(),,0x1d73c0,12,FUNC,GLOBAL,DEFAULT,9,True
2527,_ZN10s_YwgafWlw10bdqDgaFFMBERK10eY2wgaf6pw,s_YwgafWlw::bdqDgaFFMB(eY2wgaf6pw const&),,0x1db3d8,1088,FUNC,GLOBAL,DEFAULT,9,True
2528,glPixelStorei,glPixelStorei,,0x0,0,FUNC,GLOBAL,DEFAULT,UND,False
2529,_ZN10V8fxgahcBw10u9WRgaBn_NEiiRK10C8THgaTQxF,"V8fxgahcBw::u9WRgaBn_N(int, int, C8THgaTQxF const&)",,0x11cd54,84,FUNC,GLOBAL,DEFAULT,9,True
2530,glDisableClientState,glDisableClientState,,0x0,0,FUNC,GLOBAL,DEFAULT,UND,False
2531,_ZTV20ZPvEDawoHYProperties,vtable for ZPvEDawoHYProperties,,0x3779c0,88,OBJECT,WEAK,DEFAULT,15,True
2532,_ZN10cWWYfaxbT2C1ERK10CanTfaz6bZ,cWWYfaxbT2::cWWYfaxbT2(CanTfaz6bZ const&),,0x22e838,52,FUNC,GLOBAL,DEFAULT,9,True
2533,_ZN6CyaInt17CyaSSL_KeepArraysEPNS_6CYASSLE,CyaInt::CyaSSL_KeepArrays(CyaInt::CYASSL*),,0x2d1374,16,FUNC,GLOBAL,DEFAULT,9,True
2534,_ZN10CanTfaz6bZaSERK10C8THgaTQxF,CanTfaz6bZ::operator=(C8THgaTQxF const&),,0xf9198,32,FUNC,GLOBAL,DEFAULT,9,True
2535,_ZThn16_N20LBgVgaqANQPropertiesD0Ev,non-virtual thunk to LBgVgaqANQProperties::~LBgVgaqANQProperties(),,0x18eba4,8,FUNC,WEAK,DEFAULT,9,True
2536,_ZN10w9XxgaJdbx10MaCBgaJJfAEb,w9XxgaJdbx::MaCBgaJJfA(bool),,0x1b09cc,8,FUNC,WEAK,DEFAULT,9,True
2537,_ZN10oMhmIajzmW10EvASgagkxOEv,oMhmIajzmW::EvASgagkxO(),,0x106a8c,304,FUNC,GLOBAL,DEFAULT,9,True
2538,_ZN10AeOgLaUSKnC1EP10zF9VgaBKxR,AeOgLaUSKn::AeOgLaUSKn(zF9VgaBKxR*),,0x1a3a20,120,FUNC,GLOBAL,DEFAULT,9,True
2539,_ZN10_5EhmbQbtm10yVYfmb2R2kEP10FZpembCtKj,_5EhmbQbtm::yVYfmb2R2k(FZpembCtKj*),,0x11e2d0,16324,FUNC,GLOBAL,DEFAULT,9,True
2540,_ZN10_WevgakbUuD1Ev,_WevgakbUu::~_WevgakbUu(),,0x107f28,88,FUNC,GLOBAL,DEFAULT,9,True
2541,sfnt_interface,sfnt_interface,,0x37fb70,232,OBJECT,GLOBAL,DEFAULT,15,True
2542,jUrm2aY4uBNgNBgaN3oA,jUrm2aY4uBNgNBgaN3oA,,0x3a5568,8,OBJECT,GLOBAL,DEFAULT,19,True
2543,_ZN10tJIwIaYe8310GcoNFapZ9LEv,tJIwIaYe83::GcoNFapZ9L(),,0x23d3ec,44,FUNC,GLOBAL,DEFAULT,9,True
2544,_ZNK10C8THgaTQxF10LYKeJaS70FERKS_,C8THgaTQxF::LYKeJaS70F(C8THgaTQxF const&) const,,0xf4d7c,128,FUNC,GLOBAL,DEFAULT,9,True
2545,Java_com_quattroplay_GraalClassic_Natives_onSizeChanged,Java_com_quattroplay_GraalClassic_Natives_onSizeChanged,,0x250a88,100,FUNC,GLOBAL,DEFAULT,9,True
2546,_ZThn16_N20XoqxgaMPJwPropertiesD0Ev,non-virtual thunk to XoqxgaMPJwProperties::~XoqxgaMPJwProperties(),,0x115224,8,FUNC,WEAK,DEFAULT,9,True
2547,_ZN10u0eyga1eqx10_jHwgaC36vEi,u0eyga1eqx::_jHwgaC36v(int),,0x1e34d4,12,FUNC,GLOBAL,DEFAULT,9,True
2548,_ZN10eHD62a2_beD0Ev,eHD62a2_be::~eHD62a2_be(),,0x11d538,4,FUNC,WEAK,DEFAULT,9,True
2549,_ZN6CyaInt17RsaPrivateDecryptEPKhjPhjPNS_6RsaKeyE,"CyaInt::RsaPrivateDecrypt(unsigned char const*, unsigned int, unsigned char*, unsigned int, CyaInt::RsaKey*)",,0x2cd180,192,FUNC,GLOBAL,DEFAULT,9,True
2550,_ZN10w9XxgaJdbx10p0Qh1aXcDHEv,w9XxgaJdbx::p0Qh1aXcDH(),,0x1bb710,140,FUNC,GLOBAL,DEFAULT,9,True
2551,_ZN10MpGzgariDy10gKXPpbBSjlEv,MpGzgariDy::gKXPpbBSjl(),,0x191330,480,FUNC,GLOBAL,DEFAULT,9,True
2552,_ZN10s_YwgafWlwC1ERK10C8THgaTQxF,s_YwgafWlw::s_YwgafWlw(C8THgaTQxF const&),,0x1db100,80,FUNC,GLOBAL,DEFAULT,9,True
2553,jUrm2aY4uBs_YwgafWlw,jUrm2aY4uBs_YwgafWlw,,0x3a34c0,8,OBJECT,GLOBAL,DEFAULT,19,True
2554,_YdUfa6mVZ,_YdUfa6mVZ,,0x39ae80,43,OBJECT,GLOBAL,DEFAULT,18,True
2555,_ZN10yXeHMaPb_zD1Ev,yXeHMaPb_z::~yXeHMaPb_z(),,0x230164,52,FUNC,GLOBAL,DEFAULT,9,True
2556,_ZN10LBgVgaqANQ10aQS6IasKozEv,LBgVgaqANQ::aQS6IasKoz(),,0x18ca28,1992,FUNC,GLOBAL,DEFAULT,9,True
2557,_ZN10w6qzgacqqy10Y33yga716xEiRK10C8THgaTQxF,"w6qzgacqqy::Y33yga716x(int, C8THgaTQxF const&)",,0x1ffc4c,32,FUNC,GLOBAL,DEFAULT,9,True
2558,_ZN10mTAogaaEip10g161OaEwoyEv,mTAogaaEip::g161OaEwoy(),,0x226e8c,40,FUNC,GLOBAL,DEFAULT,9,True
2559,_ZN10LJyzga9Pwy10UNsFJaFQu1Ev,LJyzga9Pwy::UNsFJaFQu1(),,0x10a5d8,4,FUNC,GLOBAL,DEFAULT,9,True
2560,_ZN10W6NzgawMJy10sSM0LawJg0Ev,W6NzgawMJy::sSM0LawJg0(),,0x17f774,40,FUNC,WEAK,DEFAULT,9,True
2561,_ZN10s40xgamwex6targetE,s40xgamwex::target,,0x3a0858,8,OBJECT,GLOBAL,DEFAULT,19,True
2562,_ZN10G0gxgajWBw10QKRlMaaQ_hEv,G0gxgajWBw::QKRlMaaQ_h(),,0x2153ac,24,FUNC,GLOBAL,DEFAULT,9,True
2563,FT_Remove_Module,FT_Remove_Module,,0x260440,572,FUNC,GLOBAL,DEFAULT,9,True
2564,_ZN10IoTkgardbm10R4DkgaLkZlEi,IoTkgardbm::R4DkgaLkZl(int),,0x16c6bc,56,FUNC,GLOBAL,DEFAULT,9,True
2565,_ZTV10u0eyga1eqx,vtable for u0eyga1eqx,,0x37b210,984,OBJECT,WEAK,DEFAULT,15,True
2566,_Z10sBkhJa7WbIP10Fcx_gaoydVbb,"sBkhJa7WbI(Fcx_gaoydV*, bool, bool)",,0x10b2d4,404,FUNC,GLOBAL,DEFAULT,9,True
2567,_ZN10zF9VgaBKxR10E3RumbO5zxEiddib,"zF9VgaBKxR::E3RumbO5zx(int, double, double, int, bool)",,0x1af798,436,FUNC,GLOBAL,DEFAULT,9,True
2568,_ZN10NiVAFatPFB10adAWQaE4T8Ev,NiVAFatPFB::adAWQaE4T8(),,0xed440,104,FUNC,GLOBAL,DEFAULT,9,True
2569,_ZN10wiULgacZUI10QC4ygalv7xERK10C8THgaTQxF,wiULgacZUI::QC4ygalv7x(C8THgaTQxF const&),,0xe88f0,100,FUNC,GLOBAL,DEFAULT,9,True
2570,_ZN10IMzlIaJILV10sbcxKalSxLEv,IMzlIaJILV::sbcxKalSxL(),,0x19b97c,236,FUNC,GLOBAL,DEFAULT,9,True
2571,_ZN10G0gxgajWBw10lhv_fahWb4ERK10C8THgaTQxF,G0gxgajWBw::lhv_fahWb4(C8THgaTQxF const&),,0x214fec,40,FUNC,GLOBAL,DEFAULT,9,True
2572,_ZN10zF9VgaBKxR10WCi0YarhSWEdddd,"zF9VgaBKxR::WCi0YarhSW(double, double, double, double)",,0x1aa5bc,472,FUNC,GLOBAL,DEFAULT,9,True
2573,FT_Outline_Copy,FT_Outline_Copy,,0x25b8e0,176,FUNC,GLOBAL,DEFAULT,9,True
2574,_ZN10ZwL1xarB5eC1ERK10C8THgaTQxF,ZwL1xarB5e::ZwL1xarB5e(C8THgaTQxF const&),,0x1e78e8,80,FUNC,GLOBAL,DEFAULT,9,True
2575,tt_cmap4_char_index,tt_cmap4_char_index,,0x266e30,1072,FUNC,GLOBAL,DEFAULT,9,True
2576,_ZN10w6qzgacqqy10x2BbyaRCnnEi,w6qzgacqqy::x2BbyaRCnn(int),,0x1ebb1c,132,FUNC,GLOBAL,DEFAULT,9,True
2577,_ZN20FY2VgaG6rRPropertiesD2Ev,FY2VgaG6rRProperties::~FY2VgaG6rRProperties(),,0x16dc60,28,FUNC,WEAK,DEFAULT,9,True
2578,_ZN10S2m6gab0Y_10Vqz6gakq8_Eji,"S2m6gab0Y_::Vqz6gakq8_(unsigned int, int)",,0x1d3ec8,12,FUNC,GLOBAL,DEFAULT,9,True
2579,_ZN10Q8n_Fa6V5WD1Ev,Q8n_Fa6V5W::~Q8n_Fa6V5W(),,0x1cb408,52,FUNC,WEAK,DEFAULT,9,True
2580,_ZN10w6qzgacqqy10jQQHxaB3uYEddRK10C8THgaTQxF,"w6qzgacqqy::jQQHxaB3uY(double, double, C8THgaTQxF const&)",,0x1f76b0,688,FUNC,GLOBAL,DEFAULT,9,True
2581,_ZTV20eODlJaQ5OLProperties,vtable for eODlJaQ5OLProperties,,0x37e2e0,88,OBJECT,WEAK,DEFAULT,15,True
2582,_ZN10__dSfaNoeYD1Ev,__dSfaNoeY::~__dSfaNoeY(),,0x21e5a0,56,FUNC,WEAK,DEFAULT,9,True
2583,_Z15ftell_file_funcPvS_,"ftell_file_func(void*, void*)",,0x25910c,8,FUNC,GLOBAL,DEFAULT,9,True
2584,_ZN10qsr_gawI8U10t_8wfaabvGEiiiiPhii,"qsr_gawI8U::t_8wfaabvG(int, int, int, int, unsigned char*, int, int)",,0x10077c,264,FUNC,GLOBAL,DEFAULT,9,True
2585,_ZN10KGeN2aIY1XD2Ev,KGeN2aIY1X::~KGeN2aIY1X(),,0x22f6a8,64,FUNC,WEAK,DEFAULT,9,True
2586,_ZN10eODlJaQ5OL10l7cPgaSEHLERK10C8THgaTQxF,eODlJaQ5OL::l7cPgaSEHL(C8THgaTQxF const&),,0x241b50,52,FUNC,GLOBAL,DEFAULT,9,True
2587,_ZN10G0gxgajWBw10K31GMaUlPzEv,G0gxgajWBw::K31GMaUlPz(),,0x21504c,40,FUNC,GLOBAL,DEFAULT,9,True
2588,_ZN20XoqxgaMPJwPropertiesC1Ev,XoqxgaMPJwProperties::XoqxgaMPJwProperties(),,0x114614,184,FUNC,GLOBAL,DEFAULT,9,True
2589,_ZN20w6qzgacqqyPropertiesD1Ev,w6qzgacqqyProperties::~w6qzgacqqyProperties(),,0x1f7648,28,FUNC,WEAK,DEFAULT,9,True
2590,FT_Atan2,FT_Atan2,,0x25d100,400,FUNC,GLOBAL,DEFAULT,9,True
2591,_ZN10ZOPBLaGcrF10i8kgLaFomnE,ZOPBLaGcrF::i8kgLaFomn,,0x3a0fa8,4,OBJECT,GLOBAL,DEFAULT,19,True
2592,_ZN20eODlJaQ5OLPropertiesC2Ev,eODlJaQ5OLProperties::eODlJaQ5OLProperties(),,0x23f110,156,FUNC,GLOBAL,DEFAULT,9,True
2593,_Z10fbB6Ia8T9yRK10C8THgaTQxFbP10W6NzgawMJy,"fbB6Ia8T9y(C8THgaTQxF const&, bool, W6NzgawMJy*)",,0x187ca0,940,FUNC,GLOBAL,DEFAULT,9,True
2594,_ZN20RH6ygazf9xPropertiesD2Ev,RH6ygazf9xProperties::~RH6ygazf9xProperties(),,0x210cb8,28,FUNC,WEAK,DEFAULT,9,True
2595,_ZN10yL3_IaDMFt10SpbdUardIUEv,yL3_IaDMFt::SpbdUardIU(),,0xecc58,336,FUNC,GLOBAL,DEFAULT,9,True
2596,_Z10zanmvaw6q_RK10C8THgaTQxF,zanmvaw6q_(C8THgaTQxF const&),,0x1a50c4,104,FUNC,GLOBAL,DEFAULT,9,True
2597,_ZN10MpGzgariDyD0Ev,MpGzgariDy::~MpGzgariDy(),,0x192780,32,FUNC,GLOBAL,DEFAULT,9,True
2598,_ZN10GbMhIaz9yS10bdqDgaFFMBERK10eY2wgaf6pw,GbMhIaz9yS::bdqDgaFFMB(eY2wgaf6pw const&),,0x1c032c,244,FUNC,GLOBAL,DEFAULT,9,True
2599,_ZN10eODlJaQ5OLC1EP10zF9VgaBKxR,eODlJaQ5OL::eODlJaQ5OL(zF9VgaBKxR*),,0x23f1ac,232,FUNC,GLOBAL,DEFAULT,9,True
2600,_ZN10uq9xgaUxlx6ignoreERK10C8THgaTQxF,uq9xgaUxlx::ignore(C8THgaTQxF const&),,0x2019c4,52,FUNC,GLOBAL,DEFAULT,9,True
2601,_ZN10IIAnGagvsg10tJmrGaSJDjEPFbPvERK10i7FHgaP2lF,"IIAnGagvsg::tJmrGaSJDj(bool (*)(void*), i7FHgaP2lF const&)",,0xfdf34,276,FUNC,GLOBAL,DEFAULT,9,True
2602,_ZTV10zeksfaZDrC,vtable for zeksfaZDrC,,0x3756f0,368,OBJECT,WEAK,DEFAULT,15,True
2603,_ZN10awDo2aJRkD10vdJs2a4EMGEi,awDo2aJRkD::vdJs2a4EMG(int),,0x1ded04,64,FUNC,GLOBAL,DEFAULT,9,True
2604,_ZN10e3mhxao0dC5clearEv,e3mhxao0dC::clear(),,0x1ea8e4,108,FUNC,GLOBAL,DEFAULT,9,True
2605,_ZN10vuuHgangcF10IUx02am838ERK10C8THgaTQxF,vuuHgangcF::IUx02am838(C8THgaTQxF const&),,0xf86c4,264,FUNC,GLOBAL,DEFAULT,9,True
2606,_Z10nk67faKWqbdd,"nk67faKWqb(double, double)",,0xf6678,144,FUNC,GLOBAL,DEFAULT,9,True
2607,_ZN10Vx2_xajLEdD2Ev,Vx2_xajLEd::~Vx2_xajLEd(),,0x1e7cb4,20,FUNC,WEAK,DEFAULT,9,True
2608,_ZNK10_k_Bgam3zA10MZ1BgaJhCAERK10qdSBga_dtAb,"_k_Bgam3zA::MZ1BgaJhCA(qdSBga_dtA const&, bool) const",,0x1c933c,112,FUNC,GLOBAL,DEFAULT,9,True
2609,_Z10_Sn_GaYH5Mv,_Sn_GaYH5M(),,0x2502f4,716,FUNC,GLOBAL,DEFAULT,9,True
2610,_ZN10IUKzgam4Gy10cRm7faqQOaERK10C8THgaTQxFd,"IUKzgam4Gy::cRm7faqQOa(C8THgaTQxF const&, double)",,0xe2948,84,FUNC,GLOBAL,DEFAULT,9,True
2611,_ZN10G0gxgajWBw10J89mga585nEi,G0gxgajWBw::J89mga585n(int),,0x213824,140,FUNC,GLOBAL,DEFAULT,9,True
2612,_ZN10G0gxgajWBw10jqmngaPtgoEv,G0gxgajWBw::jqmngaPtgo(),,0x21433c,260,FUNC,GLOBAL,DEFAULT,9,True
2613,_ZN10KKhLga4xoI10g6yvgaX89uEP10J7zOgaf09KRK10CanTfaz6bZ,"KKhLga4xoI::g6yvgaX89u(J7zOgaf09K*, CanTfaz6bZ const&)",,0xec5a0,48,FUNC,GLOBAL,DEFAULT,9,True
2614,_Z10UvriJawL7IRK10C8THgaTQxF,UvriJawL7I(C8THgaTQxF const&),,0x1e9060,288,FUNC,GLOBAL,DEFAULT,9,True
2615,_ZN10BEXWLaNNcX10ZFvXJa0fGgEiiiiP10Fcx_gaoydV,"BEXWLaNNcX::ZFvXJa0fGg(int, int, int, int, Fcx_gaoydV*)",,0x23b4cc,1632,FUNC,GLOBAL,DEFAULT,9,True
2616,_ZN6CyaInt12s_mp_exptmodEPNS_6mp_intES1_S1_S1_i,"CyaInt::s_mp_exptmod(CyaInt::mp_int*, CyaInt::mp_int*, CyaInt::mp_int*, CyaInt::mp_int*, int)",,0x2ca4b0,1332,FUNC,GLOBAL,DEFAULT,9,True
2617,_ZN10w9XxgaJdbx10qgnIBawbXkEv,w9XxgaJdbx::qgnIBawbXk(),,0x1b7fc0,132,FUNC,GLOBAL,DEFAULT,9,True
2618,_ZN10C8THgaTQxF10PHFwgaxH5vEib,"C8THgaTQxF::PHFwgaxH5v(int, bool)",,0xf2590,260,FUNC,GLOBAL,DEFAULT,9,True
2619,_ZThn16_N20uzvDgataRBPropertiesD0Ev,non-virtual thunk to uzvDgataRBProperties::~uzvDgataRBProperties(),,0x1b210c,8,FUNC,WEAK,DEFAULT,9,True
2620,_ZN10c3fygag7qx10q2hwgaKNMvERK10cXoLgatBuI,c3fygag7qx::q2hwgaKNMv(cXoLgatBuI const&),,0x1ddc64,184,FUNC,GLOBAL,DEFAULT,9,True
2621,_ZN10s40xgamwex10rX79KaIi8hEP10OYYKfaPU7RiiiiiiiiPhii,"s40xgamwex::rX79KaIi8h(OYYKfaPU7R*, int, int, int, int, int, int, int, int, unsigned char*, int, int)",,0x105500,136,FUNC,GLOBAL,DEFAULT,9,True
2622,_ZN10u3cBgayBVz10yTymkbsYAKEv,u3cBgayBVz::yTymkbsYAK(),,0x210d1c,168,FUNC,GLOBAL,DEFAULT,9,True
2623,_ZN10reub2aL2gsD0Ev,reub2aL2gs::~reub2aL2gs(),,0x20ddd4,48,FUNC,WEAK,DEFAULT,9,True
2624,_ZN10ln7yHaeP9f10GhIUvbwSjsEv,ln7yHaeP9f::GhIUvbwSjs(),,0x1ce84c,156,FUNC,GLOBAL,DEFAULT,9,True
2625,pdnkJaZ8KKOnln2aNBfC,pdnkJaZ8KKOnln2aNBfC,,0x3a5808,8,OBJECT,GLOBAL,DEFAULT,19,True
2626,_ZN6CyaInt10DoFinishedEPNS_6CYASSLEPKhPji,"CyaInt::DoFinished(CyaInt::CYASSL*, unsigned char const*, unsigned int*, int)",,0x2d6ba4,364,FUNC,GLOBAL,DEFAULT,9,True
2627,_ZN10ZOPBLaGcrF10HhldvaxwQSE,ZOPBLaGcrF::HhldvaxwQS,,0x38dde8,4,OBJECT,GLOBAL,DEFAULT,18,True
2628,_ZTV10RH6ygazf9x,vtable for RH6ygazf9x,,0x37d000,320,OBJECT,WEAK,DEFAULT,15,True
2629,_ZN10K7FLgag3II10U7FdNak360E,K7FLgag3II::U7FdNak360,,0x38e161,1,OBJECT,GLOBAL,DEFAULT,18,True
2630,_ZN10TZf6gaQ3S_D2Ev,TZf6gaQ3S_::~TZf6gaQ3S_(),,0x10f6c8,184,FUNC,GLOBAL,DEFAULT,9,True
2631,_ZN10uq9xgaUxlx10LPjGHaiidmERK10C8THgaTQxF,uq9xgaUxlx::LPjGHaiidm(C8THgaTQxF const&),,0x201658,52,FUNC,GLOBAL,DEFAULT,9,True
2632,hash_is_valid,hash_is_valid,,0x25580c,52,FUNC,GLOBAL,DEFAULT,9,True
2633,_ZN10X7DzgannBy10RAkfLaGWvmEv,X7DzgannBy::RAkfLaGWvm(),,0x196550,4,FUNC,GLOBAL,DEFAULT,9,True
2634,_ZN10AS80gaE4zW10vL76gaA8B0Ev,AS80gaE4zW::vL76gaA8B0(),,0x1d708c,92,FUNC,GLOBAL,DEFAULT,9,True
2635,_ZN6CyaInt25CyaSSL_ERR_error_string_nEmPcm,"CyaInt::CyaSSL_ERR_error_string_n(unsigned long, char*, unsigned long)",,0x2d1368,12,FUNC,GLOBAL,DEFAULT,9,True
2636,FT_Done_Glyph,FT_Done_Glyph,,0x280340,76,FUNC,GLOBAL,DEFAULT,9,True
2637,_ZN10fEVMgax6LJC2ERK10C8THgaTQxF,fEVMgax6LJ::fEVMgax6LJ(C8THgaTQxF const&),,0xe1970,172,FUNC,GLOBAL,DEFAULT,9,True
2638,_ZN10V8fxgahcBw10tIIEga1dSCEiif,"V8fxgahcBw::tIIEga1dSC(int, int, float)",,0x11b07c,152,FUNC,GLOBAL,DEFAULT,9,True
2639,fprintf@LIBC (2),fprintf,LIBC (2),0x0,0,FUNC,GLOBAL,DEFAULT,UND,False
2640,_Z10E8SIkb0_m2v,E8SIkb0_m2(),,0x1971c0,16,FUNC,GLOBAL,DEFAULT,9,True
2641,_ZN6CyaInt20CyaSSL_SetIOWriteCtxEPNS_6CYASSLEPv,"CyaInt::CyaSSL_SetIOWriteCtx(CyaInt::CYASSL*, void*)",,0x2d0e14,8,FUNC,GLOBAL,DEFAULT,9,True
2642,FT_MulDiv,FT_MulDiv,,0x259238,272,FUNC,GLOBAL,DEFAULT,9,True
2643,_ZN10zF9VgaBKxRD0Ev,zF9VgaBKxR::~zF9VgaBKxR(),,0x1a6468,32,FUNC,GLOBAL,DEFAULT,9,True
2644,_ZN10w6qzgacqqy10AXO7xaRtbkERK10C8THgaTQxF,w6qzgacqqy::AXO7xaRtbk(C8THgaTQxF const&),,0x1fe234,428,FUNC,GLOBAL,DEFAULT,9,True
2645,_ZN10tJIwIaYe8310hoANFa0dkMEP10G0gxgajWBw,tJIwIaYe83::hoANFa0dkM(G0gxgajWBw*),,0x23d108,140,FUNC,GLOBAL,DEFAULT,9,True
2646,_ZN10ieJzgaIFFy10ndEIfbXraQEv,ieJzgaIFFy::ndEIfbXraQ(),,0x16235c,504,FUNC,GLOBAL,DEFAULT,9,True
2647,_Z20u0eyga1eqxE7Bm2aaHDBRK10C8THgaTQxF,u0eyga1eqxE7Bm2aaHDB(C8THgaTQxF const&),,0x1e19d4,48,FUNC,GLOBAL,DEFAULT,9,True
2648,_ZN10XJLBgarMnAC2Ev,XJLBgarMnA::XJLBgarMnA(),,0x20aa84,136,FUNC,GLOBAL,DEFAULT,9,True
2649,hGYHlbfFBS,hGYHlbfFBS,,0x3a2e38,8,OBJECT,GLOBAL,DEFAULT,19,True
2650,_ZN10IUKzgam4Gy10wgG1Zawa1NERK10C8THgaTQxFf,"IUKzgam4Gy::wgG1Zawa1N(C8THgaTQxF const&, float)",,0xe3410,48,FUNC,GLOBAL,DEFAULT,9,True
2651,_ZN10DFeOfaFXSUC1Ev,DFeOfaFXSU::DFeOfaFXSU(),,0x10f7d8,132,FUNC,GLOBAL,DEFAULT,9,True
2652,_ZN6CyaInt32mp_montgomery_calc_normalizationEPNS_6mp_intES1_,"CyaInt::mp_montgomery_calc_normalization(CyaInt::mp_int*, CyaInt::mp_int*)",,0x2c9cc0,252,FUNC,GLOBAL,DEFAULT,9,True
2653,_ZN10SsrLga3IwI10MQ0sfa9j1CEPK10ik3sfaFp3C,SsrLga3IwI::MQ0sfa9j1C(ik3sfaFp3C const*),,0x1b4e14,1824,FUNC,GLOBAL,DEFAULT,9,True
2654,_ZN10uzN1fatj7510ZWKYgaj6ITEv,uzN1fatj75::ZWKYgaj6IT(),,0x10bde4,504,FUNC,GLOBAL,DEFAULT,9,True
2655,_ZN10K7FLgag3II10mPXjMaOWogE,K7FLgag3II::mPXjMaOWog,,0x38e158,4,OBJECT,GLOBAL,DEFAULT,18,True
2656,_ZN10OYYKfaPU7R10tkhIfaQbSPERK10C8THgaTQxFffffiiiiii,"OYYKfaPU7R::tkhIfaQbSP(C8THgaTQxF const&, float, float, float, float, int, int, int, int, int, int)",,0x10348c,744,FUNC,GLOBAL,DEFAULT,9,True
2657,_ZN10VRFGJa8Pv210kAXG_a9JKlEi,VRFGJa8Pv2::kAXG_a9JKl(int),,0x2460c8,156,FUNC,GLOBAL,DEFAULT,9,True
2658,_ZN6CyaInt20mp_read_unsigned_binEPNS_6mp_intEPKhi,"CyaInt::mp_read_unsigned_bin(CyaInt::mp_int*, unsigned char const*, int)",,0x2c6d5c,212,FUNC,GLOBAL,DEFAULT,9,True
2659,_ZN10s_YwgafWlw10qWhCgaLHPAEv,s_YwgafWlw::qWhCgaLHPA(),,0x1db818,104,FUNC,GLOBAL,DEFAULT,9,True
2660,_ZN10_k_Bgam3zA10usNLLaAdPNE10i7FHgaP2lF,_k_Bgam3zA::usNLLaAdPN(i7FHgaP2lF),,0x1c6490,160,FUNC,GLOBAL,DEFAULT,9,True
2661,_ZN10MHEiIauRiT10TogyYaCpryEv,MHEiIauRiT::TogyYaCpry(),,0xe59ac,16,FUNC,GLOBAL,DEFAULT,9,True
2662,_ZN10G0gxgajWBw10oRlmgaC_pnERK10C8THgaTQxF,G0gxgajWBw::oRlmgaC_pn(C8THgaTQxF const&),,0x218134,820,FUNC,GLOBAL,DEFAULT,9,True
2663,_ZN10uzvDgataRBD1Ev,uzvDgataRB::~uzvDgataRB(),,0x1b2114,52,FUNC,WEAK,DEFAULT,9,True
2664,_ZN10G0gxgajWBw10qZtgManQtdERK10CanTfaz6bZPPS_,"G0gxgajWBw::qZtgManQtd(CanTfaz6bZ const&, G0gxgajWBw**)",,0x213eac,200,FUNC,GLOBAL,DEFAULT,9,True
2665,_ZN10ZAuvgaUl6u10LPjGHaiidmERK10C8THgaTQxF,ZAuvgaUl6u::LPjGHaiidm(C8THgaTQxF const&),,0x2073fc,44,FUNC,GLOBAL,DEFAULT,9,True
2666,_ZN10W6NzgawMJy10pqj6LaVXV4Eb,W6NzgawMJy::pqj6LaVXV4(bool),,0x1820f4,1416,FUNC,GLOBAL,DEFAULT,9,True
2667,_ZN10MpGzgariDy10Vfw4Ka4KpdEP10W6NzgawMJy,MpGzgariDy::Vfw4Ka4Kpd(W6NzgawMJy*),,0x191808,500,FUNC,GLOBAL,DEFAULT,9,True
2668,_Z20CyaSSL_Debugging_OFFv,CyaSSL_Debugging_OFF(),,0x2cb200,4,FUNC,GLOBAL,DEFAULT,9,True
2669,_ZN10XCASBayqxt10dx4OHaCqAtERK10C8THgaTQxF,XCASBayqxt::dx4OHaCqAt(C8THgaTQxF const&),,0x1b0e00,120,FUNC,GLOBAL,DEFAULT,9,True
2670,_Z19jinit_marker_writerP20jpeg_compress_struct,jinit_marker_writer(jpeg_compress_struct*),,0x2a8b78,136,FUNC,GLOBAL,DEFAULT,9,True
2671,_ZN10ULeBJaZ1WYD2Ev,ULeBJaZ1WY::~ULeBJaZ1WY(),,0x2422f4,160,FUNC,GLOBAL,DEFAULT,9,True
2672,_Z28af_glyph_hints_dump_segmentsP17AF_GlyphHintsRec_,af_glyph_hints_dump_segments(AF_GlyphHintsRec_*),,0x27ea00,4,FUNC,GLOBAL,DEFAULT,9,True
2673,_ZN10wiULgacZUI10PhVLgaLOVIERK10C8THgaTQxF,wiULgacZUI::PhVLgaLOVI(C8THgaTQxF const&),,0xe7804,100,FUNC,GLOBAL,DEFAULT,9,True
2674,_ZN10XoqxgaMPJw10Dlq4gaQMkZERK10C8THgaTQxF,XoqxgaMPJw::Dlq4gaQMkZ(C8THgaTQxF const&),,0x1150a4,80,FUNC,GLOBAL,DEFAULT,9,True
2675,_Z20XCASBayqxtE7Bm2aaHDBRK10C8THgaTQxF,XCASBayqxtE7Bm2aaHDB(C8THgaTQxF const&),,0x1b0d4c,48,FUNC,GLOBAL,DEFAULT,9,True
2676,_ZN10uq9xgaUxlx10tPUMcbVpLmERK10C8THgaTQxF,uq9xgaUxlx::tPUMcbVpLm(C8THgaTQxF const&),,0x201534,132,FUNC,GLOBAL,DEFAULT,9,True
2677,_Z10gla0FatjLXv,gla0FatjLX(),,0x253304,104,FUNC,GLOBAL,DEFAULT,9,True
2678,_ZN10W6NzgawMJy10c8FDLaz3ZGEv,W6NzgawMJy::c8FDLaz3ZG(),,0x17f4f4,80,FUNC,WEAK,DEFAULT,9,True
2679,HBh2Pamqxo,HBh2Pamqxo,,0x3920b0,156,OBJECT,GLOBAL,DEFAULT,18,True
2680,_Z9HmacFinalP4HmacPh,"HmacFinal(Hmac*, unsigned char*)",,0x2d58c8,388,FUNC,GLOBAL,DEFAULT,9,True
2681,_ZTV10qsr_gawI8U,vtable for qsr_gawI8U,,0x372000,368,OBJECT,WEAK,DEFAULT,15,True
2682,_ZN10XJLBgarMnAC1ERK10C8THgaTQxF,XJLBgarMnA::XJLBgarMnA(C8THgaTQxF const&),,0x20a8f4,84,FUNC,GLOBAL,DEFAULT,9,True
2683,FT_Lookup_Renderer,FT_Lookup_Renderer,,0x25b130,80,FUNC,GLOBAL,DEFAULT,9,True
2684,_ZN10AS80gaE4zW10sTFTgagRrPEcb,"AS80gaE4zW::sTFTgagRrP(char, bool)",,0x1d7140,448,FUNC,GLOBAL,DEFAULT,9,True
2685,_ZN10XCASBayqxt10Jw2MfabKSTEv,XCASBayqxt::Jw2MfabKST(),,0x1b0eec,76,FUNC,GLOBAL,DEFAULT,9,True
2686,R9iYGaYJlL,R9iYGaYJlL,,0x3a5a00,20,OBJECT,GLOBAL,DEFAULT,19,True
2687,_Z19jinit_phuff_decoderP22jpeg_decompress_struct,jinit_phuff_decoder(jpeg_decompress_struct*),,0x29ea4c,284,FUNC,GLOBAL,DEFAULT,9,True
2688,z6WjIa9koU,z6WjIa9koU,,0x3a50b0,8,OBJECT,GLOBAL,DEFAULT,19,True
2689,_ZN10N67CMatrxw10cLiSfbhoiYEP10FOb5fbmyZ8,N67CMatrxw::cLiSfbhoiY(FOb5fbmyZ8*),,0x232520,1060,FUNC,GLOBAL,DEFAULT,9,True
2690,_ZN10w9XxgaJdbx5sleepEv,w9XxgaJdbx::sleep(),,0x1babe0,124,FUNC,GLOBAL,DEFAULT,9,True
2691,_ZN20zF9VgaBKxRPropertiesC1Ev,zF9VgaBKxRProperties::zF9VgaBKxRProperties(),,0x1a5dd8,176,FUNC,GLOBAL,DEFAULT,9,True
2692,_ZN10pdnkJaZ8KK7processEv,pdnkJaZ8KK::process(),,0x245aac,592,FUNC,GLOBAL,DEFAULT,9,True
2693,_ZN10XJLBgarMnAD0Ev,XJLBgarMnA::~XJLBgarMnA(),,0x20ac44,32,FUNC,GLOBAL,DEFAULT,9,True
2694,_ZN10RH6ygazf9x10ufTmSaK5RlEv,RH6ygazf9x::ufTmSaK5Rl(),,0x210a94,308,FUNC,GLOBAL,DEFAULT,9,True
2695,_ZN10LJyzga9Pwy10Ja8sfaGu7CEv,LJyzga9Pwy::Ja8sfaGu7C(),,0x108ecc,8,FUNC,GLOBAL,DEFAULT,9,True
2696,_ZN10uq9xgaUxlx10OQfJcb5WGjE,uq9xgaUxlx::OQfJcb5WGj,,0x3a4bc8,8,OBJECT,GLOBAL,DEFAULT,19,True
2697,_ZN10RWahgahP3iC1ERK10_79OJaq8E9,RWahgahP3i::RWahgahP3i(_79OJaq8E9 const&),,0x1ea050,96,FUNC,GLOBAL,DEFAULT,9,True
2698,Lb35KaEiIe,Lb35KaEiIe,,0x391970,56,OBJECT,GLOBAL,DEFAULT,18,True
2699,_ZN20XJLBgarMnAPropertiesD1Ev,XJLBgarMnAProperties::~XJLBgarMnAProperties(),,0x20bfa0,28,FUNC,WEAK,DEFAULT,9,True
2700,_ZN10c76BgaJBGAC1ERK10C8THgaTQxFS2_,"c76BgaJBGA::c76BgaJBGA(C8THgaTQxF const&, C8THgaTQxF const&)",,0x22e49c,204,FUNC,GLOBAL,DEFAULT,9,True
2701,_ZN10w7keKa2nGvC1Eb,w7keKa2nGv::w7keKa2nGv(bool),,0x23a954,80,FUNC,GLOBAL,DEFAULT,9,True
2702,_ZN10KcKRganuPN10bbueFaZ_NiE,KcKRganuPN::bbueFaZ_Ni,,0x3a0a04,4,OBJECT,GLOBAL,DEFAULT,19,True
2703,_ZN10ieJzgaIFFy10koBNSa93kIEv,ieJzgaIFFy::koBNSa93kI(),,0x162554,1796,FUNC,GLOBAL,DEFAULT,9,True
2704,_ZN10s_viIa9wbT10OeukIad3QUEi,s_viIa9wbT::OeukIad3QU(int),,0x16c248,344,FUNC,GLOBAL,DEFAULT,9,True
2705,_Z10A8ZxSaRTcvRK10C8THgaTQxF,A8ZxSaRTcv(C8THgaTQxF const&),,0x1f2754,164,FUNC,GLOBAL,DEFAULT,9,True
2706,_ZN10VGk7faT0Ma10tgzpnbth7iEv,VGk7faT0Ma::tgzpnbth7i(),,0x1e532c,264,FUNC,GLOBAL,DEFAULT,9,True
2707,_ZN10mytSgavtrO10zvuSgahhsOERK10C8THgaTQxFRK10vEhDgaHsFBbRK10eY2wgaf6pwf,"mytSgavtrO::zvuSgahhsO(C8THgaTQxF const&, vEhDgaHsFB const&, bool, eY2wgaf6pw const&, float)",,0x1d0a20,184,FUNC,GLOBAL,DEFAULT,9,True
2708,_ZN10W6NzgawMJy10ilACwavb42Ev,W6NzgawMJy::ilACwavb42(),,0x17303c,364,FUNC,GLOBAL,DEFAULT,9,True
2709,_ZN20AeOgLaUSKnPropertiesC2Ev,AeOgLaUSKnProperties::AeOgLaUSKnProperties(),,0x1a3984,156,FUNC,GLOBAL,DEFAULT,9,True
2710,_ZN10awDo2aJRkD10OIFwLasI5AEv,awDo2aJRkD::OIFwLasI5A(),,0x1de108,56,FUNC,GLOBAL,DEFAULT,9,True
2711,_ZN10kyTzgazlOy10MsMRvaYnRpE,kyTzgazlOy::MsMRvaYnRp,,0x3a5660,1,OBJECT,GLOBAL,DEFAULT,19,True
2712,_ZN10W6NzgawMJy10wOIPwa7i7dEv,W6NzgawMJy::wOIPwa7i7d(),,0x171bf8,468,FUNC,GLOBAL,DEFAULT,9,True
2713,_ZN10nenvgaH9_u10IA7WHax_lAERK10C8THgaTQxFj,"nenvgaH9_u::IA7WHax_lA(C8THgaTQxF const&, unsigned int)",,0xf1f84,568,FUNC,GLOBAL,DEFAULT,9,True
2714,_ZN10w6qzgacqqy10AMexKav2zLE,w6qzgacqqy::AMexKav2zL,,0x3a376c,1,OBJECT,GLOBAL,DEFAULT,19,True
2715,_ZN10ieJzgaIFFy10HsHggbNaFiE,ieJzgaIFFy::HsHggbNaFi,,0x3a0e48,1,OBJECT,GLOBAL,DEFAULT,19,True
2716,deflateInit2_,deflateInit2_,,0x290edc,680,FUNC,GLOBAL,DEFAULT,9,True
2717,glNormalPointer,glNormalPointer,,0x0,0,FUNC,GLOBAL,DEFAULT,UND,False
2718,_ZN10N67CMatrxw10wI3Rfb4J5XEP10FOb5fbmyZ8,N67CMatrxw::wI3Rfb4J5X(FOb5fbmyZ8*),,0x231c3c,472,FUNC,GLOBAL,DEFAULT,9,True
2719,_ZN10DFeOfaFXSUD2Ev,DFeOfaFXSU::~DFeOfaFXSU(),,0x10f910,88,FUNC,GLOBAL,DEFAULT,9,True
2720,w6qzgacqqyOnln2aNBfC,w6qzgacqqyOnln2aNBfC,,0x3a4b98,8,OBJECT,GLOBAL,DEFAULT,19,True
2721,_ZN10KKhLga4xoID2Ev,KKhLga4xoI::~KKhLga4xoI(),,0xeb12c,116,FUNC,GLOBAL,DEFAULT,9,True
2722,_ZTV10JE42uaVwcK,vtable for JE42uaVwcK,,0x37dcc0,320,OBJECT,WEAK,DEFAULT,15,True
2723,_ZN10W6NzgawMJy10LV3BJalVDZEbP10vy1JgaKVkH,"W6NzgawMJy::LV3BJalVDZ(bool, vy1JgaKVkH*)",,0x182cc8,604,FUNC,GLOBAL,DEFAULT,9,True
2724,_ZN10wiULgacZUI10vyv1JaE9SkERK10C8THgaTQxF,wiULgacZUI::vyv1JaE9Sk(C8THgaTQxF const&),,0xe8d04,236,FUNC,GLOBAL,DEFAULT,9,True
2725,_ZNK10tJIwIaYe8310um6MFaDYVLEv,tJIwIaYe83::um6MFaDYVL() const,,0x23dbf8,168,FUNC,GLOBAL,DEFAULT,9,True
2726,_ZTV20Kc8uganwOuProperties,vtable for Kc8uganwOuProperties,,0x373a90,88,OBJECT,WEAK,DEFAULT,15,True
2727,_ZN10VGk7faT0MaD0Ev,VGk7faT0Ma::~VGk7faT0Ma(),,0x1e5788,92,FUNC,WEAK,DEFAULT,9,True
2728,pow@LIBC (3),pow,LIBC (3),0x0,0,FUNC,GLOBAL,DEFAULT,UND,False
2729,sendto@LIBC (2),sendto,LIBC (2),0x0,0,FUNC,GLOBAL,DEFAULT,UND,False
2730,_ZN10FY2VgaG6rRD0Ev,FY2VgaG6rR::~FY2VgaG6rR(),,0x16da0c,32,FUNC,GLOBAL,DEFAULT,9,True
2731,_Z21jinit_2pass_quantizerP22jpeg_decompress_struct,jinit_2pass_quantizer(jpeg_decompress_struct*),,0x2a4f70,692,FUNC,GLOBAL,DEFAULT,9,True
2732,_ZN10OOmzgapOmyC1ERK10C8THgaTQxF,OOmzgapOmy::OOmzgapOmy(C8THgaTQxF const&),,0xf03ec,172,FUNC,GLOBAL,DEFAULT,9,True
2733,_ZN6CyaInt10FreeArraysEPNS_6CYASSLEi,"CyaInt::FreeArrays(CyaInt::CYASSL*, int)",,0x2d65b0,68,FUNC,GLOBAL,DEFAULT,9,True
2734,_ZN10EYMwkbFObT10IfDwkbSD3SEPhiii,"EYMwkbFObT::IfDwkbSD3S(unsigned char*, int, int, int)",,0x152e08,316,FUNC,GLOBAL,DEFAULT,9,True
2735,jx15PaCUGr,jx15PaCUGr,,0x391e90,40,OBJECT,GLOBAL,DEFAULT,18,True
2736,_ZN10etUmgaa7Sn10LlG8IaYeVAE,etUmgaa7Sn::LlG8IaYeVA,,0x2dba18,1,OBJECT,GLOBAL,DEFAULT,10,True
2737,_ZN10SU3JfaCUmR10sToJfagyOQEv,SU3JfaCUmR::sToJfagyOQ(),,0x10c5c0,44,FUNC,GLOBAL,DEFAULT,9,True
2738,_ZN20eODlJaQ5OLPropertiesD1Ev,eODlJaQ5OLProperties::~eODlJaQ5OLProperties(),,0x241fc4,28,FUNC,WEAK,DEFAULT,9,True
2739,_ZN10w6qzgacqqy10s_68KafvhhE,w6qzgacqqy::s_68Kafvhh,,0x3a3760,8,OBJECT,GLOBAL,DEFAULT,19,True
2740,_ZThn16_N20e4ZYfa8PV2PropertiesD0Ev,non-virtual thunk to e4ZYfa8PV2Properties::~e4ZYfa8PV2Properties(),,0x236d74,8,FUNC,WEAK,DEFAULT,9,True
2741,_ZN10MpGzgariDy10Q3v7IaUAWzERK10C8THgaTQxF,MpGzgariDy::Q3v7IaUAWz(C8THgaTQxF const&),,0x192ac8,7444,FUNC,GLOBAL,DEFAULT,9,True
2742,_ZNK10nulqJa9GMP10UKOr_a8i08ERK10V6P7faBscbS2_,"nulqJa9GMP::UKOr_a8i08(V6P7faBscb const&, V6P7faBscb const&) const",,0x1eaea4,48,FUNC,GLOBAL,DEFAULT,9,True
2743,_ZN20XJLBgarMnAPropertiesC2Ev,XJLBgarMnAProperties::XJLBgarMnAProperties(),,0x20a7e8,176,FUNC,GLOBAL,DEFAULT,9,True
2744,strncmp@LIBC (2),strncmp,LIBC (2),0x0,0,FUNC,GLOBAL,DEFAULT,UND,False
2745,find_hash,find_hash,,0x254fd4,144,FUNC,GLOBAL,DEFAULT,9,True
2746,_ZN10yL3_IaDMFt9addObjectEP10NYF9TaOVKR,yL3_IaDMFt::addObject(NYF9TaOVKR*),,0xebae0,124,FUNC,GLOBAL,DEFAULT,9,True
2747,_ZN10QYZugaRKGu10TI0CgaxdrBE,QYZugaRKGu::TI0CgaxdrB,,0x3a0070,1,OBJECT,GLOBAL,DEFAULT,19,True
2748,_Z10lke3HaOFkGv,lke3HaOFkG(),,0x21ed10,1872,FUNC,GLOBAL,DEFAULT,9,True
2749,_ZN10w9XxgaJdbx10Yxtx1agtMUE,w9XxgaJdbx::Yxtx1agtMU,,0x3a31f8,8,OBJECT,GLOBAL,DEFAULT,19,True
2750,_ZN10PfQXva4zXuIdED0Ev,PfQXva4zXu<double>::~PfQXva4zXu(),,0x18ed8c,48,FUNC,WEAK,DEFAULT,9,True
2751,_ZN10oJlO1aTTY710bA4tIa0sV1Ev,oJlO1aTTY7::bA4tIa0sV1(),,0x15e570,104,FUNC,GLOBAL,DEFAULT,9,True
2752,_ZTV10RZNxgaOF2w,vtable for RZNxgaOF2w,,0x37b0d0,320,OBJECT,WEAK,DEFAULT,15,True
2753,MpGzgariDyOnln2aNBfC,MpGzgariDyOnln2aNBfC,,0x3a28a0,8,OBJECT,GLOBAL,DEFAULT,19,True
2754,wiy2PaitLo,wiy2PaitLo,,0x392150,168,OBJECT,GLOBAL,DEFAULT,18,True
2755,_ZN10w9XxgaJdbx10lATwgagnhwEPvRK10C8THgaTQxF,"w9XxgaJdbx::lATwgagnhw(void*, C8THgaTQxF const&)",,0x1bd700,196,FUNC,GLOBAL,DEFAULT,9,True
2756,_ZN10awDo2aJRkD10wXgCgaHSOAEv,awDo2aJRkD::wXgCgaHSOA(),,0x1de014,44,FUNC,GLOBAL,DEFAULT,9,True
2757,_ZN10a7qxJaHqKV10t7xiLaUjdpE,a7qxJaHqKV::t7xiLaUjdp,,0x3a0d48,8,OBJECT,GLOBAL,DEFAULT,19,True
2758,_ZN10ZPvEDawoHY10j9gLgaw2nIEv,ZPvEDawoHY::j9gLgaw2nI(),,0x1bf990,132,FUNC,GLOBAL,DEFAULT,9,True
2759,FT_Select_Charmap,FT_Select_Charmap,,0x25a594,276,FUNC,GLOBAL,DEFAULT,9,True
2760,_Z10Wh1ykbSH4Uv,Wh1ykbSH4U(),,0x20e8ac,144,FUNC,GLOBAL,DEFAULT,9,True
2761,_ZN10w9XxgaJdbx10JCFhCaeDtPEv,w9XxgaJdbx::JCFhCaeDtP(),,0x1b09a0,28,FUNC,WEAK,DEFAULT,9,True
2762,_ZN10AS80gaE4zW10vtlTgaxGaPERK10C8THgaTQxF,AS80gaE4zW::vtlTgaxGaP(C8THgaTQxF const&),,0x1d61c8,96,FUNC,GLOBAL,DEFAULT,9,True
2763,_ZN10NgNBgaN3oA10T1g_wagX_mEv,NgNBgaN3oA::T1g_wagX_m(),,0x23707c,368,FUNC,GLOBAL,DEFAULT,9,True
2764,_ZN10w7keKa2nGvC2Eb,w7keKa2nGv::w7keKa2nGv(bool),,0x23a954,80,FUNC,GLOBAL,DEFAULT,9,True
2765,FT_Get_Sfnt_Table,FT_Get_Sfnt_Table,,0x25aa14,120,FUNC,GLOBAL,DEFAULT,9,True
2766,_ZN10X0HXmbuEQVD2Ev,X0HXmbuEQV::~X0HXmbuEQV(),,0x249f20,20,FUNC,WEAK,DEFAULT,9,True
2767,_ZN10m0ka3aUhjh10kCI62aW8feEv,m0ka3aUhjh::kCI62aW8fe(),,0x11c048,36,FUNC,GLOBAL,DEFAULT,9,True
2768,_Z10Byh1xaKnHev,Byh1xaKnHe(),,0x1e7a58,52,FUNC,GLOBAL,DEFAULT,9,True
2769,_ZN20G0gxgajWBwPropertiesD2Ev,G0gxgajWBwProperties::~G0gxgajWBwProperties(),,0x21adb4,28,FUNC,WEAK,DEFAULT,9,True
2770,_ZN10s_YwgafWlw10kF183as0c6ERiS0_,"s_YwgafWlw::kF183as0c6(int&, int&)",,0x1db204,20,FUNC,GLOBAL,DEFAULT,9,True
2771,_ZN10W6NzgawMJy10lPmPwaNOPdEv,W6NzgawMJy::lPmPwaNOPd(),,0x17ae78,724,FUNC,GLOBAL,DEFAULT,9,True
2772,_ZN6CyaInt7mp_lshdEPNS_6mp_intEi,"CyaInt::mp_lshd(CyaInt::mp_int*, int)",,0x2c69fc,520,FUNC,GLOBAL,DEFAULT,9,True
2773,_Z10eY1M1algS6v,eY1M1algS6(),,0x1541bc,20,FUNC,GLOBAL,DEFAULT,9,True
2774,_ZN10ieJzgaIFFy10rVjVga1mQQERK10C8THgaTQxF10RiQ7IaxCcAP10G0gxgajWBw,"ieJzgaIFFy::rVjVga1mQQ(C8THgaTQxF const&, RiQ7IaxCcA, G0gxgajWBw*)",,0x160e2c,352,FUNC,GLOBAL,DEFAULT,9,True
2775,srand@LIBC (2),srand,LIBC (2),0x0,0,FUNC,GLOBAL,DEFAULT,UND,False
2776,_ZN10K7FLgag3II10D9_kMaKKhhE,K7FLgag3II::D9_kMaKKhh,,0x38e15c,1,OBJECT,GLOBAL,DEFAULT,18,True
2777,_Z10wkl0IaZyUt10WJMgJaqCJHP10ydogJa7ZoHS1_P10vU0fJafn5G,"wkl0IaZyUt(WJMgJaqCJH, ydogJa7ZoH*, ydogJa7ZoH*, vU0fJafn5G*)",,0x156544,11568,FUNC,GLOBAL,DEFAULT,9,True
2778,_ZN10R94BFa3XECC2EP10G0gxgajWBw,R94BFa3XEC::R94BFa3XEC(G0gxgajWBw*),,0x234dd0,232,FUNC,GLOBAL,DEFAULT,9,True
2779,_ZN10uVBvgaZvcvC1ERK10C8THgaTQxF,uVBvgaZvcv::uVBvgaZvcv(C8THgaTQxF const&),,0xf086c,100,FUNC,GLOBAL,DEFAULT,9,True
2780,_ZN10zW2NgaU4IK10EpeWfajKB0ERK10C8THgaTQxF,zW2NgaU4IK::EpeWfajKB0(C8THgaTQxF const&),,0x21c0dc,564,FUNC,GLOBAL,DEFAULT,9,True
2781,_ZN10ieJzgaIFFy10QVSqwakPdUEv,ieJzgaIFFy::QVSqwakPdU(),,0x168eec,4,FUNC,WEAK,DEFAULT,9,True
2782,_ZN10EXZ0IaPJruaSERK10C8THgaTQxF,EXZ0IaPJru::operator=(C8THgaTQxF const&),,0xf05e8,240,FUNC,GLOBAL,DEFAULT,9,True
2783,_ZN10ZAuvgaUl6u10da7AgaaEQzEv,ZAuvgaUl6u::da7AgaaEQz(),,0x2056b4,124,FUNC,GLOBAL,DEFAULT,9,True
2784,_ZN10eODlJaQ5OL10FSUSXaJsOZEv,eODlJaQ5OL::FSUSXaJsOZ(),,0x2419dc,8,FUNC,GLOBAL,DEFAULT,9,True
2785,_ZN10aROxJaio3V4initEv,aROxJaio3V::init(),,0x253f84,56,FUNC,GLOBAL,DEFAULT,9,True
2786,_ZN10MpGzgariDy10Bp9swagx8VEv,MpGzgariDy::Bp9swagx8V(),,0x18ea2c,8,FUNC,WEAK,DEFAULT,9,True
2787,_ZN10MpGzgariDy10Zb7rwaMFgVEv,MpGzgariDy::Zb7rwaMFgV(),,0x192558,64,FUNC,GLOBAL,DEFAULT,9,True
2788,_ZN10MHEiIauRiT10FReiIaT6XSEPKviPhj,"MHEiIauRiT::FReiIaT6XS(void const*, int, unsigned char*, unsigned int)",,0xe5bb0,272,FUNC,GLOBAL,DEFAULT,9,True
2789,_ZN10w6qzgacqqy10HG56xazoAjERK10C8THgaTQxFS2_S2_S2_,"w6qzgacqqy::HG56xazoAj(C8THgaTQxF const&, C8THgaTQxF const&, C8THgaTQxF const&, C8THgaTQxF const&)",,0x1fe670,752,FUNC,GLOBAL,DEFAULT,9,True
2790,ft_mem_dup,ft_mem_dup,,0x25f5dc,100,FUNC,GLOBAL,DEFAULT,9,True
2791,_ZTV10ZwL1xarB5e,vtable for ZwL1xarB5e,,0x37c410,344,OBJECT,WEAK,DEFAULT,15,True
2792,_ZN10fFOoganeup10JRcLMaRqkDE,fFOoganeup::JRcLMaRqkD,,0x38a0f0,8,OBJECT,GLOBAL,DEFAULT,18,True
2793,_ZN10QYZugaRKGu10yl0ugaRUHuE,QYZugaRKGu::yl0ugaRUHu,,0x3a0060,8,OBJECT,GLOBAL,DEFAULT,19,True
2794,_Z10JvPVwarXfjv,JvPVwarXfj(),,0x17d854,120,FUNC,GLOBAL,DEFAULT,9,True
2795,_ZN10SyVo2a61zDD1Ev,SyVo2a61zD::~SyVo2a61zD(),,0x1ddee0,32,FUNC,GLOBAL,DEFAULT,9,True
2796,_ZN10e4ZYfa8PV2C1Ev,e4ZYfa8PV2::e4ZYfa8PV2(),,0x2350dc,848,FUNC,GLOBAL,DEFAULT,9,True
2797,_ZN10w9XxgaJdbx10l7cPgaSEHLEP10iHmzga6Hmy,w9XxgaJdbx::l7cPgaSEHL(iHmzga6Hmy*),,0x1bac5c,132,FUNC,GLOBAL,DEFAULT,9,True
2798,_ZN10LJyzga9Pwy10PHFwgaxH5vEiib,"LJyzga9Pwy::PHFwgaxH5v(int, int, bool)",,0x10a8c0,420,FUNC,GLOBAL,DEFAULT,9,True
2799,_ZN10_YTgFa6HPk10dx4OHaCqAtERK10C8THgaTQxFi,"_YTgFa6HPk::dx4OHaCqAt(C8THgaTQxF const&, int)",,0x1b07dc,152,FUNC,GLOBAL,DEFAULT,9,True
2800,_ZN10w6qzgacqqy10KAd7xaF2GjERK10C8THgaTQxF,w6qzgacqqy::KAd7xaF2Gj(C8THgaTQxF const&),,0x1fe960,456,FUNC,GLOBAL,DEFAULT,9,True
2801,FT_Glyph_Get_CBox,FT_Glyph_Get_CBox,,0x28025c,228,FUNC,GLOBAL,DEFAULT,9,True
2802,_ZN10w6qzgacqqy10WVodyawAToEddi,"w6qzgacqqy::WVodyawATo(double, double, int)",,0x1fc440,660,FUNC,GLOBAL,DEFAULT,9,True
2803,_ZN10SsrLga3IwI10h7VYBaIvSyERK10C8THgaTQxF10eY2wgaf6pw,"SsrLga3IwI::h7VYBaIvSy(C8THgaTQxF const&, eY2wgaf6pw)",,0x1b4174,936,FUNC,GLOBAL,DEFAULT,9,True
2804,_ZN10W6NzgawMJy10IARPwaDHeeEi,W6NzgawMJy::IARPwaDHee(int),,0x17a78c,152,FUNC,GLOBAL,DEFAULT,9,True
2805,_ZN10r1dvgaPpTu10Py4rfa3reCEv,r1dvgaPpTu::Py4rfa3reC(),,0xffb98,108,FUNC,GLOBAL,DEFAULT,9,True
2806,_ZTV20dJ10YaC3tXProperties,vtable for dJ10YaC3tXProperties,,0x37efd0,88,OBJECT,WEAK,DEFAULT,15,True
2807,_ZN10w6qzgacqqy10jXhKxaAIy_E,w6qzgacqqy::jXhKxaAIy_,,0x3a3718,8,OBJECT,GLOBAL,DEFAULT,19,True
2808,_ZN10ZPvEDawoHYD2Ev,ZPvEDawoHY::~ZPvEDawoHY(),,0x1bf7bc,116,FUNC,GLOBAL,DEFAULT,9,True
2809,mH33wa4I1qOnln2aNBfC,mH33wa4I1qOnln2aNBfC,,0x3a5560,8,OBJECT,GLOBAL,DEFAULT,19,True
2810,_ZN10RZNxgaOF2wC2EP10u0eyga1eqx,RZNxgaOF2w::RZNxgaOF2w(u0eyga1eqx*),,0x1e1248,224,FUNC,GLOBAL,DEFAULT,9,True
2811,_ZN10w6qzgacqqy10nz6Gxas8SXE,w6qzgacqqy::nz6Gxas8SX,,0x3a3780,1024,OBJECT,GLOBAL,DEFAULT,19,True
2812,_ZN10eODlJaQ5OLD2Ev,eODlJaQ5OL::~eODlJaQ5OL(),,0x23e4e4,120,FUNC,GLOBAL,DEFAULT,9,True
2813,_ZN10w6qzgacqqy10IRaIxaWKMYEv,w6qzgacqqy::IRaIxaWKMY(),,0x1eb3e0,372,FUNC,GLOBAL,DEFAULT,9,True
2814,_Z13jpeg_idct_4x4P22jpeg_decompress_structP19jpeg_component_infoPsPPhj,"jpeg_idct_4x4(jpeg_decompress_struct*, jpeg_component_info*, short*, unsigned char**, unsigned int)",,0x2ae8b4,856,FUNC,GLOBAL,DEFAULT,9,True
2815,_Z10XjYgJatmTHPKhiib,"XjYgJatmTH(unsigned char const*, int, int, bool)",,0x10b08c,584,FUNC,GLOBAL,DEFAULT,9,True
2816,_ZN10_thLgaWjoI10AceLgadzlIERK10C8THgaTQxF,_thLgaWjoI::AceLgadzlI(C8THgaTQxF const&),,0x1cbda0,60,FUNC,GLOBAL,DEFAULT,9,True
2817,_ZN10LBgVgaqANQ10rysVgaGDXQEdb,"LBgVgaqANQ::rysVgaGDXQ(double, bool)",,0x18e10c,4,FUNC,GLOBAL,DEFAULT,9,True
2818,deflateParams,deflateParams,,0x290cf4,244,FUNC,GLOBAL,DEFAULT,9,True
2819,_ZN10irqhGaERgb10mdFhGaQhtbE,irqhGaERgb::mdFhGaQhtb,,0x3a5860,8,OBJECT,GLOBAL,DEFAULT,19,True
2820,_ZN10_WevgakbUu10retFEaLcvPERK10CanTfaz6bZ,_WevgakbUu::retFEaLcvP(CanTfaz6bZ const&),,0x108418,180,FUNC,GLOBAL,DEFAULT,9,True
2821,_ZN10ZPvEDawoHY10C_bEDapIqYERK10ik3sfaFp3C,ZPvEDawoHY::C_bEDapIqY(ik3sfaFp3C const&),,0x1bfe6c,104,FUNC,GLOBAL,DEFAULT,9,True
2822,_ZN10TZf6gaQ3S_10AJfYga4QiTEv,TZf6gaQ3S_::AJfYga4QiT(),,0x110364,20,FUNC,GLOBAL,DEFAULT,9,True
2823,_ZN6CyaInt18RsaPublicKeyDecodeEPKhPjPNS_6RsaKeyEj,"CyaInt::RsaPublicKeyDecode(unsigned char const*, unsigned int*, CyaInt::RsaKey*, unsigned int)",,0x2c2304,1304,FUNC,GLOBAL,DEFAULT,9,True
2824,_ZN10LJyzga9Pwy6UpdateEv,LJyzga9Pwy::Update(),,0x10ab98,4,FUNC,WEAK,DEFAULT,9,True
2825,_ZN10AS80gaE4zW10cQ2PgaA_oMERK10C8THgaTQxFb,"AS80gaE4zW::cQ2PgaA_oM(C8THgaTQxF const&, bool)",,0x1d4954,180,FUNC,GLOBAL,DEFAULT,9,True
2826,_ZN10r1dvgaPpTuC2ERK10C8THgaTQxF,r1dvgaPpTu::r1dvgaPpTu(C8THgaTQxF const&),,0xffb40,88,FUNC,GLOBAL,DEFAULT,9,True
2827,_ZN10pdnkJaZ8KK10KQdpJa1fQOEv,pdnkJaZ8KK::KQdpJa1fQO(),,0x242fb8,312,FUNC,GLOBAL,DEFAULT,9,True
2828,_ZN10PfQXva4zXuIsE10IS1sMaMb2nEid,"PfQXva4zXu<short>::IS1sMaMb2n(int, double)",,0x1afb54,32,FUNC,WEAK,DEFAULT,9,True
2829,_ZN10wiULgacZUI10_RVvga7htvERK10C8THgaTQxF,wiULgacZUI::_RVvga7htv(C8THgaTQxF const&),,0xe7eec,176,FUNC,GLOBAL,DEFAULT,9,True
2830,_ZN10_WevgakbUu10wgSQgaCg5MEv,_WevgakbUu::wgSQgaCg5M(),,0x108644,20,FUNC,GLOBAL,DEFAULT,9,True
2831,_ZN10PRPTfaXeAZC1Eh,PRPTfaXeAZ::PRPTfaXeAZ(unsigned char),,0x21b3ac,20,FUNC,GLOBAL,DEFAULT,9,True
2832,_ZN10C2t_vaQTaxD0Ev,C2t_vaQTax::~C2t_vaQTax(),,0x24a14c,56,FUNC,WEAK,DEFAULT,9,True
2833,_ZN10KsGWqbQkZgD2Ev,KsGWqbQkZg::~KsGWqbQkZg(),,0x1ca694,20,FUNC,WEAK,DEFAULT,9,True
2834,_ZN10MpGzgariDy10skXpwaVwrTEd,MpGzgariDy::skXpwaVwrT(double),,0x18e994,8,FUNC,WEAK,DEFAULT,9,True
2835,_ZN10vuuHgangcFC1Ev,vuuHgangcF::vuuHgangcF(),,0xf68f4,52,FUNC,GLOBAL,DEFAULT,9,True
2836,_ZN10znLtuaytEf10JGEjIaHQ8TEd,znLtuaytEf::JGEjIaHQ8T(double),,0x16a9dc,68,FUNC,GLOBAL,DEFAULT,9,True
2837,_ZTV10zW2NgaU4IK,vtable for zW2NgaU4IK,,0x37d680,320,OBJECT,WEAK,DEFAULT,15,True
2838,_ZN10s_viIa9wbT10HG5gIazo_RERK10C8THgaTQxFS2_b,"s_viIa9wbT::HG5gIazo_R(C8THgaTQxF const&, C8THgaTQxF const&, bool)",,0x16c0ac,412,FUNC,GLOBAL,DEFAULT,9,True
2839,_ZN20gId5RaV8_6PropertiesC1Ev,gId5RaV8_6Properties::gId5RaV8_6Properties(),,0x248d50,156,FUNC,GLOBAL,DEFAULT,9,True
2840,_ZN10ZAuvgaUl6u10q4oIHaqIYnE,ZAuvgaUl6u::q4oIHaqIYn,,0x3a4d18,8,OBJECT,GLOBAL,DEFAULT,19,True
2841,log@LIBC (3),log,LIBC (3),0x0,0,FUNC,GLOBAL,DEFAULT,UND,False
2842,_ZN10zeksfaZDrCD0Ev,zeksfaZDrC::~zeksfaZDrC(),,0x1afd38,48,FUNC,WEAK,DEFAULT,9,True
2843,_ZN10SyVo2a61zDC2Ev,SyVo2a61zD::SyVo2a61zD(),,0x1de51c,96,FUNC,GLOBAL,DEFAULT,9,True
2844,_ZN10s_YwgafWlwD1Ev,s_YwgafWlw::~s_YwgafWlw(),,0x1db8d8,72,FUNC,GLOBAL,DEFAULT,9,True
2845,_Z10YvswSaABVtRK10C8THgaTQxF,YvswSaABVt(C8THgaTQxF const&),,0x1edb80,28,FUNC,GLOBAL,DEFAULT,9,True
2846,_ZN10mTAogaaEip10_hwWPaWMQiEP10G0gxgajWBwP10AICTfaebpZi,"mTAogaaEip::_hwWPaWMQi(G0gxgajWBw*, AICTfaebpZ*, int)",,0x227c80,1252,FUNC,GLOBAL,DEFAULT,9,True
2847,_ZN10W6NzgawMJy10XIgRLavGqSEv,W6NzgawMJy::XIgRLavGqS(),,0x171f54,140,FUNC,GLOBAL,DEFAULT,9,True
2848,_ZN10m0ka3aUhjhC1EP10V8fxgahcBwRK10eY2wgaf6pwS4_f,"m0ka3aUhjh::m0ka3aUhjh(V8fxgahcBw*, eY2wgaf6pw const&, eY2wgaf6pw const&, float)",,0x11ca40,260,FUNC,GLOBAL,DEFAULT,9,True
2849,_Z10MXe4Ka2bbdi,MXe4Ka2bbd(int),,0x18fed0,864,FUNC,GLOBAL,DEFAULT,9,True
2850,_ZN10uzvDgataRB10QDeNMahW1EEv,uzvDgataRB::QDeNMahW1E(),,0x1b1684,8,FUNC,GLOBAL,DEFAULT,9,True
2851,_ZNK10Fcx_gaoydV10dSBZKabtr8EP10lXCVKawn54P10WfGVKaba84P10QIbWKaotz5,"Fcx_gaoydV::dSBZKabtr8(lXCVKawn54*, WfGVKaba84*, QIbWKaotz5*) const",,0x118fe4,376,FUNC,GLOBAL,DEFAULT,9,True
2852,_ZN10yL3_IaDMFt10juVsfa5YWCERK10C8THgaTQxFS2_,"yL3_IaDMFt::juVsfa5YWC(C8THgaTQxF const&, C8THgaTQxF const&)",,0xebfcc,308,FUNC,GLOBAL,DEFAULT,9,True
2853,_ZN10LJyzga9Pwy10Ud7zgatH_yEii,"LJyzga9Pwy::Ud7zgatH_y(int, int)",,0x108eb8,20,FUNC,GLOBAL,DEFAULT,9,True
2854,_ZN10SU3JfaCUmR10I3_JfaSFjREP10uSjUgask_Pffffiiii,"SU3JfaCUmR::I3_JfaSFjR(uSjUgask_P*, float, float, float, float, int, int, int, int)",,0x10d80c,900,FUNC,GLOBAL,DEFAULT,9,True
2855,_ZN10AICTfaebpZ10XWgTfahS6YEv,AICTfaebpZ::XWgTfahS6Y(),,0x21b568,144,FUNC,GLOBAL,DEFAULT,9,True
2856,_ZN6CyaInt10MakeSignerEPv,CyaInt::MakeSigner(void*),,0x2c4afc,44,FUNC,GLOBAL,DEFAULT,9,True
2857,_Z25af_glyph_hints_dump_edgesP17AF_GlyphHintsRec_,af_glyph_hints_dump_edges(AF_GlyphHintsRec_*),,0x27ea04,4,FUNC,GLOBAL,DEFAULT,9,True
2858,YxmnMamAgj,YxmnMamAgj,,0x3a5011,1,OBJECT,GLOBAL,DEFAULT,19,True
2859,_ZN10NLT0HaSwmEC1Ev,NLT0HaSwmE::NLT0HaSwmE(),,0x1231c4,84,FUNC,GLOBAL,DEFAULT,9,True
2860,wcH_xafYld,wcH_xafYld,,0x397284,4,OBJECT,GLOBAL,DEFAULT,18,True
2861,_ZN20KsGWqbQkZgPropertiesD1Ev,KsGWqbQkZgProperties::~KsGWqbQkZgProperties(),,0x1ca630,28,FUNC,WEAK,DEFAULT,9,True
2862,_Z20_thLgaWjoIE7Bm2aaHDBRK10C8THgaTQxF,_thLgaWjoIE7Bm2aaHDB(C8THgaTQxF const&),,0x1cb7dc,48,FUNC,GLOBAL,DEFAULT,9,True
2863,_ZN10Dq2rua2EceD2Ev,Dq2rua2Ece::~Dq2rua2Ece(),,0x246d50,20,FUNC,WEAK,DEFAULT,9,True
2864,_ZN6CyaInt21CyaSSL_flush_sessionsEPNS_10CYASSL_CTXEl,"CyaInt::CyaSSL_flush_sessions(CyaInt::CYASSL_CTX*, long)",,0x2d2ee0,4,FUNC,GLOBAL,DEFAULT,9,True
2865,_ZN10zF9VgaBKxR10uOqlmbbaEpEv,zF9VgaBKxR::uOqlmbbaEp(),,0x1ab9c8,148,FUNC,GLOBAL,DEFAULT,9,True
2866,_ZN10Kc8uganwOu10fv05uaS1FMEiRK10C8THgaTQxF,"Kc8uganwOu::fv05uaS1FM(int, C8THgaTQxF const&)",,0x16a078,156,FUNC,GLOBAL,DEFAULT,9,True
2867,TT_Load_Glyph_Header,TT_Load_Glyph_Header,,0x26b8c4,144,FUNC,GLOBAL,DEFAULT,9,True
2868,_ZN10LBgVgaqANQC2Ei,LBgVgaqANQ::LBgVgaqANQ(int),,0x188340,604,FUNC,GLOBAL,DEFAULT,9,True
2869,_ZN20l8eTfaIl5YPropertiesC2Ev,l8eTfaIl5YProperties::l8eTfaIl5YProperties(),,0x21f924,156,FUNC,GLOBAL,DEFAULT,9,True
2870,_ZN10SsrLga3IwI10joJcIa8NjOERK10C8THgaTQxFf,"SsrLga3IwI::joJcIa8NjO(C8THgaTQxF const&, float)",,0x1b451c,168,FUNC,GLOBAL,DEFAULT,9,True
2871,_ZN10w9XxgaJdbx10r9RwgaEagwEb,w9XxgaJdbx::r9RwgaEagw(bool),,0x1be2b8,224,FUNC,GLOBAL,DEFAULT,9,True
2872,_Z10B0Ozga8wKyP10W6NzgawMJyRK10C8THgaTQxFb,"B0Ozga8wKy(W6NzgawMJy*, C8THgaTQxF const&, bool)",,0x1add28,852,FUNC,GLOBAL,DEFAULT,9,True
2873,_ZNK10vuuHgangcF10JtTLgaLhUIERK10CanTfaz6bZ,vuuHgangcF::JtTLgaLhUI(CanTfaz6bZ const&) const,,0xf6e7c,140,FUNC,GLOBAL,DEFAULT,9,True
2874,FT_Outline_Check,FT_Outline_Check,,0x25b868,120,FUNC,GLOBAL,DEFAULT,9,True
2875,_ZN10K7FLgag3II10OjLjMakqegE,K7FLgag3II::OjLjMakqeg,,0x3a1940,8,OBJECT,GLOBAL,DEFAULT,19,True
2876,_ZN10ZPvEDawoHY10SQO2ga9nZXERK10cXoLgatBuI,ZPvEDawoHY::SQO2ga9nZX(cXoLgatBuI const&),,0x1bfed4,56,FUNC,GLOBAL,DEFAULT,9,True
2877,_ZN10psSDxavq9U10BA2wSawNpuERK10C8THgaTQxFS2_S2_,"psSDxavq9U::BA2wSawNpu(C8THgaTQxF const&, C8THgaTQxF const&, C8THgaTQxF const&)",,0x203904,228,FUNC,GLOBAL,DEFAULT,9,True
2878,_ZN10cWWYfaxbT25cloneEv,cWWYfaxbT2::clone(),,0x22e94c,148,FUNC,GLOBAL,DEFAULT,9,True
2879,_ZN10PfQXva4zXuIsED2Ev,PfQXva4zXu<short>::~PfQXva4zXu(),,0x1afce0,20,FUNC,WEAK,DEFAULT,9,True
2880,_ZN10zfJa3aJGDh10rMBEgasoMCEv,zfJa3aJGDh::rMBEgasoMC(),,0x11d3a8,44,FUNC,WEAK,DEFAULT,9,True
2881,_ZN10cHovga0n1u10r5NzYabLJzEPvPhS1_i,"cHovga0n1u::r5NzYabLJz(void*, unsigned char*, unsigned char*, int)",,0xf9a74,28,FUNC,GLOBAL,DEFAULT,9,True
2882,_ZTV10MpGzgariDy,vtable for MpGzgariDy,,0x374ac0,880,OBJECT,WEAK,DEFAULT,15,True
2883,_Z23jpeg_make_d_derived_tblP22jpeg_decompress_structiiPP13d_derived_tbl,"jpeg_make_d_derived_tbl(jpeg_decompress_struct*, int, int, d_derived_tbl**)",,0x2abcc8,2680,FUNC,GLOBAL,DEFAULT,9,True
2884,Bh3_YaxnFW,Bh3_YaxnFW,,0x392580,64,OBJECT,GLOBAL,DEFAULT,18,True
2885,exp@LIBC (3),exp,LIBC (3),0x0,0,FUNC,GLOBAL,DEFAULT,UND,False
2886,_ZNK10ieJzgaIFFy10QLHYkbVqGfEi,ieJzgaIFFy::QLHYkbVqGf(int) const,,0x162cd0,820,FUNC,GLOBAL,DEFAULT,9,True
2887,_ZNK10w9XxgaJdbx10D97A1aKtRXEv,w9XxgaJdbx::D97A1aKtRX() const,,0x1bec90,44,FUNC,GLOBAL,DEFAULT,9,True
2888,_ZN10RH6ygazf9x10p9OuobCExdEv,RH6ygazf9x::p9OuobCExd(),,0x20fb20,76,FUNC,GLOBAL,DEFAULT,9,True
2889,_ZN10SEPCMa33gw10Lpq6fbkQ09EP10G0gxgajWBw,SEPCMa33gw::Lpq6fbkQ09(G0gxgajWBw*),,0x234324,172,FUNC,GLOBAL,DEFAULT,9,True
2890,Java_com_quattroplay_GraalClassic_Natives_onAmazonUser,Java_com_quattroplay_GraalClassic_Natives_onAmazonUser,,0x251d1c,332,FUNC,GLOBAL,DEFAULT,9,True
2891,_ZN10ieJzgaIFFyC2EP10zF9VgaBKxR,ieJzgaIFFy::ieJzgaIFFy(zF9VgaBKxR*),,0x161a24,1836,FUNC,GLOBAL,DEFAULT,9,True
2892,_ZN20pdnkJaZ8KKPropertiesC1Ev,pdnkJaZ8KKProperties::pdnkJaZ8KKProperties(),,0x242b18,176,FUNC,GLOBAL,DEFAULT,9,True
2893,_ZN10mTAogaaEip10PP8NOam2NlEv,mTAogaaEip::PP8NOam2Nl(),,0x225784,120,FUNC,GLOBAL,DEFAULT,9,True
2894,_ZN10KsGWqbQkZgC1Ev,KsGWqbQkZg::KsGWqbQkZg(),,0x1ca01c,100,FUNC,GLOBAL,DEFAULT,9,True
2895,_ZN10WcQ5gaFxw_D1Ev,WcQ5gaFxw_::~WcQ5gaFxw_(),,0x1d76d4,80,FUNC,GLOBAL,DEFAULT,9,True
2896,_ZN6CyaInt26CyaSSL_ERR_print_errors_fpEP7__sFILEi,"CyaInt::CyaSSL_ERR_print_errors_fp(__sFILE*, int)",,0x2d1468,60,FUNC,GLOBAL,DEFAULT,9,True
2897,oqrngaUGko,oqrngaUGko,,0x3a5530,8,OBJECT,GLOBAL,DEFAULT,19,True
2898,_ZN10cWWYfaxbT2C1ERK10C8THgaTQxFb,"cWWYfaxbT2::cWWYfaxbT2(C8THgaTQxF const&, bool)",,0x22e86c,224,FUNC,GLOBAL,DEFAULT,9,True
2899,_ZN10IUKzgam4Gy10cRm7faqQOaERK10C8THgaTQxFdd,"IUKzgam4Gy::cRm7faqQOa(C8THgaTQxF const&, double, double)",,0xe299c,88,FUNC,GLOBAL,DEFAULT,9,True
2900,_ZN10uSjUgask_P10wWFFEaXTFPEP10Fcx_gaoydV,uSjUgask_P::wWFFEaXTFP(Fcx_gaoydV*),,0x1075cc,108,FUNC,GLOBAL,DEFAULT,9,True
2901,_ZN10V8fxgahcBwC2ERK10C8THgaTQxFb,"V8fxgahcBw::V8fxgahcBw(C8THgaTQxF const&, bool)",,0x11a6b4,104,FUNC,GLOBAL,DEFAULT,9,True
2902,_Z10F8imLaWInsv,F8imLaWIns(),,0xfa82c,4,FUNC,GLOBAL,DEFAULT,9,True
2903,_ZN6CyaInt11ProcessFileEPNS_10CYASSL_CTXEPKciiPNS_6CYASSLEiPNS_10CYASSL_CRLE,"CyaInt::ProcessFile(CyaInt::CYASSL_CTX*, char const*, int, int, CyaInt::CYASSL*, int, CyaInt::CYASSL_CRL*)",,0x2d23a0,668,FUNC,GLOBAL,DEFAULT,9,True
2904,_Z22jinit_input_controllerP22jpeg_decompress_struct,jinit_input_controller(jpeg_decompress_struct*),,0x299fb8,112,FUNC,GLOBAL,DEFAULT,9,True
2905,_ZN10tJIwIaYe8310hacLFaeRjKEf,tJIwIaYe83::hacLFaeRjK(float),,0x23c9a0,104,FUNC,GLOBAL,DEFAULT,9,True
2906,_ZN10w6qzgacqqy10EKG7xaTz4jEP10pTy_fadYe4,w6qzgacqqy::EKG7xaTz4j(pTy_fadYe4*),,0x1fd0e0,416,FUNC,GLOBAL,DEFAULT,9,True
2907,_ZN10esKIvakHfi10I4VHgaCtzFEb,esKIvakHfi::I4VHgaCtzF(bool),,0xfc7a4,8,FUNC,GLOBAL,DEFAULT,9,True
2908,_ZN10k3yv6au694D2Ev,k3yv6au694::~k3yv6au694(),,0x19b414,40,FUNC,GLOBAL,DEFAULT,9,True
2909,_ZN10w6qzgacqqy10r05Uga4FEQE,w6qzgacqqy::r05Uga4FEQ,,0x3a4b80,8,OBJECT,GLOBAL,DEFAULT,19,True
2910,_ZN10D2x4gaXfrZ10PurTgaBKfPEPKciPi,"D2x4gaXfrZ::PurTgaBKfP(char const*, int, int*)",,0x1d39bc,352,FUNC,GLOBAL,DEFAULT,9,True
2911,_ZN10vuuHgangcF10Lt1gLaHRWnERK10C8THgaTQxF,vuuHgangcF::Lt1gLaHRWn(C8THgaTQxF const&),,0xf704c,348,FUNC,GLOBAL,DEFAULT,9,True
2912,getc@LIBC (2),getc,LIBC (2),0x0,0,FUNC,GLOBAL,DEFAULT,UND,False
2913,_ZN10u0eyga1eqx10KSHwgaIw7vEv,u0eyga1eqx::KSHwgaIw7v(),,0x1e34e0,8,FUNC,GLOBAL,DEFAULT,9,True
2914,_ZN10SEPCMa33gwD0Ev,SEPCMa33gw::~SEPCMa33gw(),,0x234304,32,FUNC,GLOBAL,DEFAULT,9,True
2915,_ZN10mTAogaaEip10vlUlPaO01OEv,mTAogaaEip::vlUlPaO01O(),,0x2202fc,8,FUNC,GLOBAL,DEFAULT,9,True
2916,_ZN6CyaInt5GetCAEPvPh,"CyaInt::GetCA(void*, unsigned char*)",,0x2d1624,120,FUNC,GLOBAL,DEFAULT,9,True
2917,ft_outline_glyph_bbox,ft_outline_glyph_bbox,,0x27ffac,8,FUNC,GLOBAL,DEFAULT,9,True
2918,_ZN10XJLBgarMnA10gwjBgaP1_zE,XJLBgarMnA::gwjBgaP1_z,,0x3a4db0,8,OBJECT,GLOBAL,DEFAULT,19,True
2919,_ZN10VRFGJa8Pv2D0Ev,VRFGJa8Pv2::~VRFGJa8Pv2(),,0x24623c,32,FUNC,GLOBAL,DEFAULT,9,True
2920,_ZN10pdnkJaZ8KKD1Ev,pdnkJaZ8KK::~pdnkJaZ8KK(),,0x2430f4,104,FUNC,GLOBAL,DEFAULT,9,True
2921,_ZN10mTAogaaEip10_HfqPaIPHSEv,mTAogaaEip::_HfqPaIPHS(),,0x223ee0,444,FUNC,GLOBAL,DEFAULT,9,True
2922,_ZN10giqpgaXJ_p10mgCpgamO9pEv,giqpgaXJ_p::mgCpgamO9p(),,0x213218,124,FUNC,WEAK,DEFAULT,9,True
2923,unzStringFileNameCompare2,unzStringFileNameCompare2,,0x257940,140,FUNC,GLOBAL,DEFAULT,9,True
2924,_ZN10SrwA5a7UkjD0Ev,SrwA5a7Ukj::~SrwA5a7Ukj(),,0x11df74,48,FUNC,WEAK,DEFAULT,9,True
2925,_ZN10TZf6gaQ3S_10MdTr4al43lEv,TZf6gaQ3S_::MdTr4al43l(),,0x110274,240,FUNC,GLOBAL,DEFAULT,9,True
2926,unztell1,unztell1,,0x258990,28,FUNC,GLOBAL,DEFAULT,9,True
2927,_Z10WhSplbShnDiiii,"WhSplbShnD(int, int, int, int)",,0x11e1e8,104,FUNC,GLOBAL,DEFAULT,9,True
2928,_ZN10RH6ygazf9xD2Ev,RH6ygazf9x::~RH6ygazf9x(),,0x20ef60,236,FUNC,GLOBAL,DEFAULT,9,True
2929,_ZN10ieJzgaIFFy10TfRVga8phREP10JQknDa08eKffiP10W6NzgawMJy,"ieJzgaIFFy::TfRVga8phR(JQknDa08eK*, float, float, int, W6NzgawMJy*)",,0x164f60,2124,FUNC,GLOBAL,DEFAULT,9,True
2930,_ZN10_k_Bgam3zA10FN8NLaq0NPENS_6RegionEf,"_k_Bgam3zA::FN8NLaq0NP(_k_Bgam3zA::Region, float)",,0x1c67e4,512,FUNC,GLOBAL,DEFAULT,9,True
2931,_Z10VhYyIbLk15R10i7FHgaP2lFRbP10JQknDa08eKii,"VhYyIbLk15(i7FHgaP2lF&, bool&, JQknDa08eK*, int, int)",,0x16958c,344,FUNC,GLOBAL,DEFAULT,9,True
2932,_ZN10KGeN2aIY1XD0Ev,KGeN2aIY1X::~KGeN2aIY1X(),,0x22f6e8,72,FUNC,WEAK,DEFAULT,9,True
2933,_ZNK10vy1JgaKVkH10JtTLgaLhUIEPKv,vy1JgaKVkH::JtTLgaLhUI(void const*) const,,0xed9e4,80,FUNC,GLOBAL,DEFAULT,9,True
2934,_ZN10LBgVgaqANQ10pVC7Ia_l1zEv,LBgVgaqANQ::pVC7Ia_l1z(),,0x18adbc,36,FUNC,GLOBAL,DEFAULT,9,True
2935,_ZN20_YTgFa6HPkPropertiesC1Ev,_YTgFa6HPkProperties::_YTgFa6HPkProperties(),,0x1b05e8,176,FUNC,GLOBAL,DEFAULT,9,True
2936,_ZN10f6WHgaQkAF10ztAygaBiIxERK10C8THgaTQxF,f6WHgaQkAF::ztAygaBiIx(C8THgaTQxF const&),,0xefb7c,80,FUNC,GLOBAL,DEFAULT,9,True
2937,_ZN20VGk7faT0MaPropertiesD2Ev,VGk7faT0MaProperties::~VGk7faT0MaProperties(),,0x1e5724,28,FUNC,WEAK,DEFAULT,9,True
2938,_ZN10W6NzgawMJy10eO1mwaW7ZQEi,W6NzgawMJy::eO1mwaW7ZQ(int),,0x178a6c,8,FUNC,GLOBAL,DEFAULT,9,True
2939,_ZN10oJlO1aTTY710e9W7IarniAERK10C8THgaTQxF,oJlO1aTTY7::e9W7IarniA(C8THgaTQxF const&),,0x15f430,584,FUNC,GLOBAL,DEFAULT,9,True
2940,_ZThn16_N20ZwL1xarB5ePropertiesD0Ev,non-virtual thunk to ZwL1xarB5eProperties::~ZwL1xarB5eProperties(),,0x1e7cac,8,FUNC,WEAK,DEFAULT,9,True
2941,_ZN20_YTgFa6HPkPropertiesD2Ev,_YTgFa6HPkProperties::~_YTgFa6HPkProperties(),,0x1b09e4,28,FUNC,WEAK,DEFAULT,9,True
2942,_ZN10LBgVgaqANQ10JhjWgazQFREv,LBgVgaqANQ::JhjWgazQFR(),,0x188e58,168,FUNC,GLOBAL,DEFAULT,9,True
2943,_ZN10AS80gaE4zW10jNXQga4U9MEv,AS80gaE4zW::jNXQga4U9M(),,0x1d69a8,72,FUNC,GLOBAL,DEFAULT,9,True
2944,_ZNK10vuuHgangcF10JtTLgaLhUIERK10C8THgaTQxF,vuuHgangcF::JtTLgaLhUI(C8THgaTQxF const&) const,,0xf6f50,76,FUNC,GLOBAL,DEFAULT,9,True
2945,_ZN10XJLBgarMnA10j9gLgaw2nIEv,XJLBgarMnA::j9gLgaw2nI(),,0x20a898,92,FUNC,GLOBAL,DEFAULT,9,True
2946,_ZN10LBgVgaqANQ10W9g1Ia82GuEb,LBgVgaqANQ::W9g1Ia82Gu(bool),,0x18b3b0,316,FUNC,GLOBAL,DEFAULT,9,True
2947,_ZN10imqXgalNBSD0Ev,imqXgalNBS::~imqXgalNBS(),,0x1e4ce0,92,FUNC,WEAK,DEFAULT,9,True
2948,_ZN10mTAogaaEip10hLCogasdkpERK10C8THgaTQxFb,"mTAogaaEip::hLCogasdkp(C8THgaTQxF const&, bool)",,0x225ea4,856,FUNC,GLOBAL,DEFAULT,9,True
2949,_ZN10N67CMatrxwC1EP10G0gxgajWBw,N67CMatrxw::N67CMatrxw(G0gxgajWBw*),,0x232ec8,244,FUNC,GLOBAL,DEFAULT,9,True
2950,_ZN10StGQIaOlWk10OQhoIa5C2XERK10C8THgaTQxFiii,"StGQIaOlWk::OQhoIa5C2X(C8THgaTQxF const&, int, int, int)",,0x10f59c,100,FUNC,GLOBAL,DEFAULT,9,True
2951,_ZN10k3yv6au694C1Ev,k3yv6au694::k3yv6au694(),,0x19b3e0,52,FUNC,GLOBAL,DEFAULT,9,True
2952,_ZN10s40xgamwex10BbvgHauRu0Eiiii,"s40xgamwex::BbvgHauRu0(int, int, int, int)",,0x1053d8,232,FUNC,GLOBAL,DEFAULT,9,True
2953,s_YwgafWlwOnln2aNBfC,s_YwgafWlwOnln2aNBfC,,0x3a34c8,8,OBJECT,GLOBAL,DEFAULT,19,True
2954,_ZN10mTAogaaEip10QaxNJaNwh8EP10G0gxgajWBwRK10C8THgaTQxFd,"mTAogaaEip::QaxNJaNwh8(G0gxgajWBw*, C8THgaTQxF const&, double)",,0x223b30,60,FUNC,GLOBAL,DEFAULT,9,True
2955,_ZN10Q8n_Fa6V5WC1ERK10C8THgaTQxF,Q8n_Fa6V5W::Q8n_Fa6V5W(C8THgaTQxF const&),,0x1ca880,52,FUNC,GLOBAL,DEFAULT,9,True
2956,_ZN6CyaInt25CyaSSL_X509_get_subjectCNEPNS_11CYASSL_X509E,CyaInt::CyaSSL_X509_get_subjectCN(CyaInt::CYASSL_X509*),,0x2d3a84,16,FUNC,GLOBAL,DEFAULT,9,True
2957,FT_Library_Version,FT_Library_Version,,0x25b2e8,60,FUNC,GLOBAL,DEFAULT,9,True
2958,_ZN10KKhLga4xoI10GmxaEaJGtpEv,KKhLga4xoI::GmxaEaJGtp(),,0xeb754,304,FUNC,GLOBAL,DEFAULT,9,True
2959,_ZN10MpGzgariDy10K2iswaYDqVEi,MpGzgariDy::K2iswaYDqV(int),,0x18ea64,8,FUNC,WEAK,DEFAULT,9,True
2960,_Z14yajl_do_finishP13yajl_handle_t,yajl_do_finish(yajl_handle_t*),,0x2c0988,196,FUNC,GLOBAL,DEFAULT,9,True
2961,_ZN10u0eyga1eqxD1Ev,u0eyga1eqx::~u0eyga1eqx(),,0x1e0ddc,68,FUNC,GLOBAL,DEFAULT,9,True
2962,_ZNK10CanTfaz6bZ10Ven3gakasYERKS_,CanTfaz6bZ::Ven3gakasY(CanTfaz6bZ const&) const,,0xf9090,232,FUNC,GLOBAL,DEFAULT,9,True
2963,_ZN10r1dvgaPpTuD1Ev,r1dvgaPpTu::~r1dvgaPpTu(),,0xffc04,64,FUNC,GLOBAL,DEFAULT,9,True
2964,_Z28yajl_set_default_alloc_funcsP16yajl_alloc_funcs,yajl_set_default_alloc_funcs(yajl_alloc_funcs*),,0x2bcd28,44,FUNC,GLOBAL,DEFAULT,9,True
2965,BZ2_bzCompressEnd,BZ2_bzCompressEnd,,0x2814ec,156,FUNC,GLOBAL,DEFAULT,9,True
2966,af_latin2_script_class,af_latin2_script_class,,0x3713f0,64,OBJECT,GLOBAL,DEFAULT,15,True
2967,_ZN10zF9VgaBKxR10VicXmbBYpVEv,zF9VgaBKxR::VicXmbBYpV(),,0x1ae584,4,FUNC,GLOBAL,DEFAULT,9,True
2968,_ZThn16_N20v9r4yaCim7PropertiesD0Ev,non-virtual thunk to v9r4yaCim7Properties::~v9r4yaCim7Properties(),,0x1c49b8,8,FUNC,WEAK,DEFAULT,9,True
2969,_ZN20u0eyga1eqxPropertiesD2Ev,u0eyga1eqxProperties::~u0eyga1eqxProperties(),,0x1e3e80,28,FUNC,WEAK,DEFAULT,9,True
2970,_ZN10N67CMatrxw10qWpVfbRqV_Ev,N67CMatrxw::qWpVfbRqV_(),,0x230990,152,FUNC,GLOBAL,DEFAULT,9,True
2971,_ZN10oMhmIajzmW10D8eJfa_lGQEiiPKfS1_S1_S1_PKvii,"oMhmIajzmW::D8eJfa_lGQ(int, int, float const*, float const*, float const*, float const*, void const*, int, int)",,0x100980,4,FUNC,WEAK,DEFAULT,9,True
2972,_ZN20VGEwBaTQ4aPropertiesD0Ev,VGEwBaTQ4aProperties::~VGEwBaTQ4aProperties(),,0x1e5d08,56,FUNC,WEAK,DEFAULT,9,True
2973,_ZN10xiYWfajld110JPTsLagAVxEi,xiYWfajld1::JPTsLagAVx(int),,0x2094c0,2772,FUNC,GLOBAL,DEFAULT,9,True
2974,_Z10AWPmLa0iPsv,AWPmLa0iPs(),,0xfa7e8,68,FUNC,GLOBAL,DEFAULT,9,True
2975,_ZN10W6NzgawMJy10fAkcNaaWZ_Ei,W6NzgawMJy::fAkcNaaWZ_(int),,0x1751b8,3668,FUNC,GLOBAL,DEFAULT,9,True
2976,_ZN10a7qxJaHqKV10OJmJJacKM4Ev,a7qxJaHqKV::OJmJJacKM4(),,0x160368,64,FUNC,GLOBAL,DEFAULT,9,True
2977,_ZN6CyaInt10mp_set_intEPNS_6mp_intEm,"CyaInt::mp_set_int(CyaInt::mp_int*, unsigned long)",,0x2cb178,120,FUNC,GLOBAL,DEFAULT,9,True
2978,ft_smooth_lcd_renderer_class1,ft_smooth_lcd_renderer_class1,,0x380010,120,OBJECT,GLOBAL,DEFAULT,15,True
2979,_ZN6CyaInt30CyaSSL_CertManagerVerifyBufferEPNS_19CYASSL_CERT_MANAGEREPKhli,"CyaInt::CyaSSL_CertManagerVerifyBuffer(CyaInt::CYASSL_CERT_MANAGER*, unsigned char const*, long, int)",,0x2d22c4,220,FUNC,GLOBAL,DEFAULT,9,True
2980,_ZN10u0eyga1eqx10r1SwgaPUgwEii,"u0eyga1eqx::r1SwgaPUgw(int, int)",,0x1e34e8,328,FUNC,GLOBAL,DEFAULT,9,True
2981,_ZN6CyaInt18CyaSSL_set_timeoutEPNS_6CYASSLEj,"CyaInt::CyaSSL_set_timeout(CyaInt::CYASSL*, unsigned int)",,0x2d2ee4,24,FUNC,GLOBAL,DEFAULT,9,True
2982,_Z10wC1CGa7YrtRK10dVIHgaIooF,wC1CGa7Yrt(dVIHgaIooF const&),,0x1e7d40,128,FUNC,GLOBAL,DEFAULT,9,True
2983,_ZN10zF9VgaBKxR10CGk7IaA0MzEddb,"zF9VgaBKxR::CGk7IaA0Mz(double, double, bool)",,0x1aab3c,204,FUNC,GLOBAL,DEFAULT,9,True
2984,_ZN10_k_Bgam3zAC1ERK10C8THgaTQxF,_k_Bgam3zA::_k_Bgam3zA(C8THgaTQxF const&),,0x1c5448,208,FUNC,GLOBAL,DEFAULT,9,True
2985,FT_List_Up,FT_List_Up,,0x25f9fc,56,FUNC,GLOBAL,DEFAULT,9,True
2986,_ZThn16_N20u0eyga1eqxPropertiesD0Ev,non-virtual thunk to u0eyga1eqxProperties::~u0eyga1eqxProperties(),,0x1e3f1c,8,FUNC,WEAK,DEFAULT,9,True
2987,jpeg_start_compress,jpeg_start_compress,,0x2a5834,176,FUNC,GLOBAL,DEFAULT,9,True
2988,_ZN10IUKzgam4Gy10HTzYZaBOzKEv,IUKzgam4Gy::HTzYZaBOzK(),,0xe16ec,64,FUNC,GLOBAL,DEFAULT,9,True
2989,_Z10cR191aka3qRK10C8THgaTQxF,cR191aka3q(C8THgaTQxF const&),,0x20d20c,40,FUNC,GLOBAL,DEFAULT,9,True
2990,_ZN10oAgxlbdzBJD2Ev,oAgxlbdzBJ::~oAgxlbdzBJ(),,0x245e6c,4,FUNC,GLOBAL,DEFAULT,9,True
2991,_Z10AOQdJah2fFRK10C8THgaTQxF,AOQdJah2fF(C8THgaTQxF const&),,0xf59f8,404,FUNC,GLOBAL,DEFAULT,9,True
2992,_ZN10ZAuvgaUl6u10MaUqHaJSe9Ev,ZAuvgaUl6u::MaUqHaJSe9(),,0x205000,212,FUNC,GLOBAL,DEFAULT,9,True
2993,_ZN10AS80gaE4zWC2EP10J7zOgaf09K,AS80gaE4zW::AS80gaE4zW(J7zOgaf09K*),,0x1d73cc,280,FUNC,GLOBAL,DEFAULT,9,True
2994,_ZN10u0eyga1eqx4sortEib,"u0eyga1eqx::sort(int, bool)",,0x1e2478,28,FUNC,GLOBAL,DEFAULT,9,True
2995,_ZThn16_N20RZNxgaOF2wPropertiesD1Ev,non-virtual thunk to RZNxgaOF2wProperties::~RZNxgaOF2wProperties(),,0x1e3e78,8,FUNC,WEAK,DEFAULT,9,True
2996,_ZNK10w9XxgaJdbx10eVxz1aJ8vWERK10qdSBga_dtAbb,"w9XxgaJdbx::eVxz1aJ8vW(qdSBga_dtA const&, bool, bool) const",,0x1b9c78,144,FUNC,GLOBAL,DEFAULT,9,True
2997,_ZN20XCASBayqxtPropertiesC2Ev,XCASBayqxtProperties::XCASBayqxtProperties(),,0x1b0c04,176,FUNC,GLOBAL,DEFAULT,9,True
2998,_ZN6CyaInt17CyaSSL_get_cipherEPNS_6CYASSLE,CyaInt::CyaSSL_get_cipher(CyaInt::CYASSL*),,0x2d3a68,24,FUNC,GLOBAL,DEFAULT,9,True
2999,_ZN10zF9VgaBKxR10uLrpmbFY0sEv,zF9VgaBKxR::uLrpmbFY0s(),,0x1ae588,4,FUNC,GLOBAL,DEFAULT,9,True
3000,cipher_is_valid,cipher_is_valid,,0x2557d0,60,FUNC,GLOBAL,DEFAULT,9,True
3001,_ZN10_k_Bgam3zA10JuyKBaBDMmEv,_k_Bgam3zA::JuyKBaBDMm(),,0x1c9afc,28,FUNC,WEAK,DEFAULT,9,True
3002,_Z10No9HGaCwLxPKfPf,"No9HGaCwLx(float const*, float*)",,0x1e5d94,652,FUNC,GLOBAL,DEFAULT,9,True
3003,_ZTV20c3fygag7qxProperties,vtable for c3fygag7qxProperties,,0x37a090,88,OBJECT,WEAK,DEFAULT,15,True
3004,_ZN10IMzlIaJILV10q3OrAauz0gEv,IMzlIaJILV::q3OrAauz0g(),,0x19b968,20,FUNC,GLOBAL,DEFAULT,9,True
3005,_ZTV10ZAuvgaUl6u,vtable for ZAuvgaUl6u,,0x37cc20,320,OBJECT,WEAK,DEFAULT,15,True
3006,_ZThn16_N20Q8n_Fa6V5WPropertiesD0Ev,non-virtual thunk to Q8n_Fa6V5WProperties::~Q8n_Fa6V5WProperties(),,0x1cb3d0,8,FUNC,WEAK,DEFAULT,9,True
3007,strtol@LIBC (2),strtol,LIBC (2),0x0,0,FUNC,GLOBAL,DEFAULT,UND,False
3008,_ZN10SU3JfaCUmR10AixzfagDvIEP10MiAzfay9xI,SU3JfaCUmR::AixzfagDvI(MiAzfay9xI*),,0x10c698,4,FUNC,GLOBAL,DEFAULT,9,True
3009,_ZN10SsrLga3IwI10jY8XBaq9cyEP10w9XxgaJdbx,SsrLga3IwI::jY8XBaq9cy(w9XxgaJdbx*),,0x1b36bc,36,FUNC,GLOBAL,DEFAULT,9,True
3010,_ZTV10AeOgLaUSKn,vtable for AeOgLaUSKn,,0x375260,552,OBJECT,WEAK,DEFAULT,15,True
3011,_ZN10ULeBJaZ1WYC1E10jIVAJaS9FYff,"ULeBJaZ1WY::ULeBJaZ1WY(jIVAJaS9FY, float, float)",,0x242624,228,FUNC,GLOBAL,DEFAULT,9,True
3012,_ZN20u0eyga1eqxPropertiesC1Ev,u0eyga1eqxProperties::u0eyga1eqxProperties(),,0x1e17c4,176,FUNC,GLOBAL,DEFAULT,9,True
3013,glLoadMatrixf,glLoadMatrixf,,0x0,0,FUNC,GLOBAL,DEFAULT,UND,False
3014,_ZN6CyaInt9mp_invmodEPNS_6mp_intES1_S1_,"CyaInt::mp_invmod(CyaInt::mp_int*, CyaInt::mp_int*, CyaInt::mp_int*)",,0x2c87d0,80,FUNC,GLOBAL,DEFAULT,9,True
3015,jpeg_alloc_quant_table,jpeg_alloc_quant_table,,0x2a9ad4,44,FUNC,GLOBAL,DEFAULT,9,True
3016,_ZN20ln7yHaeP9fPropertiesD1Ev,ln7yHaeP9fProperties::~ln7yHaeP9fProperties(),,0x1d0108,28,FUNC,WEAK,DEFAULT,9,True
3017,_Z10sdJdgaWE9fP10W6NzgawMJyfffb,"sdJdgaWE9f(W6NzgawMJy*, float, float, float, bool)",,0x16d594,264,FUNC,GLOBAL,DEFAULT,9,True
3018,_ZNK10Fcx_gaoydV10BFUyCaJhZ2EP10nenvgaH9_u,Fcx_gaoydV::BFUyCaJhZ2(nenvgaH9_u*) const,,0x153fdc,480,FUNC,GLOBAL,DEFAULT,9,True
3019,_ZN10SU3JfaCUmR10zBSOfaeypVEP10TZf6gaQ3S_iiPKciiRK10KcKRganuPN,"SU3JfaCUmR::zBSOfaeypV(TZf6gaQ3S_*, int, int, char const*, int, int, KcKRganuPN const&)",,0x10ef34,4,FUNC,GLOBAL,DEFAULT,9,True
3020,_ZN10w9XxgaJdbx10u1zrJaSVOQEf,w9XxgaJdbx::u1zrJaSVOQ(float),,0x1bebe0,40,FUNC,GLOBAL,DEFAULT,9,True
3021,_Z10OEJIkb50e2i,OEJIkb50e2(int),,0x1971d0,16,FUNC,GLOBAL,DEFAULT,9,True
3022,listen@LIBC (2),listen,LIBC (2),0x0,0,FUNC,GLOBAL,DEFAULT,UND,False
3023,_ZN10xiYWfajld110mEwWfay4Q0Ev,xiYWfajld1::mEwWfay4Q0(),,0x2087a8,76,FUNC,GLOBAL,DEFAULT,9,True
3024,_ZN10GbMhIaz9ySD1Ev,GbMhIaz9yS::~GbMhIaz9yS(),,0x1c0278,148,FUNC,GLOBAL,DEFAULT,9,True
3025,_ZN20o3AZxayNqcPropertiesC1Ev,o3AZxayNqcProperties::o3AZxayNqcProperties(),,0x1e7370,176,FUNC,GLOBAL,DEFAULT,9,True
3026,_ZN10pdnkJaZ8KK10rVjVga1mQQERK10C8THgaTQxF10RiQ7IaxCcAP10G0gxgajWBw,"pdnkJaZ8KK::rVjVga1mQQ(C8THgaTQxF const&, RiQ7IaxCcA, G0gxgajWBw*)",,0x242228,104,FUNC,GLOBAL,DEFAULT,9,True
3027,_ZN10V8fxgahcBw10LlAS2aYbx1EiiRK10C8THgaTQxFiiii,"V8fxgahcBw::LlAS2aYbx1(int, int, C8THgaTQxF const&, int, int, int, int)",,0x11bdd4,284,FUNC,GLOBAL,DEFAULT,9,True
3028,_ZN20pTy_fadYe4PropertiesC2Ev,pTy_fadYe4Properties::pTy_fadYe4Properties(),,0x1956e0,248,FUNC,GLOBAL,DEFAULT,9,True
3029,_ZTV20o3AZxayNqcProperties,vtable for o3AZxayNqcProperties,,0x37c190,88,OBJECT,WEAK,DEFAULT,15,True
3030,deflateSetHeader,deflateSetHeader,,0x28ef90,44,FUNC,GLOBAL,DEFAULT,9,True
3031,_ZN10xiYWfajld110mLqqLax7QvE,xiYWfajld1::mLqqLax7Qv,,0x3a4d88,1,OBJECT,GLOBAL,DEFAULT,19,True
3032,_ZN10G0gxgajWBw10GXtpMaRO2kEb,G0gxgajWBw::GXtpMaRO2k(bool),,0x215394,20,FUNC,GLOBAL,DEFAULT,9,True
3033,_ZN10mTAogaaEip10rGDNOaj_mlEv,mTAogaaEip::rGDNOaj_ml(),,0x223cf0,496,FUNC,GLOBAL,DEFAULT,9,True
3034,_ZN10IUKzgam4Gy10hPTMgaJzKJEdd,"IUKzgam4Gy::hPTMgaJzKJ(double, double)",,0xe1d74,408,FUNC,GLOBAL,DEFAULT,9,True
3035,_ZN10IUKzgam4Gy10jIWZZaS_ILERK10C8THgaTQxF,IUKzgam4Gy::jIWZZaS_IL(C8THgaTQxF const&),,0xe1a78,40,FUNC,GLOBAL,DEFAULT,9,True
3036,_ZN10KKhLga4xoI9addObjectEP10J7zOgaf09K,KKhLga4xoI::addObject(J7zOgaf09K*),,0xeb964,64,FUNC,GLOBAL,DEFAULT,9,True
3037,_ZN10s40xgamwex10frOMKaB2FYE,s40xgamwex::frOMKaB2FY,,0x3a0838,8,OBJECT,GLOBAL,DEFAULT,19,True
3038,_ZTV10V8fxgahcBw,vtable for V8fxgahcBw,,0x373310,320,OBJECT,WEAK,DEFAULT,15,True
3039,_ZN10SDrvgadS3u10PlC2Sa1SOVERK10C8THgaTQxF,SDrvgadS3u::PlC2Sa1SOV(C8THgaTQxF const&),,0x1ffe68,80,FUNC,GLOBAL,DEFAULT,9,True
3040,_ZThn16_N20c3fygag7qxPropertiesD0Ev,non-virtual thunk to c3fygag7qxProperties::~c3fygag7qxProperties(),,0x1ddd94,8,FUNC,WEAK,DEFAULT,9,True
3041,_ZN10w6qzgacqqy10q0bJxa3IDZE,w6qzgacqqy::q0bJxa3IDZ,,0x3a36e8,8,OBJECT,GLOBAL,DEFAULT,19,True
3042,_ZN10G0gxgajWBw11writeToFileERK10C8THgaTQxFS2_jbbi,"G0gxgajWBw::writeToFile(C8THgaTQxF const&, C8THgaTQxF const&, unsigned int, bool, bool, int)",,0x218954,456,FUNC,GLOBAL,DEFAULT,9,True
3043,_ZNK10bNZvga2Awv10DlUjZaW0lcEv,bNZvga2Awv::DlUjZaW0lc() const,,0xf0b08,172,FUNC,GLOBAL,DEFAULT,9,True
3044,_ZN10H4zIGaBY6xD2Ev,H4zIGaBY6x::~H4zIGaBY6x(),,0xf01bc,104,FUNC,GLOBAL,DEFAULT,9,True
3045,FT_MulFix,FT_MulFix,,0x259434,120,FUNC,GLOBAL,DEFAULT,9,True
3046,_ZN10ieJzgaIFFy10p_Jzga6iGyEv,ieJzgaIFFy::p_Jzga6iGy(),,0x1649e0,356,FUNC,GLOBAL,DEFAULT,9,True
3047,_ZN10rizMgadjtJ10kQK7faC07aEPfS0_,"rizMgadjtJ::kQK7faC07a(float*, float*)",,0x1e97c0,64,FUNC,GLOBAL,DEFAULT,9,True
3048,_ZN10xiYWfajld110HJ1lLab48rE,xiYWfajld1::HJ1lLab48r,,0x399180,8,OBJECT,GLOBAL,DEFAULT,18,True
3049,_ZN10Fcx_gaoydV10j9gLgaw2nIEv,Fcx_gaoydV::j9gLgaw2nI(),,0x115420,116,FUNC,GLOBAL,DEFAULT,9,True
3050,des_ecb_decrypt,des_ecb_decrypt,,0x254344,288,FUNC,GLOBAL,DEFAULT,9,True
3051,_ZTV10W6NzgawMJy,vtable for W6NzgawMJy,,0x3741e0,880,OBJECT,WEAK,DEFAULT,15,True
3052,_ZTV10ohGYZakbFK,vtable for ohGYZakbFK,,0x371af0,160,OBJECT,WEAK,DEFAULT,15,True
3053,_ZN10AK892aVY8gD0Ev,AK892aVY8g::~AK892aVY8g(),,0x11d600,48,FUNC,WEAK,DEFAULT,9,True
3054,_ZN10VGk7faT0Ma10bdqDgaFFMBERK10eY2wgaf6pw,VGk7faT0Ma::bdqDgaFFMB(eY2wgaf6pw const&),,0x1e4d98,484,FUNC,GLOBAL,DEFAULT,9,True
3055,deflateInit_,deflateInit_,,0x291184,28,FUNC,GLOBAL,DEFAULT,9,True
3056,_ZN10w9XxgaJdbx10_VJw1aAf9TEv,w9XxgaJdbx::_VJw1aAf9T(),,0x1b7420,40,FUNC,GLOBAL,DEFAULT,9,True
3057,_ZN10s_YwgafWlw10PHFwgaxH5vERK10eY2wgaf6pw,s_YwgafWlw::PHFwgaxH5v(eY2wgaf6pw const&),,0x1dab64,92,FUNC,GLOBAL,DEFAULT,9,True
3058,_Z10mZquxajjdNRK10qdSBga_dtA,mZquxajjdN(qdSBga_dtA const&),,0x1e7f08,316,FUNC,GLOBAL,DEFAULT,9,True
3059,_ZN10nenvgaH9_u5ClearEv,nenvgaH9_u::Clear(),,0xf1af8,40,FUNC,GLOBAL,DEFAULT,9,True
3060,_ZN10s_YwgafWlw10tFVc4aB7t9Eb,s_YwgafWlw::tFVc4aB7t9(bool),,0x1db218,104,FUNC,GLOBAL,DEFAULT,9,True
3061,_Z10WzyXga0HISv,WzyXga0HIS(),,0x1e4a84,128,FUNC,GLOBAL,DEFAULT,9,True
3062,_ZN10G0gxgajWBw10ctWGMa8NJzEv,G0gxgajWBw::ctWGMa8NJz(),,0x21503c,16,FUNC,GLOBAL,DEFAULT,9,True
3063,_ZN10SsrLga3IwI10IH4hIaqzPSEP10w9XxgaJdbx,SsrLga3IwI::IH4hIaqzPS(w9XxgaJdbx*),,0x1b5534,356,FUNC,GLOBAL,DEFAULT,9,True
3064,_ZN10XoqxgaMPJw10py0qgaE4krERK10C8THgaTQxF,XoqxgaMPJw::py0qgaE4kr(C8THgaTQxF const&),,0x1144e8,4,FUNC,GLOBAL,DEFAULT,9,True
3065,_ZN10XJLBgarMnA10S12AgafaNzERK10C8THgaTQxF,XJLBgarMnA::S12AgafaNz(C8THgaTQxF const&),,0x20b070,80,FUNC,GLOBAL,DEFAULT,9,True
3066,_ZN10OYYKfaPU7R10NkzLfaflDSEv,OYYKfaPU7R::NkzLfaflDS(),,0x100bb4,44,FUNC,GLOBAL,DEFAULT,9,True
3067,_ZN10Kc8uganwOu10NiGdgazc7fERK10C8THgaTQxF,Kc8uganwOu::NiGdgazc7f(C8THgaTQxF const&),,0x169b6c,256,FUNC,GLOBAL,DEFAULT,9,True
3068,_ZN10_k_Bgam3zAD0Ev,_k_Bgam3zA::~_k_Bgam3zA(),,0x1c9bb8,60,FUNC,WEAK,DEFAULT,9,True
3069,_ZN10o3AZxayNqcC2ERK10C8THgaTQxF,o3AZxayNqc::o3AZxayNqc(C8THgaTQxF const&),,0x1e7444,48,FUNC,GLOBAL,DEFAULT,9,True
3070,_ZN10SU3JfaCUmR10aZ9nIa7_WXEv,SU3JfaCUmR::aZ9nIa7_WX(),,0x10f514,8,FUNC,WEAK,DEFAULT,9,True
3071,_ZN10RWahgahP3i10_hfzFaWtgAERK10bagMga8cdJi,"RWahgahP3i::_hfzFaWtgA(bagMga8cdJ const&, int)",,0x1ea0b4,356,FUNC,GLOBAL,DEFAULT,9,True
3072,_ZN10UbihxaHV9BC2ERK10C8THgaTQxF,UbihxaHV9B::UbihxaHV9B(C8THgaTQxF const&),,0x171860,244,FUNC,GLOBAL,DEFAULT,9,True
3073,_ZN10N67CMatrxw10lhv_fahWb4EP10zW2NgaU4IK,N67CMatrxw::lhv_fahWb4(zW2NgaU4IK*),,0x232fbc,180,FUNC,GLOBAL,DEFAULT,9,True
3074,_ZN10OYYKfaPU7R10vSc2MazrtSEffff,"OYYKfaPU7R::vSc2MazrtS(float, float, float, float)",,0x100be4,72,FUNC,GLOBAL,DEFAULT,9,True
3075,_ZN10OYYKfaPU7R10u9WRgaBn_NERK10KcKRganuPNRK10eY2wgaf6pwPKci,"OYYKfaPU7R::u9WRgaBn_N(KcKRganuPN const&, eY2wgaf6pw const&, char const*, int)",,0x1049a0,448,FUNC,GLOBAL,DEFAULT,9,True
3076,_ZN10zW2NgaU4IKC2ERK10C8THgaTQxF,zW2NgaU4IK::zW2NgaU4IK(C8THgaTQxF const&),,0x21b728,508,FUNC,GLOBAL,DEFAULT,9,True
3077,_ZN20V8fxgahcBwPropertiesD2Ev,V8fxgahcBwProperties::~V8fxgahcBwProperties(),,0x11d4cc,28,FUNC,WEAK,DEFAULT,9,True
3078,_ZN10ln7yHaeP9f10Hj3TvbdpMrEv,ln7yHaeP9f::Hj3TvbdpMr(),,0x1ce970,156,FUNC,GLOBAL,DEFAULT,9,True
3079,_ZN10C8THgaTQxF9vsnprintfEPciPKcSt9__va_list,"C8THgaTQxF::vsnprintf(char*, int, char const*, std::__va_list)",,0xf3f64,200,FUNC,GLOBAL,DEFAULT,9,True
3080,_ZN10imqXgalNBSC2ERK10C8THgaTQxF,imqXgalNBS::imqXgalNBS(C8THgaTQxF const&),,0x1e49b0,56,FUNC,GLOBAL,DEFAULT,9,True
3081,_Z10sb6TDalPOav,sb6TDalPOa(),,0x16a620,68,FUNC,GLOBAL,DEFAULT,9,True
3082,_ZTV10r1dvgaPpTu,vtable for r1dvgaPpTu,,0x371fd0,48,OBJECT,WEAK,DEFAULT,15,True
3083,_ZN10G0gxgajWBw10MSgsMaQOonERK10C8THgaTQxF,G0gxgajWBw::MSgsMaQOon(C8THgaTQxF const&),,0x218d70,200,FUNC,GLOBAL,DEFAULT,9,True
3084,_ZN10w9XxgaJdbx10QsYBgaWtyAEPS_,w9XxgaJdbx::QsYBgaWtyA(w9XxgaJdbx*),,0x1b8524,88,FUNC,GLOBAL,DEFAULT,9,True
3085,_ZThn16_N20_YTgFa6HPkPropertiesD0Ev,non-virtual thunk to _YTgFa6HPkProperties::~_YTgFa6HPkProperties(),,0x1b0a40,8,FUNC,WEAK,DEFAULT,9,True
3086,_ZN10X7ZxganTcx10t5AMgadPuJEv,X7ZxganTcx::t5AMgadPuJ(),,0x100134,40,FUNC,GLOBAL,DEFAULT,9,True
3087,_ZN10ieJzgaIFFy10ex97IaxDtAEv,ieJzgaIFFy::ex97IaxDtA(),,0x16098c,8,FUNC,GLOBAL,DEFAULT,9,True
3088,_ZN10GbMhIaz9yS10vsRpGaBAmiEPKcjjbbb,"GbMhIaz9yS::vsRpGaBAmi(char const*, unsigned int, unsigned int, bool, bool, bool)",,0x1c1270,480,FUNC,GLOBAL,DEFAULT,9,True
3089,_ZN10yXeHMaPb_zC2EdRK10C8THgaTQxFP10G0gxgajWBw,"yXeHMaPb_z::yXeHMaPb_z(double, C8THgaTQxF const&, G0gxgajWBw*)",,0x230070,244,FUNC,GLOBAL,DEFAULT,9,True
3090,_ZN10vuuHgangcF10juVsfa5YWCERK10C8THgaTQxFS2_,"vuuHgangcF::juVsfa5YWC(C8THgaTQxF const&, C8THgaTQxF const&)",,0xf79f0,408,FUNC,GLOBAL,DEFAULT,9,True
3091,_ZN10XCASBayqxt10Ek0Mfa6TQTEv,XCASBayqxt::Ek0Mfa6TQT(),,0x1b0ea0,76,FUNC,GLOBAL,DEFAULT,9,True
3092,_ZN10oMhmIajzmW10KUfmIao_kWEfffffff,"oMhmIajzmW::KUfmIao_kW(float, float, float, float, float, float, float)",,0x106788,296,FUNC,GLOBAL,DEFAULT,9,True
3093,_ZN10W6NzgawMJy10p5bXwa9MpkEi,W6NzgawMJy::p5bXwa9Mpk(int),,0x179bb8,540,FUNC,GLOBAL,DEFAULT,9,True
3094,_ZN10SsrLga3IwI10DNKOLaoZiQERK10C8THgaTQxFf,"SsrLga3IwI::DNKOLaoZiQ(C8THgaTQxF const&, float)",,0x1b3ec4,132,FUNC,GLOBAL,DEFAULT,9,True
3095,Nij3MazRoT,Nij3MazRoT,,0x39a459,1,OBJECT,GLOBAL,DEFAULT,18,True
3096,_ZN10zF9VgaBKxR10XYdUlb3mV1Eii,"zF9VgaBKxR::XYdUlb3mV1(int, int)",,0x1a805c,320,FUNC,GLOBAL,DEFAULT,9,True
3097,_ZN10W6NzgawMJy10GfKrwaWwXUEv,W6NzgawMJy::GfKrwaWwXU(),,0x17f88c,40,FUNC,WEAK,DEFAULT,9,True
3098,_ZN10vuuHgangcF10gzgLgalynIERK10C8THgaTQxF,vuuHgangcF::gzgLgalynI(C8THgaTQxF const&),,0xf71a8,676,FUNC,GLOBAL,DEFAULT,9,True
3099,_ZN10BP3Kfa2PcS10PHFwgaxH5vEii,"BP3Kfa2PcS::PHFwgaxH5v(int, int)",,0x10b050,60,FUNC,GLOBAL,DEFAULT,9,True
3100,_ZN10AS80gaE4zW10NDTQga8p6MEv,AS80gaE4zW::NDTQga8p6M(),,0x1d75f0,88,FUNC,GLOBAL,DEFAULT,9,True
3101,BZ2_rNums,BZ2_rNums,,0x39f640,2048,OBJECT,GLOBAL,DEFAULT,18,True
3102,_Z16RNG_GenerateByteP3RNG,RNG_GenerateByte(RNG*),,0x2cc8e4,36,FUNC,GLOBAL,DEFAULT,9,True
3103,_ZN10D2x4gaXfrZ10xYeSgaycfOE,D2x4gaXfrZ::xYeSgaycfO,,0x3a3458,4,OBJECT,GLOBAL,DEFAULT,19,True
3104,_ZN10rizMgadjtJ10waxLfatwBSEv,rizMgadjtJ::waxLfatwBS(),,0x1e9754,44,FUNC,GLOBAL,DEFAULT,9,True
3105,_ZN10eODlJaQ5OL10zE8FfaRT3NEv,eODlJaQ5OL::zE8FfaRT3N(),,0x240708,180,FUNC,GLOBAL,DEFAULT,9,True
3106,_ZN10w9XxgaJdbx10tK0KBaIeanEv,w9XxgaJdbx::tK0KBaIean(),,0x1bab44,16,FUNC,GLOBAL,DEFAULT,9,True
3107,_ZN10vuuHgangcF10q316gaulx0ERK10C8THgaTQxFS2_,"vuuHgangcF::q316gaulx0(C8THgaTQxF const&, C8THgaTQxF const&)",,0xf82f8,972,FUNC,GLOBAL,DEFAULT,9,True
3108,_ZN10Fcx_gaoydV10uk8ZKaXCT8EjjbNS_10ke4ZKaKaQ8E,"Fcx_gaoydV::uk8ZKaXCT8(unsigned int, unsigned int, bool, Fcx_gaoydV::ke4ZKaKaQ8)",,0x116980,748,FUNC,GLOBAL,DEFAULT,9,True
3109,_Z10IMaXHaJGoAv,IMaXHaJGoA(),,0x20e054,48,FUNC,GLOBAL,DEFAULT,9,True
3110,_ZN10w9XxgaJdbx10DzwnDaI0oKEPS_b,"w9XxgaJdbx::DzwnDaI0oK(w9XxgaJdbx*, bool)",,0x1b87c8,404,FUNC,GLOBAL,DEFAULT,9,True
3111,_ZN10imqXgalNBSC1ERK10C8THgaTQxF,imqXgalNBS::imqXgalNBS(C8THgaTQxF const&),,0x1e49b0,56,FUNC,GLOBAL,DEFAULT,9,True
3112,_ZN10W6NzgawMJy10GpIOwafZgdEdd,"W6NzgawMJy::GpIOwafZgd(double, double)",,0x172940,448,FUNC,GLOBAL,DEFAULT,9,True
3113,_ZN10RWahgahP3i10BgF_JaBkkjERK10C8THgaTQxF,RWahgahP3i::BgF_JaBkkj(C8THgaTQxF const&),,0x1ea5ac,456,FUNC,GLOBAL,DEFAULT,9,True
3114,_ZN10D6TlgajP1m10R8CcIadyeOEP10G0gxgajWBw,D6TlgajP1m::R8CcIadyeO(G0gxgajWBw*),,0x21ecd0,64,FUNC,GLOBAL,DEFAULT,9,True
3115,_Z15fread_file_funcPvS_S_m,"fread_file_func(void*, void*, void*, unsigned long)",,0x2590dc,24,FUNC,GLOBAL,DEFAULT,9,True
3116,_ZN10ZwL1xarB5eD2Ev,ZwL1xarB5e::~ZwL1xarB5e(),,0x1e7cf8,20,FUNC,WEAK,DEFAULT,9,True
3117,_ZN10G0gxgajWBw10rVjVga1mQQERK10C8THgaTQxF,G0gxgajWBw::rVjVga1mQQ(C8THgaTQxF const&),,0x213664,96,FUNC,GLOBAL,DEFAULT,9,True
3118,EGNYYawpLU,EGNYYawpLU,,0x3919f0,64,OBJECT,GLOBAL,DEFAULT,18,True
3119,_ZN10W6NzgawMJy10rshTwaxi7gEbb,"W6NzgawMJy::rshTwaxi7g(bool, bool)",,0x177308,476,FUNC,GLOBAL,DEFAULT,9,True
3120,_ZN10G0gxgajWBw10zYM_faGOq4Ev,G0gxgajWBw::zYM_faGOq4(),,0x21364c,24,FUNC,GLOBAL,DEFAULT,9,True
3121,_ZN10w9XxgaJdbx10P1Iz1aivFWERK10eY2wgaf6pwS2_,"w9XxgaJdbx::P1Iz1aivFW(eY2wgaf6pw const&, eY2wgaf6pw const&)",,0x1b7c70,124,FUNC,GLOBAL,DEFAULT,9,True
3122,_ZN10GbMhIaz9ySC2ERK10C8THgaTQxF,GbMhIaz9yS::GbMhIaz9yS(C8THgaTQxF const&),,0x1c07e8,60,FUNC,GLOBAL,DEFAULT,9,True
3123,_ZN20l8eTfaIl5YPropertiesD0Ev,l8eTfaIl5YProperties::~l8eTfaIl5YProperties(),,0x22c87c,56,FUNC,WEAK,DEFAULT,9,True
3124,_ZN10AICTfaebpZD1Ev,AICTfaebpZ::~AICTfaebpZ(),,0x21b6c0,72,FUNC,GLOBAL,DEFAULT,9,True
3125,_Z10J0L4Gam0CRv,J0L4Gam0CR(),,0x250bc8,412,FUNC,GLOBAL,DEFAULT,9,True
3126,glFinish,glFinish,,0x0,0,FUNC,GLOBAL,DEFAULT,UND,False
3127,_ZN10mTAogaaEip10KcycPanoaHEv,mTAogaaEip::KcycPanoaH(),,0x226da8,228,FUNC,GLOBAL,DEFAULT,9,True
3128,_ZN10SYX_HaZ3zD6actionERK10C8THgaTQxFS2_S2_d,"SYX_HaZ3zD::action(C8THgaTQxF const&, C8THgaTQxF const&, C8THgaTQxF const&, double)",,0xfa830,596,FUNC,GLOBAL,DEFAULT,9,True
3129,_ZN10LJyzga9Pwy10ib6axa5OXwEb,LJyzga9Pwy::ib6axa5OXw(bool),,0x10ab90,4,FUNC,WEAK,DEFAULT,9,True
3130,_ZN10QYZugaRKGu10JHX2IaxQ5vEv,QYZugaRKGu::JHX2IaxQ5v(),,0xea860,8,FUNC,GLOBAL,DEFAULT,9,True
3131,_ZN10u3cBgayBVz10Sf9Aga1oSzEb,u3cBgayBVz::Sf9Aga1oSz(bool),,0x20cf4c,36,FUNC,GLOBAL,DEFAULT,9,True
3132,_ZN10zF9VgaBKxR10hzR0YamGkXEdd,"zF9VgaBKxR::hzR0YamGkX(double, double)",,0x1aa1f4,304,FUNC,GLOBAL,DEFAULT,9,True
3133,_ZN10yWBvmbTwcy10IrrsfaYHxCEiiRK10C8THgaTQxF,"yWBvmbTwcy::IrrsfaYHxC(int, int, C8THgaTQxF const&)",,0x1a9708,100,FUNC,GLOBAL,DEFAULT,9,True
3134,_ZN6CyaInt7mp_growEPNS_6mp_intEi,"CyaInt::mp_grow(CyaInt::mp_int*, int)",,0x2c63e0,124,FUNC,GLOBAL,DEFAULT,9,True
3135,_ZN10nenvgaH9_u4readEPvi,"nenvgaH9_u::read(void*, int)",,0xf1b60,216,FUNC,GLOBAL,DEFAULT,9,True
3136,_ZN10ZwL1xarB5eC1Ei,ZwL1xarB5e::ZwL1xarB5e(int),,0x1e79ec,108,FUNC,GLOBAL,DEFAULT,9,True
3137,_ZN6CyaInt13mp_count_bitsEPNS_6mp_intE,CyaInt::mp_count_bits(CyaInt::mp_int*),,0x2c6370,60,FUNC,GLOBAL,DEFAULT,9,True
3138,_ZThn16_N20J0CfgbmrLhPropertiesD1Ev,non-virtual thunk to J0CfgbmrLhProperties::~J0CfgbmrLhProperties(),,0x168f20,8,FUNC,WEAK,DEFAULT,9,True
3139,_ZN20FY2VgaG6rRPropertiesC1Ev,FY2VgaG6rRProperties::FY2VgaG6rRProperties(),,0x16d780,156,FUNC,GLOBAL,DEFAULT,9,True
3140,_ZN10X7DzgannBy10d6yhIaO8nSERK10C8THgaTQxF,X7DzgannBy::d6yhIaO8nS(C8THgaTQxF const&),,0x195c58,676,FUNC,GLOBAL,DEFAULT,9,True
3141,_ZN10MpGzgariDy10oOa2La5Hr1EPiS0_,"MpGzgariDy::oOa2La5Hr1(int*, int*)",,0x190c40,316,FUNC,GLOBAL,DEFAULT,9,True
3142,_ZN10AS80gaE4zW10bdV0gaLKnWERK10C8THgaTQxF,AS80gaE4zW::bdV0gaLKnW(C8THgaTQxF const&),,0x1d6228,96,FUNC,GLOBAL,DEFAULT,9,True
3143,_ZN10AS80gaE4zW10Rov0gaA11VERK10C8THgaTQxF,AS80gaE4zW::Rov0gaA11V(C8THgaTQxF const&),,0x1d5de4,168,FUNC,GLOBAL,DEFAULT,9,True
3144,_ZN20VGk7faT0MaPropertiesC2Ev,VGk7faT0MaProperties::VGk7faT0MaProperties(),,0x1e500c,240,FUNC,GLOBAL,DEFAULT,9,True
3145,_ZN10ohGYZakbFKC1Ev,ohGYZakbFK::ohGYZakbFK(),,0xe4070,40,FUNC,GLOBAL,DEFAULT,9,True
3146,_ZN6CyaInt33CyaSSL_CTX_use_certificate_bufferEPNS_10CYASSL_CTXEPKhli,"CyaInt::CyaSSL_CTX_use_certificate_buffer(CyaInt::CYASSL_CTX*, unsigned char const*, long, int)",,0x2d36bc,20,FUNC,GLOBAL,DEFAULT,9,True
3147,FT_Add_Module,FT_Add_Module,,0x26067c,764,FUNC,GLOBAL,DEFAULT,9,True
3148,_ZN10_YTgFa6HPkD2Ev,_YTgFa6HPk::~_YTgFa6HPk(),,0x1b0a48,92,FUNC,WEAK,DEFAULT,9,True
3149,_ZN10_k_Bgam3zA10RFn3AaTwsNEv,_k_Bgam3zA::RFn3AaTwsN(),,0x1c5a44,924,FUNC,GLOBAL,DEFAULT,9,True
3150,_ZN10tJIwIaYe8310uhJMFakIBLERK10C8THgaTQxF,tJIwIaYe83::uhJMFakIBL(C8THgaTQxF const&),,0x23da94,356,FUNC,GLOBAL,DEFAULT,9,True
3151,_ZN10wiULgacZUI10Rz3_faQCF4ERK10C8THgaTQxF,wiULgacZUI::Rz3_faQCF4(C8THgaTQxF const&),,0xe8790,352,FUNC,GLOBAL,DEFAULT,9,True
3152,_ZN6CyaInt21SendCertificateVerifyEPNS_6CYASSLE,CyaInt::SendCertificateVerify(CyaInt::CYASSL*),,0x2d9cbc,1176,FUNC,GLOBAL,DEFAULT,9,True
3153,_ZN10giqpgaXJ_pD1Ev,giqpgaXJ_p::~giqpgaXJ_p(),,0x213440,20,FUNC,WEAK,DEFAULT,9,True
3154,GmOUZaJZoH,GmOUZaJZoH,,0x391ab0,128,OBJECT,GLOBAL,DEFAULT,18,True
3155,_ZN10eODlJaQ5OL10Q1ZqgadOjrERK10V6P7faBscb,eODlJaQ5OL::Q1ZqgadOjr(V6P7faBscb const&),,0x241734,172,FUNC,GLOBAL,DEFAULT,9,True
3156,ftell@LIBC (2),ftell,LIBC (2),0x0,0,FUNC,GLOBAL,DEFAULT,UND,False
3157,_ZNK10GbMhIaz9yS10IJUMLaclLOEv,GbMhIaz9yS::IJUMLaclLO() const,,0x1c1268,8,FUNC,GLOBAL,DEFAULT,9,True
3158,_ZTV10KsGWqbQkZg,vtable for KsGWqbQkZg,,0x3789c0,888,OBJECT,WEAK,DEFAULT,15,True
3159,_Z10OLphkbZhgGP10vy1JgaKVkH,OLphkbZhgG(vy1JgaKVkH*),,0x20e5a4,112,FUNC,GLOBAL,DEFAULT,9,True
3160,_ZN20IoTkgardbmPropertiesC2Ev,IoTkgardbmProperties::IoTkgardbmProperties(),,0x16c500,156,FUNC,GLOBAL,DEFAULT,9,True
3161,_ZN6CyaInt25CyaSSL_set_using_nonblockEPNS_6CYASSLEi,"CyaInt::CyaSSL_set_using_nonblock(CyaInt::CYASSL*, int)",,0x2d0f94,16,FUNC,GLOBAL,DEFAULT,9,True
3162,_ZN20znLtuaytEfPropertiesD2Ev,znLtuaytEfProperties::~znLtuaytEfProperties(),,0x16adec,28,FUNC,WEAK,DEFAULT,9,True
3163,_ZN10_k_Bgam3zAC2ERK10C8THgaTQxF,_k_Bgam3zA::_k_Bgam3zA(C8THgaTQxF const&),,0x1c5448,208,FUNC,GLOBAL,DEFAULT,9,True
3164,_ZN10IUKzgam4Gy10IuEZZaAGtLERK10C8THgaTQxF,IUKzgam4Gy::IuEZZaAGtL(C8THgaTQxF const&),,0xe1aa0,60,FUNC,GLOBAL,DEFAULT,9,True
3165,_ZN10_HTugbItBuC2EP10ieJzgaIFFyi,"_HTugbItBu::_HTugbItBu(ieJzgaIFFy*, int)",,0x1619a0,132,FUNC,GLOBAL,DEFAULT,9,True
3166,_ZNK10CanTfaz6bZixEi,CanTfaz6bZ::operator[](int) const,,0xf9310,100,FUNC,GLOBAL,DEFAULT,9,True
3167,_ZN10w6qzgacqqy10Z0p5xaCvaiEi,w6qzgacqqy::Z0p5xaCvai(int),,0x1ec240,84,FUNC,GLOBAL,DEFAULT,9,True
3168,Java_com_quattroplay_GraalClassic_Natives_onGooglePlayInitialized,Java_com_quattroplay_GraalClassic_Natives_onGooglePlayInitialized,,0x25298c,108,FUNC,GLOBAL,DEFAULT,9,True
3169,ferror@LIBC (2),ferror,LIBC (2),0x0,0,FUNC,GLOBAL,DEFAULT,UND,False
3170,_ZN10ln7yHaeP9f10MzWVgaRTlREv,ln7yHaeP9f::MzWVgaRTlR(),,0x1cefd0,484,FUNC,GLOBAL,DEFAULT,9,True
3171,_ZN10c3fygag7qx10sZmCgajXTAEv,c3fygag7qx::sZmCgajXTA(),,0x1dd590,436,FUNC,GLOBAL,DEFAULT,9,True
3172,GifErrorString,GifErrorString,,0x2bbd90,264,FUNC,GLOBAL,DEFAULT,9,True
3173,glClearColor,glClearColor,,0x0,0,FUNC,GLOBAL,DEFAULT,UND,False
3174,_ZN20LBgVgaqANQPropertiesD2Ev,LBgVgaqANQProperties::~LBgVgaqANQProperties(),,0x18eb48,28,FUNC,WEAK,DEFAULT,9,True
3175,_ZN10EqV_Ka3Vx9C2ERK10C8THgaTQxF,EqV_Ka3Vx9::EqV_Ka3Vx9(C8THgaTQxF const&),,0x1b23dc,60,FUNC,GLOBAL,DEFAULT,9,True
3176,_ZN10kyTzgazlOy10NOVzgaofQyEv,kyTzgazlOy::NOVzgaofQy(),,0x239944,316,FUNC,GLOBAL,DEFAULT,9,True
3177,_ZN10znLtuaytEf10E453HaEJ3GEiRK10CanTfaz6bZ,"znLtuaytEf::E453HaEJ3G(int, CanTfaz6bZ const&)",,0x16ad04,116,FUNC,GLOBAL,DEFAULT,9,True
3178,_Z20_k_Bgam3zAE7Bm2aaHDBRK10C8THgaTQxF,_k_Bgam3zAE7Bm2aaHDB(C8THgaTQxF const&),,0x1c5518,48,FUNC,GLOBAL,DEFAULT,9,True
3179,_ZN10eHD62a2_be10Qqi72af7KeEP10K9562aXNAe,eHD62a2_be::Qqi72af7Ke(K9562aXNAe*),,0x11d288,144,FUNC,WEAK,DEFAULT,9,True
3180,FT_Raccess_Guess,FT_Raccess_Guess,,0x25c370,296,FUNC,GLOBAL,DEFAULT,9,True
3181,_ZN10w9XxgaJdbx10kAX50afKCxEv,w9XxgaJdbx::kAX50afKCx(),,0x1be99c,76,FUNC,GLOBAL,DEFAULT,9,True
3182,_ZN10GbMhIaz9yS10c9LILap7gLEv,GbMhIaz9yS::c9LILap7gL(),,0x1c0df0,280,FUNC,GLOBAL,DEFAULT,9,True
3183,_ZN10_thLgaWjoI10xu5Dwapel4Ev,_thLgaWjoI::xu5Dwapel4(),,0x1cc664,176,FUNC,GLOBAL,DEFAULT,9,True
3184,_ZN10HtZ2_aJk7ED0Ev,HtZ2_aJk7E::~HtZ2_aJk7E(),,0x106208,48,FUNC,WEAK,DEFAULT,9,True
3185,_ZN10Ox9zJa6D1XC2Ev,Ox9zJa6D1X::Ox9zJa6D1X(),,0x23bee0,104,FUNC,GLOBAL,DEFAULT,9,True
3186,tt_cmap14_char_variants,tt_cmap14_char_variants,,0x26598c,640,FUNC,GLOBAL,DEFAULT,9,True
3187,yajl_complete_parse,yajl_complete_parse,,0x2bcc74,80,FUNC,GLOBAL,DEFAULT,9,True
3188,_ZN10ohGYZakbFKD2Ev,ohGYZakbFK::~ohGYZakbFK(),,0xe417c,20,FUNC,WEAK,DEFAULT,9,True
3189,_ZN10SsrLga3IwID1Ev,SsrLga3IwI::~SsrLga3IwI(),,0x1b3d8c,280,FUNC,GLOBAL,DEFAULT,9,True
3190,_ZN20GbMhIaz9ySPropertiesD0Ev,GbMhIaz9ySProperties::~GbMhIaz9ySProperties(),,0x1c4724,56,FUNC,WEAK,DEFAULT,9,True
3191,_ZN20uzvDgataRBPropertiesD1Ev,uzvDgataRBProperties::~uzvDgataRBProperties(),,0x1b20b0,28,FUNC,WEAK,DEFAULT,9,True
3192,ULeBJaZ1WYOnln2aNBfC,ULeBJaZ1WYOnln2aNBfC,,0x3a5810,8,OBJECT,GLOBAL,DEFAULT,19,True
3193,_ZN10FY2VgaG6rR10MP0FfajjYNEP10W6NzgawMJy,FY2VgaG6rR::MP0FfajjYN(W6NzgawMJy*),,0x16dbec,4,FUNC,WEAK,DEFAULT,9,True
3194,_Z14yajl_buf_allocP16yajl_alloc_funcs,yajl_buf_alloc(yajl_alloc_funcs*),,0x2bcd54,52,FUNC,GLOBAL,DEFAULT,9,True
3195,_ZN10uVBvgaZvcvC2ERK10C8THgaTQxF,uVBvgaZvcv::uVBvgaZvcv(C8THgaTQxF const&),,0xf086c,100,FUNC,GLOBAL,DEFAULT,9,True
3196,_ZThn16_N20irqhGaERgbPropertiesD1Ev,non-virtual thunk to irqhGaERgbProperties::~irqhGaERgbProperties(),,0x24725c,8,FUNC,WEAK,DEFAULT,9,True
3197,_ZN20X0HXmbuEQVPropertiesC1Ev,X0HXmbuEQVProperties::X0HXmbuEQVProperties(),,0x249d90,136,FUNC,GLOBAL,DEFAULT,9,True
3198,_ZN10AS80gaE4zW10K_93gax16YEv,AS80gaE4zW::K_93gax16Y(),,0x1d6f38,340,FUNC,GLOBAL,DEFAULT,9,True
3199,_ZN10VxVm2aj1TBC1ERK10C8THgaTQxFPFP10G0gxgajWBwS2_E,"VxVm2aj1TB::VxVm2aj1TB(C8THgaTQxF const&, G0gxgajWBw* (*)(C8THgaTQxF const&))",,0x22e790,168,FUNC,GLOBAL,DEFAULT,9,True
3200,_ZN10KKhLga4xoI10g4ouMaaIbpERK10CanTfaz6bZ,KKhLga4xoI::g4ouMaaIbp(CanTfaz6bZ const&),,0xeaf18,140,FUNC,GLOBAL,DEFAULT,9,True
3201,_ZN10zW2NgaU4IKD1Ev,zW2NgaU4IK::~zW2NgaU4IK(),,0x21bc38,196,FUNC,GLOBAL,DEFAULT,9,True
3202,_Z10gfBEFaqXLEPj,gfBEFaqXLE(unsigned int*),,0xfc174,48,FUNC,GLOBAL,DEFAULT,9,True
3203,_ZN10VRFGJa8Pv210ljmvlbSn_HE,VRFGJa8Pv2::ljmvlbSn_H,,0x39e0e0,4,OBJECT,GLOBAL,DEFAULT,18,True
3204,_ZN10tJIwIaYe8310q2VNFaKrCMEi,tJIwIaYe83::q2VNFaKrCM(int),,0x23cf20,56,FUNC,GLOBAL,DEFAULT,9,True
3205,pthread_mutex_unlock@LIBC (2),pthread_mutex_unlock,LIBC (2),0x0,0,FUNC,GLOBAL,DEFAULT,UND,False
3206,_ZN10awDo2aJRkDC2ERK10C8THgaTQxF,awDo2aJRkD::awDo2aJRkD(C8THgaTQxF const&),,0x1de7b8,100,FUNC,GLOBAL,DEFAULT,9,True
3207,_ZN20Vx2_xajLEdPropertiesD1Ev,Vx2_xajLEdProperties::~Vx2_xajLEdProperties(),,0x1e7bac,28,FUNC,WEAK,DEFAULT,9,True
3208,_ZN10K7FLgag3II10Pz6dNaO8t1E,K7FLgag3II::Pz6dNaO8t1,,0x3a1920,8,OBJECT,GLOBAL,DEFAULT,19,True
3209,_ZThn16_N20yO8PSaf1tKPropertiesD1Ev,non-virtual thunk to yO8PSaf1tKProperties::~yO8PSaf1tKProperties(),,0x1afb90,8,FUNC,WEAK,DEFAULT,9,True
3210,_ZN10C2t_vaQTaxC1EP10zF9VgaBKxR,C2t_vaQTax::C2t_vaQTax(zF9VgaBKxR*),,0x24a038,80,FUNC,GLOBAL,DEFAULT,9,True
3211,_ZTV10OOmzgapOmy,vtable for OOmzgapOmy,,0x371e40,48,OBJECT,WEAK,DEFAULT,15,True
3212,_ZN10tJIwIaYe8310G3rNFaKddMEv,tJIwIaYe83::G3rNFaKddM(),,0x23d398,84,FUNC,GLOBAL,DEFAULT,9,True
3213,_ZN10oMhmIajzmW10tkhIfaQbSPERK10C8THgaTQxFffffiiiiii,"oMhmIajzmW::tkhIfaQbSP(C8THgaTQxF const&, float, float, float, float, int, int, int, int, int, int)",,0x1062f0,456,FUNC,GLOBAL,DEFAULT,9,True
3214,_ZN10LJyzga9Pwy10ImAEJaLcL0Ev,LJyzga9Pwy::ImAEJaLcL0(),,0x1098c0,40,FUNC,GLOBAL,DEFAULT,9,True
3215,_ZN10MpGzgariDy10grzpwawq7SEi,MpGzgariDy::grzpwawq7S(int),,0x18e9c4,8,FUNC,WEAK,DEFAULT,9,True
3216,mWwgGaNjwa,mWwgGaNjwa,,0x390a10,2848,OBJECT,GLOBAL,DEFAULT,18,True
3217,_ZN10K7FLgag3II10hsHkMata1gE,K7FLgag3II::hsHkMata1g,,0x38e15d,1,OBJECT,GLOBAL,DEFAULT,18,True
3218,_ZN10X7DzgannBy10B0yx_a83QdERK10C8THgaTQxF,X7DzgannBy::B0yx_a83Qd(C8THgaTQxF const&),,0x196304,356,FUNC,GLOBAL,DEFAULT,9,True
3219,_ZN10pTy_fadYe4C1ERK10C8THgaTQxF,pTy_fadYe4::pTy_fadYe4(C8THgaTQxF const&),,0x1957d8,120,FUNC,GLOBAL,DEFAULT,9,True
3220,_ZN10w9XxgaJdbx10M7nLgaiVtIEv,w9XxgaJdbx::M7nLgaiVtI(),,0x1bd168,140,FUNC,GLOBAL,DEFAULT,9,True
3221,_ZN10LBgVgaqANQ10rVjVga1mQQERK10C8THgaTQxF10RiQ7IaxCcAP10G0gxgajWBw,"LBgVgaqANQ::rVjVga1mQQ(C8THgaTQxF const&, RiQ7IaxCcA, G0gxgajWBw*)",,0x18e850,72,FUNC,GLOBAL,DEFAULT,9,True
3222,_ZN10ZAuvgaUl6u10S_sFHaF0ulEv,ZAuvgaUl6u::S_sFHaF0ul(),,0x205160,68,FUNC,GLOBAL,DEFAULT,9,True
3223,_ZN10KKhLga4xoI5ClearEb,KKhLga4xoI::Clear(bool),,0xeb06c,192,FUNC,GLOBAL,DEFAULT,9,True
3224,FT_Request_Size,FT_Request_Size,,0x25a1d8,204,FUNC,GLOBAL,DEFAULT,9,True
3225,_ZN20X0HXmbuEQVPropertiesD2Ev,X0HXmbuEQVProperties::~X0HXmbuEQVProperties(),,0x249ebc,28,FUNC,WEAK,DEFAULT,9,True
3226,_ZN10MpGzgariDy10BwUDLa39aHEv,MpGzgariDy::BwUDLa39aH(),,0x18e99c,8,FUNC,WEAK,DEFAULT,9,True
3227,_ZN10ohGYZakbFK10wNLMganPDJEv,ohGYZakbFK::wNLMganPDJ(),,0xe3ad0,136,FUNC,GLOBAL,DEFAULT,9,True
3228,_ZN20W6NzgawMJyPropertiesD1Ev,W6NzgawMJyProperties::~W6NzgawMJyProperties(),,0x17f8dc,28,FUNC,WEAK,DEFAULT,9,True
3229,_ZN10s_YwgafWlw10TcL93aCkP6ERK10eY2wgaf6pw,s_YwgafWlw::TcL93aCkP6(eY2wgaf6pw const&),,0x1db284,192,FUNC,GLOBAL,DEFAULT,9,True
3230,_ZN10w6qzgacqqy10mxMgKaFrJxEbRK10C8THgaTQxF,"w6qzgacqqy::mxMgKaFrJx(bool, C8THgaTQxF const&)",,0x1ff6c0,520,FUNC,GLOBAL,DEFAULT,9,True
3231,_ZN10ToQnQaIHFG10jI2vPaYTzXEP10mTAogaaEip,ToQnQaIHFG::jI2vPaYTzX(mTAogaaEip*),,0x221864,196,FUNC,GLOBAL,DEFAULT,9,True
3232,_ZN10u0eyga1eqx10mYcwgatwIvEv,u0eyga1eqx::mYcwgatwIv(),,0x1e2934,304,FUNC,GLOBAL,DEFAULT,9,True
3233,_ZN10w6qzgacqqy10RYCHxaSojYERK10C8THgaTQxF,w6qzgacqqy::RYCHxaSojY(C8THgaTQxF const&),,0x1f8514,428,FUNC,GLOBAL,DEFAULT,9,True
3234,_Z10WACL2aR4FWv,WACL2aR4FW(),,0xe3678,76,FUNC,GLOBAL,DEFAULT,9,True
3235,_ZN10ZAuvgaUl6u10rk1ugaOJIuERK10C8THgaTQxF,ZAuvgaUl6u::rk1ugaOJIu(C8THgaTQxF const&),,0x2072f8,228,FUNC,GLOBAL,DEFAULT,9,True
3236,_ZNK10vuuHgangcF10glvHgatZcFEv,vuuHgangcF::glvHgatZcF() const,,0xf75a8,200,FUNC,GLOBAL,DEFAULT,9,True
3237,ft_ansi_stream_close,ft_ansi_stream_close,,0x2616d0,44,FUNC,GLOBAL,DEFAULT,9,True
3238,_ZN10gqiNgaG64J10cqUMgaI4KJEii,"gqiNgaG64J::cqUMgaI4KJ(int, int)",,0xe4140,4,FUNC,WEAK,DEFAULT,9,True
3239,_ZN20_k_Bgam3zAPropertiesC1Ev,_k_Bgam3zAProperties::_k_Bgam3zAProperties(),,0x1c52bc,176,FUNC,GLOBAL,DEFAULT,9,True
3240,_ZN10qjQMgaXCHJ10fpnoLaVi7tE,qjQMgaXCHJ::fpnoLaVi7t,,0x3a0708,1,OBJECT,GLOBAL,DEFAULT,19,True
3241,_ZN10W6NzgawMJy10NgRNwaNqycEv,W6NzgawMJy::NgRNwaNqyc(),,0x172404,792,FUNC,GLOBAL,DEFAULT,9,True
3242,ft_validator_error,ft_validator_error,,0x259ae0,32,FUNC,GLOBAL,DEFAULT,9,True
3243,_ZN10_thLgaWjoI10b44Gwa5SR6Ev,_thLgaWjoI::b44Gwa5SR6(),,0x1cc2f0,884,FUNC,GLOBAL,DEFAULT,9,True
3244,_ZN20_k_Bgam3zAPropertiesD1Ev,_k_Bgam3zAProperties::~_k_Bgam3zAProperties(),,0x1c9b20,28,FUNC,WEAK,DEFAULT,9,True
3245,_ZN10PfQXva4zXuIdE10IS1sMaMb2nEid,"PfQXva4zXu<double>::IS1sMaMb2n(int, double)",,0x18eaec,28,FUNC,WEAK,DEFAULT,9,True
3246,select@LIBC (2),select,LIBC (2),0x0,0,FUNC,GLOBAL,DEFAULT,UND,False
3247,_ZTV10X0HXmbuEQV,vtable for X0HXmbuEQV,,0x37f660,432,OBJECT,WEAK,DEFAULT,15,True
3248,_ZN10W6NzgawMJy10YNimwaJqnQEv,W6NzgawMJy::YNimwaJqnQ(),,0x19d0f0,260,FUNC,GLOBAL,DEFAULT,9,True
3249,_ZN10LBgVgaqANQ10ex97IaxDtAEv,LBgVgaqANQ::ex97IaxDtA(),,0x185028,20,FUNC,GLOBAL,DEFAULT,9,True
3250,_ZN10tJIwIaYe8310ZYFLFa5VIKEv,tJIwIaYe83::ZYFLFa5VIK(),,0x23ca10,132,FUNC,GLOBAL,DEFAULT,9,True
3251,_ZN10G0gxgajWBw10Zl6EMabYbyEP10vy1JgaKVkH,G0gxgajWBw::Zl6EMabYby(vy1JgaKVkH*),,0x213c34,80,FUNC,GLOBAL,DEFAULT,9,True
3252,_ZN10w9XxgaJdbx10uBSqKa9xdGERK10i7FHgaP2lFibbb,"w9XxgaJdbx::uBSqKa9xdG(i7FHgaP2lF const&, int, bool, bool, bool)",,0x1b9d08,2272,FUNC,GLOBAL,DEFAULT,9,True
3253,_ZN10Q8n_Fa6V5W10AabLgaD0iIEv,Q8n_Fa6V5W::AabLgaD0iI(),,0x1ca8e4,768,FUNC,GLOBAL,DEFAULT,9,True
3254,_ZN10eODlJaQ5OL10JhjWgazQFREv,eODlJaQ5OL::JhjWgazQFR(),,0x23f728,272,FUNC,GLOBAL,DEFAULT,9,True
3255,des_ecb_encrypt,des_ecb_encrypt,,0x254224,288,FUNC,GLOBAL,DEFAULT,9,True
3256,_ZN10EqV_Ka3Vx9C2Ev,EqV_Ka3Vx9::EqV_Ka3Vx9(),,0x1b2448,112,FUNC,GLOBAL,DEFAULT,9,True
3257,_ZN10G0gxgajWBw10m6pngaXzjoERK10CanTfaz6bZ,G0gxgajWBw::m6pngaXzjo(CanTfaz6bZ const&),,0x21ab98,540,FUNC,GLOBAL,DEFAULT,9,True
3258,_ZN10PfQXva4zXuIdED2Ev,PfQXva4zXu<double>::~PfQXva4zXu(),,0x18ed78,20,FUNC,WEAK,DEFAULT,9,True
3259,_ZN10xqXr6a2B71C1Ev,xqXr6a2B71::xqXr6a2B71(),,0x19b270,112,FUNC,GLOBAL,DEFAULT,9,True
3260,_ZN10w7keKa2nGv10SUScKaCOruEiib,"w7keKa2nGv::SUScKaCOru(int, int, bool)",,0x23aaf8,136,FUNC,GLOBAL,DEFAULT,9,True
3261,_ZTV20NgNBgaN3oAProperties,vtable for NgNBgaN3oAProperties,,0x37df40,88,OBJECT,WEAK,DEFAULT,15,True
3262,_ZN10XoqxgaMPJwC1Ev,XoqxgaMPJw::XoqxgaMPJw(),,0x114cf4,276,FUNC,GLOBAL,DEFAULT,9,True
3263,_Z10AvN6Faigk2ii,"AvN6Faigk2(int, int)",,0x1e7310,96,FUNC,GLOBAL,DEFAULT,9,True
3264,_ZN10psSDxavq9U10da7AgaaEQzEv,psSDxavq9U::da7AgaaEQz(),,0x202df4,500,FUNC,GLOBAL,DEFAULT,9,True
3265,_ZN10CDPvgaY2nv10cUqSKaXep2Ev,CDPvgaY2nv::cUqSKaXep2(),,0xe9438,108,FUNC,GLOBAL,DEFAULT,9,True
3266,_ZN10w9XxgaJdbx10Xuxl1aJNJKERK10cXoLgatBuI,w9XxgaJdbx::Xuxl1aJNJK(cXoLgatBuI const&),,0x1b73c4,32,FUNC,GLOBAL,DEFAULT,9,True
3267,Read_CVT,Read_CVT,,0x26b9c4,12,FUNC,GLOBAL,DEFAULT,9,True
3268,_ZN10AS80gaE4zW10EGlRgaCRuNEv,AS80gaE4zW::EGlRgaCRuN(),,0x1d606c,8,FUNC,GLOBAL,DEFAULT,9,True
3269,_ZN10XoqxgaMPJwD2Ev,XoqxgaMPJw::~XoqxgaMPJw(),,0x11522c,144,FUNC,WEAK,DEFAULT,9,True
3270,_ZN10uzvDgataRB10LcTxgao36wERK10cXoLgatBuI,uzvDgataRB::LcTxgao36w(cXoLgatBuI const&),,0x1b1c08,104,FUNC,GLOBAL,DEFAULT,9,True
3271,_ZN10pdnkJaZ8KK10HaOnJaEPDNEP10Ox9zJa6D1Xjf,"pdnkJaZ8KK::HaOnJaEPDN(Ox9zJa6D1X*, unsigned int, float)",,0x245794,300,FUNC,GLOBAL,DEFAULT,9,True
3272,_ZN10eHD62a2_be5cloneEP10V8fxgahcBw,eHD62a2_be::clone(V8fxgahcBw*),,0x11d588,100,FUNC,WEAK,DEFAULT,9,True
3273,_ZN10QPh5pbnC3yD1Ev,QPh5pbnC3y::~QPh5pbnC3y(),,0xe37ac,88,FUNC,GLOBAL,DEFAULT,9,True
3274,connect@LIBC (2),connect,LIBC (2),0x0,0,FUNC,GLOBAL,DEFAULT,UND,False
3275,_ZN10W6NzgawMJy10rhkxIahGE4Ev,W6NzgawMJy::rhkxIahGE4(),,0x181e04,100,FUNC,GLOBAL,DEFAULT,9,True
3276,_ZN10MHEiIauRiT10E8yGKaVaqTEPKviPhj,"MHEiIauRiT::E8yGKaVaqT(void const*, int, unsigned char*, unsigned int)",,0xe5b50,96,FUNC,GLOBAL,DEFAULT,9,True
3277,_ZN10w6qzgacqqy10vCpGxa09hXE,w6qzgacqqy::vCpGxa09hX,,0x3a3748,8,OBJECT,GLOBAL,DEFAULT,19,True
3278,V8fxgahcBwOnln2aNBfC,V8fxgahcBwOnln2aNBfC,,0x3a0af8,8,OBJECT,GLOBAL,DEFAULT,19,True
3279,jpeg_start_output,jpeg_start_output,,0x298c30,376,FUNC,GLOBAL,DEFAULT,9,True
3280,_ZN10zF9VgaBKxR10jNU8Raao69EddiibbRK10C8THgaTQxF,"zF9VgaBKxR::jNU8Raao69(double, double, int, int, bool, bool, C8THgaTQxF const&)",,0x1ab210,560,FUNC,GLOBAL,DEFAULT,9,True
3281,J6Ay_apQIe,J6Ay_apQIe,,0x3a4e70,1,OBJECT,GLOBAL,DEFAULT,19,True
3282,_ZN20zF9VgaBKxRPropertiesD0Ev,zF9VgaBKxRProperties::~zF9VgaBKxRProperties(),,0x1afc60,56,FUNC,WEAK,DEFAULT,9,True
3283,_ZN10RZNxgaOF2w10rz5wgawiswEP10XoqxgaMPJw,RZNxgaOF2w::rz5wgawisw(XoqxgaMPJw*),,0x1e16b4,52,FUNC,GLOBAL,DEFAULT,9,True
3284,FT_Stream_GetShortLE,FT_Stream_GetShortLE,,0x25c6ec,56,FUNC,GLOBAL,DEFAULT,9,True
3285,pYSS1aqRMb,pYSS1aqRMb,,0x3a0c78,4,OBJECT,GLOBAL,DEFAULT,19,True
3286,ZAuvgaUl6uOnln2aNBfC,ZAuvgaUl6uOnln2aNBfC,,0x3a4d08,8,OBJECT,GLOBAL,DEFAULT,19,True
3287,_ZN10a7qxJaHqKV10pZk1wamgKoE,a7qxJaHqKV::pZk1wamgKo,,0x3a0d60,8,OBJECT,GLOBAL,DEFAULT,19,True
3288,_ZN10IMzlIaJILV10MQYJAa3NhwE,IMzlIaJILV::MQYJAa3Nhw,,0x3a2e50,1,OBJECT,GLOBAL,DEFAULT,19,True
3289,_ZN10W6NzgawMJy10ac5QwaUZgfEv,W6NzgawMJy::ac5QwaUZgf(),,0x172e78,404,FUNC,GLOBAL,DEFAULT,9,True
3290,_ZN10w6qzgacqqy10hh7HxadKJYEddRK10C8THgaTQxFj,"w6qzgacqqy::hh7HxadKJY(double, double, C8THgaTQxF const&, unsigned int)",,0x1f7968,788,FUNC,GLOBAL,DEFAULT,9,True
3291,_ZN10awDo2aJRkDD1Ev,awDo2aJRkD::~awDo2aJRkD(),,0x1ddf60,148,FUNC,GLOBAL,DEFAULT,9,True
3292,_ZN10KsGWqbQkZgD0Ev,KsGWqbQkZg::~KsGWqbQkZg(),,0x1ca6a8,48,FUNC,WEAK,DEFAULT,9,True
3293,_ZN10s40xgamwex10PbT6faC2oaEiPfiRK10C8THgaTQxFS0_b,"s40xgamwex::PbT6faC2oa(int, float*, int, C8THgaTQxF const&, float*, bool)",,0x105054,900,FUNC,GLOBAL,DEFAULT,9,True
3294,_ZN10W6NzgawMJy10q2MCwaESe3Ev,W6NzgawMJy::q2MCwaESe3(),,0x17300c,48,FUNC,GLOBAL,DEFAULT,9,True
3295,_UwOjbKi7g,_UwOjbKi7g,,0x389b49,1,OBJECT,GLOBAL,DEFAULT,18,True
3296,_ZN20_k_Bgam3zAPropertiesD2Ev,_k_Bgam3zAProperties::~_k_Bgam3zAProperties(),,0x1c9b20,28,FUNC,WEAK,DEFAULT,9,True
3297,dlsym@LIBC (5),dlsym,LIBC (5),0x0,0,FUNC,GLOBAL,DEFAULT,UND,False
3298,_ZN20Vx2_xajLEdPropertiesD2Ev,Vx2_xajLEdProperties::~Vx2_xajLEdProperties(),,0x1e7bac,28,FUNC,WEAK,DEFAULT,9,True
3299,_ZN10IUKzgam4Gy10fqEVZaFC6HE,IUKzgam4Gy::fqEVZaFC6H,,0x39fef0,8,OBJECT,GLOBAL,DEFAULT,19,True
3300,_ZN10N67CMatrxw10FIvRfbdiDXEP10G0gxgajWBwRK10C8THgaTQxFdi,"N67CMatrxw::FIvRfbdiDX(G0gxgajWBw*, C8THgaTQxF const&, double, int)",,0x231f14,588,FUNC,GLOBAL,DEFAULT,9,True
3301,_ZN10DzJhMaIXweD2Ev,DzJhMaIXwe::~DzJhMaIXwe(),,0x21ae18,20,FUNC,WEAK,DEFAULT,9,True
3302,_ZN10V8fxgahcBw10rz5wgawiswEP10XoqxgaMPJw,V8fxgahcBw::rz5wgawisw(XoqxgaMPJw*),,0x11cdb0,168,FUNC,GLOBAL,DEFAULT,9,True
3303,_ZN10w6qzgacqqy10tHlHxabS4XE,w6qzgacqqy::tHlHxabS4X,,0x3a3f80,1024,OBJECT,GLOBAL,DEFAULT,19,True
3304,_ZN10TZf6gaQ3S_10VhHq4aR13kEv,TZf6gaQ3S_::VhHq4aR13k(),,0x110864,276,FUNC,GLOBAL,DEFAULT,9,True
3305,_Z10aitCvaXfZcv,aitCvaXfZc(),,0x15de64,44,FUNC,GLOBAL,DEFAULT,9,True
3306,_ZN10esKIvakHfi10qHCNva89lmEv,esKIvakHfi::qHCNva89lm(),,0xfcf6c,164,FUNC,GLOBAL,DEFAULT,9,True
3307,_ZN10uK2SHaPVVw10S5XSHaIaRwD1Ev,uK2SHaPVVw::S5XSHaIaRw::~S5XSHaIaRw(),,0x20e2f8,64,FUNC,WEAK,DEFAULT,9,True
3308,_ZNK10XoqxgaMPJw10UOd6gaBeR_Ev,XoqxgaMPJw::UOd6gaBeR_() const,,0x11506c,20,FUNC,GLOBAL,DEFAULT,9,True
3309,jUrm2aY4uBVx2_xajLEd,jUrm2aY4uBVx2_xajLEd,,0x3a3648,8,OBJECT,GLOBAL,DEFAULT,19,True
3310,_ZN10cHovga0n1u10dc16FaRCw2ERK10C8THgaTQxFS2_,"cHovga0n1u::dc16FaRCw2(C8THgaTQxF const&, C8THgaTQxF const&)",,0xe6b7c,364,FUNC,GLOBAL,DEFAULT,9,True
3311,_ZN6CyaInt25CyaSSL_set_group_messagesEPNS_6CYASSLE,CyaInt::CyaSSL_set_group_messages(CyaInt::CYASSL*),,0x2d14cc,32,FUNC,GLOBAL,DEFAULT,9,True
3312,_ZN10IoTkgardbmD1Ev,IoTkgardbm::~IoTkgardbm(),,0x16d2c4,20,FUNC,WEAK,DEFAULT,9,True
3313,_ZN10GbMhIaz9yS10hPGGLaJDwJEii,"GbMhIaz9yS::hPGGLaJDwJ(int, int)",,0x1c0960,348,FUNC,GLOBAL,DEFAULT,9,True
3314,_ZN10n_rGfa49jOD0Ev,n_rGfa49jO::~n_rGfa49jO(),,0x122414,32,FUNC,GLOBAL,DEFAULT,9,True
3315,_ZN10iHmzga6Hmy10YcH5MaBYoVERK10C8THgaTQxF,iHmzga6Hmy::YcH5MaBYoV(C8THgaTQxF const&),,0x1d2dbc,160,FUNC,GLOBAL,DEFAULT,9,True
3316,_ZN10KKhLga4xoI10TBCvgay5cvEj,KKhLga4xoI::TBCvgay5cv(unsigned int),,0xeb220,64,FUNC,GLOBAL,DEFAULT,9,True
3317,_ZN10fJ8VgaKXwRD1Ev,fJ8VgaKXwR::~fJ8VgaKXwR(),,0x24738c,68,FUNC,GLOBAL,DEFAULT,9,True
3318,_ZN10SU3JfaCUmR10u9WRgaBn_NERK10KcKRganuPNRK10eY2wgaf6pwPKci,"SU3JfaCUmR::u9WRgaBn_N(KcKRganuPN const&, eY2wgaf6pw const&, char const*, int)",,0x10ef38,580,FUNC,GLOBAL,DEFAULT,9,True
3319,_ZN10k1h4JaIMdnD0Ev,k1h4JaIMdn::~k1h4JaIMdn(),,0x248b1c,60,FUNC,WEAK,DEFAULT,9,True
3320,_ZN10u0eyga1eqx10XolwgaMCPvERK10eY2wgaf6pw,u0eyga1eqx::XolwgaMCPv(eY2wgaf6pw const&),,0x1e2648,204,FUNC,GLOBAL,DEFAULT,9,True
3321,_ZN10GbMhIaz9yS10Z_6wgaMvtwEb,GbMhIaz9yS::Z_6wgaMvtw(bool),,0x1c3518,96,FUNC,GLOBAL,DEFAULT,9,True
3322,_Z10DgXP2aJtj_v,DgXP2aJtj_(),,0x168e6c,96,FUNC,GLOBAL,DEFAULT,9,True
3323,_ZN10LBgVgaqANQ10gyr7IapNSzEv,LBgVgaqANQ::gyr7IapNSz(),,0x18ade0,36,FUNC,GLOBAL,DEFAULT,9,True
3324,cC2ZYaOOOV,cC2ZYaOOOV,,0x391e10,64,OBJECT,GLOBAL,DEFAULT,18,True
3325,_ZN10ieJzgaIFFy10JhjWgazQFREv,ieJzgaIFFy::JhjWgazQFR(),,0x160904,136,FUNC,GLOBAL,DEFAULT,9,True
3326,_ZN10VRFGJa8Pv2D2Ev,VRFGJa8Pv2::~VRFGJa8Pv2(),,0x2461c4,120,FUNC,GLOBAL,DEFAULT,9,True
3327,_ZN10SU3JfaCUmR10alSIfatkmQEiii,"SU3JfaCUmR::alSIfatkmQ(int, int, int)",,0x10f490,60,FUNC,GLOBAL,DEFAULT,9,True
3328,_ZN10V8fxgahcBw10SEXU2a9Nw3ERK10C8THgaTQxFi,"V8fxgahcBw::SEXU2a9Nw3(C8THgaTQxF const&, int)",,0x11c724,100,FUNC,GLOBAL,DEFAULT,9,True
3329,_ZN10V8fxgahcBw10n3TvDaxMrREv,V8fxgahcBw::n3TvDaxMrR(),,0x11ac14,28,FUNC,GLOBAL,DEFAULT,9,True
3330,_ZN10r1dvgaPpTu10qwJrfaTUWBERK10CanTfaz6bZ,r1dvgaPpTu::qwJrfaTUWB(CanTfaz6bZ const&),,0x100034,208,FUNC,GLOBAL,DEFAULT,9,True
3331,_Z17jinit_downsamplerP20jpeg_compress_struct,jinit_downsampler(jpeg_compress_struct*),,0x2b92c8,508,FUNC,GLOBAL,DEFAULT,9,True
3332,_ZN10mTAogaaEip10CKUNPaXlBbEv,mTAogaaEip::CKUNPaXlBb(),,0x221a4c,276,FUNC,GLOBAL,DEFAULT,9,True
3333,_ZN10cHovga0n1u10cAi0fa7eS4ERK10C8THgaTQxFS2_iS2_,"cHovga0n1u::cAi0fa7eS4(C8THgaTQxF const&, C8THgaTQxF const&, int, C8THgaTQxF const&)",,0xe75f4,308,FUNC,GLOBAL,DEFAULT,9,True
3334,_ZN10w9XxgaJdbx10P1KwgacbawEv,w9XxgaJdbx::P1Kwgacbaw(),,0x1bde60,1000,FUNC,GLOBAL,DEFAULT,9,True
3335,_ZN10irqhGaERgbD0Ev,irqhGaERgb::~irqhGaERgb(),,0x2472d8,60,FUNC,WEAK,DEFAULT,9,True
3336,_ZN10R94BFa3XECD2Ev,R94BFa3XEC::~R94BFa3XEC(),,0x234b64,92,FUNC,GLOBAL,DEFAULT,9,True
3337,_ZN10u3cBgayBVz10NUvb1arsiCEPKviRK10C8THgaTQxFi,"u3cBgayBVz::NUvb1arsiC(void const*, int, C8THgaTQxF const&, int)",,0x20d5ac,104,FUNC,GLOBAL,DEFAULT,9,True
3338,Ajt3Kachxc,Ajt3Kachxc,,0x3923c0,200,OBJECT,GLOBAL,DEFAULT,18,True
3339,_ZN10W6NzgawMJy10fbFOKa2fe_ERK10C8THgaTQxFiiib,"W6NzgawMJy::fbFOKa2fe_(C8THgaTQxF const&, int, int, int, bool)",,0x17bf84,192,FUNC,GLOBAL,DEFAULT,9,True
3340,_ZN10NiVAFatPFB10IVGxKaiJXLE,NiVAFatPFB::IVGxKaiJXL,,0x3a00b0,6,OBJECT,GLOBAL,DEFAULT,19,True
3341,_Z10nXgA2ayS7Mv,nXgA2ayS7M(),,0x1b0f70,128,FUNC,GLOBAL,DEFAULT,9,True
3342,_ZN20GbMhIaz9ySPropertiesD1Ev,GbMhIaz9ySProperties::~GbMhIaz9ySProperties(),,0x1c4700,28,FUNC,WEAK,DEFAULT,9,True
3343,_ZN6CyaInt15CyaSSL_CTX_freeEPNS_10CYASSL_CTXE,CyaInt::CyaSSL_CTX_free(CyaInt::CYASSL_CTX*),,0x2d0eec,12,FUNC,GLOBAL,DEFAULT,9,True
3344,ft_bitmap_glyph_bbox,ft_bitmap_glyph_bbox,,0x27fde0,68,FUNC,GLOBAL,DEFAULT,9,True
3345,_ZN10oAgxlbdzBJ10l95wlbsNsJEPhRK10i7FHgaP2lF,"oAgxlbdzBJ::l95wlbsNsJ(unsigned char*, i7FHgaP2lF const&)",,0x245e70,40,FUNC,GLOBAL,DEFAULT,9,True
3346,_ZThn16_N20ieJzgaIFFyPropertiesD0Ev,non-virtual thunk to ieJzgaIFFyProperties::~ieJzgaIFFyProperties(),,0x168fc4,8,FUNC,WEAK,DEFAULT,9,True
3347,_ZN10W6NzgawMJy10li5qwa13oUEv,W6NzgawMJy::li5qwa13oU(),,0x1762b0,12,FUNC,GLOBAL,DEFAULT,9,True
3348,_ZN10G0gxgajWBw10VBZsMaAr_nEiRK10C8THgaTQxF,"G0gxgajWBw::VBZsMaAr_n(int, C8THgaTQxF const&)",,0x216174,156,FUNC,GLOBAL,DEFAULT,9,True
3349,_ZN10ZAuvgaUl6u10INTDHazyakE,ZAuvgaUl6u::INTDHazyak,,0x3a4d30,4,OBJECT,GLOBAL,DEFAULT,19,True
3350,_ZTV10EqV_Ka3Vx9,vtable for EqV_Ka3Vx9,,0x376b00,888,OBJECT,WEAK,DEFAULT,15,True
3351,_ZNK10psSDxavq9U10S86dLaeDulEv,psSDxavq9U::S86dLaeDul() const,,0x2044d4,24,FUNC,GLOBAL,DEFAULT,9,True
3352,_Z10eOA2IaQzNvv,eOA2IaQzNv(),,0xeaa80,56,FUNC,GLOBAL,DEFAULT,9,True
3353,_ZN10uSjUgask_P10pSeYgan7hTEv,uSjUgask_P::pSeYgan7hT(),,0x107404,224,FUNC,GLOBAL,DEFAULT,9,True
3354,_ZN10W6NzgawMJy10zkxQwa1EOeEv,W6NzgawMJy::zkxQwa1EOe(),,0x1a3060,636,FUNC,GLOBAL,DEFAULT,9,True
3355,_ZN10r1dvgaPpTuC1ERK10C8THgaTQxF,r1dvgaPpTu::r1dvgaPpTu(C8THgaTQxF const&),,0xffb40,88,FUNC,GLOBAL,DEFAULT,9,True
3356,_ZN10W6NzgawMJy10ZWR3Laj_R2E,W6NzgawMJy::ZWR3Laj_R2,,0x38e524,4,OBJECT,GLOBAL,DEFAULT,18,True
3357,ft_bitmap_glyph_class,ft_bitmap_glyph_class,,0x380298,64,OBJECT,GLOBAL,DEFAULT,15,True
3358,_ZN10RH6ygazf9xC2EPS_,RH6ygazf9x::RH6ygazf9x(RH6ygazf9x*),,0x20f79c,512,FUNC,GLOBAL,DEFAULT,9,True
3359,_ZN10GaA2gaD2MX10byZsfako_CEiib,"GaA2gaD2MX::byZsfako_C(int, int, bool)",,0x16d0cc,32,FUNC,GLOBAL,DEFAULT,9,True
3360,_ZN10znLtuaytEfD1Ev,znLtuaytEf::~znLtuaytEf(),,0x16ae50,20,FUNC,WEAK,DEFAULT,9,True
3361,_ZN10kyTzgazlOy10mKkUvaB3_rERK10C8THgaTQxF,kyTzgazlOy::mKkUvaB3_r(C8THgaTQxF const&),,0x2397a0,420,FUNC,GLOBAL,DEFAULT,9,True
3362,_ZN10mTAogaaEip10RGsmPaPKvPEP10G0gxgajWBwRK10C8THgaTQxFPS_,"mTAogaaEip::RGsmPaPKvP(G0gxgajWBw*, C8THgaTQxF const&, mTAogaaEip*)",,0x2202a4,88,FUNC,GLOBAL,DEFAULT,9,True
3363,_ZTV10hsuDgateQB,vtable for hsuDgateQB,,0x377260,888,OBJECT,WEAK,DEFAULT,15,True
3364,_ZN10psSDxavq9U10fMeBYag2WAEv,psSDxavq9U::fMeBYag2WA(),,0x202ce8,268,FUNC,GLOBAL,DEFAULT,9,True
3365,_ZN10N67CMatrxw10dCDpPaPWaSEP10yVOJMa8r9B,N67CMatrxw::dCDpPaPWaS(yVOJMa8r9B*),,0x231578,176,FUNC,GLOBAL,DEFAULT,9,True
3366,_ZNK10w9XxgaJdbx10jKok1ayqMJEv,w9XxgaJdbx::jKok1ayqMJ() const,,0x1b09dc,8,FUNC,WEAK,DEFAULT,9,True
3367,_ZN10w6qzgacqqy10OJerHac0w9Ev,w6qzgacqqy::OJerHac0w9(),,0x1ec850,88,FUNC,GLOBAL,DEFAULT,9,True
3368,_Z10skbQMaP8vHv,skbQMaP8vH(),,0x1b1848,48,FUNC,GLOBAL,DEFAULT,9,True
3369,_ZN10W6NzgawMJy10qZtvwahQ5XEi,W6NzgawMJy::qZtvwahQ5X(int),,0x17271c,104,FUNC,GLOBAL,DEFAULT,9,True
3370,FT_Glyph_To_Bitmap,FT_Glyph_To_Bitmap,,0x2805b8,520,FUNC,GLOBAL,DEFAULT,9,True
3371,_Z10H0oQ2aeFH_v,H0oQ2aeFH_(),,0x15f27c,4,FUNC,GLOBAL,DEFAULT,9,True
3372,_ZN10w6qzgacqqy10IKcIxaXkOYE,w6qzgacqqy::IKcIxaXkOY,,0x3a3688,8,OBJECT,GLOBAL,DEFAULT,19,True
3373,_ZN10ZPvEDawoHY10zaQqFaCvbtERK10cXoLgatBuI,ZPvEDawoHY::zaQqFaCvbt(cXoLgatBuI const&),,0x1bfc94,88,FUNC,GLOBAL,DEFAULT,9,True
3374,nFa3PapAhp,nFa3PapAhp,,0x3924a0,8,OBJECT,GLOBAL,DEFAULT,18,True
3375,_ZN10EbOa3arQHhC2EP10V8fxgahcBwRK10eY2wgaf6pwRK10C8THgaTQxF,"EbOa3arQHh::EbOa3arQHh(V8fxgahcBw*, eY2wgaf6pw const&, C8THgaTQxF const&)",,0x11a31c,124,FUNC,GLOBAL,DEFAULT,9,True
3376,_ZN10ZPvEDawoHYC2ERK10C8THgaTQxF,ZPvEDawoHY::ZPvEDawoHY(C8THgaTQxF const&),,0x1bfa78,48,FUNC,GLOBAL,DEFAULT,9,True
3377,_ZN10H4zIGaBY6xD0Ev,H4zIGaBY6x::~H4zIGaBY6x(),,0xf0224,32,FUNC,GLOBAL,DEFAULT,9,True
3378,_ZN10G0gxgajWBw10gVHMMaRyAEERK10C8THgaTQxFS2_,"G0gxgajWBw::gVHMMaRyAE(C8THgaTQxF const&, C8THgaTQxF const&)",,0x218468,240,FUNC,GLOBAL,DEFAULT,9,True
3379,o3xUfaygb_,o3xUfaygb_,,0x3a5080,8,OBJECT,GLOBAL,DEFAULT,19,True
3380,_ZN10N67CMatrxw10FDFHMa6DlAE10RiQ7IaxCcA,N67CMatrxw::FDFHMa6DlA(RiQ7IaxCcA),,0x230ba4,72,FUNC,GLOBAL,DEFAULT,9,True
3381,_ZN10AUzMgaePtJ10dGBMgabjvJEv,AUzMgaePtJ::dGBMgabjvJ(),,0xff828,76,FUNC,GLOBAL,DEFAULT,9,True
3382,FT_Render_Glyph_Internal,FT_Render_Glyph_Internal,,0x25fb08,256,FUNC,GLOBAL,DEFAULT,9,True
3383,_ZN10mTAogaaEip10tyPQPaCZ2dEd,mTAogaaEip::tyPQPaCZ2d(double),,0x222190,136,FUNC,GLOBAL,DEFAULT,9,True
3384,_ZN10N67CMatrxw10ctWGMa8NJzEv,N67CMatrxw::ctWGMa8NJz(),,0x230248,84,FUNC,GLOBAL,DEFAULT,9,True
3385,_Z10KxDJlb2S_TP10lGIClbdcbO,KxDJlb2S_T(lGIClbdcbO*),,0x1970f8,136,FUNC,GLOBAL,DEFAULT,9,True
3386,jpeg_calc_output_dimensions,jpeg_calc_output_dimensions,,0x29c920,876,FUNC,GLOBAL,DEFAULT,9,True
3387,_ZN10TGrjdbLUYOD2Ev,TGrjdbLUYO::~TGrjdbLUYO(),,0xe58d0,72,FUNC,WEAK,DEFAULT,9,True
3388,_ZN10eODlJaQ5OL10gkQVgaDDgREv,eODlJaQ5OL::gkQVgaDDgR(),,0x23e124,8,FUNC,GLOBAL,DEFAULT,9,True
3389,_ZN20fJ8VgaKXwRPropertiesD1Ev,fJ8VgaKXwRProperties::~fJ8VgaKXwRProperties(),,0x2480a8,28,FUNC,WEAK,DEFAULT,9,True
3390,_ZTV20IoTkgardbmProperties,vtable for IoTkgardbmProperties,,0x373dd0,88,OBJECT,WEAK,DEFAULT,15,True
3391,_ZN10TZf6gaQ3S_C1ERK10C8THgaTQxF,TZf6gaQ3S_::TZf6gaQ3S_(C8THgaTQxF const&),,0x10fcb4,188,FUNC,GLOBAL,DEFAULT,9,True
3392,_Z10wq8xjb1Hk3v,wq8xjb1Hk3(),,0x1d38a8,276,FUNC,GLOBAL,DEFAULT,9,True
3393,_ZN20EYKlVaL7URPropertiesD2Ev,EYKlVaL7URProperties::~EYKlVaL7URProperties(),,0x1e0520,28,FUNC,WEAK,DEFAULT,9,True
3394,_ZN10w6qzgacqqy10K_Z9xaxM0lERK10C8THgaTQxF,w6qzgacqqy::K_Z9xaxM0l(C8THgaTQxF const&),,0x1f9b1c,596,FUNC,GLOBAL,DEFAULT,9,True
3395,_ZN10Vx2_xajLEdC1Ei,Vx2_xajLEd::Vx2_xajLEd(int),,0x1e76e4,108,FUNC,GLOBAL,DEFAULT,9,True
3396,_ZN10IMzlIaJILV10XMBIAaYo8uERK10C8THgaTQxF,IMzlIaJILV::XMBIAaYo8u(C8THgaTQxF const&),,0x19bccc,4,FUNC,GLOBAL,DEFAULT,9,True
3397,_ZThn16_N20EYKlVaL7URPropertiesD0Ev,non-virtual thunk to EYKlVaL7URProperties::~EYKlVaL7URProperties(),,0x1e057c,8,FUNC,WEAK,DEFAULT,9,True
3398,_ZN20ZwL1xarB5ePropertiesD2Ev,ZwL1xarB5eProperties::~ZwL1xarB5eProperties(),,0x1e7bd0,28,FUNC,WEAK,DEFAULT,9,True
3399,_ZN10XoqxgaMPJwD0Ev,XoqxgaMPJw::~XoqxgaMPJw(),,0x1152bc,152,FUNC,WEAK,DEFAULT,9,True
3400,_ZN10IUKzgam4Gy10rjCcLaYQdkEbb,"IUKzgam4Gy::rjCcLaYQdk(bool, bool)",,0xe1adc,160,FUNC,GLOBAL,DEFAULT,9,True
3401,_ZN10fUWH_a_9zmC1ERK10C8THgaTQxF,fUWH_a_9zm::fUWH_a_9zm(C8THgaTQxF const&),,0x11347c,196,FUNC,GLOBAL,DEFAULT,9,True
3402,_ZN10a7qxJaHqKV10Pm_gKaS4UxE,a7qxJaHqKV::Pm_gKaS4Ux,,0x3a0d3a,1,OBJECT,GLOBAL,DEFAULT,19,True
3403,_Z8ShaFinalP3ShaPh,"ShaFinal(Sha*, unsigned char*)",,0x2d01dc,720,FUNC,GLOBAL,DEFAULT,9,True
3404,_ZN10VGk7faT0MaC1Ev,VGk7faT0Ma::VGk7faT0Ma(),,0x1e52b8,116,FUNC,GLOBAL,DEFAULT,9,True
3405,_ZN10cHovga0n1u10omxRFarGEPERK10C8THgaTQxF,cHovga0n1u::omxRFarGEP(C8THgaTQxF const&),,0xfa028,176,FUNC,GLOBAL,DEFAULT,9,True
3406,_ZN10pTy_fadYe4C2ERK10C8THgaTQxF,pTy_fadYe4::pTy_fadYe4(C8THgaTQxF const&),,0x1957d8,120,FUNC,GLOBAL,DEFAULT,9,True
3407,_ZN10w9XxgaJdbx10e2Ij1ayvcJEv,w9XxgaJdbx::e2Ij1ayvcJ(),,0x1b9650,120,FUNC,GLOBAL,DEFAULT,9,True
3408,_ZN10f6WHgaQkAF10ZvYygaHw1xERK10C8THgaTQxFi,"f6WHgaQkAF::ZvYygaHw1x(C8THgaTQxF const&, int)",,0xef8d4,680,FUNC,GLOBAL,DEFAULT,9,True
3409,_ZN10OeCAJa7MpYC1EP10ULeBJaZ1WYj,"OeCAJa7MpY::OeCAJa7MpY(ULeBJaZ1WY*, unsigned int)",,0x23be70,104,FUNC,GLOBAL,DEFAULT,9,True
3410,_ZN6CyaInt12ProcessReplyEPNS_6CYASSLE,CyaInt::ProcessReply(CyaInt::CYASSL*),,0x2d85c0,3284,FUNC,GLOBAL,DEFAULT,9,True
3411,FT_New_GlyphSlot,FT_New_GlyphSlot,,0x25e164,416,FUNC,GLOBAL,DEFAULT,9,True
3412,_ZN10QPh5pbnC3y10pTqwgajeUvEv,QPh5pbnC3y::pTqwgajeUv(),,0xe4164,8,FUNC,WEAK,DEFAULT,9,True
3413,_ZN10GaA2gaD2MX10DP9jga4SzlEv,GaA2gaD2MX::DP9jga4Szl(),,0x16c6f4,172,FUNC,GLOBAL,DEFAULT,9,True
3414,_ZN20MpGzgariDyPropertiesD0Ev,MpGzgariDyProperties::~MpGzgariDyProperties(),,0x195664,56,FUNC,WEAK,DEFAULT,9,True
3415,_ZN10QYZugaRKGu10RzQ_IaWQttEv,QYZugaRKGu::RzQ_IaWQtt(),,0x19af5c,16,FUNC,WEAK,DEFAULT,9,True
3416,_ZNK10GbMhIaz9yS10JdGCMai88vERK10C8THgaTQxFii,"GbMhIaz9yS::JdGCMai88v(C8THgaTQxF const&, int, int) const",,0x1c1678,572,FUNC,GLOBAL,DEFAULT,9,True
3417,_ZN10Fcx_gaoydVC2ERK10C8THgaTQxF,Fcx_gaoydV::Fcx_gaoydV(C8THgaTQxF const&),,0x115494,52,FUNC,GLOBAL,DEFAULT,9,True
3418,_ZN10_thLgaWjoI10ZCBDgaugWBERK10eY2wgaf6pw,_thLgaWjoI::ZCBDgaugWB(eY2wgaf6pw const&),,0x1cdb04,1436,FUNC,GLOBAL,DEFAULT,9,True
3419,_ZTV10yO8PSaf1tK,vtable for yO8PSaf1tK,,0x3754f0,320,OBJECT,WEAK,DEFAULT,15,True
3420,_ZN10G0gxgajWBw10AGqGMay3izEv,G0gxgajWBw::AGqGMay3iz(),,0x21530c,24,FUNC,GLOBAL,DEFAULT,9,True
3421,glFlush,glFlush,,0x0,0,FUNC,GLOBAL,DEFAULT,UND,False
3422,_ZN10ezH5gajgp_C2EPS_,ezH5gajgp_::ezH5gajgp_(ezH5gajgp_*),,0x1d4378,116,FUNC,GLOBAL,DEFAULT,9,True
3423,yajl_gen_bool,yajl_gen_bool,,0x2bdd54,532,FUNC,GLOBAL,DEFAULT,9,True
3424,_Z10QW5hJagCQIv,QW5hJagCQI(),,0xf6394,88,FUNC,GLOBAL,DEFAULT,9,True
3425,_ZN10LJyzga9Pwy10OWk2ga8dAXEfi,"LJyzga9Pwy::OWk2ga8dAX(float, int)",,0x109f44,32,FUNC,GLOBAL,DEFAULT,9,True
3426,_ZN10QPh5pbnC3y10my_MgaBeQJEv,QPh5pbnC3y::my_MgaBeQJ(),,0xe392c,420,FUNC,GLOBAL,DEFAULT,9,True
3427,ft_outline_glyph_transform,ft_outline_glyph_transform,,0x27ff64,72,FUNC,GLOBAL,DEFAULT,9,True
3428,_ZN10w7keKa2nGv10ZpOMfay1FTEv,w7keKa2nGv::ZpOMfay1FT(),,0x23a9dc,228,FUNC,GLOBAL,DEFAULT,9,True
3429,_ZN10V8fxgahcBw10JwSRLabuWSEiiP10FY2VgaG6rR,"V8fxgahcBw::JwSRLabuWS(int, int, FY2VgaG6rR*)",,0x11c388,520,FUNC,GLOBAL,DEFAULT,9,True
3430,_ZN10awDo2aJRkD10lATwgagnhwEPvRK10C8THgaTQxF,"awDo2aJRkD::lATwgagnhw(void*, C8THgaTQxF const&)",,0x1de0a8,96,FUNC,GLOBAL,DEFAULT,9,True
3431,_ZN20V8fxgahcBwPropertiesD1Ev,V8fxgahcBwProperties::~V8fxgahcBwProperties(),,0x11d4cc,28,FUNC,WEAK,DEFAULT,9,True
3432,_ZN20fJ8VgaKXwRPropertiesC2Ev,fJ8VgaKXwRProperties::fJ8VgaKXwRProperties(),,0x2475ac,136,FUNC,GLOBAL,DEFAULT,9,True
3433,_ZN10tJIwIaYe8310YQEnJalZvNEPS_,tJIwIaYe83::YQEnJalZvN(tJIwIaYe83*),,0x23d564,412,FUNC,GLOBAL,DEFAULT,9,True
3434,_ZN10XCASBayqxtC1Ev,XCASBayqxt::XCASBayqxt(),,0x1b0d7c,132,FUNC,GLOBAL,DEFAULT,9,True
3435,_ZN10w9XxgaJdbx10a00aHaIsTWEv,w9XxgaJdbx::a00aHaIsTW(),,0x1b91a0,120,FUNC,GLOBAL,DEFAULT,9,True
3436,FT_GlyphLoader_Reset,FT_GlyphLoader_Reset,,0x25dd80,136,FUNC,GLOBAL,DEFAULT,9,True
3437,_ZN10fEVMgax6LJ10pTqwgajeUvEv,fEVMgax6LJ::pTqwgajeUv(),,0xe3714,16,FUNC,WEAK,DEFAULT,9,True
3438,_ZN10ZwL1xarB5eC2ERK10C8THgaTQxF,ZwL1xarB5e::ZwL1xarB5e(C8THgaTQxF const&),,0x1e78e8,80,FUNC,GLOBAL,DEFAULT,9,True
3439,_ZN6CyaInt9StoreKeysEPNS_6CYASSLEPKh,"CyaInt::StoreKeys(CyaInt::CYASSL*, unsigned char const*)",,0x2da928,616,FUNC,GLOBAL,DEFAULT,9,True
3440,_ZN10xiYWfajld110RnDvLaKKdAERK10C8THgaTQxF,xiYWfajld1::RnDvLaKKdA(C8THgaTQxF const&),,0x208484,88,FUNC,GLOBAL,DEFAULT,9,True
3441,_ZN10uSjUgask_P10OY5TgaPDOPEPhii,"uSjUgask_P::OY5TgaPDOP(unsigned char*, int, int)",,0x1072cc,76,FUNC,GLOBAL,DEFAULT,9,True
3442,_ZN10_k_Bgam3zAD2Ev,_k_Bgam3zA::~_k_Bgam3zA(),,0x1c9b84,52,FUNC,WEAK,DEFAULT,9,True
3443,_ZN10wiULgacZUI10D1Uvga6AsvERK10C8THgaTQxF,wiULgacZUI::D1Uvga6Asv(C8THgaTQxF const&),,0xe804c,112,FUNC,GLOBAL,DEFAULT,9,True
3444,FT_Sfnt_Table_Info,FT_Sfnt_Table_Info,,0x25ab58,196,FUNC,GLOBAL,DEFAULT,9,True
3445,_ZN10AS80gaE4zW10uWkRgaPduNEv,AS80gaE4zW::uWkRgaPduN(),,0x1d62f0,8,FUNC,GLOBAL,DEFAULT,9,True
3446,_Z10OuTwLaGihBv,OuTwLaGihB(),,0x1c2614,128,FUNC,GLOBAL,DEFAULT,9,True
3447,_ZN10qjQMgaXCHJ10XE6mLa8c3sEPKcz,"qjQMgaXCHJ::XE6mLa8c3s(char const*, ...)",,0xfa4d0,196,FUNC,GLOBAL,DEFAULT,9,True
3448,Write_CVT_Stretched,Write_CVT_Stretched,,0x26f058,220,FUNC,GLOBAL,DEFAULT,9,True
3449,_ZN10UmnigaXg4jC1Ev,UmnigaXg4j::UmnigaXg4j(),,0x16d758,40,FUNC,GLOBAL,DEFAULT,9,True
3450,_ZN10W6NzgawMJy10SdZ4Lar7N3E,W6NzgawMJy::SdZ4Lar7N3,,0x3a26b0,1,OBJECT,GLOBAL,DEFAULT,19,True
3451,_ZThn16_N20_k_Bgam3zAPropertiesD0Ev,non-virtual thunk to _k_Bgam3zAProperties::~_k_Bgam3zAProperties(),,0x1c9b7c,8,FUNC,WEAK,DEFAULT,9,True
3452,_ZTV10_k_Bgam3zA,vtable for _k_Bgam3zA,,0x3785d0,904,OBJECT,WEAK,DEFAULT,15,True
3453,_ZN10Fcx_gaoydV10xWJuCaYft_EP10nenvgaH9_u,Fcx_gaoydV::xWJuCaYft_(nenvgaH9_u*),,0x153dd0,524,FUNC,GLOBAL,DEFAULT,9,True
3454,_ZThn16_N20ZwL1xarB5ePropertiesD1Ev,non-virtual thunk to ZwL1xarB5eProperties::~ZwL1xarB5eProperties(),,0x1e7bec,8,FUNC,WEAK,DEFAULT,9,True
3455,_ZN10oMhmIajzmW10ARHfHaOvP_Ev,oMhmIajzmW::ARHfHaOvP_(),,0x1009ac,4,FUNC,WEAK,DEFAULT,9,True
3456,_ZN10NLT0HaSwmEC1ERKS_,NLT0HaSwmE::NLT0HaSwmE(NLT0HaSwmE const&),,0x12325c,80,FUNC,GLOBAL,DEFAULT,9,True
3457,_ZN10iHmzga6Hmy10dp9wIaTwv4Ei,iHmzga6Hmy::dp9wIaTwv4(int),,0x1d12c0,396,FUNC,GLOBAL,DEFAULT,9,True
3458,_ZN10LJyzga9Pwy10UIfVJasQMeEiii,"LJyzga9Pwy::UIfVJasQMe(int, int, int)",,0x10910c,8,FUNC,GLOBAL,DEFAULT,9,True
3459,_ZN10IUKzgam4Gy10L2mZZa4_eLERK10C8THgaTQxF,IUKzgam4Gy::L2mZZa4_eL(C8THgaTQxF const&),,0xe24d8,368,FUNC,GLOBAL,DEFAULT,9,True
3460,_ZN10_YTgFa6HPkD0Ev,_YTgFa6HPk::~_YTgFa6HPk(),,0x1b0aa4,100,FUNC,WEAK,DEFAULT,9,True
3461,dJ10YaC3tXOnln2aNBfC,dJ10YaC3tXOnln2aNBfC,,0x3a5880,8,OBJECT,GLOBAL,DEFAULT,19,True
3462,jpeg_abort_compress2,jpeg_abort_compress2,,0x2a5468,4,FUNC,GLOBAL,DEFAULT,9,True
3463,_ZN10W6NzgawMJy10L4ADwaFOV3EP10zF9VgaBKxRRK10C8THgaTQxFb,"W6NzgawMJy::L4ADwaFOV3(zF9VgaBKxR*, C8THgaTQxF const&, bool)",,0x17b590,676,FUNC,GLOBAL,DEFAULT,9,True
3464,_Z10LZwygaImFxPKvS0_,"LZwygaImFx(void const*, void const*)",,0xf0244,424,FUNC,GLOBAL,DEFAULT,9,True
3465,_ZN6CyaInt13fast_s_mp_sqrEPNS_6mp_intES1_,"CyaInt::fast_s_mp_sqr(CyaInt::mp_int*, CyaInt::mp_int*)",,0x2c9090,924,FUNC,GLOBAL,DEFAULT,9,True
3466,_ZN10rizMgadjtJC2Ev,rizMgadjtJ::rizMgadjtJ(),,0x1e9780,4,FUNC,GLOBAL,DEFAULT,9,True
3467,_ZN10pTy_fadYe410FPQaZa62J4ERK10C8THgaTQxFiS2_,"pTy_fadYe4::FPQaZa62J4(C8THgaTQxF const&, int, C8THgaTQxF const&)",,0x195a04,348,FUNC,GLOBAL,DEFAULT,9,True
3468,_ZN6CyaInt20CyaSSL_dtls_set_peerEPNS_6CYASSLEPvj,"CyaInt::CyaSSL_dtls_set_peer(CyaInt::CYASSL*, void*, unsigned int)",,0x2d0fb4,8,FUNC,GLOBAL,DEFAULT,9,True
3469,tt_cmap12_validate,tt_cmap12_validate,,0x262ea4,468,FUNC,GLOBAL,DEFAULT,9,True
3470,_Z10Xtw3JaTWzmv,Xtw3JaTWzm(),,0x248a54,48,FUNC,GLOBAL,DEFAULT,9,True
3471,inflateSyncPoint,inflateSyncPoint,,0x293c88,56,FUNC,GLOBAL,DEFAULT,9,True
3472,_ZN10W6NzgawMJy10daxnwaawpREi,W6NzgawMJy::daxnwaawpR(int),,0x178910,348,FUNC,GLOBAL,DEFAULT,9,True
3473,_ZN10AUzMgaePtJ3popEv,AUzMgaePtJ::pop(),,0xffa94,104,FUNC,GLOBAL,DEFAULT,9,True
3474,_ZN10AS80gaE4zW10pMwQgakbOMEv,AS80gaE4zW::pMwQgakbOM(),,0x1d446c,24,FUNC,GLOBAL,DEFAULT,9,True
3475,_ZN20w6qzgacqqyPropertiesC1Ev,w6qzgacqqyProperties::w6qzgacqqyProperties(),,0x1f6450,164,FUNC,GLOBAL,DEFAULT,9,True
3476,_ZN10ieJzgaIFFy10cuc8IaZ6vAEb,ieJzgaIFFy::cuc8IaZ6vA(bool),,0x161464,80,FUNC,GLOBAL,DEFAULT,9,True
3477,_ZN10Kc8uganwOuC2ERK10C8THgaTQxF,Kc8uganwOu::Kc8uganwOu(C8THgaTQxF const&),,0x169d84,756,FUNC,GLOBAL,DEFAULT,9,True
3478,_ZN10ieJzgaIFFy10sgdTJasM3cEi,ieJzgaIFFy::sgdTJasM3c(int),,0x168ef8,8,FUNC,WEAK,DEFAULT,9,True
3479,_Z10Zw3R_axA5uPKvS0_,"Zw3R_axA5u(void const*, void const*)",,0x1b7034,68,FUNC,GLOBAL,DEFAULT,9,True
3480,unzGetGlobalComment2,unzGetGlobalComment2,,0x258f2c,180,FUNC,GLOBAL,DEFAULT,9,True
3481,_ZN10ieJzgaIFFy10f6EMfbWbyTEP10JQknDa08eK,ieJzgaIFFy::f6EMfbWbyT(JQknDa08eK*),,0x164ec8,152,FUNC,GLOBAL,DEFAULT,9,True
3482,glGetError,glGetError,,0x0,0,FUNC,GLOBAL,DEFAULT,UND,False
3483,_ZThn16_N20k1h4JaIMdnPropertiesD0Ev,non-virtual thunk to k1h4JaIMdnProperties::~k1h4JaIMdnProperties(),,0x248ae0,8,FUNC,WEAK,DEFAULT,9,True
3484,_ZN10u0eyga1eqx10EpjwgajXNvERK10eY2wgaf6pw,u0eyga1eqx::EpjwgajXNv(eY2wgaf6pw const&),,0x1e257c,204,FUNC,GLOBAL,DEFAULT,9,True
3485,_ZN6CyaInt16IsAtLeastTLSv1_2EPKNS_6CYASSLE,CyaInt::IsAtLeastTLSv1_2(CyaInt::CYASSL const*),,0x2d5f68,72,FUNC,GLOBAL,DEFAULT,9,True
3486,_Z14read_one_line2iPcj,"read_one_line2(int, char*, unsigned int)",,0x24f5e8,160,FUNC,GLOBAL,DEFAULT,9,True
3487,Java_com_quattroplay_GraalClassic_Natives_onVideoFinished,Java_com_quattroplay_GraalClassic_Natives_onVideoFinished,,0x251a28,180,FUNC,GLOBAL,DEFAULT,9,True
3488,_ZN10cWWYfaxbT210VkenganG9nEP10G0gxgajWBw,cWWYfaxbT2::VkenganG9n(G0gxgajWBw*),,0x22d168,552,FUNC,GLOBAL,DEFAULT,9,True
3489,_ZN20GbMhIaz9ySPropertiesD2Ev,GbMhIaz9ySProperties::~GbMhIaz9ySProperties(),,0x1c4700,28,FUNC,WEAK,DEFAULT,9,True
3490,_ZN10zfJa3aJGDh10kCI62aW8feEv,zfJa3aJGDh::kCI62aW8fe(),,0x11bef0,124,FUNC,GLOBAL,DEFAULT,9,True
3491,_ZN10SU3JfaCUmR10EMsIfazP0PEv,SU3JfaCUmR::EMsIfazP0P(),,0x10c690,8,FUNC,GLOBAL,DEFAULT,9,True
3492,Java_com_quattroplay_GraalClassic_Natives_QPlayMain,Java_com_quattroplay_GraalClassic_Natives_QPlayMain,,0x250644,1092,FUNC,GLOBAL,DEFAULT,9,True
3493,_ZN10W6NzgawMJy10CrD_faSNi4ERK10C8THgaTQxFS2_,"W6NzgawMJy::CrD_faSNi4(C8THgaTQxF const&, C8THgaTQxF const&)",,0x179dd4,284,FUNC,GLOBAL,DEFAULT,9,True
3494,_ZN10esKIvakHfi10MD3Pva7FpoERK10C8THgaTQxFb,"esKIvakHfi::MD3Pva7Fpo(C8THgaTQxF const&, bool)",,0xfce40,256,FUNC,GLOBAL,DEFAULT,9,True
3495,_ZN10Kv6ugas5Mu10IGa6gaABO_ERK10C8THgaTQxFiS2_PKci,"Kv6ugas5Mu::IGa6gaABO_(C8THgaTQxF const&, int, C8THgaTQxF const&, char const*, int)",,0x111c6c,144,FUNC,GLOBAL,DEFAULT,9,True
3496,TT_New_Context,TT_New_Context,,0x275204,312,FUNC,GLOBAL,DEFAULT,9,True
3497,_ZN20gId5RaV8_6PropertiesD0Ev,gId5RaV8_6Properties::~gId5RaV8_6Properties(),,0x249b64,56,FUNC,WEAK,DEFAULT,9,True
3498,_ZN10zW2NgaU4IK10IXGXfaTKP1ERK10C8THgaTQxF,zW2NgaU4IK::IXGXfaTKP1(C8THgaTQxF const&),,0x21d918,12,FUNC,GLOBAL,DEFAULT,9,True
3499,_ZN10e3mhxao0dC10UVfnEao0aAERK10vEhDgaHsFB,e3mhxao0dC::UVfnEao0aA(vEhDgaHsFB const&),,0x1eaa70,692,FUNC,GLOBAL,DEFAULT,9,True
3500,_ZN10SDrvgadS3u5clearEv,SDrvgadS3u::clear(),,0x1ffeb8,8,FUNC,GLOBAL,DEFAULT,9,True
3501,_ZN10cWWYfaxbT2C2ERK10CanTfaz6bZ,cWWYfaxbT2::cWWYfaxbT2(CanTfaz6bZ const&),,0x22e838,52,FUNC,GLOBAL,DEFAULT,9,True
3502,EYKlVaL7UROnln2aNBfC,EYKlVaL7UROnln2aNBfC,,0x3a3520,8,OBJECT,GLOBAL,DEFAULT,19,True
3503,MC2D_anPij,MC2D_anPij,,0x392020,25,OBJECT,GLOBAL,DEFAULT,18,True
3504,_ZN6CyaInt35CyaSSL_use_certificate_chain_bufferEPNS_6CYASSLEPKhl,"CyaInt::CyaSSL_use_certificate_chain_buffer(CyaInt::CYASSL*, unsigned char const*, long)",,0x2d372c,28,FUNC,GLOBAL,DEFAULT,9,True
3505,jpeg_add_quant_table,jpeg_add_quant_table,,0x2a8c00,372,FUNC,GLOBAL,DEFAULT,9,True
3506,_ZN10N67CMatrxw10mtG7fbil4aERK10CanTfaz6bZS2_b,"N67CMatrxw::mtG7fbil4a(CanTfaz6bZ const&, CanTfaz6bZ const&, bool)",,0x231180,656,FUNC,GLOBAL,DEFAULT,9,True
3507,_ZN10NgNBgaN3oAD0Ev,NgNBgaN3oA::~NgNBgaN3oA(),,0x23705c,32,FUNC,GLOBAL,DEFAULT,9,True
3508,_ZN10_k_Bgam3zAC1Ev,_k_Bgam3zA::_k_Bgam3zA(),,0x1c5548,260,FUNC,GLOBAL,DEFAULT,9,True
3509,_ZN10J7J0ga9peWD0Ev,J7J0ga9peW::~J7J0ga9peW(),,0x1d3e00,48,FUNC,WEAK,DEFAULT,9,True
3510,inflateEnd,inflateEnd,,0x293738,96,FUNC,GLOBAL,DEFAULT,9,True
3511,_ZN10w9XxgaJdbx10mZ4rxajOeLERK10cXoLgatBuI,w9XxgaJdbx::mZ4rxajOeL(cXoLgatBuI const&),,0x1b09c4,4,FUNC,WEAK,DEFAULT,9,True
3512,_ZN10G0gxgajWBw10gVHMMaRyAEERK10C8THgaTQxF,G0gxgajWBw::gVHMMaRyAE(C8THgaTQxF const&),,0x218558,228,FUNC,GLOBAL,DEFAULT,9,True
3513,_Z10DgaM1aDf85v,DgaM1aDf85(),,0x227780,48,FUNC,GLOBAL,DEFAULT,9,True
3514,des3_test,des3_test,,0x254ee0,40,FUNC,GLOBAL,DEFAULT,9,True
3515,_ZN10ohGYZakbFK10xcTMgag3JJEv,ohGYZakbFK::xcTMgag3JJ(),,0xe3748,32,FUNC,GLOBAL,DEFAULT,9,True
3516,tt_cmap6_get_info,tt_cmap6_get_info,,0x261bb0,40,FUNC,GLOBAL,DEFAULT,9,True
3517,_Z10nQK_KaF0o9v,nQK_KaF0o9(),,0x1b30b0,128,FUNC,GLOBAL,DEFAULT,9,True
3518,_ZN10AeOgLaUSKnD2Ev,AeOgLaUSKn::~AeOgLaUSKn(),,0x1a3920,68,FUNC,GLOBAL,DEFAULT,9,True
3519,_ZN10oAgxlbdzBJ10Nrjwlb2YNIEv,oAgxlbdzBJ::Nrjwlb2YNI(),,0x245f1c,148,FUNC,GLOBAL,DEFAULT,9,True
3520,kvM3Pa2pNp,kvM3Pa2pNp,,0x392510,48,OBJECT,GLOBAL,DEFAULT,18,True
3521,_ZN10GaA2gaD2MX10WmPkgaZP7lEi,GaA2gaD2MX::WmPkgaZP7l(int),,0x16cd7c,156,FUNC,GLOBAL,DEFAULT,9,True
3522,_ZN10AS80gaE4zW10wEiPgaIiMLEbP10vuuHgangcF,"AS80gaE4zW::wEiPgaIiML(bool, vuuHgangcF*)",,0x1d5048,12,FUNC,GLOBAL,DEFAULT,9,True
3523,_ZN10w6qzgacqqy10m_TJxa3Id_E,w6qzgacqqy::m_TJxa3Id_,,0x3a3700,8,OBJECT,GLOBAL,DEFAULT,19,True
3524,_ZN10zW2NgaU4IK10pH_0fadms5EiRK10C8THgaTQxFj,"zW2NgaU4IK::pH_0fadms5(int, C8THgaTQxF const&, unsigned int)",,0x21db68,632,FUNC,GLOBAL,DEFAULT,9,True
3525,_ZN10W6NzgawMJy10CoHZLal7vZEv,W6NzgawMJy::CoHZLal7vZ(),,0x183cbc,312,FUNC,GLOBAL,DEFAULT,9,True
3526,_ZN10ToQnQaIHFG10SSVxPaQi9YEP10mTAogaaEipb,"ToQnQaIHFG::SSVxPaQi9Y(mTAogaaEip*, bool)",,0x22141c,192,FUNC,GLOBAL,DEFAULT,9,True
3527,_ZN10IIAnGagvsg9addObjectEPvRK10i7FHgaP2lF,"IIAnGagvsg::addObject(void*, i7FHgaP2lF const&)",,0xfd774,616,FUNC,GLOBAL,DEFAULT,9,True
3528,_ZN20GbMhIaz9ySPropertiesC1Ev,GbMhIaz9ySProperties::GbMhIaz9ySProperties(),,0x1c0684,176,FUNC,GLOBAL,DEFAULT,9,True
3529,Pal3YaSqqZ,Pal3YaSqqZ,,0x391840,80,OBJECT,GLOBAL,DEFAULT,18,True
3530,_ZN10yL3_IaDMFt10XEm8Ta8FEQEP10vuuHgangcFRK10C8THgaTQxF,"yL3_IaDMFt::XEm8Ta8FEQ(vuuHgangcF*, C8THgaTQxF const&)",,0xecba0,184,FUNC,GLOBAL,DEFAULT,9,True
3531,_ZN10_k_Bgam3zA10D4RKabD61EEv,_k_Bgam3zA::D4RKabD61E(),,0x1c58c4,384,FUNC,GLOBAL,DEFAULT,9,True
3532,_ZN10GaA2gaD2MX10usJkgaAR2lEiii,"GaA2gaD2MX::usJkgaAR2l(int, int, int)",,0x16ce18,424,FUNC,GLOBAL,DEFAULT,9,True
3533,FT_Tan,FT_Tan,,0x25d024,220,FUNC,GLOBAL,DEFAULT,9,True
3534,_ZN10CDPvgaY2nv10WiJRKaIJO1ERK10C8THgaTQxFS2_b,"CDPvgaY2nv::WiJRKaIJO1(C8THgaTQxF const&, C8THgaTQxF const&, bool)",,0xe9d84,1112,FUNC,GLOBAL,DEFAULT,9,True
3535,mHVwfa48iG,mHVwfa48iG,,0x3a0ca0,8,OBJECT,GLOBAL,DEFAULT,19,True
3536,_ZN10w6qzgacqqy10HrAIxaXg7YE,w6qzgacqqy::HrAIxaXg7Y,,0x397318,4,OBJECT,GLOBAL,DEFAULT,18,True
3537,_ZN10psSDxavq9U10X5OpYaNBkrE,psSDxavq9U::X5OpYaNBkr,,0x398b8c,4,OBJECT,GLOBAL,DEFAULT,18,True
3538,_ZNK10ln7yHaeP9f10rMBEgasoMCEv,ln7yHaeP9f::rMBEgasoMC() const,,0x1cea0c,116,FUNC,GLOBAL,DEFAULT,9,True
3539,_ZN10zW2NgaU4IK10WKUVfagmk0EP10G0gxgajWBw,zW2NgaU4IK::WKUVfagmk0(G0gxgajWBw*),,0x21c758,496,FUNC,GLOBAL,DEFAULT,9,True
3540,_ZN20J0CfgbmrLhPropertiesC2Ev,J0CfgbmrLhProperties::J0CfgbmrLhProperties(),,0x1615d4,144,FUNC,GLOBAL,DEFAULT,9,True
3541,_ZN10oMhmIajzmW10CJDIfa019PEv,oMhmIajzmW::CJDIfa019P(),,0x1009b4,80,FUNC,WEAK,DEFAULT,9,True
3542,_ZN10e4ZYfa8PV210c4C_ua6tiHERK10C8THgaTQxF,e4ZYfa8PV2::c4C_ua6tiH(C8THgaTQxF const&),,0x234c7c,76,FUNC,GLOBAL,DEFAULT,9,True
3543,_ZN10SsrLga3IwI10ogeQMauCyHEv,SsrLga3IwI::ogeQMauCyH(),,0x1b3898,188,FUNC,GLOBAL,DEFAULT,9,True
3544,_ZN10pdnkJaZ8KK10KOPpJalclPERK10C8THgaTQxFff,"pdnkJaZ8KK::KOPpJalclP(C8THgaTQxF const&, float, float)",,0x243238,124,FUNC,GLOBAL,DEFAULT,9,True
3545,_ZN10Fkb1ga78BWC1Ev,Fkb1ga78BW::Fkb1ga78BW(),,0x1d308c,16,FUNC,GLOBAL,DEFAULT,9,True
3546,_Z10YRoPkb5wR7v,YRoPkb5wR7(),,0x19ac24,172,FUNC,GLOBAL,DEFAULT,9,True
3547,_ZN10ln7yHaeP9f10S0OSgapxJOEf,ln7yHaeP9f::S0OSgapxJO(float),,0x1ce7c4,132,FUNC,GLOBAL,DEFAULT,9,True
3548,_Z10sWvz2aNtuMv,sWvz2aNtuM(),,0x1c91ac,128,FUNC,GLOBAL,DEFAULT,9,True
3549,hash_descriptor,hash_descriptor,,0x3a5fa8,2048,OBJECT,GLOBAL,DEFAULT,19,True
3550,_ZN10SsrLga3IwI10t5UofajEzzE,SsrLga3IwI::t5UofajEzz,,0x3a3178,8,OBJECT,GLOBAL,DEFAULT,19,True
3551,_ZN10GaA2gaD2MX10f53ofa52HzEv,GaA2gaD2MX::f53ofa52Hz(),,0x16cbcc,4,FUNC,GLOBAL,DEFAULT,9,True
3552,_ZN10c3fygag7qxD2Ev,c3fygag7qx::~c3fygag7qx(),,0x1dcb30,128,FUNC,GLOBAL,DEFAULT,9,True
3553,_Z10DfuIGaT31xv,DfuIGaT31x(),,0x115148,128,FUNC,GLOBAL,DEFAULT,9,True
3554,_ZN10uzN1fatj7510P1yYgac5yTEPhii,"uzN1fatj75::P1yYgac5yT(unsigned char*, int, int)",,0x10c3c0,252,FUNC,GLOBAL,DEFAULT,9,True
3555,_ZN10HtZ2_aJk7ED2Ev,HtZ2_aJk7E::~HtZ2_aJk7E(),,0x1061f4,20,FUNC,WEAK,DEFAULT,9,True
3556,_ZN10c3fygag7qx10wXgCgaHSOAEv,c3fygag7qx::wXgCgaHSOA(),,0x1dcbfc,44,FUNC,GLOBAL,DEFAULT,9,True
3557,_ZN10m9DfJatoMGD0Ev,m9DfJatoMG::~m9DfJatoMG(),,0xf68c0,4,FUNC,WEAK,DEFAULT,9,True
3558,_ZN10vy1JgaKVkH4SortEPFiPKvS1_E,"vy1JgaKVkH::Sort(int (*)(void const*, void const*))",,0xedde4,40,FUNC,GLOBAL,DEFAULT,9,True
3559,_ZN20s_YwgafWlwPropertiesC1Ev,s_YwgafWlwProperties::s_YwgafWlwProperties(),,0x1dafcc,156,FUNC,GLOBAL,DEFAULT,9,True
3560,_ZN10_WevgakbUuD0Ev,_WevgakbUu::~_WevgakbUu(),,0x107f80,32,FUNC,GLOBAL,DEFAULT,9,True
3561,_ZN10oJlO1aTTY710wgSQgaCg5MEv,oJlO1aTTY7::wgSQgaCg5M(),,0x15e528,24,FUNC,GLOBAL,DEFAULT,9,True
3562,_ZN10Kc8uganwOu10gyhUDavnYaEP10ieJzgaIFFy,Kc8uganwOu::gyhUDavnYa(ieJzgaIFFy*),,0x1698b0,8,FUNC,GLOBAL,DEFAULT,9,True
3563,_Z10rC_8BaXhbIPhS_j,"rC_8BaXhbI(unsigned char*, unsigned char*, unsigned int)",,0x115928,884,FUNC,GLOBAL,DEFAULT,9,True
3564,DGifGetScreenDesc,DGifGetScreenDesc,,0x2ba590,676,FUNC,GLOBAL,DEFAULT,9,True
3565,_ZN10u3cBgayBVz10nwb31aWiilEv,u3cBgayBVz::nwb31aWiil(),,0x20cb48,400,FUNC,GLOBAL,DEFAULT,9,True
3566,_ZN10Kc8uganwOuC1ERK10C8THgaTQxF,Kc8uganwOu::Kc8uganwOu(C8THgaTQxF const&),,0x169d84,756,FUNC,GLOBAL,DEFAULT,9,True
3567,_ZN10uzvDgataRB10ihpLga8SuIERK10cXoLgatBuI,uzvDgataRB::ihpLga8SuI(cXoLgatBuI const&),,0x1b1c70,412,FUNC,GLOBAL,DEFAULT,9,True
3568,_ZThn16_N20imqXgalNBSPropertiesD0Ev,non-virtual thunk to imqXgalNBSProperties::~imqXgalNBSProperties(),,0x1e4c84,8,FUNC,WEAK,DEFAULT,9,True
3569,_ZN10psSDxavq9UC2EP10u3cBgayBVz,psSDxavq9U::psSDxavq9U(u3cBgayBVz*),,0x201e0c,192,FUNC,GLOBAL,DEFAULT,9,True
3570,_ZN10w9XxgaJdbx10kpGWHa_hZzEb,w9XxgaJdbx::kpGWHa_hZz(bool),,0x1b80e8,248,FUNC,GLOBAL,DEFAULT,9,True
3571,_ZN10KsGWqbQkZg10j9gLgaw2nIEv,KsGWqbQkZg::j9gLgaw2nI(),,0x1c9fe8,52,FUNC,GLOBAL,DEFAULT,9,True
3572,_ZN10LJyzga9Pwy10VCuoIaqndYEv,LJyzga9Pwy::VCuoIaqndY(),,0x10ab54,4,FUNC,WEAK,DEFAULT,9,True
3573,_ZN10mTAogaaEip10_hwWPaWMQiEP10AICTfaebpZi,"mTAogaaEip::_hwWPaWMQi(AICTfaebpZ*, int)",,0x226c08,416,FUNC,GLOBAL,DEFAULT,9,True
3574,_ZN10kyTzgazlOy10t_qbLaakejER10CanTfaz6bZRiS2_,"kyTzgazlOy::t_qbLaakej(CanTfaz6bZ&, int&, int&)",,0x23a318,320,FUNC,GLOBAL,DEFAULT,9,True
3575,_ZN10w9XxgaJdbx10jMgDgakJEBEP10XoqxgaMPJwRK10eY2wgaf6pwS4_RK10C8THgaTQxFRK10dVIHgaIooFb,"w9XxgaJdbx::jMgDgakJEB(XoqxgaMPJw*, eY2wgaf6pw const&, eY2wgaf6pw const&, C8THgaTQxF const&, dVIHgaIooF const&, bool)",,0x1be574,1016,FUNC,GLOBAL,DEFAULT,9,True
3576,_ZN10zF9VgaBKxR10YreVgajMLQEdd,"zF9VgaBKxR::YreVgajMLQ(double, double)",,0x1aac84,160,FUNC,GLOBAL,DEFAULT,9,True
3577,_Z10L7ezIahlg6v,L7ezIahlg6(),,0x2451f4,76,FUNC,GLOBAL,DEFAULT,9,True
3578,_ZN10BP3Kfa2PcSC2EP10LJyzga9Pwyiiii,"BP3Kfa2PcS::BP3Kfa2PcS(LJyzga9Pwy*, int, int, int, int)",,0x10ae20,48,FUNC,GLOBAL,DEFAULT,9,True
3579,_ZN10Ox9zJa6D1X10ev3zJaRyXXE10zdGAJa27sY10BBfAJamK6Xf,"Ox9zJa6D1X::ev3zJaRyXX(zdGAJa27sY, BBfAJamK6X, float)",,0x23c3e8,1152,FUNC,GLOBAL,DEFAULT,9,True
3580,_ZN10f6WHgaQkAF10r3WHgaBiAFERK10C8THgaTQxFb,"f6WHgaQkAF::r3WHgaBiAF(C8THgaTQxF const&, bool)",,0xefe78,196,FUNC,GLOBAL,DEFAULT,9,True
3581,_ZN6CyaInt19CyaSSL_SetIOReadCtxEPNS_6CYASSLEPv,"CyaInt::CyaSSL_SetIOReadCtx(CyaInt::CYASSL*, void*)",,0x2d0e0c,8,FUNC,GLOBAL,DEFAULT,9,True
3582,_ZN10_HTugbItBuD1Ev,_HTugbItBu::~_HTugbItBu(),,0x169030,20,FUNC,WEAK,DEFAULT,9,True
3583,_ZN10SsrLga3IwI10naQKJaqv05ERK10eY2wgaf6pwP10vuuHgangcF,"SsrLga3IwI::naQKJaqv05(eY2wgaf6pw const&, vuuHgangcF*)",,0x1b39b8,316,FUNC,GLOBAL,DEFAULT,9,True
3584,_ZN10zF9VgaBKxR10JMT6mbKxp3Edd,"zF9VgaBKxR::JMT6mbKxp3(double, double)",,0x1aa348,304,FUNC,GLOBAL,DEFAULT,9,True
3585,_ZN10w9XxgaJdbx9addObjectEPS_,w9XxgaJdbx::addObject(w9XxgaJdbx*),,0x1bbc38,308,FUNC,GLOBAL,DEFAULT,9,True
3586,_ZN10cWWYfaxbT210hFWn2apYKCEP10c76BgaJBGAP10C7do2a8u_Ci,"cWWYfaxbT2::hFWn2apYKC(c76BgaJBGA*, C7do2a8u_C*, int)",,0x22ea1c,1336,FUNC,GLOBAL,DEFAULT,9,True
3587,_ZN10X7ZxganTcx4pushEPf,X7ZxganTcx::push(float*),,0x1004d0,124,FUNC,GLOBAL,DEFAULT,9,True
3588,Java_com_quattroplay_GraalClassic_Natives_onKeyEvent,Java_com_quattroplay_GraalClassic_Natives_onKeyEvent,,0x251500,308,FUNC,GLOBAL,DEFAULT,9,True
3589,_ZN10BEXWLaNNcX10_57WJaKqmgEii,"BEXWLaNNcX::_57WJaKqmg(int, int)",,0x23b368,296,FUNC,GLOBAL,DEFAULT,9,True
3590,_ZTV10OtwAJaQWkY,vtable for OtwAJaQWkY,,0x37e550,320,OBJECT,WEAK,DEFAULT,15,True
3591,_ZN10LJyzga9PwyC2Ev,LJyzga9Pwy::LJyzga9Pwy(),,0x1093d8,300,FUNC,GLOBAL,DEFAULT,9,True
3592,_ZN10c3fygag7qxC1Ev,c3fygag7qx::c3fygag7qx(),,0x1dd8b8,100,FUNC,GLOBAL,DEFAULT,9,True
3593,_Z10FcEdJair5ERK10C8THgaTQxF,FcEdJair5E(C8THgaTQxF const&),,0xf5f58,312,FUNC,GLOBAL,DEFAULT,9,True
3594,_Z10EdrBJadw6Yfff,"EdrBJadw6Y(float, float, float)",,0x24247c,268,FUNC,GLOBAL,DEFAULT,9,True
3595,_ZN20Q8n_Fa6V5WPropertiesD0Ev,Q8n_Fa6V5WProperties::~Q8n_Fa6V5WProperties(),,0x1cb398,56,FUNC,WEAK,DEFAULT,9,True
3596,_ZN10v9r4yaCim7D1Ev,v9r4yaCim7::~v9r4yaCim7(),,0x1c49c0,52,FUNC,WEAK,DEFAULT,9,True
3597,tt_cmap4_get_info,tt_cmap4_get_info,,0x261a9c,40,FUNC,GLOBAL,DEFAULT,9,True
3598,_ZN10QYZugaRKGu10s322IaCbbwEv,QYZugaRKGu::s322IaCbbw(),,0xea8c8,104,FUNC,GLOBAL,DEFAULT,9,True
3599,_ZN10znLtuaytEfC2ERK10CanTfaz6bZ,znLtuaytEf::znLtuaytEf(CanTfaz6bZ const&),,0x16a758,64,FUNC,GLOBAL,DEFAULT,9,True
3600,_ZN10AS80gaE4zW10rz5wgawiswEP10XoqxgaMPJw,AS80gaE4zW::rz5wgawisw(XoqxgaMPJw*),,0x1d4fe4,24,FUNC,GLOBAL,DEFAULT,9,True
3601,_ZN10w9XxgaJdbx10qzTj1apmlJEv,w9XxgaJdbx::qzTj1apmlJ(),,0x1bc180,212,FUNC,GLOBAL,DEFAULT,9,True
3602,_ZN10V8fxgahcBw10kRVv2ayhtJEPS_,V8fxgahcBw::kRVv2ayhtJ(V8fxgahcBw*),,0x11ac34,132,FUNC,GLOBAL,DEFAULT,9,True
3603,_ZN6CyaInt6mp_sqrEPNS_6mp_intES1_,"CyaInt::mp_sqr(CyaInt::mp_int*, CyaInt::mp_int*)",,0x2c98fc,88,FUNC,GLOBAL,DEFAULT,9,True
3604,_ZN10Kc8uganwOu10XmPXfa5PW1Ev,Kc8uganwOu::XmPXfa5PW1(),,0x169198,136,FUNC,GLOBAL,DEFAULT,9,True
3605,jpeg_std_error,jpeg_std_error,,0x2a00fc,108,FUNC,GLOBAL,DEFAULT,9,True
3606,_ZN10fUWH_a_9zm10mzcH_arbYlERK10C8THgaTQxF,fUWH_a_9zm::mzcH_arbYl(C8THgaTQxF const&),,0x113374,92,FUNC,GLOBAL,DEFAULT,9,True
3607,_ZN10LBgVgaqANQ10rhe4IahDaxEv,LBgVgaqANQ::rhe4IahDax(),,0x18859c,240,FUNC,GLOBAL,DEFAULT,9,True
3608,_Z20awDo2aJRkDE7Bm2aaHDBRK10C8THgaTQxF,awDo2aJRkDE7Bm2aaHDB(C8THgaTQxF const&),,0x1de81c,48,FUNC,GLOBAL,DEFAULT,9,True
3609,_ZN20s_YwgafWlwPropertiesD0Ev,s_YwgafWlwProperties::~s_YwgafWlwProperties(),,0x1dc908,56,FUNC,WEAK,DEFAULT,9,True
3610,setjmp@LIBC (2),setjmp,LIBC (2),0x0,0,FUNC,GLOBAL,DEFAULT,UND,False
3611,Java_com_quattroplay_GraalClassic_Natives_onAddScriptFunction,Java_com_quattroplay_GraalClassic_Natives_onAddScriptFunction,,0x251770,272,FUNC,GLOBAL,DEFAULT,9,True
3612,_ZN8TUnicode10acJjyaUDcuERK10C8THgaTQxF,TUnicode::acJjyaUDcu(C8THgaTQxF const&),,0x112e98,288,FUNC,GLOBAL,DEFAULT,9,True
3613,_Z10BNW4Jas4Lnv,BNW4Jas4Ln(),,0x1a44b4,68,FUNC,GLOBAL,DEFAULT,9,True
3614,_ZN10s_viIa9wbT10P_JiIaCjnTEv,s_viIa9wbT::P_JiIaCjnT(),,0x16b780,200,FUNC,GLOBAL,DEFAULT,9,True
3615,_ZN10Q8n_Fa6V5W10cH35gaVII_Ev,Q8n_Fa6V5W::cH35gaVII_(),,0x1cb35c,24,FUNC,WEAK,DEFAULT,9,True
3616,_ZN10GaA2gaD2MX10MU1ofaqdGzEib,"GaA2gaD2MX::MU1ofaqdGz(int, bool)",,0x16cbac,32,FUNC,GLOBAL,DEFAULT,9,True
3617,_Z10HmacSetKeyP4HmaciPKhj,"HmacSetKey(Hmac*, int, unsigned char const*, unsigned int)",,0x2d55b4,536,FUNC,GLOBAL,DEFAULT,9,True
3618,_Z15crc32_combine64mml,"crc32_combine64(unsigned long, unsigned long, long)",,0x28d1a0,4,FUNC,GLOBAL,DEFAULT,9,True
3619,_ZN10MpGzgariDy10d2dswarqmVEv,MpGzgariDy::d2dswarqmV(),,0x18ea84,8,FUNC,WEAK,DEFAULT,9,True
3620,_ZN8TUnicode10JYOLwaQuQaEPKcii,"TUnicode::JYOLwaQuQa(char const*, int, int)",,0x113218,132,FUNC,GLOBAL,DEFAULT,9,True
3621,_ZN10BP3Kfa2PcS10s9A_gaFSgVEv,BP3Kfa2PcS::s9A_gaFSgV(),,0x10ad4c,60,FUNC,GLOBAL,DEFAULT,9,True
3622,_ZThn16_N20gId5RaV8_6PropertiesD0Ev,non-virtual thunk to gId5RaV8_6Properties::~gId5RaV8_6Properties(),,0x249b9c,8,FUNC,WEAK,DEFAULT,9,True
3623,_Z10Z1ceJasAzFRK10C8THgaTQxF,Z1ceJasAzF(C8THgaTQxF const&),,0xf5874,388,FUNC,GLOBAL,DEFAULT,9,True
3624,dh0jIa9QrU,dh0jIa9QrU,,0x3a50a8,8,OBJECT,GLOBAL,DEFAULT,19,True
3625,_ZN10_k_Bgam3zA10xlDDgaQIXBERK10eY2wgaf6pw,_k_Bgam3zA::xlDDgaQIXB(eY2wgaf6pw const&),,0x1c4c04,660,FUNC,GLOBAL,DEFAULT,9,True
3626,_ZN10GbMhIaz9yS10FzqwMaKYTqEP10vuuHgangcF,GbMhIaz9yS::FzqwMaKYTq(vuuHgangcF*),,0x1c284c,208,FUNC,GLOBAL,DEFAULT,9,True
3627,_ZN10n_rGfa49jOD2Ev,n_rGfa49jO::~n_rGfa49jO(),,0x1223c8,76,FUNC,GLOBAL,DEFAULT,9,True
3628,_ZN10IIAnGagvsgD2Ev,IIAnGagvsg::~IIAnGagvsg(),,0xfd740,20,FUNC,GLOBAL,DEFAULT,9,True
3629,_ZN10W6NzgawMJy10zwkXwa7SwkEd,W6NzgawMJy::zwkXwa7Swk(double),,0x1a1648,8,FUNC,GLOBAL,DEFAULT,9,True
3630,GifBitSize,GifBitSize,,0x2bbef4,132,FUNC,GLOBAL,DEFAULT,9,True
3631,_ZN10uVBvgaZvcvD2Ev,uVBvgaZvcv::~uVBvgaZvcv(),,0xf1940,64,FUNC,WEAK,DEFAULT,9,True
3632,_ZN10SU3JfaCUmR10CJDIfa019PEv,SU3JfaCUmR::CJDIfa019P(),,0x10c594,44,FUNC,GLOBAL,DEFAULT,9,True
3633,_ZN10zF9VgaBKxR10mCJDwaYZ13Ev,zF9VgaBKxR::mCJDwaYZ13(),,0x1ad008,284,FUNC,GLOBAL,DEFAULT,9,True
3634,_Z7InitShaP3Sha,InitSha(Sha*),,0x2cebc8,76,FUNC,GLOBAL,DEFAULT,9,True
3635,_ZN10CanTfaz6bZaSERKS_,CanTfaz6bZ::operator=(CanTfaz6bZ const&),,0xf8ca8,88,FUNC,GLOBAL,DEFAULT,9,True
3636,_ZN10mH33wa4I1qD1Ev,mH33wa4I1q::~mH33wa4I1q(),,0x23749c,20,FUNC,WEAK,DEFAULT,9,True
3637,_ZN10w6qzgacqqy10XpPbyaCSynERK10C8THgaTQxFb,"w6qzgacqqy::XpPbyaCSyn(C8THgaTQxF const&, bool)",,0x1eba5c,192,FUNC,GLOBAL,DEFAULT,9,True
3638,_ZN10cHovga0n1u10BlR0faOuk5ERK10C8THgaTQxFPh,"cHovga0n1u::BlR0faOuk5(C8THgaTQxF const&, unsigned char*)",,0xf9fa4,132,FUNC,GLOBAL,DEFAULT,9,True
3639,_ZN10f6WHgaQkAF10amnwgadgRvE,f6WHgaQkAF::amnwgadgRv,,0x3a0140,8,OBJECT,GLOBAL,DEFAULT,19,True
3640,_ZN10vy1JgaKVkH5ClearEv,vy1JgaKVkH::Clear(),,0xeda34,48,FUNC,GLOBAL,DEFAULT,9,True
3641,_ZN10IMzlIaJILV10NQ6BvaanGcERK10C8THgaTQxFS2_S2_,"IMzlIaJILV::NQ6BvaanGc(C8THgaTQxF const&, C8THgaTQxF const&, C8THgaTQxF const&)",,0x19bcb0,28,FUNC,GLOBAL,DEFAULT,9,True
3642,_ZN10gId5RaV8_610tIIEga1dSCEP10W6NzgawMJy,gId5RaV8_6::tIIEga1dSC(W6NzgawMJy*),,0x248c74,220,FUNC,GLOBAL,DEFAULT,9,True
3643,_ZN10LJyzga9Pwy16setCursorVisibleEb,LJyzga9Pwy::setCursorVisible(bool),,0x10ab84,4,FUNC,WEAK,DEFAULT,9,True
3644,_ZN10cHovga0n1u10GlN5FaT7t1ERK10C8THgaTQxF,cHovga0n1u::GlN5FaT7t1(C8THgaTQxF const&),,0xf9950,128,FUNC,GLOBAL,DEFAULT,9,True
3645,_ZN10w6qzgacqqy10jzxGxaoRoXE,w6qzgacqqy::jzxGxaoRoX,,0x3a3740,8,OBJECT,GLOBAL,DEFAULT,19,True
3646,_Z23jpeg_make_c_derived_tblP20jpeg_compress_structiiPP13c_derived_tbl,"jpeg_make_c_derived_tbl(jpeg_compress_struct*, int, int, c_derived_tbl**)",,0x2b1e78,1216,FUNC,GLOBAL,DEFAULT,9,True
3647,_ZN10W6NzgawMJy10y79Cwa47y3Ev,W6NzgawMJy::y79Cwa47y3(),,0x19c0b8,372,FUNC,GLOBAL,DEFAULT,9,True
3648,_Z10F60yIafy45v,F60yIafy45(),,0x245114,224,FUNC,GLOBAL,DEFAULT,9,True
3649,_ZN20hsuDgateQBPropertiesD2Ev,hsuDgateQBProperties::~hsuDgateQBProperties(),,0x1b6b70,28,FUNC,WEAK,DEFAULT,9,True
3650,_ZN10c3fygag7qxC1ERK10C8THgaTQxF,c3fygag7qx::c3fygag7qx(C8THgaTQxF const&),,0x1dd858,48,FUNC,GLOBAL,DEFAULT,9,True
3651,_ZThn16_N20XJLBgarMnAPropertiesD1Ev,non-virtual thunk to XJLBgarMnAProperties::~XJLBgarMnAProperties(),,0x20bfbc,8,FUNC,WEAK,DEFAULT,9,True
3652,_ZTV10zfJa3aJGDh,vtable for zfJa3aJGDh,,0x373210,64,OBJECT,WEAK,DEFAULT,15,True
3653,_ZN10a7qxJaHqKV10mz2gKarMXxEv,a7qxJaHqKV::mz2gKarMXx(),,0x1600d8,420,FUNC,GLOBAL,DEFAULT,9,True
3654,_ZN10NVxhJah9mI10AJfYga4QiTEv,NVxhJah9mI::AJfYga4QiT(),,0x10b7b0,12,FUNC,GLOBAL,DEFAULT,9,True
3655,kDrVgaGRWQ,kDrVgaGRWQ,,0x391d70,96,OBJECT,GLOBAL,DEFAULT,18,True
3656,W8I1YacB3X,W8I1YacB3X,,0x3925c0,96,OBJECT,GLOBAL,DEFAULT,18,True
3657,_ZN10n_rGfa49jOC1Ev,n_rGfa49jO::n_rGfa49jO(),,0x11e030,148,FUNC,GLOBAL,DEFAULT,9,True
3658,_ZN10zfJa3aJGDhC1EP10V8fxgahcBwRK10eY2wgaf6pwRK10i7FHgaP2lFRK10C8THgaTQxF,"zfJa3aJGDh::zfJa3aJGDh(V8fxgahcBw*, eY2wgaf6pw const&, i7FHgaP2lF const&, C8THgaTQxF const&)",,0x11a398,156,FUNC,GLOBAL,DEFAULT,9,True
3659,_ZN10XCASBayqxt10j9gLgaw2nIEv,XCASBayqxt::j9gLgaw2nI(),,0x1b0cb4,72,FUNC,GLOBAL,DEFAULT,9,True
3660,_ZN10SsrLga3IwI10Qf84ua_yWLEi,SsrLga3IwI::Qf84ua_yWL(int),,0x1b37b0,48,FUNC,GLOBAL,DEFAULT,9,True
3661,_ZNK10Fcx_gaoydV10dp9wIaTwv4EjjR10dVIHgaIooF,"Fcx_gaoydV::dp9wIaTwv4(unsigned int, unsigned int, dVIHgaIooF&) const",,0x116620,380,FUNC,GLOBAL,DEFAULT,9,True
3662,_ZN10LJyzga9Pwy10shhCgao9OAEv,LJyzga9Pwy::shhCgao9OA(),,0x109b00,52,FUNC,GLOBAL,DEFAULT,9,True
3663,_ZN10VGEwBaTQ4aC2Ev,VGEwBaTQ4a::VGEwBaTQ4a(),,0x1e5994,108,FUNC,GLOBAL,DEFAULT,9,True
3664,_ZN10N67CMatrxw10PADGMaKVtzEP10AICTfaebpZP10G0gxgajWBwbP10mTAogaaEip,"N67CMatrxw::PADGMaKVtz(AICTfaebpZ*, G0gxgajWBw*, bool, mTAogaaEip*)",,0x23168c,500,FUNC,GLOBAL,DEFAULT,9,True
3665,_ZN10s40xgamwex10YaLMKaViDYE,s40xgamwex::YaLMKaViDY,,0x3a0820,4,OBJECT,GLOBAL,DEFAULT,19,True
3666,_ZTV10J0CfgbmrLh,vtable for J0CfgbmrLh,,0x3735e0,320,OBJECT,WEAK,DEFAULT,15,True
3667,_ZN6CyaInt9MakeTLSv1Ev,CyaInt::MakeTLSv1(),,0x2d45cc,24,FUNC,GLOBAL,DEFAULT,9,True
3668,_ZN10X7DzgannBy10lKhx_aAxCdEv,X7DzgannBy::lKhx_aAxCd(),,0x196874,1496,FUNC,GLOBAL,DEFAULT,9,True
3669,_ZTV10znLtuaytEf,vtable for znLtuaytEf,,0x373c90,320,OBJECT,WEAK,DEFAULT,15,True
3670,_ZN10VRFGJa8Pv210py0qgaE4krERK10C8THgaTQxF,VRFGJa8Pv2::py0qgaE4kr(C8THgaTQxF const&),,0x24625c,4,FUNC,GLOBAL,DEFAULT,9,True
3671,_ZN10ApdygafUoxD0Ev,ApdygafUox::~ApdygafUox(),,0x1dddb0,48,FUNC,WEAK,DEFAULT,9,True
3672,_ZN10ZAuvgaUl6u10LkDIHa7H9nE,ZAuvgaUl6u::LkDIHa7H9n,,0x3a4d10,8,OBJECT,GLOBAL,DEFAULT,19,True
3673,_Z10H4QKkbBg13v,H4QKkbBg13(),,0x197190,16,FUNC,GLOBAL,DEFAULT,9,True
3674,_ZN10s_YwgafWlw10epfc4aOzV8ERK10eY2wgaf6pw,s_YwgafWlw::epfc4aOzV8(eY2wgaf6pw const&),,0x1db344,148,FUNC,GLOBAL,DEFAULT,9,True
3675,_ZN10zF9VgaBKxR10I0rmmbfbvqEv,zF9VgaBKxR::I0rmmbfbvq(),,0x1ab518,336,FUNC,GLOBAL,DEFAULT,9,True
3676,_ZN10zF9VgaBKxR10cBflmbYJupEv,zF9VgaBKxR::cBflmbYJup(),,0x1abae8,140,FUNC,GLOBAL,DEFAULT,9,True
3677,_ZN10ieJzgaIFFy10U0VggaxqRiEv,ieJzgaIFFy::U0VggaxqRi(),,0x1611b4,256,FUNC,GLOBAL,DEFAULT,9,True
3678,_ZN10W6NzgawMJy10sqrSLaYGpTEP10vy1JgaKVkH,W6NzgawMJy::sqrSLaYGpT(vy1JgaKVkH*),,0x182a30,656,FUNC,GLOBAL,DEFAULT,9,True
3679,_ZThn16_N20X0HXmbuEQVPropertiesD1Ev,non-virtual thunk to X0HXmbuEQVProperties::~X0HXmbuEQVProperties(),,0x249ed8,8,FUNC,WEAK,DEFAULT,9,True
3680,_ZN10MpGzgariDy10Hqi8Iac7AAEv,MpGzgariDy::Hqi8Iac7AA(),,0x18f868,88,FUNC,GLOBAL,DEFAULT,9,True
3681,h0nMlbPOjW,h0nMlbPOjW,,0x390a04,4,OBJECT,GLOBAL,DEFAULT,18,True
3682,_ZN10SyVo2a61zD10nyRxgawF5wEv,SyVo2a61zD::nyRxgawF5w(),,0x1dfbc0,176,FUNC,GLOBAL,DEFAULT,9,True
3683,_ZTV10pWihMaQxae,vtable for pWihMaQxae,,0x37dbd0,48,OBJECT,WEAK,DEFAULT,15,True
3684,_ZN20XJLBgarMnAPropertiesD0Ev,XJLBgarMnAProperties::~XJLBgarMnAProperties(),,0x20bfc4,56,FUNC,WEAK,DEFAULT,9,True
3685,_ZN20mH33wa4I1qPropertiesD0Ev,mH33wa4I1qProperties::~mH33wa4I1qProperties(),,0x23745c,56,FUNC,WEAK,DEFAULT,9,True
3686,_ZN10QYZugaRKGu10I552IasKdwEv,QYZugaRKGu::I552IasKdw(),,0xea930,52,FUNC,GLOBAL,DEFAULT,9,True
3687,_ZeqPKcRK10C8THgaTQxF,"operator==(char const*, C8THgaTQxF const&)",,0xf33cc,152,FUNC,GLOBAL,DEFAULT,9,True
3688,_ZN10G0gxgajWBw10v18tMaTcZoERK10C8THgaTQxF,G0gxgajWBw::v18tMaTcZo(C8THgaTQxF const&),,0x21805c,216,FUNC,GLOBAL,DEFAULT,9,True
3689,_ZN10znLtuaytEf10tFC5OaB8kBEd,znLtuaytEf::tFC5OaB8kB(double),,0x16aa20,4,FUNC,GLOBAL,DEFAULT,9,True
3690,_ZN10Fkb1ga78BWD2Ev,Fkb1ga78BW::~Fkb1ga78BW(),,0x1d3124,32,FUNC,GLOBAL,DEFAULT,9,True
3691,BZ2_bzCompress,BZ2_bzCompress,,0x281314,472,FUNC,GLOBAL,DEFAULT,9,True
3692,jyo5Payg9q,jyo5Payg9q,,0x3917c0,16,OBJECT,GLOBAL,DEFAULT,18,True
3693,_ZN10EbOa3arQHhD1Ev,EbOa3arQHh::~EbOa3arQHh(),,0x11d674,20,FUNC,WEAK,DEFAULT,9,True
3694,_ZN10AS80gaE4zW10ieCTgaCMoPEc,AS80gaE4zW::ieCTgaCMoP(char),,0x1d4ae0,720,FUNC,GLOBAL,DEFAULT,9,True
3695,_ZN10XJLBgarMnAD1Ev,XJLBgarMnA::~XJLBgarMnA(),,0x20aba4,160,FUNC,GLOBAL,DEFAULT,9,True
3696,C2t_vaQTaxOnln2aNBfC,C2t_vaQTaxOnln2aNBfC,,0x3a58c0,8,OBJECT,GLOBAL,DEFAULT,19,True
3697,_ZTV20J0CfgbmrLhProperties,vtable for J0CfgbmrLhProperties,,0x373520,88,OBJECT,WEAK,DEFAULT,15,True
3698,_ZN10w6qzgacqqy10UbKGxaNtzXE,w6qzgacqqy::UbKGxaNtzX,,0x3a3768,4,OBJECT,GLOBAL,DEFAULT,19,True
3699,_Z10tz4NEaysKWv,tz4NEaysKW(),,0xfb640,20,FUNC,GLOBAL,DEFAULT,9,True
3700,_ZN10W6NzgawMJy10mRc5yauq_7EddRK10C8THgaTQxFP10G0gxgajWBwP10MpGzgariDyb,"W6NzgawMJy::mRc5yauq_7(double, double, C8THgaTQxF const&, G0gxgajWBw*, MpGzgariDy*, bool)",,0x17a204,860,FUNC,GLOBAL,DEFAULT,9,True
3701,_ZN10awDo2aJRkDC1Ev,awDo2aJRkD::awDo2aJRkD(),,0x1de84c,152,FUNC,GLOBAL,DEFAULT,9,True
3702,_ZN10C8THgaTQxF5clearEv,C8THgaTQxF::clear(),,0xf23d0,68,FUNC,GLOBAL,DEFAULT,9,True
3703,gmtime@LIBC (2),gmtime,LIBC (2),0x0,0,FUNC,GLOBAL,DEFAULT,UND,False
3704,_ZN10w7keKa2nGv10N2HYJa6FGhEii,"w7keKa2nGv::N2HYJa6FGh(int, int)",,0x23ad2c,36,FUNC,GLOBAL,DEFAULT,9,True
3705,_ZN10mTAogaaEip10bK31OaqLlyEP10G0gxgajWBw,mTAogaaEip::bK31OaqLly(G0gxgajWBw*),,0x2273e0,136,FUNC,GLOBAL,DEFAULT,9,True
3706,_ZN10zYRMgaG0IJ10cjrsLaJAxxEv,zYRMgaG0IJ::cjrsLaJAxx(),,0xf8b00,52,FUNC,GLOBAL,DEFAULT,9,True
3707,_ZN10G0gxgajWBw10z4AoMazOikEPS_,G0gxgajWBw::z4AoMazOik(G0gxgajWBw*),,0x215ae4,168,FUNC,GLOBAL,DEFAULT,9,True
3708,_ZN10SU3JfaCUmR10nOWKfa445REP10OYYKfaPU7Rffffiiii,"SU3JfaCUmR::nOWKfa445R(OYYKfaPU7R*, float, float, float, float, int, int, int, int)",,0x10d5ac,128,FUNC,GLOBAL,DEFAULT,9,True
3709,_ZN10uSjUgask_P10dplYgaNCnTEv,uSjUgask_P::dplYgaNCnT(),,0x107738,4,FUNC,WEAK,DEFAULT,9,True
3710,_ZN10u3cBgayBVz10uRCZ1aIishEv,u3cBgayBVz::uRCZ1aIish(),,0x20c418,4,FUNC,GLOBAL,DEFAULT,9,True
3711,_ZN10w6qzgacqqyD2Ev,w6qzgacqqy::~w6qzgacqqy(),,0x1eb36c,84,FUNC,GLOBAL,DEFAULT,9,True
3712,TT_Load_Composite_Glyph,TT_Load_Composite_Glyph,,0x26cfa8,596,FUNC,GLOBAL,DEFAULT,9,True
3713,_ZN10ZAuvgaUl6uD1Ev,ZAuvgaUl6u::~ZAuvgaUl6u(),,0x20556c,252,FUNC,GLOBAL,DEFAULT,9,True
3714,_ZN10pdnkJaZ8KK10gZQiJadbtJEv,pdnkJaZ8KK::gZQiJadbtJ(),,0x2434fc,92,FUNC,GLOBAL,DEFAULT,9,True
3715,_ZN10bNZvga2AwvD2Ev,bNZvga2Awv::~bNZvga2Awv(),,0xf0d04,368,FUNC,GLOBAL,DEFAULT,9,True
3716,_ZN10bNZvga2Awv10K0dBQahpWRC1Ev,bNZvga2Awv::K0dBQahpWR::K0dBQahpWR(),,0xf08d0,52,FUNC,GLOBAL,DEFAULT,9,True
3717,_ZN7_JNIEnv19CallStaticIntMethodEP7_jclassP10_jmethodIDz,"_JNIEnv::CallStaticIntMethod(_jclass*, _jmethodID*, ...)",,0x253cac,140,FUNC,WEAK,DEFAULT,9,True
3718,_ZN10V8fxgahcBw10py0qgaE4krERK10C8THgaTQxF,V8fxgahcBw::py0qgaE4kr(C8THgaTQxF const&),,0x11aff4,40,FUNC,GLOBAL,DEFAULT,9,True
3719,_ZNK10u3cBgayBVz10V3je1a4uFEEv,u3cBgayBVz::V3je1a4uFE() const,,0x20c550,76,FUNC,GLOBAL,DEFAULT,9,True
3720,_ZN10LJyzga9Pwy10XOUBgaEpvAERK10i7FHgaP2lF,LJyzga9Pwy::XOUBgaEpvA(i7FHgaP2lF const&),,0x10abb8,4,FUNC,WEAK,DEFAULT,9,True
3721,_ZN10w9XxgaJdbx10VsKgya0HHrEb,w9XxgaJdbx::VsKgya0HHr(bool),,0x1be398,92,FUNC,GLOBAL,DEFAULT,9,True
3722,_ZN10GaA2gaD2MX10lUAofa5EizEv,GaA2gaD2MX::lUAofa5Eiz(),,0x16cc2c,36,FUNC,GLOBAL,DEFAULT,9,True
3723,_Z10DsHgGaPaFav,DsHgGaPaFa(),,0x2471e4,44,FUNC,GLOBAL,DEFAULT,9,True
3724,_Z10HFtL2aJzyWv,HFtL2aJzyW(),,0x195118,68,FUNC,GLOBAL,DEFAULT,9,True
3725,_ZN20G0gxgajWBwPropertiesC2Ev,G0gxgajWBwProperties::G0gxgajWBwProperties(),,0x213fe4,176,FUNC,GLOBAL,DEFAULT,9,True
3726,_ZN10TZf6gaQ3S_C2ERK10C8THgaTQxF,TZf6gaQ3S_::TZf6gaQ3S_(C8THgaTQxF const&),,0x10fcb4,188,FUNC,GLOBAL,DEFAULT,9,True
3727,inflateSetDictionary,inflateSetDictionary,,0x293798,560,FUNC,GLOBAL,DEFAULT,9,True
3728,_ZN10W6NzgawMJy10PC4TwakvNhEv,W6NzgawMJy::PC4TwakvNh(),,0x173ef8,52,FUNC,GLOBAL,DEFAULT,9,True
3729,_ZN10DFeOfaFXSU10bpABEaLeeMEv,DFeOfaFXSU::bpABEaLeeM(),,0x10f8e4,44,FUNC,GLOBAL,DEFAULT,9,True
3730,_ZN10Ox9zJa6D1XC1Ev,Ox9zJa6D1X::Ox9zJa6D1X(),,0x23bee0,104,FUNC,GLOBAL,DEFAULT,9,True
3731,_ZN20irqhGaERgbPropertiesD1Ev,irqhGaERgbProperties::~irqhGaERgbProperties(),,0x247240,28,FUNC,WEAK,DEFAULT,9,True
3732,_ZTV10xKbb3aMu1h,vtable for xKbb3aMu1h,,0x373190,64,OBJECT,WEAK,DEFAULT,15,True
3733,VGEwBaTQ4aOnln2aNBfC,VGEwBaTQ4aOnln2aNBfC,,0x3a3628,8,OBJECT,GLOBAL,DEFAULT,19,True
3734,jpeg_set_quality,jpeg_set_quality,,0x2a8e1c,48,FUNC,GLOBAL,DEFAULT,9,True
3735,_ZTV20imqXgalNBSProperties,vtable for imqXgalNBSProperties,,0x37b5f0,88,OBJECT,WEAK,DEFAULT,15,True
3736,_ZN10_k_Bgam3zA10LcTxgao36wERK10cXoLgatBuI,_k_Bgam3zA::LcTxgao36w(cXoLgatBuI const&),,0x1c98b8,72,FUNC,GLOBAL,DEFAULT,9,True
3737,FT_GlyphLoader_New,FT_GlyphLoader_New,,0x25dd1c,68,FUNC,GLOBAL,DEFAULT,9,True
3738,_Z10Q9LCGaX7dtRK10C8THgaTQxF,Q9LCGaX7dt(C8THgaTQxF const&),,0x1e8b30,420,FUNC,GLOBAL,DEFAULT,9,True
3739,adler32,adler32,,0x297000,1452,FUNC,GLOBAL,DEFAULT,9,True
3740,_ZN10W6NzgawMJyD1Ev,W6NzgawMJy::~W6NzgawMJy(),,0x173f30,852,FUNC,GLOBAL,DEFAULT,9,True
3741,_ZN20o3AZxayNqcPropertiesD0Ev,o3AZxayNqcProperties::~o3AZxayNqcProperties(),,0x1e7bf4,56,FUNC,WEAK,DEFAULT,9,True
3742,_ZN10_WevgakbUu10mBzFEa1yAPEv,_WevgakbUu::mBzFEa1yAP(),,0x107da4,112,FUNC,GLOBAL,DEFAULT,9,True
3743,_ZN10qsr_gawI8U10OY5TgaPDOPEPhii,"qsr_gawI8U::OY5TgaPDOP(unsigned char*, int, int)",,0x100640,40,FUNC,GLOBAL,DEFAULT,9,True
3744,_ZN20XJLBgarMnAPropertiesC1Ev,XJLBgarMnAProperties::XJLBgarMnAProperties(),,0x20a7e8,176,FUNC,GLOBAL,DEFAULT,9,True
3745,_ZN10ln7yHaeP9f10lOeTvb234qEf,ln7yHaeP9f::lOeTvb234q(float),,0x1cec64,664,FUNC,GLOBAL,DEFAULT,9,True
3746,_ZN10_WevgakbUuC2EP10LJyzga9PwyRK10C8THgaTQxF,"_WevgakbUu::_WevgakbUu(LJyzga9Pwy*, C8THgaTQxF const&)",,0x108170,280,FUNC,GLOBAL,DEFAULT,9,True
3747,_ZN10Vx2_xajLEdD1Ev,Vx2_xajLEd::~Vx2_xajLEd(),,0x1e7cb4,20,FUNC,WEAK,DEFAULT,9,True
3748,vuJM7anTB9,vuJM7anTB9,,0x1543f4,2876,FUNC,GLOBAL,DEFAULT,9,True
3749,_ZN10AS80gaE4zW10xDk3gaZYpYEi,AS80gaE4zW::xDk3gaZYpY(int),,0x1d88a4,60,FUNC,GLOBAL,DEFAULT,9,True
3750,_ZN10w9XxgaJdbx10lY_j1asArJEPS_,w9XxgaJdbx::lY_j1asArJ(w9XxgaJdbx*),,0x1b7078,4,FUNC,GLOBAL,DEFAULT,9,True
3751,_ZN10AS80gaE4zW10FOVQgamf8MEv,AS80gaE4zW::FOVQgamf8M(),,0x1d4fd0,20,FUNC,GLOBAL,DEFAULT,9,True
3752,_ZN10GbMhIaz9yS10jAiwga8eNvERK10cXoLgatBuI,GbMhIaz9yS::jAiwga8eNv(cXoLgatBuI const&),,0x1c0530,340,FUNC,GLOBAL,DEFAULT,9,True
3753,_ZN10_thLgaWjoI10zv4pGahpyiEv,_thLgaWjoI::zv4pGahpyi(),,0x1ce12c,40,FUNC,GLOBAL,DEFAULT,9,True
3754,_ZN20Q8n_Fa6V5WPropertiesC2Ev,Q8n_Fa6V5WProperties::Q8n_Fa6V5WProperties(),,0x1ca73c,176,FUNC,GLOBAL,DEFAULT,9,True
3755,_ZN10OYYKfaPU7RD2Ev,OYYKfaPU7R::~OYYKfaPU7R(),,0x101104,120,FUNC,GLOBAL,DEFAULT,9,True
3756,_ZTV10fUWH_a_9zm,vtable for fUWH_a_9zm,,0x372ec0,48,OBJECT,WEAK,DEFAULT,15,True
3757,pthread_create@LIBC (2),pthread_create,LIBC (2),0x0,0,FUNC,GLOBAL,DEFAULT,UND,False
3758,_ZN10awDo2aJRkDD2Ev,awDo2aJRkD::~awDo2aJRkD(),,0x1ddf60,148,FUNC,GLOBAL,DEFAULT,9,True
3759,_ZN10pWihMaQxae10inC6fbhUaaERK10C8THgaTQxFP10G0gxgajWBwS2_,"pWihMaQxae::inC6fbhUaa(C8THgaTQxF const&, G0gxgajWBw*, C8THgaTQxF const&)",,0x22fc6c,228,FUNC,GLOBAL,DEFAULT,9,True
3760,_ZN6CyaInt31CyaSSL_dtls_get_current_timeoutEPNS_6CYASSLE,CyaInt::CyaSSL_dtls_get_current_timeout(CyaInt::CYASSL*),,0x2d2b08,8,FUNC,GLOBAL,DEFAULT,9,True
3761,_ZN10AS80gaE4zW10wCbPga7nGLEv,AS80gaE4zW::wCbPga7nGL(),,0x1d776c,1144,FUNC,GLOBAL,DEFAULT,9,True
3762,_ZN10Fcx_gaoydV10AGADgastVBERK10dVIHgaIooF,Fcx_gaoydV::AGADgastVB(dVIHgaIooF const&),,0x116400,524,FUNC,GLOBAL,DEFAULT,9,True
3763,eODlJaQ5OLOnln2aNBfC,eODlJaQ5OLOnln2aNBfC,,0x3a5738,8,OBJECT,GLOBAL,DEFAULT,19,True
3764,_Z10MpSLgaroTIPvRK10C8THgaTQxF,"MpSLgaroTI(void*, C8THgaTQxF const&)",,0x252f0c,300,FUNC,GLOBAL,DEFAULT,9,True
3765,_ZN6CyaInt18CyaSSL_get_versionEPNS_6CYASSLE,CyaInt::CyaSSL_get_version(CyaInt::CYASSL*),,0x2d3834,160,FUNC,GLOBAL,DEFAULT,9,True
3766,_ZN20Kc8uganwOuPropertiesD1Ev,Kc8uganwOuProperties::~Kc8uganwOuProperties(),,0x16a664,28,FUNC,WEAK,DEFAULT,9,True
3767,deflateBound,deflateBound,,0x28f01c,264,FUNC,GLOBAL,DEFAULT,9,True
3768,_ZN10xiYWfajld110VA8rLaQQhxERK10C8THgaTQxFbb,"xiYWfajld1::VA8rLaQQhx(C8THgaTQxF const&, bool, bool)",,0x208e10,144,FUNC,GLOBAL,DEFAULT,9,True
3769,_Z14BZ2_indexIntoFiPi,"BZ2_indexIntoF(int, int*)",,0x281674,56,FUNC,GLOBAL,DEFAULT,9,True
3770,_ZN10iHmzga6Hmy10tfk6MaDEWVEP10XoqxgaMPJwRK10C8THgaTQxF,"iHmzga6Hmy::tfk6MaDEWV(XoqxgaMPJw*, C8THgaTQxF const&)",,0x1d20d4,568,FUNC,GLOBAL,DEFAULT,9,True
3771,FT_Vector_From_Polar,FT_Vector_From_Polar,,0x25d974,16,FUNC,GLOBAL,DEFAULT,9,True
3772,_ZN10LBgVgaqANQD0Ev,LBgVgaqANQ::~LBgVgaqANQ(),,0x1859cc,32,FUNC,GLOBAL,DEFAULT,9,True
3773,_ZN10AeOgLaUSKnD1Ev,AeOgLaUSKn::~AeOgLaUSKn(),,0x1a3920,68,FUNC,GLOBAL,DEFAULT,9,True
3774,_ZN10OV5NOaoBLl10LlopgaY5YpEv,OV5NOaoBLl::LlopgaY5Yp(),,0x22cae8,8,FUNC,WEAK,DEFAULT,9,True
3775,_ZN10u0eyga1eqx10vxYRHaUx0vEiPKci,"u0eyga1eqx::vxYRHaUx0v(int, char const*, int)",,0x1e153c,376,FUNC,GLOBAL,DEFAULT,9,True
3776,_ZN10AS80gaE4zW10OZOQgaFv2MEv,AS80gaE4zW::OZOQgaFv2M(),,0x1d6104,72,FUNC,GLOBAL,DEFAULT,9,True
3777,_ZTV20pTy_fadYe4Properties,vtable for pTy_fadYe4Properties,,0x374e30,88,OBJECT,WEAK,DEFAULT,15,True
3778,_ZN10AS80gaE4zW10In6QgaHZhNEv,AS80gaE4zW::In6QgaHZhN(),,0x1d69f0,16,FUNC,GLOBAL,DEFAULT,9,True
3779,_ZN20w6qzgacqqyPropertiesD2Ev,w6qzgacqqyProperties::~w6qzgacqqyProperties(),,0x1f7648,28,FUNC,WEAK,DEFAULT,9,True
3780,_ZTV10OV5NOaoBLl,vtable for OV5NOaoBLl,,0x37d820,96,OBJECT,WEAK,DEFAULT,15,True
3781,_ZN10Kc8uganwOuD1Ev,Kc8uganwOu::~Kc8uganwOu(),,0x169468,260,FUNC,GLOBAL,DEFAULT,9,True
3782,_ZN10_k_Bgam3zA10BG6BabzeGxERK10eY2wgaf6pw,_k_Bgam3zA::BG6BabzeGx(eY2wgaf6pw const&),,0x1c78e8,2584,FUNC,GLOBAL,DEFAULT,9,True
3783,_ZN10MpGzgariDy10NmjSZaQUiFEv,MpGzgariDy::NmjSZaQUiF(),,0x190ed0,44,FUNC,GLOBAL,DEFAULT,9,True
3784,jpeg_start_decompress,jpeg_start_decompress,,0x298814,504,FUNC,GLOBAL,DEFAULT,9,True
3785,_Z21yajl_lex_current_charP12yajl_lexer_t,yajl_lex_current_char(yajl_lexer_t*),,0x2bfb30,8,FUNC,GLOBAL,DEFAULT,9,True
3786,_ZN10AeOgLaUSKn10MzWVgaRTlREv,AeOgLaUSKn::MzWVgaRTlR(),,0x1a3a98,1924,FUNC,GLOBAL,DEFAULT,9,True
3787,_ZN10pdnkJaZ8KK10Gt6lJaI3cMEi,pdnkJaZ8KK::Gt6lJaI3cM(int),,0x2437f0,28,FUNC,GLOBAL,DEFAULT,9,True
3788,_ZN10_thLgaWjoID1Ev,_thLgaWjoI::~_thLgaWjoI(),,0x1cb52c,116,FUNC,GLOBAL,DEFAULT,9,True
3789,_ZN10ZAuvgaUl6u10sIKqHa0U68ERK10C8THgaTQxF,ZAuvgaUl6u::sIKqHa0U68(C8THgaTQxF const&),,0x204600,584,FUNC,GLOBAL,DEFAULT,9,True
3790,_ZTV20W6NzgawMJyProperties,vtable for W6NzgawMJyProperties,,0x374180,88,OBJECT,WEAK,DEFAULT,15,True
3791,irqhGaERgbOnln2aNBfC,irqhGaERgbOnln2aNBfC,,0x3a5858,8,OBJECT,GLOBAL,DEFAULT,19,True
3792,_ZN10W6NzgawMJy10UbLlwaHjVPEi,W6NzgawMJy::UbLlwaHjVP(int),,0x1a1650,2420,FUNC,GLOBAL,DEFAULT,9,True
3793,_ZN20AeOgLaUSKnPropertiesD0Ev,AeOgLaUSKnProperties::~AeOgLaUSKnProperties(),,0x1a451c,56,FUNC,WEAK,DEFAULT,9,True
3794,_ZN10Vx2_xajLEdC2Ev,Vx2_xajLEd::Vx2_xajLEd(),,0x1e7660,132,FUNC,GLOBAL,DEFAULT,9,True
3795,_Z10xfmhFaNkdlv,xfmhFaNkdl(),,0x15de90,56,FUNC,GLOBAL,DEFAULT,9,True
3796,_ZN10W6NzgawMJy10pJwTwaO8jhEv,W6NzgawMJy::pJwTwaO8jh(),,0x177208,256,FUNC,GLOBAL,DEFAULT,9,True
3797,_ZN20J0CfgbmrLhPropertiesD1Ev,J0CfgbmrLhProperties::~J0CfgbmrLhProperties(),,0x168f04,28,FUNC,WEAK,DEFAULT,9,True
3798,_ZN10ieJzgaIFFy10kJMk5aJB55Ev,ieJzgaIFFy::kJMk5aJB55(),,0x1622e8,116,FUNC,GLOBAL,DEFAULT,9,True
3799,_ZN10__dSfaNoeYD2Ev,__dSfaNoeY::~__dSfaNoeY(),,0x21e5a0,56,FUNC,WEAK,DEFAULT,9,True
3800,fwrite@LIBC (2),fwrite,LIBC (2),0x0,0,FUNC,GLOBAL,DEFAULT,UND,False
3801,_ZN10GbMhIaz9yS10i3bILasLNKERK10C8THgaTQxFS2_i,"GbMhIaz9yS::i3bILasLNK(C8THgaTQxF const&, C8THgaTQxF const&, int)",,0x1c18c4,404,FUNC,GLOBAL,DEFAULT,9,True
3802,_ZTV10NgNBgaN3oA,vtable for NgNBgaN3oA,,0x37e140,320,OBJECT,WEAK,DEFAULT,15,True
3803,_ZN6CyaInt11CyaSSL_readEPNS_6CYASSLEPvi,"CyaInt::CyaSSL_read(CyaInt::CYASSL*, void*, int)",,0x2d1194,48,FUNC,GLOBAL,DEFAULT,9,True
3804,_ZN10ieJzgaIFFy10eHoSJa2nncERK10C8THgaTQxF,ieJzgaIFFy::eHoSJa2nnc(C8THgaTQxF const&),,0x164550,48,FUNC,GLOBAL,DEFAULT,9,True
3805,_Z10J4W2OaDj5yRK10C8THgaTQxF,J4W2OaDj5y(C8THgaTQxF const&),,0xe46c0,200,FUNC,GLOBAL,DEFAULT,9,True
3806,_ZN10GbMhIaz9yS10rz5wgawiswEP10XoqxgaMPJw,GbMhIaz9yS::rz5wgawisw(XoqxgaMPJw*),,0x1c34e8,48,FUNC,GLOBAL,DEFAULT,9,True
3807,_ZN10_k_Bgam3zA10AQ1vabY9ysEv,_k_Bgam3zA::AQ1vabY9ys(),,0x1c67a0,32,FUNC,GLOBAL,DEFAULT,9,True
3808,gQsyibySBd,gQsyibySBd,,0x38d558,4,OBJECT,GLOBAL,DEFAULT,18,True
3809,_ZN10zF9VgaBKxR10py0qgaE4krERK10C8THgaTQxF,zF9VgaBKxR::py0qgaE4kr(C8THgaTQxF const&),,0x1a469c,4,FUNC,GLOBAL,DEFAULT,9,True
3810,_ZN10u0eyga1eqx10_ThCQaUFPSEib,"u0eyga1eqx::_ThCQaUFPS(int, bool)",,0x1e2494,28,FUNC,GLOBAL,DEFAULT,9,True
3811,_ZN10f6WHgaQkAF10M14xgafRhxEc,f6WHgaQkAF::M14xgafRhx(char),,0xeff3c,284,FUNC,GLOBAL,DEFAULT,9,True
3812,_ZN10uSjUgask_P10xUzYgahPzTEP10Fcx_gaoydVbb,"uSjUgask_P::xUzYgahPzT(Fcx_gaoydV*, bool, bool)",,0x107548,132,FUNC,GLOBAL,DEFAULT,9,True
3813,inet_aton@LIBC (2),inet_aton,LIBC (2),0x0,0,FUNC,GLOBAL,DEFAULT,UND,False
3814,_ZN10oMhmIajzmW10vSc2MazrtSEffff,"oMhmIajzmW::vSc2MazrtS(float, float, float, float)",,0x1061ac,4,FUNC,WEAK,DEFAULT,9,True
3815,_ZN10IMzlIaJILV10joBCva234cERK10C8THgaTQxFS2_S2_,"IMzlIaJILV::joBCva234c(C8THgaTQxF const&, C8THgaTQxF const&, C8THgaTQxF const&)",,0x19bca8,4,FUNC,GLOBAL,DEFAULT,9,True
3816,jpeg_stdio_dest,jpeg_stdio_dest,,0x298fcc,96,FUNC,GLOBAL,DEFAULT,9,True
3817,_ZN20l8eTfaIl5YPropertiesD1Ev,l8eTfaIl5YProperties::~l8eTfaIl5YProperties(),,0x22c858,28,FUNC,WEAK,DEFAULT,9,True
3818,glReadPixels,glReadPixels,,0x0,0,FUNC,GLOBAL,DEFAULT,UND,False
3819,_ZN10GaA2gaD2MX10xiDpfajGaAEi,GaA2gaD2MX::xiDpfajGaA(int),,0x16c9dc,20,FUNC,GLOBAL,DEFAULT,9,True
3820,_ZN10c76BgaJBGAD1Ev,c76BgaJBGA::~c76BgaJBGA(),,0x22cc48,116,FUNC,GLOBAL,DEFAULT,9,True
3821,_ZN6CyaInt14fast_mp_invmodEPNS_6mp_intES1_S1_,"CyaInt::fast_mp_invmod(CyaInt::mp_int*, CyaInt::mp_int*, CyaInt::mp_int*)",,0x2c8088,768,FUNC,GLOBAL,DEFAULT,9,True
3822,_Z10yFkqHaG_L8v,yFkqHaG_L8(),,0x207428,188,FUNC,GLOBAL,DEFAULT,9,True
3823,_ZN10Fcx_gaoydVC2ERKS_,Fcx_gaoydV::Fcx_gaoydV(Fcx_gaoydV const&),,0x1154c8,204,FUNC,GLOBAL,DEFAULT,9,True
3824,_Z10JTgP2aDPKZv,JTgP2aDPKZ(),,0x20fe08,160,FUNC,GLOBAL,DEFAULT,9,True
3825,_ZN10u3cBgayBVz10QJ5AgaerPzERK10C8THgaTQxF,u3cBgayBVz::QJ5AgaerPz(C8THgaTQxF const&),,0x20d198,68,FUNC,GLOBAL,DEFAULT,9,True
3826,_ZNK10tJIwIaYe8310rTcNFals0LEPfS0_,"tJIwIaYe83::rTcNFals0L(float*, float*) const",,0x23d294,260,FUNC,GLOBAL,DEFAULT,9,True
3827,_ZN10_YTgFa6HPk10py0qgaE4krERK10C8THgaTQxF,_YTgFa6HPk::py0qgaE4kr(C8THgaTQxF const&),,0x1b010c,52,FUNC,GLOBAL,DEFAULT,9,True
3828,_ZN10GbMhIaz9yS7getLineEi,GbMhIaz9yS::getLine(int),,0x1c0fe8,156,FUNC,GLOBAL,DEFAULT,9,True
3829,_ZN6CyaInt9FreeMutexEPi,CyaInt::FreeMutex(int*),,0x2da24c,8,FUNC,GLOBAL,DEFAULT,9,True
3830,_ZN10IIAnGagvsgC2EPS_iiiib,"IIAnGagvsg::IIAnGagvsg(IIAnGagvsg*, int, int, int, int, bool)",,0xfd664,104,FUNC,GLOBAL,DEFAULT,9,True
3831,_ZN6CyaInt14SetErrorStringEiPc,"CyaInt::SetErrorString(int, char*)",,0x2d93a8,20,FUNC,GLOBAL,DEFAULT,9,True
3832,reallocarray,reallocarray,,0x2bbe98,92,FUNC,GLOBAL,DEFAULT,9,True
3833,_ZN20uzvDgataRBPropertiesC1Ev,uzvDgataRBProperties::uzvDgataRBProperties(),,0x1b14f8,176,FUNC,GLOBAL,DEFAULT,9,True
3834,_ZN10VGEwBaTQ4a10r9RwgaEagwEb,VGEwBaTQ4a::r9RwgaEagw(bool),,0x1e5c9c,72,FUNC,GLOBAL,DEFAULT,9,True
3835,_ZN10eODlJaQ5OL10NE5cXa4mDqEv,eODlJaQ5OL::NE5cXa4mDq(),,0x23f3dc,8,FUNC,GLOBAL,DEFAULT,9,True
3836,_ZN10ovXCga6FnB10MgI_gaSRmVEi,ovXCga6FnB::MgI_gaSRmV(int),,0x1234c8,36,FUNC,GLOBAL,DEFAULT,9,True
3837,_ZN10Uk7XgagNbTD1Ev,Uk7XgagNbT::~Uk7XgagNbT(),,0x20eb80,64,FUNC,WEAK,DEFAULT,9,True
3838,_ZN10mTAogaaEip10QgaLgaQfiIEv,mTAogaaEip::QgaLgaQfiI(),,0x22409c,460,FUNC,GLOBAL,DEFAULT,9,True
3839,_ZN10G0gxgajWBw10SkGGMakewzERK10C8THgaTQxFPKcz,"G0gxgajWBw::SkGGMakewz(C8THgaTQxF const&, char const*, ...)",,0x215148,328,FUNC,GLOBAL,DEFAULT,9,True
3840,_ZN10pWihMaQxae10Wo35fbLtI9Ev,pWihMaQxae::Wo35fbLtI9(),,0x22fa08,196,FUNC,GLOBAL,DEFAULT,9,True
3841,_ZNK10FY2VgaG6rR10qCgWga1ADREv,FY2VgaG6rR::qCgWga1ADR() const,,0x168ed4,8,FUNC,WEAK,DEFAULT,9,True
3842,_ZN10ieJzgaIFFy10Y32cXa7bBqERK10C8THgaTQxF,ieJzgaIFFy::Y32cXa7bBq(C8THgaTQxF const&),,0x164d0c,444,FUNC,GLOBAL,DEFAULT,9,True
3843,_ZN10IUKzgam4Gy10dtoMgafckJERK10C8THgaTQxFdd,"IUKzgam4Gy::dtoMgafckJ(C8THgaTQxF const&, double, double)",,0xe31ac,612,FUNC,GLOBAL,DEFAULT,9,True
3844,_ZN10G0gxgajWBw10wsNmMaCdNiE,G0gxgajWBw::wsNmMaCdNi,,0x3a5008,1,OBJECT,GLOBAL,DEFAULT,19,True
3845,_ZN10SyVo2a61zD10q2hwgaKNMvERK10cXoLgatBuI,SyVo2a61zD::q2hwgaKNMv(cXoLgatBuI const&),,0x1dfa6c,176,FUNC,GLOBAL,DEFAULT,9,True
3846,_ZN10LBgVgaqANQ10heI7IaBP5zEi,LBgVgaqANQ::heI7IaBP5z(int),,0x18a90c,304,FUNC,GLOBAL,DEFAULT,9,True
3847,_Z10gSSP2akMf_v,gSSP2akMf_(),,0x1d0014,196,FUNC,GLOBAL,DEFAULT,9,True
3848,fSgVgajONQ,fSgVgajONQ,,0x391f10,20,OBJECT,GLOBAL,DEFAULT,18,True
3849,FT_Load_Char,FT_Load_Char,,0x260084,72,FUNC,GLOBAL,DEFAULT,9,True
3850,FT_Raccess_Get_DataOffsets,FT_Raccess_Get_DataOffsets,,0x25f16c,596,FUNC,GLOBAL,DEFAULT,9,True
3851,oKL4YaJMC_,oKL4YaJMC_,,0x3918b0,32,OBJECT,GLOBAL,DEFAULT,18,True
3852,FT_Stream_ExitFrame,FT_Stream_ExitFrame,,0x25e638,56,FUNC,GLOBAL,DEFAULT,9,True
3853,_ZN10t545gajUJ_C1EPS_,t545gajUJ_::t545gajUJ_(t545gajUJ_*),,0x1d3f70,492,FUNC,GLOBAL,DEFAULT,9,True
3854,_ZN10W6NzgawMJy10Lm1UgaOLAQEv,W6NzgawMJy::Lm1UgaOLAQ(),,0x17f40c,72,FUNC,WEAK,DEFAULT,9,True
3855,_ZN10w9XxgaJdbx10StjCgaU_QAEi,w9XxgaJdbx::StjCgaU_QA(int),,0x1bb20c,104,FUNC,GLOBAL,DEFAULT,9,True
3856,FT_GlyphLoader_Rewind,FT_GlyphLoader_Rewind,,0x259864,64,FUNC,GLOBAL,DEFAULT,9,True
3857,_ZN20c3fygag7qxPropertiesD0Ev,c3fygag7qxProperties::~c3fygag7qxProperties(),,0x1ddd5c,56,FUNC,WEAK,DEFAULT,9,True
3858,_ZN10kd5l5aU_b710nNGgMaeCEdEv,kd5l5aU_b7::nNGgMaeCEd(),,0x23ee60,124,FUNC,GLOBAL,DEFAULT,9,True
3859,_ZThn16_N20pdnkJaZ8KKPropertiesD1Ev,non-virtual thunk to pdnkJaZ8KKProperties::~pdnkJaZ8KKProperties(),,0x245d40,8,FUNC,WEAK,DEFAULT,9,True
3860,_ZN7_JNIEnv16CallObjectMethodEP8_jobjectP10_jmethodIDz,"_JNIEnv::CallObjectMethod(_jobject*, _jmethodID*, ...)",,0x253b94,140,FUNC,WEAK,DEFAULT,9,True
3861,_ZN10yB4QvadugpC1Ev,yB4Qvadugp::yB4Qvadugp(),,0x238f30,24,FUNC,GLOBAL,DEFAULT,9,True
3862,_ZN10zYRMgaG0IJ10fBnLKa0stXE,zYRMgaG0IJ::fBnLKa0stX,,0x3a06c8,4,OBJECT,GLOBAL,DEFAULT,19,True
3863,_Z17jcopy_sample_rowsPPhiS0_iij,"jcopy_sample_rows(unsigned char**, int, unsigned char**, int, int, unsigned int)",,0x2a52d8,96,FUNC,GLOBAL,DEFAULT,9,True
3864,_ZN6CyaInt11LowResTimerEv,CyaInt::LowResTimer(),,0x2d65fc,28,FUNC,GLOBAL,DEFAULT,9,True
3865,_Z10R2LlLa41Vrv,R2LlLa41Vr(),,0x209488,56,FUNC,GLOBAL,DEFAULT,9,True
3866,_ZN10cHovga0n1u10WfX6Fabts2EP10nenvgaH9_uRK10C8THgaTQxF,"cHovga0n1u::WfX6Fabts2(nenvgaH9_u*, C8THgaTQxF const&)",,0xe6ce8,492,FUNC,GLOBAL,DEFAULT,9,True
3867,_ZNK10C8THgaTQxF10B_TeJaiJ8FEv,C8THgaTQxF::B_TeJaiJ8F() const,,0xf4ba8,176,FUNC,GLOBAL,DEFAULT,9,True
3868,_ZN10zF9VgaBKxR10c4R5Ra65x7Eddii,"zF9VgaBKxR::c4R5Ra65x7(double, double, int, int)",,0x1aec10,508,FUNC,GLOBAL,DEFAULT,9,True
3869,_ZN8TUnicode10ZbqQgaSEIMERPKc,TUnicode::ZbqQgaSEIM(char const*&),,0x112938,352,FUNC,GLOBAL,DEFAULT,9,True
3870,_ZN6CyaInt16BuildTlsFinishedEPNS_6CYASSLEPNS_6HashesEPKh,"CyaInt::BuildTlsFinished(CyaInt::CYASSL*, CyaInt::Hashes*, unsigned char const*)",,0x2d44dc,240,FUNC,GLOBAL,DEFAULT,9,True
3871,_ZN10w9XxgaJdbx10TQ6yHaan9fEv,w9XxgaJdbx::TQ6yHaan9f(),,0x1bc0bc,192,FUNC,GLOBAL,DEFAULT,9,True
3872,_ZTV10MpHWLal8ZW,vtable for MpHWLal8ZW,,0x375b40,320,OBJECT,WEAK,DEFAULT,15,True
3873,_ZN6CyaInt7mp_rshdEPNS_6mp_intEi,"CyaInt::mp_rshd(CyaInt::mp_int*, int)",,0x2c6604,120,FUNC,GLOBAL,DEFAULT,9,True
3874,_ZN10s40xgamwex10BQsAIaTSh7E,s40xgamwex::BQsAIaTSh7,,0x3a0830,8,OBJECT,GLOBAL,DEFAULT,19,True
3875,_ZN10w9XxgaJdbx10z1lDgaX8IBEv,w9XxgaJdbx::z1lDgaX8IB(),,0x1bb494,68,FUNC,GLOBAL,DEFAULT,9,True
3876,_ZThn16_N20RH6ygazf9xPropertiesD0Ev,non-virtual thunk to RH6ygazf9xProperties::~RH6ygazf9xProperties(),,0x210d14,8,FUNC,WEAK,DEFAULT,9,True
3877,_ZN10KKhLga4xoI10kEiLgawipIERK10C8THgaTQxF,KKhLga4xoI::kEiLgawipI(C8THgaTQxF const&),,0xeac60,432,FUNC,GLOBAL,DEFAULT,9,True
3878,_ZThn16_N20V8fxgahcBwPropertiesD1Ev,non-virtual thunk to V8fxgahcBwProperties::~V8fxgahcBwProperties(),,0x11d4e8,8,FUNC,WEAK,DEFAULT,9,True
3879,_ZN10yWBvmbTwcyD0Ev,yWBvmbTwcy::~yWBvmbTwcy(),,0x1afdc0,48,FUNC,WEAK,DEFAULT,9,True
3880,_ZN10W6NzgawMJy10qrmVLaGuSVEv,W6NzgawMJy::qrmVLaGuSV(),,0x183360,512,FUNC,GLOBAL,DEFAULT,9,True
3881,_ZN10qsr_gawI8U10PHFwgaxH5vEii,"qsr_gawI8U::PHFwgaxH5v(int, int)",,0x1008c8,168,FUNC,GLOBAL,DEFAULT,9,True
3882,_ZN10ieJzgaIFFy10j1qzgbHlqyEv,ieJzgaIFFy::j1qzgbHlqy(),,0x168a5c,64,FUNC,GLOBAL,DEFAULT,9,True
3883,_ZN10OYYKfaPU7R10LvTOfatjqVEP10TZf6gaQ3S_ffPKciiRK10KcKRganuPNb,"OYYKfaPU7R::LvTOfatjqV(TZf6gaQ3S_*, float, float, char const*, int, int, KcKRganuPN const&, bool)",,0x104320,1656,FUNC,GLOBAL,DEFAULT,9,True
3884,_ZN10mTAogaaEip10icnYOaW7ouEP10G0gxgajWBwRK10CanTfaz6bZPvcPKci,"mTAogaaEip::icnYOaW7ou(G0gxgajWBw*, CanTfaz6bZ const&, void*, char, char const*, int)",,0x222dd4,3412,FUNC,GLOBAL,DEFAULT,9,True
3885,_ZN10ZAuvgaUl6u10IFzGHaKCqmEv,ZAuvgaUl6u::IFzGHaKCqm(),,0x205730,544,FUNC,GLOBAL,DEFAULT,9,True
3886,_ZN10w9XxgaJdbx10_cuhIaD1jSEv,w9XxgaJdbx::_cuhIaD1jS(),,0x1bd60c,80,FUNC,GLOBAL,DEFAULT,9,True
3887,_ZN10eODlJaQ5OL10QJ7UWae7FaEv,eODlJaQ5OL::QJ7UWae7Fa(),,0x240608,256,FUNC,GLOBAL,DEFAULT,9,True
3888,_Z10eaHy7abWNYPKc,eaHy7abWNY(char const*),,0xe44ec,144,FUNC,GLOBAL,DEFAULT,9,True
3889,_ZN10esKIvakHfi10bCpNvaN9amEv,esKIvakHfi::bCpNvaN9am(),,0xfc7ac,300,FUNC,GLOBAL,DEFAULT,9,True
3890,_ZN10c3fygag7qx10j9gLgaw2nIEv,c3fygag7qx::j9gLgaw2nI(),,0x1dd7f4,100,FUNC,GLOBAL,DEFAULT,9,True
3891,_ZN10SU3JfaCUmR10YorAfaNFgJEv,SU3JfaCUmR::YorAfaNFgJ(),,0x10f17c,788,FUNC,GLOBAL,DEFAULT,9,True
3892,_ZN10EYMwkbFObT10BVRwkbbZfTEPhiii,"EYMwkbFObT::BVRwkbbZfT(unsigned char*, int, int, int)",,0x152d90,120,FUNC,GLOBAL,DEFAULT,9,True
3893,_ZN10NVxhJah9mID2Ev,NVxhJah9mI::~NVxhJah9mI(),,0x10b638,52,FUNC,GLOBAL,DEFAULT,9,True
3894,_ZN10pdnkJaZ8KK10OpHnJat8xNEP10Ox9zJa6D1X,pdnkJaZ8KK::OpHnJat8xN(Ox9zJa6D1X*),,0x242de8,144,FUNC,GLOBAL,DEFAULT,9,True
3895,_ZN10LBgVgaqANQ10wOb7Ia7xFzEi,LBgVgaqANQ::wOb7Ia7xFz(int),,0x18aa3c,304,FUNC,GLOBAL,DEFAULT,9,True
3896,_ZN8TUnicode10USeo0aS7_WERK10C8THgaTQxF,TUnicode::USeo0aS7_W(C8THgaTQxF const&),,0x1124cc,360,FUNC,GLOBAL,DEFAULT,9,True
3897,_ZN10MpGzgariDy10Z3L_Ya82pWEv,MpGzgariDy::Z3L_Ya82pW(),,0x190d7c,280,FUNC,GLOBAL,DEFAULT,9,True
3898,_Z10Sx3llbgBaAP7__sFILEi,"Sx3llbgBaA(__sFILE*, int)",,0x197224,184,FUNC,GLOBAL,DEFAULT,9,True
3899,_ZN6CyaInt32CyaSSL_CTX_use_PrivateKey_bufferEPNS_10CYASSL_CTXEPKhli,"CyaInt::CyaSSL_CTX_use_PrivateKey_buffer(CyaInt::CYASSL_CTX*, unsigned char const*, long, int)",,0x2d36d0,20,FUNC,GLOBAL,DEFAULT,9,True
3900,_ZN10w6qzgacqqy10pp04xaZXPhERK10C8THgaTQxF,w6qzgacqqy::pp04xaZXPh(C8THgaTQxF const&),,0x1ecd80,368,FUNC,GLOBAL,DEFAULT,9,True
3901,_ZN10G0gxgajWBw10HdbMMaa38DERK10C8THgaTQxFd,"G0gxgajWBw::HdbMMaa38D(C8THgaTQxF const&, double)",,0x2158e4,272,FUNC,GLOBAL,DEFAULT,9,True
3902,_Z10NJLNuahMtwv,NJLNuahMtw(),,0x236d04,20,FUNC,GLOBAL,DEFAULT,9,True
3903,_ZN10esKIvakHfiD2Ev,esKIvakHfi::~esKIvakHfi(),,0xfc3d8,48,FUNC,GLOBAL,DEFAULT,9,True
3904,_ZN10eODlJaQ5OL10UFnwIa1wR3EP10W6NzgawMJyfffiP10Ox9zJa6D1XP10tJIwIaYe83,"eODlJaQ5OL::UFnwIa1wR3(W6NzgawMJy*, float, float, float, int, Ox9zJa6D1X*, tJIwIaYe83*)",,0x23fa00,344,FUNC,GLOBAL,DEFAULT,9,True
3905,_ZN10_79OJaq8E910HuhPJazkL9ERKS_S1_f,"_79OJaq8E9::HuhPJazkL9(_79OJaq8E9 const&, _79OJaq8E9 const&, float)",,0x1e9f70,168,FUNC,GLOBAL,DEFAULT,9,True
3906,_Z10Jr4_Ja4lGjv,Jr4_Ja4lGj(),,0x23be6c,4,FUNC,GLOBAL,DEFAULT,9,True
3907,_ZThn16_N20C2t_vaQTaxPropertiesD0Ev,non-virtual thunk to C2t_vaQTaxProperties::~C2t_vaQTaxProperties(),,0x24a114,8,FUNC,WEAK,DEFAULT,9,True
3908,_ZN10GbMhIaz9yS10cwbLLaFijNEjj,"GbMhIaz9yS::cwbLLaFijN(unsigned int, unsigned int)",,0x1c11ac,188,FUNC,GLOBAL,DEFAULT,9,True
3909,_ZN10W6NzgawMJy10i6lowaZc6RERK10C8THgaTQxF,W6NzgawMJy::i6lowaZc6R(C8THgaTQxF const&),,0x1a295c,136,FUNC,GLOBAL,DEFAULT,9,True
3910,jUrm2aY4uBmH33wa4I1q,jUrm2aY4uBmH33wa4I1q,,0x3a5558,8,OBJECT,GLOBAL,DEFAULT,19,True
3911,_ZN10VxVm2aj1TBD2Ev,VxVm2aj1TB::~VxVm2aj1TB(),,0x22f554,20,FUNC,WEAK,DEFAULT,9,True
3912,_ZThn16_N20fJ8VgaKXwRPropertiesD1Ev,non-virtual thunk to fJ8VgaKXwRProperties::~fJ8VgaKXwRProperties(),,0x2480c4,8,FUNC,WEAK,DEFAULT,9,True
3913,FT_New_Memory_Face,FT_New_Memory_Face,,0x261200,76,FUNC,GLOBAL,DEFAULT,9,True
3914,_ZN20c3fygag7qxPropertiesC1Ev,c3fygag7qxProperties::c3fygag7qxProperties(),,0x1dd744,176,FUNC,GLOBAL,DEFAULT,9,True
3915,_ZN10GbMhIaz9yS10lATwgagnhwEPvRK10C8THgaTQxF,"GbMhIaz9yS::lATwgagnhw(void*, C8THgaTQxF const&)",,0x1c35fc,260,FUNC,GLOBAL,DEFAULT,9,True
3916,_ZN10uq9xgaUxlx10Be7Mcb0HWmEb,uq9xgaUxlx::Be7Mcb0HWm(bool),,0x201498,40,FUNC,GLOBAL,DEFAULT,9,True
3917,_ZN6CyaInt13RsaSSL_VerifyEPKhjPhjPNS_6RsaKeyE,"CyaInt::RsaSSL_Verify(unsigned char const*, unsigned int, unsigned char*, unsigned int, CyaInt::RsaKey*)",,0x2cd534,192,FUNC,GLOBAL,DEFAULT,9,True
3918,_ZN10AS80gaE4zW10F1pSga8voOEbjj,"AS80gaE4zW::F1pSga8voO(bool, unsigned int, unsigned int)",,0x1d5090,16,FUNC,GLOBAL,DEFAULT,9,True
3919,_ZN10esKIvakHfi10t_gNvaaV3lERK10C8THgaTQxF,esKIvakHfi::t_gNvaaV3l(C8THgaTQxF const&),,0xfd010,84,FUNC,GLOBAL,DEFAULT,9,True
3920,_ZN10W6NzgawMJy10ZORrwaAT2UEv,W6NzgawMJy::ZORrwaAT2U(),,0x17f8b4,40,FUNC,WEAK,DEFAULT,9,True
3921,_ZN10xiYWfajld110x7tqLaYXTvE,xiYWfajld1::x7tqLaYXTv,,0x3990b4,1,OBJECT,GLOBAL,DEFAULT,18,True
3922,_ZN10IUKzgam4Gy10zaevgaCxTuERK10C8THgaTQxF,IUKzgam4Gy::zaevgaCxTu(C8THgaTQxF const&),,0xe2648,268,FUNC,GLOBAL,DEFAULT,9,True
3923,_ZN10SDrvgadS3uD2Ev,SDrvgadS3u::~SDrvgadS3u(),,0x1ffcfc,124,FUNC,GLOBAL,DEFAULT,9,True
3924,_ZN10GaA2gaD2MX10Jxipfa7cUzEb,GaA2gaD2MX::Jxipfa7cUz(bool),,0x16cac8,228,FUNC,GLOBAL,DEFAULT,9,True
3925,_ZN10zYRMgaG0IJ10TASMgaIxJJE,zYRMgaG0IJ::TASMgaIxJJ,,0x3a06d0,8,OBJECT,GLOBAL,DEFAULT,19,True
3926,_Z13yajl_lex_peekP12yajl_lexer_tPKhmm,"yajl_lex_peek(yajl_lexer_t*, unsigned char const*, unsigned long, unsigned long)",,0x2bfb38,132,FUNC,GLOBAL,DEFAULT,9,True
3927,_ZTV10q4yI2aq75T,vtable for q4yI2aq75T,,0x37da50,96,OBJECT,WEAK,DEFAULT,15,True
3928,_ZN10X7DzgannBy10uMPt_avaIaEv,X7DzgannBy::uMPt_avaIa(),,0x195efc,1032,FUNC,GLOBAL,DEFAULT,9,True
3929,tt_cmap8_validate,tt_cmap8_validate,,0x262aa4,760,FUNC,GLOBAL,DEFAULT,9,True
3930,_ZN10ZAuvgaUl6u10LPjGHaiidmEv,ZAuvgaUl6u::LPjGHaiidm(),,0x206504,48,FUNC,GLOBAL,DEFAULT,9,True
3931,_ZN10VxSu6advA4D2Ev,VxSu6advA4::~VxSu6advA4(),,0x19b6bc,240,FUNC,GLOBAL,DEFAULT,9,True
3932,strcpy@LIBC (2),strcpy,LIBC (2),0x0,0,FUNC,GLOBAL,DEFAULT,UND,False
3933,_Z10O36P2aSys_v,O36P2aSys_(),,0x19515c,48,FUNC,GLOBAL,DEFAULT,9,True
3934,_ZN10Qw3xjbiAg3D1Ev,Qw3xjbiAg3::~Qw3xjbiAg3(),,0x1d3d64,64,FUNC,WEAK,DEFAULT,9,True
3935,_ZN10G0gxgajWBw10Qf4pga_byqEv,G0gxgajWBw::Qf4pga_byq(),,0x215400,160,FUNC,GLOBAL,DEFAULT,9,True
3936,_ZN8TUnicode10dbu3Ga6_xQEj,TUnicode::dbu3Ga6_xQ(unsigned int),,0x112a98,1024,FUNC,GLOBAL,DEFAULT,9,True
3937,_Z10LK7hkb_7RGv,LK7hkb_7RG(),,0x20e4f8,40,FUNC,GLOBAL,DEFAULT,9,True
3938,_ZN10AeOgLaUSKn10nws0JaQB_jEv,AeOgLaUSKn::nws0JaQB_j(),,0x1a4288,556,FUNC,GLOBAL,DEFAULT,9,True
3939,QlBxQa21SO,QlBxQa21SO,,0x38b260,8,OBJECT,GLOBAL,DEFAULT,18,True
3940,_ZN10cHovga0n1u10eDbEYaGoqDEPvPhS1_i,"cHovga0n1u::eDbEYaGoqD(void*, unsigned char*, unsigned char*, int)",,0xf9ca8,28,FUNC,GLOBAL,DEFAULT,9,True
3941,tt_cmap6_validate,tt_cmap6_validate,,0x2629b0,244,FUNC,GLOBAL,DEFAULT,9,True
3942,_ZN10_YTgFa6HPkC1Ev,_YTgFa6HPk::_YTgFa6HPk(),,0x1b0760,124,FUNC,GLOBAL,DEFAULT,9,True
3943,_ZN10D2x4gaXfrZ10exK6gaDLh0E,D2x4gaXfrZ::exK6gaDLh0,,0x395690,24,OBJECT,GLOBAL,DEFAULT,18,True
3944,_ZN10MpGzgariDy10yn9_RaxvK2ERK10C8THgaTQxF,MpGzgariDy::yn9_RaxvK2(C8THgaTQxF const&),,0x194a54,1728,FUNC,GLOBAL,DEFAULT,9,True
3945,_ZN10zfJa3aJGDhD2Ev,zfJa3aJGDh::~zfJa3aJGDh(),,0x11d630,20,FUNC,WEAK,DEFAULT,9,True
3946,_ZN10xiYWfajld110Ts0pLa4_uvE,xiYWfajld1::Ts0pLa4_uv,,0x3a4d5c,4,OBJECT,GLOBAL,DEFAULT,19,True
3947,_ZN10Q8n_Fa6V5WC2Ev,Q8n_Fa6V5W::Q8n_Fa6V5W(),,0x1ca818,104,FUNC,GLOBAL,DEFAULT,9,True
3948,_ZN10Ox9zJa6D1X10rhe4IahDaxEv,Ox9zJa6D1X::rhe4IahDax(),,0x23bfcc,164,FUNC,GLOBAL,DEFAULT,9,True
3949,_ZNK10vuuHgangcF10bwoY2aKeq6Ev,vuuHgangcF::bwoY2aKeq6() const,,0xf7d40,436,FUNC,GLOBAL,DEFAULT,9,True
3950,_ZNK10LJyzga9Pwy10rMBEgasoMCEv,LJyzga9Pwy::rMBEgasoMC() const,,0x10aba0,24,FUNC,WEAK,DEFAULT,9,True
3951,_ZN10__dSfaNoeYD0Ev,__dSfaNoeY::~__dSfaNoeY(),,0x21e5d8,64,FUNC,WEAK,DEFAULT,9,True
3952,FT_Outline_Decompose,FT_Outline_Decompose,,0x25b410,1112,FUNC,GLOBAL,DEFAULT,9,True
3953,_ZN10LBgVgaqANQ10UHr3IaIVvwEdd,"LBgVgaqANQ::UHr3IaIVvw(double, double)",,0x189858,600,FUNC,GLOBAL,DEFAULT,9,True
3954,_ZTV10Qw3xjbiAg3,vtable for Qw3xjbiAg3,,0x379870,48,OBJECT,WEAK,DEFAULT,15,True
3955,_ZN10w6qzgacqqy10Y5N4xaILEhERK10C8THgaTQxF,w6qzgacqqy::Y5N4xaILEh(C8THgaTQxF const&),,0x1ed044,176,FUNC,GLOBAL,DEFAULT,9,True
3956,_ZN10FY2VgaG6rRC2EP10zF9VgaBKxR,FY2VgaG6rR::FY2VgaG6rR(zF9VgaBKxR*),,0x16d81c,252,FUNC,GLOBAL,DEFAULT,9,True
3957,_ZN6CyaInt22CyaSSL_CertManagerFreeEPNS_19CYASSL_CERT_MANAGERE,CyaInt::CyaSSL_CertManagerFree(CyaInt::CYASSL_CERT_MANAGER*),,0x2d13a4,80,FUNC,GLOBAL,DEFAULT,9,True
3958,_ZN6CyaInt6mp_addEPNS_6mp_intES1_S1_,"CyaInt::mp_add(CyaInt::mp_int*, CyaInt::mp_int*, CyaInt::mp_int*)",,0x2c7490,148,FUNC,GLOBAL,DEFAULT,9,True
3959,_ZN20XoqxgaMPJwPropertiesD1Ev,XoqxgaMPJwProperties::~XoqxgaMPJwProperties(),,0x1151c8,28,FUNC,WEAK,DEFAULT,9,True
3960,_ZN10gqiNgaG64J10xcTMgag3JJEv,gqiNgaG64J::xcTMgag3JJ(),,0xe4128,4,FUNC,WEAK,DEFAULT,9,True
3961,_ZN10W6NzgawMJy10ejCrIaRQQ_Ev,W6NzgawMJy::ejCrIaRQQ_(),,0x171dcc,124,FUNC,GLOBAL,DEFAULT,9,True
3962,_ZN10Q8n_Fa6V5W7getTextEv,Q8n_Fa6V5W::getText(),,0x1cb3d8,48,FUNC,WEAK,DEFAULT,9,True
3963,_ZN10LBgVgaqANQ10nXn7IayLPzEdddiddb,"LBgVgaqANQ::nXn7IayLPz(double, double, double, int, double, double, bool)",,0x18d200,856,FUNC,GLOBAL,DEFAULT,9,True
3964,_ZN10G0gxgajWBw10yKnMMaNAjEERK10C8THgaTQxF,G0gxgajWBw::yKnMMaNAjE(C8THgaTQxF const&),,0x2159f4,240,FUNC,GLOBAL,DEFAULT,9,True
3965,FT_Get_Glyph,FT_Get_Glyph,,0x280470,328,FUNC,GLOBAL,DEFAULT,9,True
3966,ft_validator_run,ft_validator_run,,0x259ad8,8,FUNC,GLOBAL,DEFAULT,9,True
3967,_ZN10LBgVgaqANQ10SgT7IaS6eAEPdS0_,"LBgVgaqANQ::SgT7IaS6eA(double*, double*)",,0x18ac5c,92,FUNC,GLOBAL,DEFAULT,9,True
3968,_ZN20ZPvEDawoHYPropertiesD1Ev,ZPvEDawoHYProperties::~ZPvEDawoHYProperties(),,0x1bffc4,28,FUNC,WEAK,DEFAULT,9,True
3969,_ZN10KKhLga4xoI10tJOiUaYhrZERK10C8THgaTQxF,KKhLga4xoI::tJOiUaYhrZ(C8THgaTQxF const&),,0xeae20,152,FUNC,GLOBAL,DEFAULT,9,True
3970,_ZN10W6NzgawMJy10jHD2Ka7_PbEiii,"W6NzgawMJy::jHD2Ka7_Pb(int, int, int)",,0x182f50,136,FUNC,GLOBAL,DEFAULT,9,True
3971,_ZN10VGEwBaTQ4aD1Ev,VGEwBaTQ4a::~VGEwBaTQ4a(),,0x1e584c,72,FUNC,GLOBAL,DEFAULT,9,True
3972,_ZNK10vy1JgaKVkH10iqwRgaITDNEi,vy1JgaKVkH::iqwRgaITDN(int) const,,0xedd88,44,FUNC,GLOBAL,DEFAULT,9,True
3973,ft_mem_qalloc,ft_mem_qalloc,,0x25dc70,88,FUNC,GLOBAL,DEFAULT,9,True
3974,jpeg_write_m_header,jpeg_write_m_header,,0x2a571c,112,FUNC,GLOBAL,DEFAULT,9,True
3975,_ZN10m9DfJatoMGD2Ev,m9DfJatoMG::~m9DfJatoMG(),,0xf68bc,4,FUNC,WEAK,DEFAULT,9,True
3976,_Z10kjkIJaXHU3v,kjkIJaXHU3(),,0x109b34,120,FUNC,GLOBAL,DEFAULT,9,True
3977,ft_glyphslot_set_bitmap,ft_glyphslot_set_bitmap,,0x25e0d0,40,FUNC,GLOBAL,DEFAULT,9,True
3978,_ZN10ScpN2avPaY10Cu3DMaoyjxEP10G0gxgajWBwS1_,"ScpN2avPaY::Cu3DMaoyjx(G0gxgajWBw*, G0gxgajWBw*)",,0x22cea0,128,FUNC,GLOBAL,DEFAULT,9,True
3979,_ZN6CyaInt22CyaSSL_SetIOWriteFlagsEPNS_6CYASSLEi,"CyaInt::CyaSSL_SetIOWriteFlags(CyaInt::CYASSL*, int)",,0x2d0e24,8,FUNC,GLOBAL,DEFAULT,9,True
3980,_ZN10G0gxgajWBw10pjSNGaWizCERK10C8THgaTQxFPKcz,"G0gxgajWBw::pjSNGaWizC(C8THgaTQxF const&, char const*, ...)",,0x216350,260,FUNC,GLOBAL,DEFAULT,9,True
3981,_ZN10SsrLga3IwI10cdlhIaGscSEv,SsrLga3IwI::cdlhIaGscS(),,0x1b5924,476,FUNC,GLOBAL,DEFAULT,9,True
3982,_Z10NB2M1asOS6v,NB2M1asOS6(),,0x11cf4c,64,FUNC,GLOBAL,DEFAULT,9,True
3983,_ZN10RZNxgaOF2w10r1SwgaPUgwEii,"RZNxgaOF2w::r1SwgaPUgw(int, int)",,0x1e1328,532,FUNC,GLOBAL,DEFAULT,9,True
3984,EBmSYajDlP,EBmSYajDlP,,0x391cb0,192,OBJECT,GLOBAL,DEFAULT,18,True
3985,_ZN10_WevgakbUu10Ek0Mfa6TQTEv,_WevgakbUu::Ek0Mfa6TQT(),,0x107a94,104,FUNC,GLOBAL,DEFAULT,9,True
3986,_ZN10C2t_vaQTaxD1Ev,C2t_vaQTax::~C2t_vaQTax(),,0x24a11c,48,FUNC,WEAK,DEFAULT,9,True
3987,_ZN10w6qzgacqqy10ia_ayalVRmEdddddddRK10C8THgaTQxFS2_S2_,"w6qzgacqqy::ia_ayalVRm(double, double, double, double, double, double, double, C8THgaTQxF const&, C8THgaTQxF const&, C8THgaTQxF const&)",,0x1fbc80,1936,FUNC,GLOBAL,DEFAULT,9,True
3988,_ZN10hsuDgateQB10bdqDgaFFMBERK10eY2wgaf6pw,hsuDgateQB::bdqDgaFFMB(eY2wgaf6pw const&),,0x1b6a6c,132,FUNC,GLOBAL,DEFAULT,9,True
3989,_ZN10etUmgaa7Sn10mladJazjHEE,etUmgaa7Sn::mladJazjHE,,0x389980,8,OBJECT,GLOBAL,DEFAULT,18,True
3990,_ZTV10VxVm2aj1TB,vtable for VxVm2aj1TB,,0x37d9c0,48,OBJECT,WEAK,DEFAULT,15,True
3991,tt_cmap6_char_next,tt_cmap6_char_next,,0x261b0c,164,FUNC,GLOBAL,DEFAULT,9,True
3992,_ZN20pdnkJaZ8KKPropertiesD1Ev,pdnkJaZ8KKProperties::~pdnkJaZ8KKProperties(),,0x245d24,28,FUNC,WEAK,DEFAULT,9,True
3993,_ZN10GbMhIaz9yS10XDCwLai72AERK10cXoLgatBuI,GbMhIaz9yS::XDCwLai72A(cXoLgatBuI const&),,0x1c0420,272,FUNC,GLOBAL,DEFAULT,9,True
3994,_ZNK10rizMgadjtJ10R1cPfaeAHVEv,rizMgadjtJ::R1cPfaeAHV() const,,0x1e9b20,132,FUNC,GLOBAL,DEFAULT,9,True
3995,_Z10w45YGaqJ0Lv,w45YGaqJ0L(),,0x2505c0,132,FUNC,GLOBAL,DEFAULT,9,True
3996,_ZN10w9XxgaJdbx10cKrj1axXYIEv,w9XxgaJdbx::cKrj1axXYI(),,0x1bc268,244,FUNC,GLOBAL,DEFAULT,9,True
3997,XFwV1aZ5_d,XFwV1aZ5_d,,0x3a0c64,4,OBJECT,GLOBAL,DEFAULT,19,True
3998,_ZN10XCASBayqxtD2Ev,XCASBayqxt::~XCASBayqxt(),,0x1b13b8,52,FUNC,WEAK,DEFAULT,9,True
3999,_ZN10W6NzgawMJy10cLorJahrFQEii,"W6NzgawMJy::cLorJahrFQ(int, int)",,0x1828c0,184,FUNC,GLOBAL,DEFAULT,9,True
4000,_ZN10W6NzgawMJy10SCanwany6QEv,W6NzgawMJy::SCanwany6Q(),,0x1702a0,12,FUNC,GLOBAL,DEFAULT,9,True
4001,_ZN20VGEwBaTQ4aPropertiesD1Ev,VGEwBaTQ4aProperties::~VGEwBaTQ4aProperties(),,0x1e5ce4,28,FUNC,WEAK,DEFAULT,9,True
4002,FT_Glyph_Transform,FT_Glyph_Transform,,0x2801e4,120,FUNC,GLOBAL,DEFAULT,9,True
4003,_ZN10zeksfaZDrC10Vs0rfa6_aCEiiP10G0gxgajWBw,"zeksfaZDrC::Vs0rfa6_aC(int, int, G0gxgajWBw*)",,0x1afb48,4,FUNC,WEAK,DEFAULT,9,True
4004,_ZN10vuuHgangcF3AddEPS_,vuuHgangcF::Add(vuuHgangcF*),,0xf7884,20,FUNC,GLOBAL,DEFAULT,9,True
4005,_ZTV10mH33wa4I1q,vtable for mH33wa4I1q,,0x37e000,320,OBJECT,WEAK,DEFAULT,15,True
4006,_ZN6CyaInt39CyaSSL_CTX_use_certificate_chain_bufferEPNS_10CYASSL_CTXEPKhl,"CyaInt::CyaSSL_CTX_use_certificate_chain_buffer(CyaInt::CYASSL_CTX*, unsigned char const*, long)",,0x2d36e4,24,FUNC,GLOBAL,DEFAULT,9,True
4007,_ZN10RWahgahP3iC1Ev,RWahgahP3i::RWahgahP3i(),,0x1ea04c,4,FUNC,GLOBAL,DEFAULT,9,True
4008,_ZN10SU3JfaCUmR10LvTOfatjqVEP10TZf6gaQ3S_iiPKciiRK10KcKRganuPN,"SU3JfaCUmR::LvTOfatjqV(TZf6gaQ3S_*, int, int, char const*, int, int, KcKRganuPN const&)",,0x10e3e0,2892,FUNC,GLOBAL,DEFAULT,9,True
4009,_ZN10J7zOgaf09KD0Ev,J7zOgaf09K::~J7zOgaf09K(),,0xe41d4,48,FUNC,WEAK,DEFAULT,9,True
4010,_ZN10zF9VgaBKxR10jOmXmbVNyVEv,zF9VgaBKxR::jOmXmbVNyV(),,0x1a65ec,24,FUNC,GLOBAL,DEFAULT,9,True
4011,_ZN10w9XxgaJdbx10C_bEDapIqYERK10ik3sfaFp3C,w9XxgaJdbx::C_bEDapIqY(ik3sfaFp3C const&),,0x1b7390,8,FUNC,GLOBAL,DEFAULT,9,True
4012,_Z10ouJhFaaTwlv,ouJhFaaTwl(),,0x1123e0,180,FUNC,GLOBAL,DEFAULT,9,True
4013,Java_com_quattroplay_GraalClassic_Natives_onAmazonHistoryDone,Java_com_quattroplay_GraalClassic_Natives_onAmazonHistoryDone,,0x2528ac,224,FUNC,GLOBAL,DEFAULT,9,True
4014,_ZN10mTAogaaEip10uSMgPasJJKEv,mTAogaaEip::uSMgPasJJK(),,0x228ab8,15688,FUNC,GLOBAL,DEFAULT,9,True
4015,_ZN10X7DzgannBy10CC0_Ga77CNERK10C8THgaTQxF,X7DzgannBy::CC0_Ga77CN(C8THgaTQxF const&),,0x196554,396,FUNC,GLOBAL,DEFAULT,9,True
4016,_ZN10BEXWLaNNcX10oX_WJaFzfgEii,"BEXWLaNNcX::oX_WJaFzfg(int, int)",,0x23b240,296,FUNC,GLOBAL,DEFAULT,9,True
4017,_Z21jinit_color_converterP20jpeg_compress_struct,jinit_color_converter(jpeg_compress_struct*),,0x2b0354,776,FUNC,GLOBAL,DEFAULT,9,True
4018,_ZN10W6NzgawMJy10gFHXwailQkERK10C8THgaTQxF,W6NzgawMJy::gFHXwailQk(C8THgaTQxF const&),,0x179ef0,40,FUNC,GLOBAL,DEFAULT,9,True
4019,_Z10vVWN2a5aDYv,vVWN2a5aDY(),,0x111f24,76,FUNC,GLOBAL,DEFAULT,9,True
4020,_ZN10esKIvakHfiC1Ev,esKIvakHfi::esKIvakHfi(),,0xfc1b4,268,FUNC,GLOBAL,DEFAULT,9,True
4021,_ZN10u0eyga1eqx10ihpLga8SuIERK10cXoLgatBuI,u0eyga1eqx::ihpLga8SuI(cXoLgatBuI const&),,0x1e3b94,428,FUNC,GLOBAL,DEFAULT,9,True
4022,_ZN10LJyzga9Pwy10B44sIavT40Eb,LJyzga9Pwy::B44sIavT40(bool),,0x108e58,96,FUNC,GLOBAL,DEFAULT,9,True
4023,_ZN20ZPvEDawoHYPropertiesC2Ev,ZPvEDawoHYProperties::ZPvEDawoHYProperties(),,0x1bf8f4,156,FUNC,GLOBAL,DEFAULT,9,True
4024,jUrm2aY4uBXoqxgaMPJw,jUrm2aY4uBXoqxgaMPJw,,0x3a0a50,8,OBJECT,GLOBAL,DEFAULT,19,True
4025,_ZN10mTAogaaEip10Spk2OaxNzyEP10AICTfaebpZ,mTAogaaEip::Spk2OaxNzy(AICTfaebpZ*),,0x22734c,148,FUNC,GLOBAL,DEFAULT,9,True
4026,inflateGetHeader,inflateGetHeader,,0x2939c8,44,FUNC,GLOBAL,DEFAULT,9,True
4027,_ZN10VRFGJa8Pv210u08vlb1bFIERK10C8THgaTQxFiiii,"VRFGJa8Pv2::u08vlb1bFI(C8THgaTQxF const&, int, int, int, int)",,0x246260,908,FUNC,GLOBAL,DEFAULT,9,True
4028,FT_Stream_EnterFrame,FT_Stream_EnterFrame,,0x25e4e8,280,FUNC,GLOBAL,DEFAULT,9,True
4029,_ZN10HtZ2_aJk7E10BbvgHauRu0Eiiii,"HtZ2_aJk7E::BbvgHauRu0(int, int, int, int)",,0x1061cc,8,FUNC,WEAK,DEFAULT,9,True
4030,_Z23jinit_c_prep_controllerP20jpeg_compress_structi,"jinit_c_prep_controller(jpeg_compress_struct*, int)",,0x2b7eb4,1016,FUNC,GLOBAL,DEFAULT,9,True
4031,_ZN10psSDxavq9U10ze1AgaTELzERK10C8THgaTQxF,psSDxavq9U::ze1AgaTELz(C8THgaTQxF const&),,0x2043ec,80,FUNC,GLOBAL,DEFAULT,9,True
4032,_ZThn16_N20J0CfgbmrLhPropertiesD0Ev,non-virtual thunk to J0CfgbmrLhProperties::~J0CfgbmrLhProperties(),,0x168f84,8,FUNC,WEAK,DEFAULT,9,True
4033,_Z10vUXIkb9_q2v,vUXIkb9_q2(),,0x197180,16,FUNC,GLOBAL,DEFAULT,9,True
4034,_ZN10u0eyga1eqx10qGsQHaiKKuEi,u0eyga1eqx::qGsQHaiKKu(int),,0x1e2794,40,FUNC,GLOBAL,DEFAULT,9,True
4035,_ZTV20RH6ygazf9xProperties,vtable for RH6ygazf9xProperties,,0x37cfa0,88,OBJECT,WEAK,DEFAULT,15,True
4036,_ZN10XJLBgarMnA10MXSAgaXQDzEi,XJLBgarMnA::MXSAgaXQDz(int),,0x20b7ac,428,FUNC,GLOBAL,DEFAULT,9,True
4037,_ZN10oSV5gamiB_C1EPS_,oSV5gamiB_::oSV5gamiB_(oSV5gamiB_*),,0x1d43ec,48,FUNC,GLOBAL,DEFAULT,9,True
4038,_ZN10zeksfaZDrCD1Ev,zeksfaZDrC::~zeksfaZDrC(),,0x1afd24,20,FUNC,WEAK,DEFAULT,9,True
4039,_ZN10zYRMgaG0IJ10v7ptfa1AmDEv,zYRMgaG0IJ::v7ptfa1AmD(),,0xf87f0,28,FUNC,GLOBAL,DEFAULT,9,True
4040,_ZN10PfQXva4zXuIsE10MFApgaUs8pEi,PfQXva4zXu<short>::MFApgaUs8p(int),,0x1b0044,44,FUNC,WEAK,DEFAULT,9,True
4041,_Z14BZ2_decompressP6DState,BZ2_decompress(DState*),,0x287120,12616,FUNC,GLOBAL,DEFAULT,9,True
4042,_ZN10SU3JfaCUmR10klkPfaxJNVEiRK10KcKRganuPNRK10dVIHgaIooFS5_,"SU3JfaCUmR::klkPfaxJNV(int, KcKRganuPN const&, dVIHgaIooF const&, dVIHgaIooF const&)",,0x10e128,692,FUNC,GLOBAL,DEFAULT,9,True
4043,yajl_gen_config,yajl_gen_config,,0x2bcf90,460,FUNC,GLOBAL,DEFAULT,9,True
4044,_ZN10W6NzgawMJy10uzbpKatlOEEv,W6NzgawMJy::uzbpKatlOE(),,0x17632c,12,FUNC,GLOBAL,DEFAULT,9,True
4045,_Z10JAGOlbyrfYPvm,"JAGOlbyrfY(void*, unsigned long)",,0x1972dc,4,FUNC,GLOBAL,DEFAULT,9,True
4046,_ZTV10ScpN2avPaY,vtable for ScpN2avPaY,,0x37db10,96,OBJECT,WEAK,DEFAULT,15,True
4047,_ZN6CyaInt29CyaSSL_use_certificate_bufferEPNS_6CYASSLEPKhli,"CyaInt::CyaSSL_use_certificate_buffer(CyaInt::CYASSL*, unsigned char const*, long, int)",,0x2d36fc,24,FUNC,GLOBAL,DEFAULT,9,True
4048,_ZN10w6qzgacqqy10mFyWxauMS9Ev,w6qzgacqqy::mFyWxauMS9(),,0x1ec7cc,96,FUNC,GLOBAL,DEFAULT,9,True
4049,_ZN20MpGzgariDyPropertiesD2Ev,MpGzgariDyProperties::~MpGzgariDyProperties(),,0x195640,28,FUNC,WEAK,DEFAULT,9,True
4050,_ZN10w9XxgaJdbx10S_JIFaFjfIERK10eY2wgaf6pw,w9XxgaJdbx::S_JIFaFjfI(eY2wgaf6pw const&),,0x1bec0c,72,FUNC,GLOBAL,DEFAULT,9,True
4051,ft_mem_realloc,ft_mem_realloc,,0x25e9b4,120,FUNC,GLOBAL,DEFAULT,9,True
4052,clearerr@LIBC (2),clearerr,LIBC (2),0x0,0,FUNC,GLOBAL,DEFAULT,UND,False
4053,_Z10ToRQ2aCx4_v,ToRQ2aCx4_(),,0xed79c,20,FUNC,GLOBAL,DEFAULT,9,True
4054,_ZN10N67CMatrxw10PWkBgafe1zEv,N67CMatrxw::PWkBgafe1z(),,0x2347d0,132,FUNC,GLOBAL,DEFAULT,9,True
4055,crypt_argchk,crypt_argchk,,0x254f08,60,FUNC,GLOBAL,DEFAULT,9,True
4056,_ZN10w6qzgacqqy10Kl9qHa2ts9ERK10C8THgaTQxF,w6qzgacqqy::Kl9qHa2ts9(C8THgaTQxF const&),,0x1ec9f4,424,FUNC,GLOBAL,DEFAULT,9,True
4057,_ZN10LJyzga9Pwy10Z0uAgaCIjzEv,LJyzga9Pwy::Z0uAgaCIjz(),,0x10ab44,16,FUNC,WEAK,DEFAULT,9,True
4058,_ZN10gqiNgaG64J10EEuMgaWopJEv,gqiNgaG64J::EEuMgaWopJ(),,0xe4118,4,FUNC,WEAK,DEFAULT,9,True
4059,_ZN10yWBvmbTwcy10TPtsfaqIzCEii,"yWBvmbTwcy::TPtsfaqIzC(int, int)",,0x1a9184,108,FUNC,GLOBAL,DEFAULT,9,True
4060,_ZNK10w9XxgaJdbx10j5rxga3eLwEv,w9XxgaJdbx::j5rxga3eLw() const,,0x1bb79c,100,FUNC,GLOBAL,DEFAULT,9,True
4061,Java_com_quattroplay_GraalClassic_Natives_onAmazonHistory,Java_com_quattroplay_GraalClassic_Natives_onAmazonHistory,,0x25212c,592,FUNC,GLOBAL,DEFAULT,9,True
4062,_ZN6CyaInt13AlreadySignerEPNS_19CYASSL_CERT_MANAGEREPh,"CyaInt::AlreadySigner(CyaInt::CYASSL_CERT_MANAGER*, unsigned char*)",,0x2d159c,136,FUNC,GLOBAL,DEFAULT,9,True
4063,_ZN20pTy_fadYe4PropertiesD2Ev,pTy_fadYe4Properties::~pTy_fadYe4Properties(),,0x195b90,28,FUNC,WEAK,DEFAULT,9,True
4064,_ZN10VGEwBaTQ4aC1ERK10C8THgaTQxF,VGEwBaTQ4a::VGEwBaTQ4a(C8THgaTQxF const&),,0x1e5a00,56,FUNC,GLOBAL,DEFAULT,9,True
4065,_ZNK10vy1JgaKVkH10sULREacVQZEi,vy1JgaKVkH::sULREacVQZ(int) const,,0xeddb4,44,FUNC,GLOBAL,DEFAULT,9,True
4066,_ZN10LBgVgaqANQ10yizVgakj2QEdb,"LBgVgaqANQ::yizVgakj2Q(double, bool)",,0x18e108,4,FUNC,GLOBAL,DEFAULT,9,True
4067,_ZN10uzN1fatj75C2EP10LJyzga9PwyRK10C8THgaTQxFiii,"uzN1fatj75::uzN1fatj75(LJyzga9Pwy*, C8THgaTQxF const&, int, int, int)",,0x10c4bc,92,FUNC,GLOBAL,DEFAULT,9,True
4068,_ZN20XCASBayqxtPropertiesD0Ev,XCASBayqxtProperties::~XCASBayqxtProperties(),,0x1b1378,56,FUNC,WEAK,DEFAULT,9,True
4069,_ZN6CyaInt8mp_div_3EPNS_6mp_intES1_Pj,"CyaInt::mp_div_3(CyaInt::mp_int*, CyaInt::mp_int*, unsigned int*)",,0x2c8f80,272,FUNC,GLOBAL,DEFAULT,9,True
4070,_ZN10ZAuvgaUl6u10VfWAgaaDGzEv,ZAuvgaUl6u::VfWAgaaDGz(),,0x2074e4,116,FUNC,GLOBAL,DEFAULT,9,True
4071,_Z22jinit_c_master_controlP20jpeg_compress_structi,"jinit_c_master_control(jpeg_compress_struct*, int)",,0x2b44c8,932,FUNC,GLOBAL,DEFAULT,9,True
4072,_ZTV10KKhLga4xoI,vtable for KKhLga4xoI,,0x371dd0,32,OBJECT,WEAK,DEFAULT,15,True
4073,_ZN10CanTfaz6bZ10gwFWfaPxY0Ev,CanTfaz6bZ::gwFWfaPxY0(),,0xf9178,32,FUNC,GLOBAL,DEFAULT,9,True
4074,_ZN10cHovga0n1u10bwt0faKr04ERK10C8THgaTQxF,cHovga0n1u::bwt0faKr04(C8THgaTQxF const&),,0xe7184,420,FUNC,GLOBAL,DEFAULT,9,True
4075,_ZN20mH33wa4I1qPropertiesC1Ev,mH33wa4I1qProperties::mH33wa4I1qProperties(),,0x2371ec,136,FUNC,GLOBAL,DEFAULT,9,True
4076,_ZN10XJLBgarMnA10_xWAgaiSGzEv,XJLBgarMnA::_xWAgaiSGz(),,0x20bc1c,900,FUNC,GLOBAL,DEFAULT,9,True
4077,_ZN10NLT0HaSwmE10IAEwCaDL40Ei,NLT0HaSwmE::IAEwCaDL40(int),,0x123348,216,FUNC,GLOBAL,DEFAULT,9,True
4078,_ZN10X7DzgannBy10VIEhIazSsSE,X7DzgannBy::VIEhIazSsS,,0x3a28e0,8,OBJECT,GLOBAL,DEFAULT,19,True
4079,_ZN10w6qzgacqqy10QwvKxao8J_E,w6qzgacqqy::QwvKxao8J_,,0x3a3723,1,OBJECT,GLOBAL,DEFAULT,19,True
4080,_ZTV10l8eTfaIl5Y,vtable for l8eTfaIl5Y,,0x37d880,320,OBJECT,WEAK,DEFAULT,15,True
4081,_ZN10_k_Bgam3zA10Gf_bIaWZHNEv,_k_Bgam3zA::Gf_bIaWZHN(),,0x1c5f48,712,FUNC,GLOBAL,DEFAULT,9,True
4082,_Z15find_mem_stringmmPcj,"find_mem_string(unsigned long, unsigned long, char*, unsigned int)",,0x24f43c,160,FUNC,GLOBAL,DEFAULT,9,True
4083,_ZN10ZAuvgaUl6u10uNHEHafsRkEv,ZAuvgaUl6u::uNHEHafsRk(),,0x205688,44,FUNC,GLOBAL,DEFAULT,9,True
4084,recvfrom@LIBC (2),recvfrom,LIBC (2),0x0,0,FUNC,GLOBAL,DEFAULT,UND,False
4085,strncat@LIBC (2),strncat,LIBC (2),0x0,0,FUNC,GLOBAL,DEFAULT,UND,False
4086,U3w1Ya3qUX,U3w1Ya3qUX,,0x392620,4,OBJECT,GLOBAL,DEFAULT,18,True
4087,_ZN10J7J0ga9peWD2Ev,J7J0ga9peW::~J7J0ga9peW(),,0x1d3dec,20,FUNC,WEAK,DEFAULT,9,True
4088,_ZN10GaA2gaD2MX10Hf7ofaRIKzEv,GaA2gaD2MX::Hf7ofaRIKz(),,0x16ca58,52,FUNC,GLOBAL,DEFAULT,9,True
4089,_ZN10cWWYfaxbT210yj7DMaaMmxEP10G0gxgajWBw,cWWYfaxbT2::yj7DMaaMmx(G0gxgajWBw*),,0x22cfb4,436,FUNC,GLOBAL,DEFAULT,9,True
4090,_ZN10_thLgaWjoI10j__Hwa6BD7Eb,_thLgaWjoI::j__Hwa6BD7(bool),,0x1cc954,48,FUNC,GLOBAL,DEFAULT,9,True
4091,_ZN10ieJzgaIFFy10rVjVga1mQQERK10C8THgaTQxF,ieJzgaIFFy::rVjVga1mQQ(C8THgaTQxF const&),,0x169078,88,FUNC,WEAK,DEFAULT,9,True
4092,FT_Outline_Done,FT_Outline_Done,,0x25e4a4,20,FUNC,GLOBAL,DEFAULT,9,True
4093,Java_com_quattroplay_GraalClassic_Natives_onAccelerator,Java_com_quattroplay_GraalClassic_Natives_onAccelerator,,0x251880,36,FUNC,GLOBAL,DEFAULT,9,True
4094,_Z10S4hxMaMPCrv,S4hxMaMPCr(),,0x21ab54,68,FUNC,GLOBAL,DEFAULT,9,True
4095,_ZN10uzN1fatj7510YgmYga3loTEv,uzN1fatj75::YgmYga3loT(),,0x10c298,160,FUNC,GLOBAL,DEFAULT,9,True
4096,_ZN10mTAogaaEipC2Ev,mTAogaaEip::mTAogaaEip(),,0x220150,340,FUNC,GLOBAL,DEFAULT,9,True
4097,_ZNK10rizMgadjtJ10oGncKagx1tEv,rizMgadjtJ::oGncKagx1t() const,,0x1e9b00,32,FUNC,GLOBAL,DEFAULT,9,True
4098,_ZN10AS80gaE4zW10dd62gaNQdYERK10C8THgaTQxF,AS80gaE4zW::dd62gaNQdY(C8THgaTQxF const&),,0x1d6074,144,FUNC,GLOBAL,DEFAULT,9,True
4099,_ZN10ZOPBLaGcrF10CpPVLahSfWEP10W6NzgawMJy,ZOPBLaGcrF::CpPVLahSfW(W6NzgawMJy*),,0x16ae94,352,FUNC,GLOBAL,DEFAULT,9,True
4100,_ZN10W6NzgawMJy10LDP6Kac3lfEiiii,"W6NzgawMJy::LDP6Kac3lf(int, int, int, int)",,0x182fdc,888,FUNC,GLOBAL,DEFAULT,9,True
4101,WdmV1avjSd,WdmV1avjSd,,0x3a0c6c,4,OBJECT,GLOBAL,DEFAULT,19,True
4102,_Z10RB7Ikbw0z2v,RB7Ikbw0z2(),,0x1971b0,16,FUNC,GLOBAL,DEFAULT,9,True
4103,_ZN10pdnkJaZ8KK10MP0FfajjYNEP10W6NzgawMJy,pdnkJaZ8KK::MP0FfajjYN(W6NzgawMJy*),,0x2440b0,608,FUNC,GLOBAL,DEFAULT,9,True
4104,apwmgaKSyn,apwmgaKSyn,,0x3a5548,8,OBJECT,GLOBAL,DEFAULT,19,True
4105,_ZN10ZPvEDawoHY10LcTxgao36wERK10cXoLgatBuI,ZPvEDawoHY::LcTxgao36w(cXoLgatBuI const&),,0x1bfd44,80,FUNC,GLOBAL,DEFAULT,9,True
4106,_ZN10D6TlgajP1m10FJplga9fDmEPK10vy1JgaKVkHb,"D6TlgajP1m::FJplga9fDm(vy1JgaKVkH const*, bool)",,0x21e96c,128,FUNC,GLOBAL,DEFAULT,9,True
4107,_Z10xj56fa94zav,xj56fa94za(),,0xf6370,36,FUNC,GLOBAL,DEFAULT,9,True
4108,z2d6KaTqRe,z2d6KaTqRe,,0x3a2e58,8,OBJECT,GLOBAL,DEFAULT,19,True
4109,_ZN10SEPCMa33gwC1ERK10C8THgaTQxFS2_,"SEPCMa33gw::SEPCMa33gw(C8THgaTQxF const&, C8THgaTQxF const&)",,0x22facc,148,FUNC,GLOBAL,DEFAULT,9,True
4110,_ZN10hsuDgateQB10ZCBDgaugWBERK10eY2wgaf6pw,hsuDgateQB::ZCBDgaugWB(eY2wgaf6pw const&),,0x1b678c,732,FUNC,GLOBAL,DEFAULT,9,True
4111,_ZN10ieJzgaIFFy10rysVgaGDXQEdb,"ieJzgaIFFy::rysVgaGDXQ(double, bool)",,0x16150c,36,FUNC,GLOBAL,DEFAULT,9,True
4112,_ZN10W6NzgawMJy10rTbmwafChQEv,W6NzgawMJy::rTbmwafChQ(),,0x173800,816,FUNC,GLOBAL,DEFAULT,9,True
4113,_ZN10_k_Bgam3zA10D6WJBajlgmERK10eY2wgaf6pwi,"_k_Bgam3zA::D6WJBajlgm(eY2wgaf6pw const&, int)",,0x1c93f4,688,FUNC,GLOBAL,DEFAULT,9,True
4114,_ZN10RZNxgaOF2w10Z_6wgaMvtwEb,RZNxgaOF2w::Z_6wgaMvtw(bool),,0x1e1728,152,FUNC,GLOBAL,DEFAULT,9,True
4115,_ZN20Q8n_Fa6V5WPropertiesD2Ev,Q8n_Fa6V5WProperties::~Q8n_Fa6V5WProperties(),,0x1cb374,28,FUNC,WEAK,DEFAULT,9,True
4116,_Z10pi_2Iab17vv,pi_2Iab17v(),,0xea964,284,FUNC,GLOBAL,DEFAULT,9,True
4117,_ZN20MpGzgariDyPropertiesC1Ev,MpGzgariDyProperties::MpGzgariDyProperties(),,0x190284,176,FUNC,GLOBAL,DEFAULT,9,True
4118,_ZN10qjQMgaXCHJ10Ywd_Haw_XCE,qjQMgaXCHJ::Ywd_Haw_XC,,0x389b4a,1,OBJECT,GLOBAL,DEFAULT,18,True
4119,_ZN20NgNBgaN3oAPropertiesD0Ev,NgNBgaN3oAProperties::~NgNBgaN3oAProperties(),,0x23741c,56,FUNC,WEAK,DEFAULT,9,True
4120,_ZTV10StGQIaOlWk,vtable for StGQIaOlWk,,0x372c20,568,OBJECT,WEAK,DEFAULT,15,True
4121,_Z15fseek_file_funcPvS_mi,"fseek_file_func(void*, void*, unsigned long, int)",,0x259114,76,FUNC,GLOBAL,DEFAULT,9,True
4122,_ZN10f6WHgaQkAF10pPmwgaXOQvE,f6WHgaQkAF::pPmwgaXOQv,,0x3a0148,8,OBJECT,GLOBAL,DEFAULT,19,True
4123,_ZN8TUnicode10MRoQgaUwHMEPKci,"TUnicode::MRoQgaUwHM(char const*, int)",,0x112fb8,352,FUNC,GLOBAL,DEFAULT,9,True
4124,_ZN10lKR7faAPdb10tQ0eKaRjfwEPf,lKR7faAPdb::tQ0eKaRjfw(float*),,0x1e69cc,132,FUNC,GLOBAL,DEFAULT,9,True
4125,_ZN10oJlO1aTTY7D1Ev,oJlO1aTTY7::~oJlO1aTTY7(),,0x15e540,48,FUNC,GLOBAL,DEFAULT,9,True
4126,_ZN10gqiNgaG64J10jfRMgatpIJEv,gqiNgaG64J::jfRMgatpIJ(),,0xe410c,8,FUNC,WEAK,DEFAULT,9,True
4127,_Z10G7G3fa6TI7dd,"G7G3fa6TI7(double, double)",,0x1e7264,152,FUNC,GLOBAL,DEFAULT,9,True
4128,tt_cmap14_char_next,tt_cmap14_char_next,,0x261fe4,12,FUNC,GLOBAL,DEFAULT,9,True
4129,xCcoSa2dZm,xCcoSa2dZm,,0x3a4e88,8,OBJECT,GLOBAL,DEFAULT,19,True
4130,_ZN10N67CMatrxw10oaqhMalDgeEv,N67CMatrxw::oaqhMalDge(),,0x232944,124,FUNC,GLOBAL,DEFAULT,9,True
4131,_ZTV10Uk7XgagNbT,vtable for Uk7XgagNbT,,0x37cf80,32,OBJECT,WEAK,DEFAULT,15,True
4132,_ZN10W6NzgawMJy10hPIBwaJjl2Ev,W6NzgawMJy::hPIBwaJjl2(),,0x19cc50,632,FUNC,GLOBAL,DEFAULT,9,True
4133,_Z10H6TXGanP_KRK10C8THgaTQxFS1_,"H6TXGanP_K(C8THgaTQxF const&, C8THgaTQxF const&)",,0x24f758,456,FUNC,GLOBAL,DEFAULT,9,True
4134,ft_alloc,ft_alloc,,0x2616b4,8,FUNC,GLOBAL,DEFAULT,9,True
4135,_ZN10LJyzga9Pwy10tY0UJauqAeEPS_,LJyzga9Pwy::tY0UJauqAe(LJyzga9Pwy*),,0x109198,196,FUNC,GLOBAL,DEFAULT,9,True
4136,_Z10QSA91aUDGqj,QSA91aUDGq(unsigned int),,0x20d1dc,48,FUNC,GLOBAL,DEFAULT,9,True
4137,FT_Matrix_Invert,FT_Matrix_Invert,,0x280140,164,FUNC,GLOBAL,DEFAULT,9,True
4138,_ZN10pdnkJaZ8KK10dCvmJaJcyMEb,pdnkJaZ8KK::dCvmJaJcyM(bool),,0x243810,68,FUNC,GLOBAL,DEFAULT,9,True
4139,_ZN10e4ZYfa8PV210I75gMaeM_dEv,e4ZYfa8PV2::I75gMaeM_d(),,0x234fec,20,FUNC,GLOBAL,DEFAULT,9,True
4140,_ZN10w6qzgacqqy10lFoJxatmOZE,w6qzgacqqy::lFoJxatmOZ,,0x3a36f8,8,OBJECT,GLOBAL,DEFAULT,19,True
4141,_ZN10_WevgakbUu10rwYDEa_weOERK10C8THgaTQxFii,"_WevgakbUu::rwYDEa_weO(C8THgaTQxF const&, int, int)",,0x108b14,128,FUNC,GLOBAL,DEFAULT,9,True
4142,_ZN10eODlJaQ5OL10hoANFa0dkMEP10G0gxgajWBw,eODlJaQ5OL::hoANFa0dkM(G0gxgajWBw*),,0x241b18,52,FUNC,GLOBAL,DEFAULT,9,True
4143,FT_List_Finalize,FT_List_Finalize,,0x260288,120,FUNC,GLOBAL,DEFAULT,9,True
4144,_ZTV10c3fygag7qx,vtable for c3fygag7qx,,0x37a0f0,920,OBJECT,WEAK,DEFAULT,15,True
4145,_ZTV20X0HXmbuEQVProperties,vtable for X0HXmbuEQVProperties,,0x37f600,88,OBJECT,WEAK,DEFAULT,15,True
4146,_ZN10zW2NgaU4IK10Yw3SfaqAWYEv,zW2NgaU4IK::Yw3SfaqAWY(),,0x21ba50,76,FUNC,GLOBAL,DEFAULT,9,True
4147,_ZN10W6NzgawMJy10jZKyLaa8QCEiii,"W6NzgawMJy::jZKyLaa8QC(int, int, int)",,0x180060,20,FUNC,GLOBAL,DEFAULT,9,True
4148,_ZN10kyTzgazlOy10t_qbLaakejER10C8THgaTQxFRiS2_,"kyTzgazlOy::t_qbLaakej(C8THgaTQxF&, int&, int&)",,0x23a458,320,FUNC,GLOBAL,DEFAULT,9,True
4149,_ZN10XCASBayqxtC2ERK10C8THgaTQxF,XCASBayqxt::XCASBayqxt(C8THgaTQxF const&),,0x1b0cfc,80,FUNC,GLOBAL,DEFAULT,9,True
4150,_ZN10W6NzgawMJy10Bp9swagx8VEv,W6NzgawMJy::Bp9swagx8V(),,0x17f724,80,FUNC,WEAK,DEFAULT,9,True
4151,_ZN10C8THgaTQxF11strncasecmpEPKcS1_i,"C8THgaTQxF::strncasecmp(char const*, char const*, int)",,0xf4d04,8,FUNC,GLOBAL,DEFAULT,9,True
4152,unzGetLocalExtrafield1,unzGetLocalExtrafield1,,0x2589d0,192,FUNC,GLOBAL,DEFAULT,9,True
4153,_ZN10vy1JgaKVkHD1Ev,vy1JgaKVkH::~vy1JgaKVkH(),,0xe5968,20,FUNC,WEAK,DEFAULT,9,True
4154,_ZN10H4zIGaBY6x10IYlQSaJ5EKE,H4zIGaBY6x::IYlQSaJ5EK,,0x3a0160,8,OBJECT,GLOBAL,DEFAULT,19,True
4155,_ZN6CyaInt11UnLockMutexEPi,CyaInt::UnLockMutex(int*),,0x2da25c,8,FUNC,GLOBAL,DEFAULT,9,True
4156,unzOpen1,unzOpen1,,0x258364,8,FUNC,GLOBAL,DEFAULT,9,True
4157,_ZN10EbOa3arQHh10kCI62aW8feEv,EbOa3arQHh::kCI62aW8fe(),,0x11bd70,100,FUNC,GLOBAL,DEFAULT,9,True
4158,_ZN10w6qzgacqqy10tVKHxa34pYERK10C8THgaTQxFiS2_,"w6qzgacqqy::tVKHxa34pY(C8THgaTQxF const&, int, C8THgaTQxF const&)",,0x1f86c0,552,FUNC,GLOBAL,DEFAULT,9,True
4159,_ZN20dJ10YaC3tXPropertiesD2Ev,dJ10YaC3tXProperties::~dJ10YaC3tXProperties(),,0x24859c,28,FUNC,WEAK,DEFAULT,9,True
4160,_ZN6CyaInt24CyaTLSv1_2_client_methodEv,CyaInt::CyaTLSv1_2_client_method(),,0x2d5344,56,FUNC,GLOBAL,DEFAULT,9,True
4161,XfW1Pa6Ceo,XfW1Pa6Ceo,,0x3922f0,200,OBJECT,GLOBAL,DEFAULT,18,True
4162,_ZN10MpGzgariDy10Cd4pwa59xTEi,MpGzgariDy::Cd4pwa59xT(int),,0x18e9a4,8,FUNC,WEAK,DEFAULT,9,True
4163,_ZN10LBgVgaqANQ10rVjVga1mQQERK10C8THgaTQxFS2_P10G0gxgajWBw,"LBgVgaqANQ::rVjVga1mQQ(C8THgaTQxF const&, C8THgaTQxF const&, G0gxgajWBw*)",,0x1856d4,4,FUNC,GLOBAL,DEFAULT,9,True
4164,_ZN6CyaInt10InitRsaKeyEPNS_6RsaKeyEPv,"CyaInt::InitRsaKey(CyaInt::RsaKey*, void*)",,0x2cca10,48,FUNC,GLOBAL,DEFAULT,9,True
4165,_ZN10f6WHgaQkAF10pguygap4CxERK10C8THgaTQxFib,"f6WHgaQkAF::pguygap4Cx(C8THgaTQxF const&, int, bool)",,0xef69c,568,FUNC,GLOBAL,DEFAULT,9,True
4166,_ZN10QYZugaRKGu10MgGzgaMaDyE,QYZugaRKGu::MgGzgaMaDy,,0x3a0050,8,OBJECT,GLOBAL,DEFAULT,19,True
4167,_ZN10eODlJaQ5OL10MJuWXagtP1Ev,eODlJaQ5OL::MJuWXagtP1(),,0x2419e8,32,FUNC,GLOBAL,DEFAULT,9,True
4168,_ZN6CyaInt11InitSSL_CtxEPNS_10CYASSL_CTXEPNS_13CYASSL_METHODE,"CyaInt::InitSSL_Ctx(CyaInt::CYASSL_CTX*, CyaInt::CYASSL_METHOD*)",,0x2da15c,240,FUNC,GLOBAL,DEFAULT,9,True
4169,_ZN10eODlJaQ5OL10XR4cHaaICYEb,eODlJaQ5OL::XR4cHaaICY(bool),,0x241ae0,52,FUNC,GLOBAL,DEFAULT,9,True
4170,_ZN10cHovga0n1u10OQfeYa5WBhEPv,cHovga0n1u::OQfeYa5WBh(void*),,0xf9a68,12,FUNC,GLOBAL,DEFAULT,9,True
4171,_ZN10LBgVgaqANQ10U0VggaxqRiEv,LBgVgaqANQ::U0VggaxqRi(),,0x186010,888,FUNC,GLOBAL,DEFAULT,9,True
4172,_ZN10Ztjndb0_dS10GcVldbpK2QERK10C8THgaTQxF,Ztjndb0_dS::GcVldbpK2Q(C8THgaTQxF const&),,0xe4328,92,FUNC,GLOBAL,DEFAULT,9,True
4173,_ZN10nDIHgaJ9nF10uW3JGaPVmzEc,nDIHgaJ9nF::uW3JGaPVmz(char),,0x11db94,76,FUNC,GLOBAL,DEFAULT,9,True
4174,_ZN10ieJzgaIFFy10kWm6LaLUY4EP10W6NzgawMJy,ieJzgaIFFy::kWm6LaLUY4(W6NzgawMJy*),,0x16335c,152,FUNC,GLOBAL,DEFAULT,9,True
4175,_ZN20FY2VgaG6rRPropertiesD0Ev,FY2VgaG6rRProperties::~FY2VgaG6rRProperties(),,0x16dc84,56,FUNC,WEAK,DEFAULT,9,True
4176,_ZN10W6NzgawMJy10l3mlwav0APEv,W6NzgawMJy::l3mlwav0AP(),,0x174b94,168,FUNC,GLOBAL,DEFAULT,9,True
4177,_ZTV10_YTgFa6HPk,vtable for _YTgFa6HPk,,0x375f60,888,OBJECT,WEAK,DEFAULT,15,True
4178,_ZN10G0gxgajWBw10VkenganG9nEv,G0gxgajWBw::VkenganG9n(),,0x2167f4,316,FUNC,GLOBAL,DEFAULT,9,True
4179,_ZN10qsr_gawI8UD1Ev,qsr_gawI8U::~qsr_gawI8U(),,0x100668,72,FUNC,GLOBAL,DEFAULT,9,True
4180,_ZN10e4ZYfa8PV210qBXhIa5KISEP10G0gxgajWBw,e4ZYfa8PV2::qBXhIa5KIS(G0gxgajWBw*),,0x235010,204,FUNC,GLOBAL,DEFAULT,9,True
4181,_Z10EtEHGaGFkxPKfS0_Pf,"EtEHGaGFkx(float const*, float const*, float*)",,0x1e652c,836,FUNC,GLOBAL,DEFAULT,9,True
4182,_ZN20yO8PSaf1tKPropertiesD1Ev,yO8PSaf1tKProperties::~yO8PSaf1tKProperties(),,0x1afb74,28,FUNC,WEAK,DEFAULT,9,True
4183,_ZN10G0gxgajWBwC2ERK10CanTfaz6bZ,G0gxgajWBw::G0gxgajWBw(CanTfaz6bZ const&),,0x214094,144,FUNC,GLOBAL,DEFAULT,9,True
4184,_ZThn16_N20MpGzgariDyPropertiesD1Ev,non-virtual thunk to MpGzgariDyProperties::~MpGzgariDyProperties(),,0x19565c,8,FUNC,WEAK,DEFAULT,9,True
4185,_ZN10s_YwgafWlw10KR3BgaYRDAEv,s_YwgafWlw::KR3BgaYRDA(),,0x1db9bc,52,FUNC,GLOBAL,DEFAULT,9,True
4186,_ZThn16_N20KsGWqbQkZgPropertiesD1Ev,non-virtual thunk to KsGWqbQkZgProperties::~KsGWqbQkZgProperties(),,0x1ca64c,8,FUNC,WEAK,DEFAULT,9,True
4187,_ZN10G0gxgajWBw10yrNtMaOcGoEv,G0gxgajWBw::yrNtMaOcGo(),,0x217dcc,184,FUNC,GLOBAL,DEFAULT,9,True
4188,_ZN10D6TlgajP1m10nYwjIaul2TERK10C8THgaTQxF,D6TlgajP1m::nYwjIaul2T(C8THgaTQxF const&),,0x21e618,72,FUNC,GLOBAL,DEFAULT,9,True
4189,_ZN10gqiNgaG64J10wNLMganPDJEv,gqiNgaG64J::wNLMganPDJ(),,0xe4124,4,FUNC,WEAK,DEFAULT,9,True
4190,_ZN10ZAuvgaUl6u10x03GHa4ZQmE,ZAuvgaUl6u::x03GHa4ZQm,,0x3a4d20,8,OBJECT,GLOBAL,DEFAULT,19,True
4191,tt_cmap8_char_index,tt_cmap8_char_index,,0x261bd8,216,FUNC,GLOBAL,DEFAULT,9,True
4192,_ZN10ovXCga6FnB10O70xgakzexEPhiiffffRK10bagMga8cdJ,"ovXCga6FnB::O70xgakzex(unsigned char*, int, int, float, float, float, float, bagMga8cdJ const&)",,0x14e2a4,5928,FUNC,GLOBAL,DEFAULT,9,True
4193,_ZN10G0gxgajWBw10VeIqMaeQ4lEiPS_,"G0gxgajWBw::VeIqMaeQ4l(int, G0gxgajWBw*)",,0x215b90,164,FUNC,GLOBAL,DEFAULT,9,True
4194,_ZN10_WevgakbUu10bpABEaLeeMEv,_WevgakbUu::bpABEaLeeM(),,0x107760,56,FUNC,GLOBAL,DEFAULT,9,True
4195,_ZN10mTAogaaEip10PmFMOaYpykEv,mTAogaaEip::PmFMOaYpyk(),,0x224560,368,FUNC,GLOBAL,DEFAULT,9,True
4196,_ZN10FY2VgaG6rR10JhjWgazQFREv,FY2VgaG6rR::JhjWgazQFR(),,0x16dbd8,20,FUNC,WEAK,DEFAULT,9,True
4197,_ZTV10ApdygafUox,vtable for ApdygafUox,,0x379cb0,984,OBJECT,WEAK,DEFAULT,15,True
4198,_ZThn16_N20ULeBJaZ1WYPropertiesD1Ev,non-virtual thunk to ULeBJaZ1WYProperties::~ULeBJaZ1WYProperties(),,0x245d1c,8,FUNC,WEAK,DEFAULT,9,True
4199,_ZN10s40xgamwex10DS01MaHljSEP10OYYKfaPU7R,s40xgamwex::DS01MaHljS(OYYKfaPU7R*),,0x1054c0,64,FUNC,GLOBAL,DEFAULT,9,True
4200,_ZN10TZf6gaQ3S_10fl7q4asNqlEv,TZf6gaQ3S_::fl7q4asNql(),,0x10fe58,1052,FUNC,GLOBAL,DEFAULT,9,True
4201,_ZN20zF9VgaBKxRPropertiesC2Ev,zF9VgaBKxRProperties::zF9VgaBKxRProperties(),,0x1a5dd8,176,FUNC,GLOBAL,DEFAULT,9,True
4202,_ZTVN10QpvgIav2uR10Bh5fIar38QE,vtable for QpvgIav2uR::Bh5fIar38Q,,0x3796d0,48,OBJECT,WEAK,DEFAULT,15,True
4203,_ZN6CyaInt20CyaSSL_dtls_get_peerEPNS_6CYASSLEPvPj,"CyaInt::CyaSSL_dtls_get_peer(CyaInt::CYASSL*, void*, unsigned int*)",,0x2d0fbc,8,FUNC,GLOBAL,DEFAULT,9,True
4204,_ZN10ZPvEDawoHY10TwTrxark4KERK10cXoLgatBuI,ZPvEDawoHY::TwTrxark4K(cXoLgatBuI const&),,0x1bfe00,108,FUNC,GLOBAL,DEFAULT,9,True
4205,_end,_end,,0x3a7c88,0,NOTYPE,GLOBAL,DEFAULT,ABS,True
4206,_ZN20MpHWLal8ZWPropertiesC2Ev,MpHWLal8ZWProperties::MpHWLal8ZWProperties(),,0x1a5aa4,176,FUNC,GLOBAL,DEFAULT,9,True
4207,_ZN10zF9VgaBKxR10H5MrmbrVZuEiiidddd,"zF9VgaBKxR::H5MrmbrVZu(int, int, int, double, double, double, double)",,0x1ae984,376,FUNC,GLOBAL,DEFAULT,9,True
4208,_ZN10uK2SHaPVVw10WSqXHa_dCAERK10C8THgaTQxF,uK2SHaPVVw::WSqXHa_dCA(C8THgaTQxF const&),,0x20dfcc,136,FUNC,GLOBAL,DEFAULT,9,True
4209,_ZN10zF9VgaBKxR10hctSlb0ar0EP10W6NzgawMJyb,"zF9VgaBKxR::hctSlb0ar0(W6NzgawMJy*, bool)",,0x1a870c,752,FUNC,GLOBAL,DEFAULT,9,True
4210,inflatePrime,inflatePrime,,0x29159c,108,FUNC,GLOBAL,DEFAULT,9,True
4211,_ZN10pdnkJaZ8KK10AXXnJaR2LNEP10Ox9zJa6D1X,pdnkJaZ8KK::AXXnJaR2LN(Ox9zJa6D1X*),,0x242ec4,120,FUNC,GLOBAL,DEFAULT,9,True
4212,_ZN20C2t_vaQTaxPropertiesD0Ev,C2t_vaQTaxProperties::~C2t_vaQTaxProperties(),,0x24a0dc,56,FUNC,WEAK,DEFAULT,9,True
4213,_ZN10OV5NOaoBLl10mgCpgamO9pEv,OV5NOaoBLl::mgCpgamO9p(),,0x22caa0,64,FUNC,WEAK,DEFAULT,9,True
4214,_ZN10w6qzgacqqy10dSVJxahif_E,w6qzgacqqy::dSVJxahif_,,0x3a3708,8,OBJECT,GLOBAL,DEFAULT,19,True
4215,_ZN10LBgVgaqANQ10hNV6Ia8drzEv,LBgVgaqANQ::hNV6Ia8drz(),,0x18b288,88,FUNC,GLOBAL,DEFAULT,9,True
4216,_ZN10ovXCga6FnB10cXs_ganY9UEPhiiiiiiPKhiiffffPK10NLT0HaSwmEbbiRK10bagMga8cdJ,"ovXCga6FnB::cXs_ganY9U(unsigned char*, int, int, int, int, int, int, unsigned char const*, int, int, float, float, float, float, NLT0HaSwmE const*, bool, bool, int, bagMga8cdJ const&)",,0x123510,167956,FUNC,GLOBAL,DEFAULT,9,True
4217,_ZN10cHovga0n1u10D855FaUMK1ERK10C8THgaTQxFS2_,"cHovga0n1u::D855FaUMK1(C8THgaTQxF const&, C8THgaTQxF const&)",,0xf94ac,296,FUNC,GLOBAL,DEFAULT,9,True
4218,_ZN6CyaInt16SendChangeCipherEPNS_6CYASSLE,CyaInt::SendChangeCipher(CyaInt::CYASSL*),,0x2d6d10,140,FUNC,GLOBAL,DEFAULT,9,True
4219,_ZN10BEXWLaNNcX10Sq9XJanydhEP10Fcx_gaoydV,BEXWLaNNcX::Sq9XJanydh(Fcx_gaoydV*),,0x23b490,60,FUNC,GLOBAL,DEFAULT,9,True
4220,_ZN10w6qzgacqqy10WpAcyavfcoEiiddb,"w6qzgacqqy::WpAcyavfco(int, int, double, double, bool)",,0x1fdde0,672,FUNC,GLOBAL,DEFAULT,9,True
4221,_ZN10w9XxgaJdbx10umViIaxSwTERK10cXoLgatBuI,w9XxgaJdbx::umViIaxSwT(cXoLgatBuI const&),,0x1bcc90,836,FUNC,GLOBAL,DEFAULT,9,True
4222,_ZN10NiVAFatPFB10FWw_Qa_jdcEv,NiVAFatPFB::FWw_Qa_jdc(),,0xed064,84,FUNC,GLOBAL,DEFAULT,9,True
4223,_ZThn16_N20uzvDgataRBPropertiesD1Ev,non-virtual thunk to uzvDgataRBProperties::~uzvDgataRBProperties(),,0x1b20cc,8,FUNC,WEAK,DEFAULT,9,True
4224,_ZN10zF9VgaBKxR10JmaKmbSksKEv,zF9VgaBKxR::JmaKmbSksK(),,0x1a5f2c,36,FUNC,GLOBAL,DEFAULT,9,True
4225,_ZN10a7qxJaHqKV10kLSgIapGOREb,a7qxJaHqKV::kLSgIapGOR(bool),,0x1603bc,52,FUNC,GLOBAL,DEFAULT,9,True
4226,_ZN10ieJzgaIFFy10Mh6WpbIUkrERK10C8THgaTQxF,ieJzgaIFFy::Mh6WpbIUkr(C8THgaTQxF const&),,0x160a24,44,FUNC,GLOBAL,DEFAULT,9,True
4227,_ZN10awDo2aJRkD10pqxXgaPJHSEv,awDo2aJRkD::pqxXgaPJHS(),,0x1de384,64,FUNC,GLOBAL,DEFAULT,9,True
4228,_ZNK10w9XxgaJdbx10sryA1aIAmXEv,w9XxgaJdbx::sryA1aIAmX() const,,0x1b0970,48,FUNC,WEAK,DEFAULT,9,True
4229,ctime@LIBC (2),ctime,LIBC (2),0x0,0,FUNC,GLOBAL,DEFAULT,UND,False
4230,_ZN10ZAuvgaUl6u10zs2GHaFGPmEv,ZAuvgaUl6u::zs2GHaFGPm(),,0x204d5c,480,FUNC,GLOBAL,DEFAULT,9,True
4231,_ZN10cHovga0n1u10ToI5FaIYp1ERK10C8THgaTQxFS2_,"cHovga0n1u::ToI5FaIYp1(C8THgaTQxF const&, C8THgaTQxF const&)",,0xf9a90,252,FUNC,GLOBAL,DEFAULT,9,True
4232,_ZN10SyVo2a61zDC2ERK10C8THgaTQxF,SyVo2a61zD::SyVo2a61zD(C8THgaTQxF const&),,0x1de57c,48,FUNC,GLOBAL,DEFAULT,9,True
4233,_ZN10GbMhIaz9yS10quuLLaigzNEv,GbMhIaz9yS::quuLLaigzN(),,0x1c0f80,104,FUNC,GLOBAL,DEFAULT,9,True
4234,_ZN10m9DfJatoMGD1Ev,m9DfJatoMG::~m9DfJatoMG(),,0xf68bc,4,FUNC,WEAK,DEFAULT,9,True
4235,_ZN10bNZvga2Awv10fcvJQaTRTYEv,bNZvga2Awv::fcvJQaTRTY(),,0xf0c60,164,FUNC,GLOBAL,DEFAULT,9,True
4236,_ZN10c3fygag7qx10JEhyga0ssxEi,c3fygag7qx::JEhyga0ssx(int),,0x1ddd34,4,FUNC,WEAK,DEFAULT,9,True
4237,_ZNK10CanTfaz6bZ10fEtHgarybFERKS_,CanTfaz6bZ::fEtHgarybF(CanTfaz6bZ const&) const,,0xf8f54,116,FUNC,GLOBAL,DEFAULT,9,True
4238,_ZN10W6NzgawMJy10a7yUwaH9biEv,W6NzgawMJy::a7yUwaH9bi(),,0x173c0c,248,FUNC,GLOBAL,DEFAULT,9,True
4239,cipher_descriptor,cipher_descriptor,,0x3a67a8,2304,OBJECT,GLOBAL,DEFAULT,19,True
4240,_Z10GKUHGaVlyxPfPKf,"GKUHGaVlyx(float*, float const*)",,0x1e60c4,196,FUNC,GLOBAL,DEFAULT,9,True
4241,_ZN10mTAogaaEip10FKXPOaUSjnEv,mTAogaaEip::FKXPOaUSjn(),,0x2253b4,580,FUNC,GLOBAL,DEFAULT,9,True
4242,tt_get_interface,tt_get_interface,,0x26da5c,116,FUNC,GLOBAL,DEFAULT,9,True
4243,_ZN10LBgVgaqANQ10rVjVga1mQQE10RiQ7IaxCcA,LBgVgaqANQ::rVjVga1mQQ(RiQ7IaxCcA),,0x18e898,200,FUNC,GLOBAL,DEFAULT,9,True
4244,_Z9AesSetKeyP3AesPKhjS2_i,"AesSetKey(Aes*, unsigned char const*, unsigned int, unsigned char const*, int)",,0x2c57d4,1668,FUNC,GLOBAL,DEFAULT,9,True
4245,glDepthMask,glDepthMask,,0x0,0,FUNC,GLOBAL,DEFAULT,UND,False
4246,_ZN10uzvDgataRB10_pyQMazzPHEv,uzvDgataRB::_pyQMazzPH(),,0x1b1eb4,272,FUNC,GLOBAL,DEFAULT,9,True
4247,_ZN6CyaInt9LockMutexEPi,CyaInt::LockMutex(int*),,0x2da254,8,FUNC,GLOBAL,DEFAULT,9,True
4248,_ZN10o3AZxayNqc10EgL2xaEnWfEv,o3AZxayNqc::EgL2xaEnWf(),,0xe7788,44,FUNC,WEAK,DEFAULT,9,True
4249,_ZN10vuuHgangcFD0Ev,vuuHgangcF::~vuuHgangcF(),,0xf6b34,32,FUNC,GLOBAL,DEFAULT,9,True
4250,Java_com_quattroplay_GraalClassic_Natives_onMobirooUser,Java_com_quattroplay_GraalClassic_Natives_onMobirooUser,,0x25237c,332,FUNC,GLOBAL,DEFAULT,9,True
4251,_ZN10OtwAJaQWkYD0Ev,OtwAJaQWkY::~OtwAJaQWkY(),,0x245ddc,48,FUNC,WEAK,DEFAULT,9,True
4252,_ZN10w6qzgacqqy10t3IHxaxwoYERK10C8THgaTQxF,w6qzgacqqy::t3IHxaxwoY(C8THgaTQxF const&),,0x1f88e8,428,FUNC,GLOBAL,DEFAULT,9,True
4253,_ZN10m0ka3aUhjh5cloneEP10V8fxgahcBw,m0ka3aUhjh::clone(V8fxgahcBw*),,0x11db00,80,FUNC,WEAK,DEFAULT,9,True
4254,_ZN10AS80gaE4zW10f8IPgawA7LEi,AS80gaE4zW::f8IPgawA7L(int),,0x1d5030,24,FUNC,GLOBAL,DEFAULT,9,True
4255,dkCHgaGRiF,dkCHgaGRiF,,0x3a26d0,8,OBJECT,GLOBAL,DEFAULT,19,True
4256,_ZN10w9XxgaJdbx10JTxWHaD7RzEv,w9XxgaJdbx::JTxWHaD7Rz(),,0x1bb800,100,FUNC,GLOBAL,DEFAULT,9,True
4257,_ZN10V8fxgahcBw10VV_wDapynSERK10C8THgaTQxFi,"V8fxgahcBw::VV_wDapynS(C8THgaTQxF const&, int)",,0x11d1ac,208,FUNC,GLOBAL,DEFAULT,9,True
4258,_ZN10W6NzgawMJy10buiPwa39LdEiiiii,"W6NzgawMJy::buiPwa39Ld(int, int, int, int, int)",,0x17aaac,700,FUNC,GLOBAL,DEFAULT,9,True
4259,_ZN10ovXCga6FnB10qz81gavPpXEi,ovXCga6FnB::qz81gavPpX(int),,0x1234ec,36,FUNC,GLOBAL,DEFAULT,9,True
4260,_ZN10XJLBgarMnA10AwbBga8iUzE,XJLBgarMnA::AwbBga8iUz,,0x3992d8,4,OBJECT,GLOBAL,DEFAULT,18,True
4261,_ZN10_thLgaWjoI10lq9KgaLxhIERK10C8THgaTQxF,_thLgaWjoI::lq9KgaLxhI(C8THgaTQxF const&),,0x1cb5c0,4,FUNC,GLOBAL,DEFAULT,9,True
4262,_ZN10SsrLga3IwI10j38Dwaneo4ERK10eY2wgaf6pwi,"SsrLga3IwI::j38Dwaneo4(eY2wgaf6pw const&, int)",,0x1b36e4,60,FUNC,GLOBAL,DEFAULT,9,True
4263,_Z14yajl_buf_clearP10yajl_buf_t,yajl_buf_clear(yajl_buf_t*),,0x2bcf20,20,FUNC,GLOBAL,DEFAULT,9,True
4264,_ZN10ieJzgaIFFy10oyT6Laxlp5EP10W6NzgawMJy,ieJzgaIFFy::oyT6Laxlp5(W6NzgawMJy*),,0x16323c,288,FUNC,GLOBAL,DEFAULT,9,True
4265,_Z10lfB0IaBX6tP10ydogJa7ZoHP10vU0fJafn5G,"lfB0IaBX6t(ydogJa7ZoH*, vU0fJafn5G*)",,0x15928c,56,FUNC,GLOBAL,DEFAULT,9,True
4266,_Z18yajl_lex_get_errorP12yajl_lexer_t,yajl_lex_get_error(yajl_lexer_t*),,0x2bfb14,20,FUNC,GLOBAL,DEFAULT,9,True
4267,_ZN10LJyzga9Pwy10fOKUJaXZleEP10oMhmIajzmW,LJyzga9Pwy::fOKUJaXZle(oMhmIajzmW*),,0x109114,132,FUNC,GLOBAL,DEFAULT,9,True
4268,_ZN10KsGWqbQkZg10xlDDgaQIXBERK10eY2wgaf6pw,KsGWqbQkZg::xlDDgaQIXB(eY2wgaf6pw const&),,0x1ca160,1156,FUNC,GLOBAL,DEFAULT,9,True
4269,_ZN10_WevgakbUu10LMNKfaGuZREv,_WevgakbUu::LMNKfaGuZR(),,0x107e34,56,FUNC,GLOBAL,DEFAULT,9,True
4270,_ZN10SYX_HaZ3zD6actionERK10C8THgaTQxFS2_S2_S2_,"SYX_HaZ3zD::action(C8THgaTQxF const&, C8THgaTQxF const&, C8THgaTQxF const&, C8THgaTQxF const&)",,0xfaa84,4,FUNC,GLOBAL,DEFAULT,9,True
4271,_ZN20znLtuaytEfPropertiesC2Ev,znLtuaytEfProperties::znLtuaytEfProperties(),,0x16a6c8,144,FUNC,GLOBAL,DEFAULT,9,True
4272,_ZN10wiULgacZUI10Yi01JaKSilERK10C8THgaTQxF,wiULgacZUI::Yi01JaKSil(C8THgaTQxF const&),,0xe8c70,148,FUNC,GLOBAL,DEFAULT,9,True
4273,_ZN10ApdygafUoxC2ERK10C8THgaTQxF,ApdygafUox::ApdygafUox(C8THgaTQxF const&),,0x1dd4fc,48,FUNC,GLOBAL,DEFAULT,9,True
4274,unregister_cipher,unregister_cipher,,0x2553dc,180,FUNC,GLOBAL,DEFAULT,9,True
4275,_ZN10c3fygag7qx10wjnCga8dUAEi,c3fygag7qx::wjnCga8dUA(int),,0x1dc9fc,84,FUNC,GLOBAL,DEFAULT,9,True
4276,_ZN10SyVo2a61zD10JEhyga0ssxEi,SyVo2a61zD::JEhyga0ssx(int),,0x1decf4,16,FUNC,GLOBAL,DEFAULT,9,True
4277,_ZN10_thLgaWjoI10GALHwaBEq7Ei,_thLgaWjoI::GALHwaBEq7(int),,0x1cb9e0,104,FUNC,GLOBAL,DEFAULT,9,True
4278,_ZN10uzN1fatj75D2Ev,uzN1fatj75::~uzN1fatj75(),,0x10c338,48,FUNC,GLOBAL,DEFAULT,9,True
4279,uTV2Paoj4o,uTV2Paoj4o,,0x392498,8,OBJECT,GLOBAL,DEFAULT,18,True
4280,_ZN10IUKzgam4Gy10xClYFa2NnVE,IUKzgam4Gy::xClYFa2NnV,,0x389000,4,OBJECT,GLOBAL,DEFAULT,18,True
4281,_ZN10MpGzgariDy10iUOZLa2qCZEb,MpGzgariDy::iUOZLa2qCZ(bool),,0x18ea7c,8,FUNC,WEAK,DEFAULT,9,True
4282,_ZN10uq9xgaUxlx10Kl9qHa2ts9ERK10C8THgaTQxF,uq9xgaUxlx::Kl9qHa2ts9(C8THgaTQxF const&),,0x201610,68,FUNC,GLOBAL,DEFAULT,9,True
4283,_ZN10MpGzgariDy10Bu_owanbESEi,MpGzgariDy::Bu_owanbES(int),,0x18ea04,8,FUNC,WEAK,DEFAULT,9,True
4284,_ZN10kd5l5aU_b73AddEP10eODlJaQ5OL,kd5l5aU_b7::Add(eODlJaQ5OL*),,0x23ef0c,308,FUNC,GLOBAL,DEFAULT,9,True
4285,_ZN10ieJzgaIFFyD0Ev,ieJzgaIFFy::~ieJzgaIFFy(),,0x168d48,32,FUNC,GLOBAL,DEFAULT,9,True
4286,_Z13AesCbcDecryptP3AesPhPKhj,"AesCbcDecrypt(Aes*, unsigned char*, unsigned char const*, unsigned int)",,0x2c518c,1564,FUNC,GLOBAL,DEFAULT,9,True
4287,_ZTV10SsrLga3IwI,vtable for SsrLga3IwI,,0x376e80,888,OBJECT,WEAK,DEFAULT,15,True
4288,_ZN10m0ka3aUhjhD2Ev,m0ka3aUhjh::~m0ka3aUhjh(),,0x11d47c,4,FUNC,WEAK,DEFAULT,9,True
4289,_ZN10Kv6ugas5Mu10TOL5gaAQs_ERK10C8THgaTQxFiS2_PKcii,"Kv6ugas5Mu::TOL5gaAQs_(C8THgaTQxF const&, int, C8THgaTQxF const&, char const*, int, int)",,0x111e40,116,FUNC,GLOBAL,DEFAULT,9,True
4290,FT_Bitmap_Convert,FT_Bitmap_Convert,,0x27eb54,2144,FUNC,GLOBAL,DEFAULT,9,True
4291,_ZN6CyaInt10DeriveKeysEPNS_6CYASSLE,CyaInt::DeriveKeys(CyaInt::CYASSL*),,0x2dab90,616,FUNC,GLOBAL,DEFAULT,9,True
4292,_ZN20awDo2aJRkDPropertiesD2Ev,awDo2aJRkDProperties::~awDo2aJRkDProperties(),,0x1dfcd8,28,FUNC,WEAK,DEFAULT,9,True
4293,_ZN10ZPvEDawoHYD1Ev,ZPvEDawoHY::~ZPvEDawoHY(),,0x1bf7bc,116,FUNC,GLOBAL,DEFAULT,9,True
4294,FT_Outline_Embolden,FT_Outline_Embolden,,0x25d9e0,656,FUNC,GLOBAL,DEFAULT,9,True
4295,_ZN10gId5RaV8_6C2EP10zF9VgaBKxR,gId5RaV8_6::gId5RaV8_6(zF9VgaBKxR*),,0x248dec,76,FUNC,GLOBAL,DEFAULT,9,True
4296,ft_synthesize_vertical_metrics,ft_synthesize_vertical_metrics,,0x259ce8,76,FUNC,GLOBAL,DEFAULT,9,True
4297,ClbyqbP9mX,ClbyqbP9mX,,0x3a28a8,8,OBJECT,GLOBAL,DEFAULT,19,True
4298,_ZN10SU3JfaCUmR10BbvgHauRu0Eiiii,"SU3JfaCUmR::BbvgHauRu0(int, int, int, int)",,0x10d62c,100,FUNC,GLOBAL,DEFAULT,9,True
4299,_ZN10_k_Bgam3zA10py0qgaE4krERK10C8THgaTQxF,_k_Bgam3zA::py0qgaE4kr(C8THgaTQxF const&),,0x1c9a80,124,FUNC,GLOBAL,DEFAULT,9,True
4300,_ZN10MpGzgariDy10FZLZLawZzZEb,MpGzgariDy::FZLZLawZzZ(bool),,0x18ea9c,8,FUNC,WEAK,DEFAULT,9,True
4301,JFFLUSH,JFFLUSH,,0x3a70b0,8,OBJECT,GLOBAL,DEFAULT,19,True
4302,memset@LIBC (2),memset,LIBC (2),0x0,0,FUNC,GLOBAL,DEFAULT,UND,False
4303,_ZN10tJIwIaYe8310ztVLFavYVKEv,tJIwIaYe83::ztVLFavYVK(),,0x23d418,124,FUNC,GLOBAL,DEFAULT,9,True
4304,_Z10GDrLlb1RwVP7__sFILE,GDrLlb1RwV(__sFILE*),,0x197820,428,FUNC,GLOBAL,DEFAULT,9,True
4305,_ZN10mTAogaaEip10HvBoPapajREv,mTAogaaEip::HvBoPapajR(),,0x2262a4,168,FUNC,GLOBAL,DEFAULT,9,True
4306,_ZN6CyaInt28CyaSSL_CertManagerDisableCRLEPNS_19CYASSL_CERT_MANAGERE,CyaInt::CyaSSL_CertManagerDisableCRL(CyaInt::CYASSL_CERT_MANAGER*),,0x2d28f8,24,FUNC,GLOBAL,DEFAULT,9,True
4307,_ZN10W6NzgawMJy10rVjVga1mQQERK10C8THgaTQxF10RiQ7IaxCcAP10G0gxgajWBw,"W6NzgawMJy::rVjVga1mQQ(C8THgaTQxF const&, RiQ7IaxCcA, G0gxgajWBw*)",,0x17ece0,160,FUNC,GLOBAL,DEFAULT,9,True
4308,pthread_mutex_init@LIBC (2),pthread_mutex_init,LIBC (2),0x0,0,FUNC,GLOBAL,DEFAULT,UND,False
4309,_ZN10w9XxgaJdbx10OIFwLasI5AEv,w9XxgaJdbx::OIFwLasI5A(),,0x1bcb30,352,FUNC,GLOBAL,DEFAULT,9,True
4310,_ZN10l8eTfaIl5Y5clearEv,l8eTfaIl5Y::clear(),,0x21fac4,116,FUNC,GLOBAL,DEFAULT,9,True
4311,fdopen@LIBC (2),fdopen,LIBC (2),0x0,0,FUNC,GLOBAL,DEFAULT,UND,False
4312,_Z10HW2HGa14FxPKf,HW2HGa14Fx(float const*),,0x1e63ac,76,FUNC,GLOBAL,DEFAULT,9,True
4313,_ZN10u3cBgayBVz10Y33yga716xEPKvi,"u3cBgayBVz::Y33yga716x(void const*, int)",,0x20d258,852,FUNC,GLOBAL,DEFAULT,9,True
4314,_ZNK10W6NzgawMJy10qCgWga1ADREv,W6NzgawMJy::qCgWga1ADR() const,,0x17f3c4,72,FUNC,WEAK,DEFAULT,9,True
4315,_ZN10w6qzgacqqy10IaubyaF_gnEi,w6qzgacqqy::IaubyaF_gn(int),,0x1eb9d8,132,FUNC,GLOBAL,DEFAULT,9,True
4316,_ZN10K7FLgag3II10I3gjMaMYPfEv,K7FLgag3II::I3gjMaMYPf(),,0x16e188,3304,FUNC,GLOBAL,DEFAULT,9,True
4317,_ZN10lKR7faAPdb10iYxaKajbusEff,"lKR7faAPdb::iYxaKajbus(float, float)",,0x1e6b1c,44,FUNC,GLOBAL,DEFAULT,9,True
4318,des_keysize,des_keysize,,0x2546ec,96,FUNC,GLOBAL,DEFAULT,9,True
4319,FT_DivFix,FT_DivFix,,0x2594ac,168,FUNC,GLOBAL,DEFAULT,9,True
4320,_Z10d5ahkbYW3Fv,d5ahkbYW3F(),,0x20e614,144,FUNC,GLOBAL,DEFAULT,9,True
4321,_ZN10VRFGJa8Pv210tIIEga1dSCERK10C8THgaTQxFffffiiii,"VRFGJa8Pv2::tIIEga1dSC(C8THgaTQxF const&, float, float, float, float, int, int, int, int)",,0x2465ec,188,FUNC,GLOBAL,DEFAULT,9,True
4322,_ZN10w9XxgaJdbx10bdqDgaFFMBERK10eY2wgaf6pw,w9XxgaJdbx::bdqDgaFFMB(eY2wgaf6pw const&),,0x1bb4dc,392,FUNC,GLOBAL,DEFAULT,9,True
4323,_ZN10wp1umbbOIxD1Ev,wp1umbbOIx::~wp1umbbOIx(),,0x1afd68,20,FUNC,WEAK,DEFAULT,9,True
4324,_ZN10GbMhIaz9yS10j9gLgaw2nIEv,GbMhIaz9yS::j9gLgaw2nI(),,0x1c0734,180,FUNC,GLOBAL,DEFAULT,9,True
4325,_ZN10_k_Bgam3zA10lY_j1asArJEP10w9XxgaJdbx,_k_Bgam3zA::lY_j1asArJ(w9XxgaJdbx*),,0x1c9258,32,FUNC,GLOBAL,DEFAULT,9,True
4326,_ZN10NiVAFatPFB10mzczSarbewERK10C8THgaTQxF,NiVAFatPFB::mzczSarbew(C8THgaTQxF const&),,0xed4a8,172,FUNC,GLOBAL,DEFAULT,9,True
4327,_ZN10ZPvEDawoHYC2Ev,ZPvEDawoHY::ZPvEDawoHY(),,0x1bfa14,100,FUNC,GLOBAL,DEFAULT,9,True
4328,_ZN10cHovga0n1u10kWhZFaFHaWE,cHovga0n1u::kWhZFaFHaW,,0x39ff50,8,OBJECT,GLOBAL,DEFAULT,19,True
4329,_ZN10LBgVgaqANQ10CGk7IaA0MzEP10W6NzgawMJydddd,"LBgVgaqANQ::CGk7IaA0Mz(W6NzgawMJy*, double, double, double, double)",,0x18ae04,1140,FUNC,GLOBAL,DEFAULT,9,True
4330,_ZN10MHEiIauRiT10ZCfJXaALGREPKviPhj,"MHEiIauRiT::ZCfJXaALGR(void const*, int, unsigned char*, unsigned int)",,0xe5d2c,148,FUNC,GLOBAL,DEFAULT,9,True
4331,_ZN10MpGzgariDy10XmPXfa5PW1Ev,MpGzgariDy::XmPXfa5PW1(),,0x18f804,100,FUNC,GLOBAL,DEFAULT,9,True
4332,ft_glyphslot_alloc_bitmap,ft_glyphslot_alloc_bitmap,,0x25e0f8,108,FUNC,GLOBAL,DEFAULT,9,True
4333,_Z10fe9Vxaznx9v,fe9Vxaznx9(),,0x1ec294,532,FUNC,GLOBAL,DEFAULT,9,True
4334,_ZN10MpGzgariDy10CavpwaFQ3SEi,MpGzgariDy::CavpwaFQ3S(int),,0x18e9f4,8,FUNC,WEAK,DEFAULT,9,True
4335,imqXgalNBSOnln2aNBfC,imqXgalNBSOnln2aNBfC,,0x3a35b8,8,OBJECT,GLOBAL,DEFAULT,19,True
4336,_Z19CyaSSL_Debugging_ONv,CyaSSL_Debugging_ON(),,0x2cb1f8,8,FUNC,GLOBAL,DEFAULT,9,True
4337,_ZN10GbMhIaz9yS10_crxLaDvKBEPjS0_,"GbMhIaz9yS::_crxLaDvKB(unsigned int*, unsigned int*)",,0x1c3408,224,FUNC,GLOBAL,DEFAULT,9,True
4338,_ZTV10AK892aVY8g,vtable for AK892aVY8g,,0x373250,64,OBJECT,WEAK,DEFAULT,15,True
4339,_ZN10OYYKfaPU7R4saveERK10C8THgaTQxFi,"OYYKfaPU7R::save(C8THgaTQxF const&, int)",,0x104cf4,68,FUNC,GLOBAL,DEFAULT,9,True
4340,jUrm2aY4uBGbMhIaz9yS,jUrm2aY4uBGbMhIaz9yS,,0x3a3260,8,OBJECT,GLOBAL,DEFAULT,19,True
4341,_Z15jpeg_free_largeP18jpeg_common_structPvm,"jpeg_free_large(jpeg_common_struct*, void*, unsigned long)",,0x2a2370,8,FUNC,GLOBAL,DEFAULT,9,True
4342,_ZN10bNZvga2Awv10L5bygaBNnxEv,bNZvga2Awv::L5bygaBNnx(),,0xf11f0,1480,FUNC,GLOBAL,DEFAULT,9,True
4343,_ZN10LBgVgaqANQ10pcZ7Ia85jAEP10ieJzgaIFFy,LBgVgaqANQ::pcZ7Ia85jA(ieJzgaIFFy*),,0x18ad2c,64,FUNC,GLOBAL,DEFAULT,9,True
4344,dlopen@LIBC (5),dlopen,LIBC (5),0x0,0,FUNC,GLOBAL,DEFAULT,UND,False
4345,_ZN10G0gxgajWBw10nqc9LaT3l7Ev,G0gxgajWBw::nqc9LaT3l7(),,0x2141a4,64,FUNC,GLOBAL,DEFAULT,9,True
4346,_ZN10Q8n_Fa6V5W10bdqDgaFFMBERK10eY2wgaf6pw,Q8n_Fa6V5W::bdqDgaFFMB(eY2wgaf6pw const&),,0x1cb048,292,FUNC,GLOBAL,DEFAULT,9,True
4347,find_hash_any,find_hash_any,,0x25524c,164,FUNC,GLOBAL,DEFAULT,9,True
4348,_ZN6CyaInt20mp_reduce_2k_setup_lEPNS_6mp_intES1_,"CyaInt::mp_reduce_2k_setup_l(CyaInt::mp_int*, CyaInt::mp_int*)",,0x2ca420,144,FUNC,GLOBAL,DEFAULT,9,True
4349,_ZN10mTAogaaEip10E9HKOaLLUiEv,mTAogaaEip::E9HKOaLLUi(),,0x226658,44,FUNC,GLOBAL,DEFAULT,9,True
4350,fork@LIBC (2),fork,LIBC (2),0x0,0,FUNC,GLOBAL,DEFAULT,UND,False
4351,_ZN10ohGYZakbFK10cqUMgaI4KJEii,"ohGYZakbFK::cqUMgaI4KJ(int, int)",,0xe3768,32,FUNC,GLOBAL,DEFAULT,9,True
4352,_ZN10s_YwgafWlwC2ERK10C8THgaTQxF,s_YwgafWlw::s_YwgafWlw(C8THgaTQxF const&),,0x1db100,80,FUNC,GLOBAL,DEFAULT,9,True
4353,_ZN10uSjUgask_PD0Ev,uSjUgask_P::~uSjUgask_P(),,0x107514,32,FUNC,GLOBAL,DEFAULT,9,True
4354,FT_Stream_New,FT_Stream_New,,0x25de40,268,FUNC,GLOBAL,DEFAULT,9,True
4355,_ZN10w9XxgaJdbx10rp5Bga09EAEv,w9XxgaJdbx::rp5Bga09EA(),,0x1bb868,140,FUNC,GLOBAL,DEFAULT,9,True
4356,_Z20imqXgalNBSE7Bm2aaHDBRK10C8THgaTQxF,imqXgalNBSE7Bm2aaHDB(C8THgaTQxF const&),,0x1e49e8,48,FUNC,GLOBAL,DEFAULT,9,True
4357,_ZN10tJIwIaYe83C1Ev,tJIwIaYe83::tJIwIaYe83(),,0x23c8e0,32,FUNC,GLOBAL,DEFAULT,9,True
4358,_ZN10irqhGaERgbC1EP10zF9VgaBKxR,irqhGaERgb::irqhGaERgb(zF9VgaBKxR*),,0x247194,80,FUNC,GLOBAL,DEFAULT,9,True
4359,_ZN10OV5NOaoBLl10iJypgaNP6pEi,OV5NOaoBLl::iJypgaNP6p(int),,0x22cb80,8,FUNC,WEAK,DEFAULT,9,True
4360,_ZN10G0gxgajWBw10vTuiMapBafEv,G0gxgajWBw::vTuiMapBaf(),,0x2154a0,64,FUNC,GLOBAL,DEFAULT,9,True
4361,_ZThn16_N10c76BgaJBGAD1Ev,non-virtual thunk to c76BgaJBGA::~c76BgaJBGA(),,0x22ccbc,8,FUNC,GLOBAL,DEFAULT,9,True
4362,_ZNK10C8THgaTQxF10_xFPgaiz4LEv,C8THgaTQxF::_xFPgaiz4L() const,,0xf49d4,308,FUNC,GLOBAL,DEFAULT,9,True
4363,_ZN10K7FLgag3II10Pf80Ma4yzRE,K7FLgag3II::Pf80Ma4yzR,,0x3a1948,8,OBJECT,GLOBAL,DEFAULT,19,True
4364,_Z14yajl_lex_allocP16yajl_alloc_funcsjj,"yajl_lex_alloc(yajl_alloc_funcs*, unsigned int, unsigned int)",,0x2be784,108,FUNC,GLOBAL,DEFAULT,9,True
4365,_ZN10Zb7cUaSFEUC1EP10yL3_IaDMFt,Zb7cUaSFEU::Zb7cUaSFEU(yL3_IaDMFt*),,0xecb6c,4,FUNC,GLOBAL,DEFAULT,9,True
4366,_ZN10W6NzgawMJy10iUOZLa2qCZEb,W6NzgawMJy::iUOZLa2qCZ(bool),,0x17f940,108,FUNC,WEAK,DEFAULT,9,True
4367,d1NZYaBHBV,d1NZYaBHBV,,0x391a30,64,OBJECT,GLOBAL,DEFAULT,18,True
4368,_ZN10W6NzgawMJy10vxkULaOT_UEv,W6NzgawMJy::vxkULaOT_U(),,0x182980,68,FUNC,GLOBAL,DEFAULT,9,True
4369,jpeg_suppress_tables,jpeg_suppress_tables,,0x2a546c,148,FUNC,GLOBAL,DEFAULT,9,True
4370,_ZN10IUKzgam4Gy11soundplayerE,IUKzgam4Gy::soundplayer,,0x39ff08,8,OBJECT,GLOBAL,DEFAULT,19,True
4371,_ZN10e4ZYfa8PV210FRaLuaNKiuERK10C8THgaTQxFS2_iS2_,"e4ZYfa8PV2::FRaLuaNKiu(C8THgaTQxF const&, C8THgaTQxF const&, int, C8THgaTQxF const&)",,0x236880,172,FUNC,GLOBAL,DEFAULT,9,True
4372,_ZN6CyaInt16CyaSSL_negotiateEPNS_6CYASSLE,CyaInt::CyaSSL_negotiate(CyaInt::CYASSL*),,0x2d2dc0,68,FUNC,GLOBAL,DEFAULT,9,True
4373,_ZN10zF9VgaBKxR10fITlvaUt1ZEddiib,"zF9VgaBKxR::fITlvaUt1Z(double, double, int, int, bool)",,0x1aad5c,872,FUNC,GLOBAL,DEFAULT,9,True
4374,_Z21BZ2_hbMakeCodeLengthsPhPiii,"BZ2_hbMakeCodeLengths(unsigned char*, int*, int, int)",,0x28a280,1460,FUNC,GLOBAL,DEFAULT,9,True
4375,_ZN10n_rGfa49jO10AlAembTbTjEP10nenvgaH9_u,n_rGfa49jO::AlAembTbTj(nenvgaH9_u*),,0x11dfa4,140,FUNC,GLOBAL,DEFAULT,9,True
4376,_ZN10psSDxavq9UD0Ev,psSDxavq9U::~psSDxavq9U(),,0x201d00,32,FUNC,GLOBAL,DEFAULT,9,True
4377,FT_Outline_Get_Bitmap,FT_Outline_Get_Bitmap,,0x2601d0,96,FUNC,GLOBAL,DEFAULT,9,True
4378,_Z18yajl_string_encodePFvPvPKcmES_PKhmi,"yajl_string_encode(void (*)(void*, char const*, unsigned long), void*, unsigned char const*, unsigned long, int)",,0x2c0a4c,456,FUNC,GLOBAL,DEFAULT,9,True
4379,_ZN10ieJzgaIFFy10iZDhga9esjEd,ieJzgaIFFy::iZDhga9esj(double),,0x16085c,28,FUNC,GLOBAL,DEFAULT,9,True
4380,_Z10x3PsfaBpSCv,x3PsfaBpSC(),,0x16d174,144,FUNC,GLOBAL,DEFAULT,9,True
4381,_ZN10_WevgakbUuD2Ev,_WevgakbUu::~_WevgakbUu(),,0x107f28,88,FUNC,GLOBAL,DEFAULT,9,True
4382,_ZN10Fcx_gaoydVC2EjjbNS_10ke4ZKaKaQ8E,"Fcx_gaoydV::Fcx_gaoydV(unsigned int, unsigned int, bool, Fcx_gaoydV::ke4ZKaKaQ8)",,0x116c6c,92,FUNC,GLOBAL,DEFAULT,9,True
4383,_ZN10AS80gaE4zW10sf1SgaCFUOEi,AS80gaE4zW::sf1SgaCFUO(int),,0x1d5f8c,36,FUNC,GLOBAL,DEFAULT,9,True
4384,_ZN10H4zIGaBY6x10wynzgaLqnyEPvRK10C8THgaTQxF,"H4zIGaBY6x::wynzgaLqny(void*, C8THgaTQxF const&)",,0xf07e8,132,FUNC,GLOBAL,DEFAULT,9,True
4385,_ZN10nenvgaH9_u10HTRlZavX_dEv,nenvgaH9_u::HTRlZavX_d(),,0xf21bc,208,FUNC,GLOBAL,DEFAULT,9,True
4386,_ZN10w6qzgacqqy10s5iIxacGTYEi,w6qzgacqqy::s5iIxacGTY(int),,0x1ff8c8,472,FUNC,GLOBAL,DEFAULT,9,True
4387,tt_cmap14_char_var_index,tt_cmap14_char_var_index,,0x265efc,768,FUNC,GLOBAL,DEFAULT,9,True
4388,_ZN10Uk7XgagNbTD2Ev,Uk7XgagNbT::~Uk7XgagNbT(),,0x20eb80,64,FUNC,WEAK,DEFAULT,9,True
4389,uhi1Paq_Hn,uhi1Paq_Hn,,0x391ec0,32,OBJECT,GLOBAL,DEFAULT,18,True
4390,_ZNK10u3cBgayBVz10qYcf1arwpFEv,u3cBgayBVz::qYcf1arwpF() const,,0x20c47c,8,FUNC,GLOBAL,DEFAULT,9,True
4391,_ZN10LJyzga9Pwy10HJ7FJab721Ev,LJyzga9Pwy::HJ7FJab721(),,0x109568,452,FUNC,GLOBAL,DEFAULT,9,True
4392,_ZN10R_MvgaEQlvD1Ev,R_MvgaEQlv::~R_MvgaEQlv(),,0xec3ec,20,FUNC,GLOBAL,DEFAULT,9,True
4393,GifApplyTranslation,GifApplyTranslation,,0x2bc54c,56,FUNC,GLOBAL,DEFAULT,9,True
4394,_ZN10W6NzgawMJy10EoAmwateCQEv,W6NzgawMJy::EoAmwateCQ(),,0x176248,12,FUNC,GLOBAL,DEFAULT,9,True
4395,_ZN10W6NzgawMJy10W20Rwa9u3fEP10LBgVgaqANQ,W6NzgawMJy::W20Rwa9u3f(LBgVgaqANQ*),,0x172c88,228,FUNC,GLOBAL,DEFAULT,9,True
4396,_ZN10WcQ5gaFxw_C1EP10J7zOgaf09K,WcQ5gaFxw_::WcQ5gaFxw_(J7zOgaf09K*),,0x1d441c,80,FUNC,GLOBAL,DEFAULT,9,True
4397,_ZN10Kc8uganwOu10jlavgawjQuERK10C8THgaTQxF,Kc8uganwOu::jlavgawjQu(C8THgaTQxF const&),,0x16a128,52,FUNC,GLOBAL,DEFAULT,9,True
4398,_ZN10SrwA5a7UkjD1Ev,SrwA5a7Ukj::~SrwA5a7Ukj(),,0x11df60,20,FUNC,WEAK,DEFAULT,9,True
4399,_ZNK10SsrLga3IwI10sryA1aIAmXEv,SsrLga3IwI::sryA1aIAmX() const,,0x1b624c,60,FUNC,WEAK,DEFAULT,9,True
4400,_ZN10Kc8uganwOuD2Ev,Kc8uganwOu::~Kc8uganwOu(),,0x169468,260,FUNC,GLOBAL,DEFAULT,9,True
4401,_ZN10G0gxgajWBw10r59DMah6oxEPS_,G0gxgajWBw::r59DMah6ox(G0gxgajWBw*),,0x2195d0,436,FUNC,GLOBAL,DEFAULT,9,True
4402,_ZN10N67CMatrxw10vcTVfae3i0EP10G0gxgajWBwRK10C8THgaTQxFS4_,"N67CMatrxw::vcTVfae3i0(G0gxgajWBw*, C8THgaTQxF const&, C8THgaTQxF const&)",,0x230570,464,FUNC,GLOBAL,DEFAULT,9,True
4403,_Z10DkrWJa_BMfv,DkrWJa_BMf(),,0x23be3c,48,FUNC,GLOBAL,DEFAULT,9,True
4404,glTexCoordPointer,glTexCoordPointer,,0x0,0,FUNC,GLOBAL,DEFAULT,UND,False
4405,_ZN10IUKzgam4Gy10z_6XFamvbVE,IUKzgam4Gy::z_6XFamvbV,,0x389008,4,OBJECT,GLOBAL,DEFAULT,18,True
4406,_ZN6CyaInt18CyaSSL_set_sessionEPNS_6CYASSLEPNS_14CYASSL_SESSIONE,"CyaInt::CyaSSL_set_session(CyaInt::CYASSL*, CyaInt::CYASSL_SESSION*)",,0x2d31b0,16,FUNC,GLOBAL,DEFAULT,9,True
4407,_ZN10AK892aVY8g10kCI62aW8feEv,AK892aVY8g::kCI62aW8fe(),,0x11b3f8,156,FUNC,GLOBAL,DEFAULT,9,True
4408,_ZN10SsrLga3IwI10GQSrFa3K3tEi,SsrLga3IwI::GQSrFa3K3t(int),,0x1b3780,48,FUNC,GLOBAL,DEFAULT,9,True
4409,_ZN10w6qzgacqqy10Nsh8xaZiAkERK10C8THgaTQxF,w6qzgacqqy::Nsh8xaZiAk(C8THgaTQxF const&),,0x1f9724,428,FUNC,GLOBAL,DEFAULT,9,True
4410,_ZN10W6NzgawMJy10mCJDwaYZ13Ev,W6NzgawMJy::mCJDwaYZ13(),,0x176068,480,FUNC,GLOBAL,DEFAULT,9,True
4411,_ZN10LBgVgaqANQ10QLaVga0FIQEdd,"LBgVgaqANQ::QLaVga0FIQ(double, double)",,0x189ec0,368,FUNC,GLOBAL,DEFAULT,9,True
4412,_ZN10X7ZxganTcx10UuAMgaMjuJE,X7ZxganTcx::UuAMgaMjuJ,,0x3a07c0,8,OBJECT,GLOBAL,DEFAULT,19,True
4413,_ZN10KsGWqbQkZgC2Ev,KsGWqbQkZg::KsGWqbQkZg(),,0x1ca01c,100,FUNC,GLOBAL,DEFAULT,9,True
4414,_ZN10KKhLga4xoI10g6yvgaX89uEP10J7zOgaf09KRK10C8THgaTQxF,"KKhLga4xoI::g6yvgaX89u(J7zOgaf09K*, C8THgaTQxF const&)",,0xec570,48,FUNC,GLOBAL,DEFAULT,9,True
4415,_ZN10oJlO1aTTY710CxvRIaV8ClEv,oJlO1aTTY7::CxvRIaV8Cl(),,0x15e10c,792,FUNC,GLOBAL,DEFAULT,9,True
4416,_Z16jinit_memory_mgrP18jpeg_common_struct,jinit_memory_mgr(jpeg_common_struct*),,0x2a21b8,416,FUNC,GLOBAL,DEFAULT,9,True
4417,GifUnionColorMap,GifUnionColorMap,,0x2bc078,1236,FUNC,GLOBAL,DEFAULT,9,True
4418,_Z10BPGB2a8DjOv,BPGB2a8DjO(),,0x1f64f4,68,FUNC,GLOBAL,DEFAULT,9,True
4419,_ZN20W6NzgawMJyPropertiesC1Ev,W6NzgawMJyProperties::W6NzgawMJyProperties(),,0x171a04,176,FUNC,GLOBAL,DEFAULT,9,True
4420,_ZN10TZf6gaQ3S_10waln4atqfiEv,TZf6gaQ3S_::waln4atqfi(),,0x10fe10,72,FUNC,GLOBAL,DEFAULT,9,True
4421,_ZN10XCASBayqxtD0Ev,XCASBayqxt::~XCASBayqxt(),,0x1b13ec,60,FUNC,WEAK,DEFAULT,9,True
4422,_ZN10NVxhJah9mI4loadEv,NVxhJah9mI::load(),,0x10b474,268,FUNC,GLOBAL,DEFAULT,9,True
4423,_ZN10IUKzgam4Gy10Enx2ZaDHKOERK10C8THgaTQxFdd,"IUKzgam4Gy::Enx2ZaDHKO(C8THgaTQxF const&, double, double)",,0xe2e78,88,FUNC,GLOBAL,DEFAULT,9,True
4424,des_desc,des_desc,,0x37fa68,72,OBJECT,GLOBAL,DEFAULT,15,True
4425,_ZTV20s_YwgafWlwProperties,vtable for s_YwgafWlwProperties,,0x3798a0,88,OBJECT,WEAK,DEFAULT,15,True
4426,_ZN10W6NzgawMJy10S4C6LaMub5Ev,W6NzgawMJy::S4C6LaMub5(),,0x181fe4,100,FUNC,GLOBAL,DEFAULT,9,True
4427,jpeg_write_scanlines,jpeg_write_scanlines,,0x2a58e4,260,FUNC,GLOBAL,DEFAULT,9,True
4428,_ZN10J0CfgbmrLhC2EP10ieJzgaIFFyib,"J0CfgbmrLh::J0CfgbmrLh(ieJzgaIFFy*, int, bool)",,0x161664,188,FUNC,GLOBAL,DEFAULT,9,True
4429,FT_Stream_ReadShort,FT_Stream_ReadShort,,0x25c894,172,FUNC,GLOBAL,DEFAULT,9,True
4430,_ZTV20Vx2_xajLEdProperties,vtable for Vx2_xajLEdProperties,,0x37c1f0,88,OBJECT,WEAK,DEFAULT,15,True
4431,FT_Get_Module,FT_Get_Module,,0x25b188,140,FUNC,GLOBAL,DEFAULT,9,True
4432,_ZN10LJyzga9PwyD1Ev,LJyzga9Pwy::~LJyzga9Pwy(),,0x10996c,372,FUNC,GLOBAL,DEFAULT,9,True
4433,_ZN10AK892aVY8g10rMBEgasoMCEv,AK892aVY8g::rMBEgasoMC(),,0x11d3d4,44,FUNC,WEAK,DEFAULT,9,True
4434,_Z24yajl_lex_error_to_string14yajl_lex_error,yajl_lex_error_to_string(yajl_lex_error),,0x2bfa64,176,FUNC,GLOBAL,DEFAULT,9,True
4435,_ZN10TGrjdbLUYOD0Ev,TGrjdbLUYO::~TGrjdbLUYO(),,0xe5918,80,FUNC,WEAK,DEFAULT,9,True
4436,_ZN10vuuHgangcF10TF9BgaVKIAEPS_,vuuHgangcF::TF9BgaVKIA(vuuHgangcF*),,0xf7898,20,FUNC,GLOBAL,DEFAULT,9,True
4437,yajl_get_error,yajl_get_error,,0x2bccc4,20,FUNC,GLOBAL,DEFAULT,9,True
4438,deflateEnd,deflateEnd,,0x290de8,244,FUNC,GLOBAL,DEFAULT,9,True
4439,TT_Access_Glyph_Frame,TT_Access_Glyph_Frame,,0x26ca28,144,FUNC,GLOBAL,DEFAULT,9,True
4440,_ZN10w9XxgaJdbx10py0qgaE4krERK10C8THgaTQxF,w9XxgaJdbx::py0qgaE4kr(C8THgaTQxF const&),,0x1bd66c,148,FUNC,GLOBAL,DEFAULT,9,True
4441,_ZN10ToQnQaIHFG10N6CwPanw3XEP10mTAogaaEip,ToQnQaIHFG::N6CwPanw3X(mTAogaaEip*),,0x2217a0,196,FUNC,GLOBAL,DEFAULT,9,True
4442,_ZN20_thLgaWjoIPropertiesD2Ev,_thLgaWjoIProperties::~_thLgaWjoIProperties(),,0x1ce20c,28,FUNC,WEAK,DEFAULT,9,True
4443,jpeg_simple_progression,jpeg_simple_progression,,0x2a95ec,1124,FUNC,GLOBAL,DEFAULT,9,True
4444,_ZN10eODlJaQ5OL10gtHggaibFiEP10W6NzgawMJyfffbP10Ox9zJa6D1XP10tJIwIaYe83,"eODlJaQ5OL::gtHggaibFi(W6NzgawMJy*, float, float, float, bool, Ox9zJa6D1X*, tJIwIaYe83*)",,0x240c58,848,FUNC,GLOBAL,DEFAULT,9,True
4445,_ZN10SDrvgadS3u10ByOhlbQ8AwE,SDrvgadS3u::ByOhlbQ8Aw,,0x3986d0,4,OBJECT,GLOBAL,DEFAULT,18,True
4446,_ZN10yO8PSaf1tK6AssignEP10vuuHgangcF,yO8PSaf1tK::Assign(vuuHgangcF*),,0x1a5250,620,FUNC,GLOBAL,DEFAULT,9,True
4447,_ZN10HtZ2_aJk7E10nOWKfa445REP10OYYKfaPU7Rffffiiii,"HtZ2_aJk7E::nOWKfa445R(OYYKfaPU7R*, float, float, float, float, int, int, int, int)",,0x1061c0,4,FUNC,WEAK,DEFAULT,9,True
4448,_ZN10tJIwIaYe83D2Ev,tJIwIaYe83::~tJIwIaYe83(),,0x23d494,56,FUNC,GLOBAL,DEFAULT,9,True
4449,_ZN10w9XxgaJdbx10MC7h1ah1RHEv,w9XxgaJdbx::MC7h1ah1RH(),,0x1bab54,140,FUNC,GLOBAL,DEFAULT,9,True
4450,_ZN10awDo2aJRkD10ihpLga8SuIERK10cXoLgatBuI,awDo2aJRkD::ihpLga8SuI(cXoLgatBuI const&),,0x1de27c,264,FUNC,GLOBAL,DEFAULT,9,True
4451,_ZN20V8fxgahcBwPropertiesC1Ev,V8fxgahcBwProperties::V8fxgahcBwProperties(),,0x11a4d8,184,FUNC,GLOBAL,DEFAULT,9,True
4452,_ZN6CyaInt11FreeCiphersEPNS_6CYASSLE,CyaInt::FreeCiphers(CyaInt::CYASSL*),,0x2d62c0,80,FUNC,GLOBAL,DEFAULT,9,True
4453,_ZN20C2t_vaQTaxPropertiesD2Ev,C2t_vaQTaxProperties::~C2t_vaQTaxProperties(),,0x24a0b8,28,FUNC,WEAK,DEFAULT,9,True
4454,des3_setup,des3_setup,,0x254c8c,312,FUNC,GLOBAL,DEFAULT,9,True
4455,_ZN10wiULgacZUI10nLULgasmVIERK10C8THgaTQxF,wiULgacZUI::nLULgasmVI(C8THgaTQxF const&),,0xe78c8,284,FUNC,GLOBAL,DEFAULT,9,True
4456,_ZTV20irqhGaERgbProperties,vtable for irqhGaERgbProperties,,0x37ebb0,88,OBJECT,WEAK,DEFAULT,15,True
4457,_ZN10u0eyga1eqxC1ERK10C8THgaTQxF,u0eyga1eqx::u0eyga1eqx(C8THgaTQxF const&),,0x1e199c,56,FUNC,GLOBAL,DEFAULT,9,True
4458,FT_Stream_Pos,FT_Stream_Pos,,0x25c544,8,FUNC,GLOBAL,DEFAULT,9,True
4459,_ZN10znLtuaytEf10IS1sMaMb2nEid,"znLtuaytEf::IS1sMaMb2n(int, double)",,0x16aae8,108,FUNC,GLOBAL,DEFAULT,9,True
4460,_ZN10oMhmIajzmW10JcBJfasVYQERK10lKR7faAPdb,oMhmIajzmW::JcBJfasVYQ(lKR7faAPdb const&),,0x100a58,4,FUNC,WEAK,DEFAULT,9,True
4461,_ZN10w9XxgaJdbx10R5d60aHtRxERK10i7FHgaP2lF,w9XxgaJdbx::R5d60aHtRx(i7FHgaP2lF const&),,0x1ba6ec,748,FUNC,GLOBAL,DEFAULT,9,True
4462,_ZN10TZf6gaQ3S_10Fm1p4aILvkEv,TZf6gaQ3S_::Fm1p4aILvk(),,0x110978,140,FUNC,GLOBAL,DEFAULT,9,True
4463,_ZN10u0eyga1eqx10PHFwgaxH5vERK10eY2wgaf6pw,u0eyga1eqx::PHFwgaxH5v(eY2wgaf6pw const&),,0x1e1ca0,496,FUNC,GLOBAL,DEFAULT,9,True
4464,tt_driver_class,tt_driver_class,,0x380100,192,OBJECT,GLOBAL,DEFAULT,15,True
4465,_ZN10znLtuaytEf10m6pngaXzjoERK10CanTfaz6bZ,znLtuaytEf::m6pngaXzjo(CanTfaz6bZ const&),,0x16aa24,96,FUNC,GLOBAL,DEFAULT,9,True
4466,_ZN6CyaInt28CyaSSL_X509_get_subject_nameEPNS_11CYASSL_X509E,CyaInt::CyaSSL_X509_get_subject_name(CyaInt::CYASSL_X509*),,0x2d3768,8,FUNC,GLOBAL,DEFAULT,9,True
4467,US14PaYbRq,US14PaYbRq,,0x391710,112,OBJECT,GLOBAL,DEFAULT,18,True
4468,_ZN10PfQXva4zXuIsE10VBZsMaAr_nEiRK10C8THgaTQxF,"PfQXva4zXu<short>::VBZsMaAr_n(int, C8THgaTQxF const&)",,0x1afca0,64,FUNC,WEAK,DEFAULT,9,True
4469,_ZN10w6qzgacqqy10I3HIxaSGdZE,w6qzgacqqy::I3HIxaSGdZ,,0x3a3690,8,OBJECT,GLOBAL,DEFAULT,19,True
4470,_Z10lHYz2a9FSMv,lHYz2a9FSM(),,0x1bed98,128,FUNC,GLOBAL,DEFAULT,9,True
4471,stat@LIBC (2),stat,LIBC (2),0x0,0,FUNC,GLOBAL,DEFAULT,UND,False
4472,tt_cmap8_char_next,tt_cmap8_char_next,,0x261cb0,228,FUNC,GLOBAL,DEFAULT,9,True
4473,U2ROZa74oC,U2ROZa74oC,,0x3926f0,64,OBJECT,GLOBAL,DEFAULT,18,True
4474,_ZN10RH6ygazf9x10d8oxobALIfERK10C8THgaTQxF,RH6ygazf9x::d8oxobALIf(C8THgaTQxF const&),,0x20fd44,196,FUNC,GLOBAL,DEFAULT,9,True
4475,_ZN10Q8n_Fa6V5WD0Ev,Q8n_Fa6V5W::~Q8n_Fa6V5W(),,0x1cb43c,60,FUNC,WEAK,DEFAULT,9,True
4476,strcasecmp@LIBC (2),strcasecmp,LIBC (2),0x0,0,FUNC,GLOBAL,DEFAULT,UND,False
4477,_ZN10IiAFxau9AWC2ERK10C8THgaTQxF,IiAFxau9AW::IiAFxau9AW(C8THgaTQxF const&),,0x1ec4e8,132,FUNC,GLOBAL,DEFAULT,9,True
4478,_ZN10mTAogaaEip10wscQOaI5wnEv,mTAogaaEip::wscQOaI5wn(),,0x225208,84,FUNC,GLOBAL,DEFAULT,9,True
4479,_ZN10n_rGfa49jO10ieWgmbCBRlEv,n_rGfa49jO::ieWgmbCBRl(),,0x123148,8,FUNC,WEAK,DEFAULT,9,True
4480,_ZN10KKhLga4xoI10sZ8vgajaFvEjRK10C8THgaTQxF,"KKhLga4xoI::sZ8vgajaFv(unsigned int, C8THgaTQxF const&)",,0xeb3a0,364,FUNC,GLOBAL,DEFAULT,9,True
4481,_ZN10H4zIGaBY6x10V4HBQaVHkSEPv,H4zIGaBY6x::V4HBQaVHkS(void*),,0xf0784,100,FUNC,GLOBAL,DEFAULT,9,True
4482,_ZN10LJyzga9Pwy10UqYFJapsV1Ev,LJyzga9Pwy::UqYFJapsV1(),,0x1098e8,108,FUNC,GLOBAL,DEFAULT,9,True
4483,_ZN10NLT0HaSwmED1Ev,NLT0HaSwmE::~NLT0HaSwmE(),,0x123158,76,FUNC,GLOBAL,DEFAULT,9,True
4484,_ZN10QYZugaRKGu10mGF_IaeGktE,QYZugaRKGu::mGF_IaeGkt,,0x3a0040,8,OBJECT,GLOBAL,DEFAULT,19,True
4485,KHUBJasjvZ,KHUBJasjvZ,,0x3a5828,8,OBJECT,GLOBAL,DEFAULT,19,True
4486,_ZN10MpGzgariDy10EYG_LaFLl_Ev,MpGzgariDy::EYG_LaFLl_(),,0x18ea1c,8,FUNC,WEAK,DEFAULT,9,True
4487,_ZN6CyaInt21CyaSSL_CTX_set_verifyEPNS_10CYASSL_CTXEiPFiiPNS_21CYASSL_X509_STORE_CTXEE,"CyaInt::CyaSSL_CTX_set_verify(CyaInt::CYASSL_CTX*, int, int (*)(int, CyaInt::CYASSL_X509_STORE_CTX*))",,0x2d29ac,60,FUNC,GLOBAL,DEFAULT,9,True
4488,_ZN10N67CMatrxw10X1lSfak9kYEv,N67CMatrxw::X1lSfak9kY(),,0x230e1c,100,FUNC,GLOBAL,DEFAULT,9,True
4489,_ZN10XJLBgarMnA4bindEib,"XJLBgarMnA::bind(int, bool)",,0x20b958,636,FUNC,GLOBAL,DEFAULT,9,True
4490,_ZN10uzvDgataRB10lATwgagnhwEPvRK10C8THgaTQxF,"uzvDgataRB::lATwgagnhw(void*, C8THgaTQxF const&)",,0x1b1fc4,236,FUNC,GLOBAL,DEFAULT,9,True
4491,_ZN10XoqxgaMPJwC2ERK10C8THgaTQxF,XoqxgaMPJw::XoqxgaMPJw(C8THgaTQxF const&),,0x114bb4,268,FUNC,GLOBAL,DEFAULT,9,True
4492,_ZThn16_N20NgNBgaN3oAPropertiesD0Ev,non-virtual thunk to NgNBgaN3oAProperties::~NgNBgaN3oAProperties(),,0x237454,8,FUNC,WEAK,DEFAULT,9,True
4493,_ZN20VGk7faT0MaProperties10cmfCgafxNAEv,VGk7faT0MaProperties::cmfCgafxNA(),,0x1e5544,104,FUNC,GLOBAL,DEFAULT,9,True
4494,_ZN10vuuHgangcF6InsertEiRK10CanTfaz6bZ,"vuuHgangcF::Insert(int, CanTfaz6bZ const&)",,0xf6bb4,320,FUNC,GLOBAL,DEFAULT,9,True
4495,_ZNK10XoqxgaMPJw10zX4IGaKMxyEv,XoqxgaMPJw::zX4IGaKMxy() const,,0x115098,8,FUNC,GLOBAL,DEFAULT,9,True
4496,_Z10FTQVwat6gjv,FTQVwat6gj(),,0x17d810,68,FUNC,GLOBAL,DEFAULT,9,True
4497,Java_com_quattroplay_GraalClassic_Natives_onGooglePlayPurchase,Java_com_quattroplay_GraalClassic_Natives_onGooglePlayPurchase,,0x2529f8,580,FUNC,GLOBAL,DEFAULT,9,True
4498,inet_addr@LIBC (2),inet_addr,LIBC (2),0x0,0,FUNC,GLOBAL,DEFAULT,UND,False
4499,_ZN10w6qzgacqqy10x42cyarcBoEddi,"w6qzgacqqy::x42cyarcBo(double, double, int)",,0x1fc6e0,660,FUNC,GLOBAL,DEFAULT,9,True
4500,_ZN10c76BgaJBGA10cmfCgafxNAEv,c76BgaJBGA::cmfCgafxNA(),,0x22ccec,152,FUNC,GLOBAL,DEFAULT,9,True
4501,_ZN10r1dvgaPpTu10zaevgaCxTuERK10C8THgaTQxF,r1dvgaPpTu::zaevgaCxTu(C8THgaTQxF const&),,0xfffe0,84,FUNC,GLOBAL,DEFAULT,9,True
4502,_ZN20AICTfaebpZPropertiesC2Ev,AICTfaebpZProperties::AICTfaebpZProperties(),,0x21b404,140,FUNC,GLOBAL,DEFAULT,9,True
4503,_Z13yajl_lex_freeP12yajl_lexer_t,yajl_lex_free(yajl_lexer_t*),,0x2be7f0,56,FUNC,GLOBAL,DEFAULT,9,True
4504,_ZThn16_N20w9XxgaJdbxPropertiesD1Ev,non-virtual thunk to w9XxgaJdbxProperties::~w9XxgaJdbxProperties(),,0x1bf764,8,FUNC,WEAK,DEFAULT,9,True
4505,jUrm2aY4uB_YTgFa6HPk,jUrm2aY4uB_YTgFa6HPk,,0x3a3070,8,OBJECT,GLOBAL,DEFAULT,19,True
4506,_ZN6CyaInt15CyaSSL_shutdownEPNS_6CYASSLE,CyaInt::CyaSSL_shutdown(CyaInt::CYASSL*),,0x2d1224,136,FUNC,GLOBAL,DEFAULT,9,True
4507,prng_is_valid,prng_is_valid,,0x255840,60,FUNC,GLOBAL,DEFAULT,9,True
4508,_ZN10w7keKa2nGv10khjdKaaQOuEv,w7keKa2nGv::khjdKaaQOu(),,0x23a9a4,52,FUNC,GLOBAL,DEFAULT,9,True
4509,_ZN10GbMhIaz9yS10KeeHLa9AZJEi,GbMhIaz9yS::KeeHLa9AZJ(int),,0x1c2088,128,FUNC,GLOBAL,DEFAULT,9,True
4510,_ZN10pWihMaQxaeC2ERK10C8THgaTQxF,pWihMaQxae::pWihMaQxae(C8THgaTQxF const&),,0x22f9a0,104,FUNC,GLOBAL,DEFAULT,9,True
4511,_Z10ylUJkbL0d3P7__sFILE,ylUJkbL0d3(__sFILE*),,0x1971f0,16,FUNC,GLOBAL,DEFAULT,9,True
4512,_ZN10e4ZYfa8PV210hgXZuahtJGEP10MpGzgariDy,e4ZYfa8PV2::hgXZuahtJG(MpGzgariDy*),,0x234db4,28,FUNC,GLOBAL,DEFAULT,9,True
4513,__end__,__end__,,0x3a7c88,0,NOTYPE,GLOBAL,DEFAULT,ABS,True
4514,pQQquaH3bd,pQQquaH3bd,,0x391f70,144,OBJECT,GLOBAL,DEFAULT,18,True
4515,tt_cmap12_class_rec1,tt_cmap12_class_rec1,,0x37fcc0,104,OBJECT,GLOBAL,DEFAULT,15,True
4516,_ZN10D6TlgajP1m10ZHqjIaH4XTEv,D6TlgajP1m::ZHqjIaH4XT(),,0x21e660,152,FUNC,GLOBAL,DEFAULT,9,True
4517,_Z19CyaSSL_SetLoggingCbPFviPKcE,"CyaSSL_SetLoggingCb(void (*)(int, char const*))",,0x2cb1f0,8,FUNC,GLOBAL,DEFAULT,9,True
4518,_ZTV10c76BgaJBGA,vtable for c76BgaJBGA,,0x37d9f0,88,OBJECT,WEAK,DEFAULT,15,True
4519,_ZN10C2t_vaQTaxD2Ev,C2t_vaQTax::~C2t_vaQTax(),,0x24a11c,48,FUNC,WEAK,DEFAULT,9,True
4520,_Z10jt7uualUNgv,jt7uualUNg(),,0x246cbc,48,FUNC,GLOBAL,DEFAULT,9,True
4521,_ZN10QPh5pbnC3y10dtoMgafckJEv,QPh5pbnC3y::dtoMgafckJ(),,0xe3dc0,676,FUNC,GLOBAL,DEFAULT,9,True
4522,_ZN10EYKlVaL7UR10pw0kVaS2hREf,EYKlVaL7UR::pw0kVaS2hR(float),,0x1dfed0,68,FUNC,GLOBAL,DEFAULT,9,True
4523,_Z10gTHIDa4wd1v,gTHIDa4wd1(),,0x1bfad8,128,FUNC,GLOBAL,DEFAULT,9,True
4524,_ZN20XJLBgarMnAPropertiesD2Ev,XJLBgarMnAProperties::~XJLBgarMnAProperties(),,0x20bfa0,28,FUNC,WEAK,DEFAULT,9,True
4525,_ZN10zW2NgaU4IK10GBVWfal4a1EP10G0gxgajWBw,zW2NgaU4IK::GBVWfal4a1(G0gxgajWBw*),,0x21baac,80,FUNC,GLOBAL,DEFAULT,9,True
4526,_ZN10i7FHgaP2lF10FwfGfa7F9NERKS_,i7FHgaP2lF::FwfGfa7F9N(i7FHgaP2lF const&),,0x1ea778,108,FUNC,GLOBAL,DEFAULT,9,True
4527,_ZN10AS80gaE4zW10x690ga76AWEP10Fkb1ga78BWP10J7J0ga9peWi,"AS80gaE4zW::x690ga76AW(Fkb1ga78BW*, J7J0ga9peW*, int)",,0x1d88e0,8812,FUNC,GLOBAL,DEFAULT,9,True
4528,_Z10X8YGkbd3L0v,X8YGkbd3L0(),,0x197200,16,FUNC,GLOBAL,DEFAULT,9,True
4529,_Z10_EncNahw1_v,_EncNahw1_(),,0xfd650,20,FUNC,GLOBAL,DEFAULT,9,True
4530,_Z10c_1EFaUh8EPj,c_1EFaUh8E(unsigned int*),,0xfbf50,36,FUNC,GLOBAL,DEFAULT,9,True
4531,BZ2_bzDecompress,BZ2_bzDecompress,,0x2816ac,3156,FUNC,GLOBAL,DEFAULT,9,True
4532,_ZN10zW2NgaU4IK10ejpZfaRUg3Ev,zW2NgaU4IK::ejpZfaRUg3(),,0x21cc10,896,FUNC,GLOBAL,DEFAULT,9,True
4533,_ZThn16_N20zeksfaZDrCPropertiesD1Ev,non-virtual thunk to zeksfaZDrCProperties::~zeksfaZDrCProperties(),,0x23893c,8,FUNC,WEAK,DEFAULT,9,True
4534,_ZN10DFeOfaFXSU10Z1JNfaslsUEv,DFeOfaFXSU::Z1JNfaslsU(),,0x10fc7c,56,FUNC,GLOBAL,DEFAULT,9,True
4535,bkC5PaERkr,bkC5PaERkr,,0x3917e0,16,OBJECT,GLOBAL,DEFAULT,18,True
4536,_ZN10mTAogaaEip10Q80oPa6zFREv,mTAogaaEip::Q80oPa6zFR(),,0x2261fc,168,FUNC,GLOBAL,DEFAULT,9,True
4537,_ZN10ZwL1xarB5eD1Ev,ZwL1xarB5e::~ZwL1xarB5e(),,0x1e7cf8,20,FUNC,WEAK,DEFAULT,9,True
4538,_ZN10MpGzgariDy10CxvRIaV8ClEv,MpGzgariDy::CxvRIaV8Cl(),,0x18f2f8,44,FUNC,GLOBAL,DEFAULT,9,True
4539,_ZN10a7qxJaHqKV10XPp3GaoluQEv,a7qxJaHqKV::XPp3GaoluQ(),,0x160458,164,FUNC,GLOBAL,DEFAULT,9,True
4540,_ZN10LBgVgaqANQ10FQ9UgaXTHQEddddb,"LBgVgaqANQ::FQ9UgaXTHQ(double, double, double, double, bool)",,0x18a038,1600,FUNC,GLOBAL,DEFAULT,9,True
4541,_ZN10SsrLga3IwI10QsYBgaWtyAEP10w9XxgaJdbx,SsrLga3IwI::QsYBgaWtyA(w9XxgaJdbx*),,0x1b60b0,228,FUNC,GLOBAL,DEFAULT,9,True
4542,_ZN10KKhLga4xoI9addObjectEP10J7zOgaf09KRK10C8THgaTQxF,"KKhLga4xoI::addObject(J7zOgaf09K*, C8THgaTQxF const&)",,0xeb904,48,FUNC,GLOBAL,DEFAULT,9,True
4543,_ZN10ohGYZakbFK10UtswgaQzVvEv,ohGYZakbFK::UtswgaQzVv(),,0xe4174,8,FUNC,WEAK,DEFAULT,9,True
4544,_ZN10w9XxgaJdbx10VSoCgaTxVAEv,w9XxgaJdbx::VSoCgaTxVA(),,0x1b8044,164,FUNC,GLOBAL,DEFAULT,9,True
4545,_ZN10KKhLga4xoI6AssignEPS_b,"KKhLga4xoI::Assign(KKhLga4xoI*, bool)",,0xec840,104,FUNC,GLOBAL,DEFAULT,9,True
4546,_ZN20LJyzga9PwyPropertiesD0Ev,LJyzga9PwyProperties::~LJyzga9PwyProperties(),,0x10abf8,56,FUNC,WEAK,DEFAULT,9,True
4547,_Z10Q8WTDa6mGav,Q8WTDa6mGa(),,0x16a5f0,48,FUNC,GLOBAL,DEFAULT,9,True
4548,_ZN10K7FLgag3II10Q1GLgadPJIERK10C8THgaTQxF,K7FLgag3II::Q1GLgadPJI(C8THgaTQxF const&),,0x16fa50,112,FUNC,GLOBAL,DEFAULT,9,True
4549,_ZThn16_N20eODlJaQ5OLPropertiesD0Ev,non-virtual thunk to eODlJaQ5OLProperties::~eODlJaQ5OLProperties(),,0x242020,8,FUNC,WEAK,DEFAULT,9,True
4550,_ZN10ZwL1xarB5eC2Ev,ZwL1xarB5e::ZwL1xarB5e(),,0x1e7968,132,FUNC,GLOBAL,DEFAULT,9,True
4551,_ZThn16_N20o3AZxayNqcPropertiesD0Ev,non-virtual thunk to o3AZxayNqcProperties::~o3AZxayNqcProperties(),,0x1e7c2c,8,FUNC,WEAK,DEFAULT,9,True
4552,_ZN10VxSu6advA410COWt6aj5N3EiRK10C8THgaTQxFPP10k3yv6au694S5_,"VxSu6advA4::COWt6aj5N3(int, C8THgaTQxF const&, k3yv6au694**, k3yv6au694**)",,0x19b7ac,232,FUNC,GLOBAL,DEFAULT,9,True
4553,jUrm2aY4uBXCASBayqxt,jUrm2aY4uBXCASBayqxt,,0x3a30c8,8,OBJECT,GLOBAL,DEFAULT,19,True
4554,_ZN6CyaInt9mp_mod_2dEPNS_6mp_intEiS1_,"CyaInt::mp_mod_2d(CyaInt::mp_int*, int, CyaInt::mp_int*)",,0x2c667c,252,FUNC,GLOBAL,DEFAULT,9,True
4555,_ZN10_WevgakbUu10pgy_gapreVERK10C8THgaTQxFbb,"_WevgakbUu::pgy_gapreV(C8THgaTQxF const&, bool, bool)",,0x10854c,128,FUNC,GLOBAL,DEFAULT,9,True
4556,FT_Outline_Get_Orientation,FT_Outline_Get_Orientation,,0x25bdd0,1400,FUNC,GLOBAL,DEFAULT,9,True
4557,_ZN10AUzMgaePtJ10UuAMgaMjuJE,AUzMgaePtJ::UuAMgaMjuJ,,0x3a07b0,8,OBJECT,GLOBAL,DEFAULT,19,True
4558,_ZN10pdnkJaZ8KK10_LMpJa4DiPERK10C8THgaTQxFff,"pdnkJaZ8KK::_LMpJa4DiP(C8THgaTQxF const&, float, float)",,0x243324,124,FUNC,GLOBAL,DEFAULT,9,True
4559,_ZN10oJlO1aTTY710eITC1aNtkZEiiRK10C8THgaTQxFi,"oJlO1aTTY7::eITC1aNtkZ(int, int, C8THgaTQxF const&, int)",,0x15e700,340,FUNC,GLOBAL,DEFAULT,9,True
4560,_Z10Wg1dJa1GpFRK10C8THgaTQxF,Wg1dJa1GpF(C8THgaTQxF const&),,0xf5b8c,320,FUNC,GLOBAL,DEFAULT,9,True
4561,_ZN10s_viIa9wbT10CGXgIauPSREv,s_viIa9wbT::CGXgIauPSR(),,0x16bf80,300,FUNC,GLOBAL,DEFAULT,9,True
4562,_ZN6CyaInt11CyaSSL_InitEv,CyaInt::CyaSSL_Init(),,0x2d186c,160,FUNC,GLOBAL,DEFAULT,9,True
4563,_ZN10J0CfgbmrLh10Cu3DMaoyjxEP10G0gxgajWBw,J0CfgbmrLh::Cu3DMaoyjx(G0gxgajWBw*),,0x160af0,240,FUNC,GLOBAL,DEFAULT,9,True
4564,_ZN10psSDxavq9U10xafqgaAnHqERK10C8THgaTQxFS2_,"psSDxavq9U::xafqgaAnHq(C8THgaTQxF const&, C8THgaTQxF const&)",,0x2044ec,172,FUNC,GLOBAL,DEFAULT,9,True
4565,_ZThn16_N20RZNxgaOF2wPropertiesD0Ev,non-virtual thunk to RZNxgaOF2wProperties::~RZNxgaOF2wProperties(),,0x1e3edc,8,FUNC,WEAK,DEFAULT,9,True
4566,_ZN10nDIHgaJ9nF10z8_2gaQJ8XERK10C8THgaTQxF,nDIHgaJ9nF::z8_2gaQJ8X(C8THgaTQxF const&),,0x11dbe0,280,FUNC,GLOBAL,DEFAULT,9,True
4567,_ZN10X0HXmbuEQVC2EP10zF9VgaBKxR,X0HXmbuEQV::X0HXmbuEQV(zF9VgaBKxR*),,0x249e18,76,FUNC,GLOBAL,DEFAULT,9,True
4568,_ZN10StGQIaOlWk10aZ9nIa7_WXEv,StGQIaOlWk::aZ9nIa7_WX(),,0x10f6c0,8,FUNC,WEAK,DEFAULT,9,True
4569,LJyzga9PwyOnln2aNBfC,LJyzga9PwyOnln2aNBfC,,0x3a0918,8,OBJECT,GLOBAL,DEFAULT,19,True
4570,_ZTV20Dq2rua2EceProperties,vtable for Dq2rua2EceProperties,,0x37e9a0,88,OBJECT,WEAK,DEFAULT,15,True
4571,_ZN10V8fxgahcBw10qm0S2azVT1EiiRK10C8THgaTQxF,"V8fxgahcBw::qm0S2azVT1(int, int, C8THgaTQxF const&)",,0x11bc84,236,FUNC,GLOBAL,DEFAULT,9,True
4572,_ZN10gId5RaV8_6D2Ev,gId5RaV8_6::~gId5RaV8_6(),,0x249ba4,20,FUNC,WEAK,DEFAULT,9,True
4573,_ZN10Fkb1ga78BWC2Ev,Fkb1ga78BW::Fkb1ga78BW(),,0x1d308c,16,FUNC,GLOBAL,DEFAULT,9,True
4574,_ZN10SEPCMa33gwC2ERK10C8THgaTQxFS2_,"SEPCMa33gw::SEPCMa33gw(C8THgaTQxF const&, C8THgaTQxF const&)",,0x22facc,148,FUNC,GLOBAL,DEFAULT,9,True
4575,_ZN10W6NzgawMJyD2Ev,W6NzgawMJy::~W6NzgawMJy(),,0x173f30,852,FUNC,GLOBAL,DEFAULT,9,True
4576,_ZN10cHovga0n1u10AeZ3Fa_7X_ERK10C8THgaTQxF,cHovga0n1u::AeZ3Fa_7X_(C8THgaTQxF const&),,0xe68f8,92,FUNC,GLOBAL,DEFAULT,9,True
4577,_ZN10KKhLga4xoI10dL23MaiW0TEv,KKhLga4xoI::dL23MaiW0T(),,0xeca50,136,FUNC,GLOBAL,DEFAULT,9,True
4578,_ZN10mTAogaaEip10m7ERPaTcLeEv,mTAogaaEip::m7ERPaTcLe(),,0x221d38,112,FUNC,GLOBAL,DEFAULT,9,True
4579,_ZN6CyaInt8s_mp_sqrEPNS_6mp_intES1_,"CyaInt::s_mp_sqr(CyaInt::mp_int*, CyaInt::mp_int*)",,0x2c97c0,316,FUNC,GLOBAL,DEFAULT,9,True
4580,_ZN6CyaInt6mp_mulEPNS_6mp_intES1_S1_,"CyaInt::mp_mul(CyaInt::mp_int*, CyaInt::mp_int*, CyaInt::mp_int*)",,0x2c9aa0,164,FUNC,GLOBAL,DEFAULT,9,True
4581,_ZN10irqhGaERgbC2EP10zF9VgaBKxR,irqhGaERgb::irqhGaERgb(zF9VgaBKxR*),,0x247194,80,FUNC,GLOBAL,DEFAULT,9,True
4582,_ZN10xiYWfajld110VoXXfaKA21E,xiYWfajld1::VoXXfaKA21,,0x3a4d80,8,OBJECT,GLOBAL,DEFAULT,19,True
4583,Ae05KaUOFe,Ae05KaUOFe,,0x3918d0,96,OBJECT,GLOBAL,DEFAULT,18,True
4584,_ZN6CyaInt16CyaSSL_SetIORecvEPNS_10CYASSL_CTXEPFiPNS_6CYASSLEPciPvE,"CyaInt::CyaSSL_SetIORecv(CyaInt::CYASSL_CTX*, int (*)(CyaInt::CYASSL*, char*, int, void*))",,0x2d0dfc,8,FUNC,GLOBAL,DEFAULT,9,True
4585,_ZN20ZwL1xarB5ePropertiesD0Ev,ZwL1xarB5eProperties::~ZwL1xarB5eProperties(),,0x1e7c74,56,FUNC,WEAK,DEFAULT,9,True
4586,_ZN10N67CMatrxw10l93Ufbs6C_Ev,N67CMatrxw::l93Ufbs6C_(),,0x230a28,380,FUNC,GLOBAL,DEFAULT,9,True
4587,_ZN10wiULgacZUI10agq_JaaI7iEv,wiULgacZUI::agq_JaaI7i(),,0xe7da4,156,FUNC,GLOBAL,DEFAULT,9,True
4588,_ZN10ZAuvgaUl6uC2ERK10C8THgaTQxFS2_iS2_S2_b,"ZAuvgaUl6u::ZAuvgaUl6u(C8THgaTQxF const&, C8THgaTQxF const&, int, C8THgaTQxF const&, C8THgaTQxF const&, bool)",,0x205200,472,FUNC,GLOBAL,DEFAULT,9,True
4589,L8THga7QxF,L8THga7QxF,,0x3a59d0,12,OBJECT,GLOBAL,DEFAULT,19,True
4590,_ZN10N67CMatrxw10TOy5fbuUh9ERK10C8THgaTQxFS2_,"N67CMatrxw::TOy5fbuUh9(C8THgaTQxF const&, C8THgaTQxF const&)",,0x230810,256,FUNC,GLOBAL,DEFAULT,9,True
4591,FT_GlyphLoader_Done,FT_GlyphLoader_Done,,0x25de08,56,FUNC,GLOBAL,DEFAULT,9,True
4592,_ZN10u3cBgayBVz11closeSocketEv,u3cBgayBVz::closeSocket(),,0x20c8e0,72,FUNC,GLOBAL,DEFAULT,9,True
4593,_ZN10G0gxgajWBw10UzIaMaT6C8ERK10C8THgaTQxFb,"G0gxgajWBw::UzIaMaT6C8(C8THgaTQxF const&, bool)",,0x219c9c,560,FUNC,GLOBAL,DEFAULT,9,True
4594,_ZN10K7FLgag3II10rq3iMaRuEfEv,K7FLgag3II::rq3iMaRuEf(),,0x16f720,112,FUNC,GLOBAL,DEFAULT,9,True
4595,_ZN10oMhmIajzmWC1EP10LJyzga9PwyRK10C8THgaTQxF,"oMhmIajzmW::oMhmIajzmW(LJyzga9Pwy*, C8THgaTQxF const&)",,0x106634,96,FUNC,GLOBAL,DEFAULT,9,True
4596,FT_Select_Size,FT_Select_Size,,0x25a154,132,FUNC,GLOBAL,DEFAULT,9,True
4597,_ZN10lKR7faAPdb10xegqIaRgIZEffffff,"lKR7faAPdb::xegqIaRgIZ(float, float, float, float, float, float)",,0x1e6a50,204,FUNC,GLOBAL,DEFAULT,9,True
4598,_ZN10_WevgakbUu10KVUIGaevoyERK10C8THgaTQxF,_WevgakbUu::KVUIGaevoy(C8THgaTQxF const&),,0x1080b0,192,FUNC,GLOBAL,DEFAULT,9,True
4599,_ZN10y3t2LaCUH110qW4fLaLL8mEv,y3t2LaCUH1::qW4fLaLL8m(),,0x20e394,60,FUNC,GLOBAL,DEFAULT,9,True
4600,_ZN10ZwL1xarB5e10j9gLgaw2nIEi,ZwL1xarB5e::j9gLgaw2nI(int),,0x1e78a8,64,FUNC,GLOBAL,DEFAULT,9,True
4601,acos@LIBC (3),acos,LIBC (3),0x0,0,FUNC,GLOBAL,DEFAULT,UND,False
4602,_ZN10W6NzgawMJy10K2iswaYDqVEi,W6NzgawMJy::K2iswaYDqV(int),,0x17fc44,168,FUNC,WEAK,DEFAULT,9,True
4603,_ZN10MpGzgariDy10hsb1mbnfCZEv,MpGzgariDy::hsb1mbnfCZ(),,0x190efc,160,FUNC,GLOBAL,DEFAULT,9,True
4604,_ZN10CanTfaz6bZaSEPKc,CanTfaz6bZ::operator=(char const*),,0xf92d8,56,FUNC,GLOBAL,DEFAULT,9,True
4605,_ZN10Fkb1ga78BWD1Ev,Fkb1ga78BW::~Fkb1ga78BW(),,0x1d3124,32,FUNC,GLOBAL,DEFAULT,9,True
4606,_ZN10Q8n_Fa6V5W10j9gLgaw2nIEv,Q8n_Fa6V5W::j9gLgaw2nI(),,0x1ca7ec,44,FUNC,GLOBAL,DEFAULT,9,True
4607,_ZN10e4ZYfa8PV2D0Ev,e4ZYfa8PV2::~e4ZYfa8PV2(),,0x235bf8,32,FUNC,GLOBAL,DEFAULT,9,True
4608,yajl_gen_clear,yajl_gen_clear,,0x2be764,32,FUNC,GLOBAL,DEFAULT,9,True
4609,_ZN10mytSgavtrO10NpgWTamqDFERK10C8THgaTQxFRK10i7FHgaP2lFRK10vEhDgaHsFBbRK10eY2wgaf6pwf,"mytSgavtrO::NpgWTamqDF(C8THgaTQxF const&, i7FHgaP2lF const&, vEhDgaHsFB const&, bool, eY2wgaf6pw const&, float)",,0x1d08e8,312,FUNC,GLOBAL,DEFAULT,9,True
4610,_ZN10Zb7cUaSFEU10OGNvgaMpmvEv,Zb7cUaSFEU::OGNvgaMpmv(),,0xecb70,32,FUNC,GLOBAL,DEFAULT,9,True
4611,_ZN10oMhmIajzmW10dOgJfaPKHQEv,oMhmIajzmW::dOgJfaPKHQ(),,0x106ca0,88,FUNC,GLOBAL,DEFAULT,9,True
4612,TT_Load_Simple_Glyph,TT_Load_Simple_Glyph,,0x26c4b4,1200,FUNC,GLOBAL,DEFAULT,9,True
4613,Java_com_quattroplay_GraalClassic_Natives_onRegisterEvent,Java_com_quattroplay_GraalClassic_Natives_onRegisterEvent,,0x251634,316,FUNC,GLOBAL,DEFAULT,9,True
4614,dKMb2asCws,dKMb2asCws,,0x3a4de0,8,OBJECT,GLOBAL,DEFAULT,19,True
4615,_ZN10_thLgaWjoIC1Ev,_thLgaWjoI::_thLgaWjoI(),,0x1cb80c,120,FUNC,GLOBAL,DEFAULT,9,True
4616,_ZN10LJyzga9Pwy10ggIZgagRwUEv,LJyzga9Pwy::ggIZgagRwU(),,0x109954,24,FUNC,GLOBAL,DEFAULT,9,True
4617,_ZTV10J7zOgaf09K,vtable for J7zOgaf09K,,0x371a20,48,OBJECT,WEAK,DEFAULT,15,True
4618,_ZN10kyTzgazlOy10yfvSvaIUsqE,kyTzgazlOy::yfvSvaIUsq,,0x3a5690,8,OBJECT,GLOBAL,DEFAULT,19,True
4619,_ZN10_k_Bgam3zA10ihpLga8SuIERK10cXoLgatBuI,_k_Bgam3zA::ihpLga8SuI(cXoLgatBuI const&),,0x1c96a4,208,FUNC,GLOBAL,DEFAULT,9,True
4620,_ZN10V8fxgahcBw10DtxuDaFMiQEiiiiRK10C8THgaTQxFiiii,"V8fxgahcBw::DtxuDaFMiQ(int, int, int, int, C8THgaTQxF const&, int, int, int, int)",,0x11ad10,124,FUNC,GLOBAL,DEFAULT,9,True
4621,_ZThn16_N20znLtuaytEfPropertiesD0Ev,non-virtual thunk to znLtuaytEfProperties::~znLtuaytEfProperties(),,0x16ae48,8,FUNC,WEAK,DEFAULT,9,True
4622,_ZN10GbMhIaz9ySC2Ev,GbMhIaz9yS::GbMhIaz9yS(),,0x1c0854,112,FUNC,GLOBAL,DEFAULT,9,True
4623,i3LZYas2zV,i3LZYas2zV,,0x3917a0,32,OBJECT,GLOBAL,DEFAULT,18,True
4624,_ZN10NLT0HaSwmE10dVp6BaIp0FENS_10QnXO1aPzt8E,NLT0HaSwmE::dVp6BaIp0F(NLT0HaSwmE::QnXO1aPzt8),,0x1232ac,156,FUNC,GLOBAL,DEFAULT,9,True
4625,_YTgFa6HPkOnln2aNBfC,_YTgFa6HPkOnln2aNBfC,,0x3a3078,8,OBJECT,GLOBAL,DEFAULT,19,True
4626,_ZN20ln7yHaeP9fPropertiesD2Ev,ln7yHaeP9fProperties::~ln7yHaeP9fProperties(),,0x1d0108,28,FUNC,WEAK,DEFAULT,9,True
4627,_ZN10RH6ygazf9x10TrDxob8NUfEv,RH6ygazf9x::TrDxob8NUf(),,0x210bc8,236,FUNC,GLOBAL,DEFAULT,9,True
4628,_ZNK10w9XxgaJdbx10C1MjLa5RfqEv,w9XxgaJdbx::C1MjLa5Rfq() const,,0x1b09d4,8,FUNC,WEAK,DEFAULT,9,True
4629,_ZN10J0CfgbmrLh10JGEjIaHQ8TEd,J0CfgbmrLh::JGEjIaHQ8T(double),,0x160a80,112,FUNC,GLOBAL,DEFAULT,9,True
4630,MXzS1a2Rwb,MXzS1a2Rwb,,0x3a0c74,4,OBJECT,GLOBAL,DEFAULT,19,True
4631,_ZN10pTy_fadYe410b6gbZaS_54EiRK10C8THgaTQxFj,"pTy_fadYe4::b6gbZaS_54(int, C8THgaTQxF const&, unsigned int)",,0x195850,436,FUNC,GLOBAL,DEFAULT,9,True
4632,_ZN10ZwL1xarB5e10z7s3xa56wgEi,ZwL1xarB5e::z7s3xa56wg(int),,0x1e7750,208,FUNC,GLOBAL,DEFAULT,9,True
4633,_ZeqRK10C8THgaTQxFS1_,"operator==(C8THgaTQxF const&, C8THgaTQxF const&)",,0xf3280,160,FUNC,GLOBAL,DEFAULT,9,True
4634,_ZN10u0eyga1eqx10ZwPTQarYz6Eib,"u0eyga1eqx::ZwPTQarYz6(int, bool)",,0x1e2714,124,FUNC,GLOBAL,DEFAULT,9,True
4635,_ZN20LBgVgaqANQPropertiesC2Ev,LBgVgaqANQProperties::LBgVgaqANQProperties(),,0x188290,176,FUNC,GLOBAL,DEFAULT,9,True
4636,_ZN10IMzlIaJILV10mnwJAalRUvERK10C8THgaTQxF,IMzlIaJILV::mnwJAalRUv(C8THgaTQxF const&),,0x19bca0,4,FUNC,GLOBAL,DEFAULT,9,True
4637,_ZN10_k_Bgam3zA10sqrSLaYGpTERK10i7FHgaP2lF,_k_Bgam3zA::sqrSLaYGpT(i7FHgaP2lF const&),,0x1c6c94,844,FUNC,GLOBAL,DEFAULT,9,True
4638,_ZTV10imqXgalNBS,vtable for imqXgalNBS,,0x37b650,888,OBJECT,WEAK,DEFAULT,15,True
4639,_Z17yajl_buf_truncateP10yajl_buf_tm,"yajl_buf_truncate(yajl_buf_t*, unsigned long)",,0x2bcf44,72,FUNC,GLOBAL,DEFAULT,9,True
4640,_ZN10psSDxavq9U5resetEv,psSDxavq9U::reset(),,0x201d20,236,FUNC,GLOBAL,DEFAULT,9,True
4641,FT_Match_Size,FT_Match_Size,,0x259ba8,320,FUNC,GLOBAL,DEFAULT,9,True
4642,_ZN10SDrvgadS3u4saveEb,SDrvgadS3u::save(bool),,0x1ffec0,568,FUNC,GLOBAL,DEFAULT,9,True
4643,_ZN10J0CfgbmrLhD0Ev,J0CfgbmrLh::~J0CfgbmrLh(),,0x160a04,32,FUNC,GLOBAL,DEFAULT,9,True
4644,_ZN10w6qzgacqqy10XvxJxazOVZE,w6qzgacqqy::XvxJxazOVZ,,0x3a36f0,8,OBJECT,GLOBAL,DEFAULT,19,True
4645,ioctl@LIBC (2),ioctl,LIBC (2),0x0,0,FUNC,GLOBAL,DEFAULT,UND,False
4646,_ZN10ZAuvgaUl6u10t9jHHaGz3mE,ZAuvgaUl6u::t9jHHaGz3m,,0x3a4d28,8,OBJECT,GLOBAL,DEFAULT,19,True
4647,_ZN10W6NzgawMJy10afFcHakjgYERK10C8THgaTQxF,W6NzgawMJy::afFcHakjgY(C8THgaTQxF const&),,0x17f238,112,FUNC,GLOBAL,DEFAULT,9,True
4648,inflateCopy,inflateCopy,,0x293cc0,352,FUNC,GLOBAL,DEFAULT,9,True
4649,_ZN10uSjUgask_PC2EP10LJyzga9PwyRK10C8THgaTQxFiii,"uSjUgask_P::uSjUgask_P(LJyzga9Pwy*, C8THgaTQxF const&, int, int, int)",,0x107338,168,FUNC,GLOBAL,DEFAULT,9,True
4650,_ZThn16_N20e4ZYfa8PV2PropertiesD1Ev,non-virtual thunk to e4ZYfa8PV2Properties::~e4ZYfa8PV2Properties(),,0x236d34,8,FUNC,WEAK,DEFAULT,9,True
4651,FT_List_Add,FT_List_Add,,0x25f720,40,FUNC,GLOBAL,DEFAULT,9,True
4652,_ZN10yL3_IaDMFt10GmxaEaJGtpEv,yL3_IaDMFt::GmxaEaJGtp(),,0xebb5c,352,FUNC,GLOBAL,DEFAULT,9,True
4653,_ZN10kyTzgazlOy10wLMzgaHDIyERK10C8THgaTQxF,kyTzgazlOy::wLMzgaHDIy(C8THgaTQxF const&),,0x239d6c,208,FUNC,GLOBAL,DEFAULT,9,True
4654,_ZN10ieJzgaIFFy10jWUt9aKvMAEv,ieJzgaIFFy::jWUt9aKvMA(),,0x1638c8,172,FUNC,GLOBAL,DEFAULT,9,True
4655,_ZN10wiULgacZUI10dIW1JaS_elERK10C8THgaTQxF,wiULgacZUI::dIW1JaS_el(C8THgaTQxF const&),,0xe8954,132,FUNC,GLOBAL,DEFAULT,9,True
4656,_ZN10QpvgIav2uR10Bh5fIar38QD2Ev,QpvgIav2uR::Bh5fIar38Q::~Bh5fIar38Q(),,0x1d2fa4,112,FUNC,WEAK,DEFAULT,9,True
4657,_ZN10N67CMatrxw10hH2bMa5SK9ERK10C8THgaTQxF,N67CMatrxw::hH2bMa5SK9(C8THgaTQxF const&),,0x233a68,328,FUNC,GLOBAL,DEFAULT,9,True
4658,_ZN20_thLgaWjoIPropertiesD1Ev,_thLgaWjoIProperties::~_thLgaWjoIProperties(),,0x1ce20c,28,FUNC,WEAK,DEFAULT,9,True
4659,_ZN10c3fygag7qx10jAiwga8eNvERK10cXoLgatBuI,c3fygag7qx::jAiwga8eNv(cXoLgatBuI const&),,0x1dd248,156,FUNC,GLOBAL,DEFAULT,9,True
4660,_ZN10W6NzgawMJy10heI7IaBP5zEi,W6NzgawMJy::heI7IaBP5z(int),,0x176030,28,FUNC,GLOBAL,DEFAULT,9,True
4661,_ZN10w9XxgaJdbx10q2hwgaKNMvERK10cXoLgatBuI,w9XxgaJdbx::q2hwgaKNMv(cXoLgatBuI const&),,0x1bd334,728,FUNC,GLOBAL,DEFAULT,9,True
4662,BN4jlbsEvy,BN4jlbsEvy,,0x3a4bb0,4,OBJECT,GLOBAL,DEFAULT,19,True
4663,_Z10JFbWwaLqzjb,JFbWwaLqzj(bool),,0x1717fc,100,FUNC,GLOBAL,DEFAULT,9,True
4664,_ZN10_YTgFa6HPk10bdqDgaFFMBERK10eY2wgaf6pw,_YTgFa6HPk::bdqDgaFFMB(eY2wgaf6pw const&),,0x1b0140,1184,FUNC,GLOBAL,DEFAULT,9,True
4665,_ZN10W6NzgawMJy10VWzOwalR9cEv,W6NzgawMJy::VWzOwalR9c(),,0x172b10,296,FUNC,GLOBAL,DEFAULT,9,True
4666,_ZN10qjQMgaXCHJ10CULmLamVLsEv,qjQMgaXCHJ::CULmLamVLs(),,0xfa594,100,FUNC,GLOBAL,DEFAULT,9,True
4667,_ZN10DFeOfaFXSU10u6glKaa0vBEP10TZf6gaQ3S_i,"DFeOfaFXSU::u6glKaa0vB(TZf6gaQ3S_*, int)",,0x10fc54,40,FUNC,GLOBAL,DEFAULT,9,True
4668,Java_com_quattroplay_GraalClassic_Natives_onAmazonPurchase,Java_com_quattroplay_GraalClassic_Natives_onAmazonPurchase,,0x251e68,708,FUNC,GLOBAL,DEFAULT,9,True
4669,_ZN10oMhmIajzmW10bYPlIackZVEiiff,"oMhmIajzmW::bYPlIackZV(int, int, float, float)",,0x1070e0,484,FUNC,GLOBAL,DEFAULT,9,True
4670,_ZTV20znLtuaytEfProperties,vtable for znLtuaytEfProperties,,0x373c30,88,OBJECT,WEAK,DEFAULT,15,True
4671,__bss_start,__bss_start,,0x39fec0,0,NOTYPE,GLOBAL,DEFAULT,ABS,True
4672,_Z10MbML2az9NWv,MbML2az9NW(),,0x19c050,100,FUNC,GLOBAL,DEFAULT,9,True
4673,_ZN10nDIHgaJ9nF10aAzHga5xgFERK10C8THgaTQxFR10dVIHgaIooF,"nDIHgaJ9nF::aAzHga5xgF(C8THgaTQxF const&, dVIHgaIooF&)",,0x11de28,312,FUNC,GLOBAL,DEFAULT,9,True
4674,_ZN10w6qzgacqqy10OBj7xat6LjERK10C8THgaTQxFS2_S2_,"w6qzgacqqy::OBj7xat6Lj(C8THgaTQxF const&, C8THgaTQxF const&, C8THgaTQxF const&)",,0x1fe3e0,656,FUNC,GLOBAL,DEFAULT,9,True
4675,abort@LIBC (2),abort,LIBC (2),0x0,0,FUNC,GLOBAL,DEFAULT,UND,False
4676,_ZN10Kv6ugas5Mu10aDqxfbC0JGERK10C8THgaTQxFS2_,"Kv6ugas5Mu::aDqxfbC0JG(C8THgaTQxF const&, C8THgaTQxF const&)",,0x111368,560,FUNC,GLOBAL,DEFAULT,9,True
4677,_ZN10ieJzgaIFFy10rVjVga1mQQE10RiQ7IaxCcA,ieJzgaIFFy::rVjVga1mQQ(RiQ7IaxCcA),,0x168fcc,100,FUNC,WEAK,DEFAULT,9,True
4678,_ZN20RH6ygazf9xPropertiesD0Ev,RH6ygazf9xProperties::~RH6ygazf9xProperties(),,0x210cdc,56,FUNC,WEAK,DEFAULT,9,True
4679,_ZN10GbMhIaz9yS10elBHLax1hKEv,GbMhIaz9yS::elBHLax1hK(),,0x1c2464,136,FUNC,GLOBAL,DEFAULT,9,True
4680,_ZN10StGQIaOlWkC2Ev,StGQIaOlWk::StGQIaOlWk(),,0x10f600,44,FUNC,GLOBAL,DEFAULT,9,True
4681,TjMq7avg8R,TjMq7avg8R,,0x15428c,84,FUNC,GLOBAL,DEFAULT,9,True
4682,_ZN10ln7yHaeP9fD1Ev,ln7yHaeP9f::~ln7yHaeP9f(),,0x1ce354,100,FUNC,GLOBAL,DEFAULT,9,True
4683,jpeg_CreateDecompress,jpeg_CreateDecompress,,0x298208,280,FUNC,GLOBAL,DEFAULT,9,True
4684,TT_RunIns,TT_RunIns,,0x272a58,10156,FUNC,GLOBAL,DEFAULT,9,True
4685,_ZN10NYF9TaOVKRC2ERK10C8THgaTQxFS2_,"NYF9TaOVKR::NYF9TaOVKR(C8THgaTQxF const&, C8THgaTQxF const&)",,0xeb9a4,76,FUNC,GLOBAL,DEFAULT,9,True
4686,_ZTV10uzN1fatj75,vtable for uzN1fatj75,,0x372a60,112,OBJECT,WEAK,DEFAULT,15,True
4687,_ZN20LBgVgaqANQPropertiesD1Ev,LBgVgaqANQProperties::~LBgVgaqANQProperties(),,0x18eb48,28,FUNC,WEAK,DEFAULT,9,True
4688,_ZN10AS80gaE4zW10FZjPgaCqNLEb,AS80gaE4zW::FZjPgaCqNL(bool),,0x1d50a8,92,FUNC,GLOBAL,DEFAULT,9,True
4689,_ZN10bNZvga2Awv10rGpygapdzxEv,bNZvga2Awv::rGpygapdzx(),,0xf1860,176,FUNC,GLOBAL,DEFAULT,9,True
4690,_ZN10W6NzgawMJy10skVnwaVQJREi,W6NzgawMJy::skVnwaVQJR(int),,0x17a778,20,FUNC,GLOBAL,DEFAULT,9,True
4691,_ZN10LJyzga9Pwy10t9yzgaGbxyEv,LJyzga9Pwy::t9yzgaGbxy(),,0x10ab94,4,FUNC,WEAK,DEFAULT,9,True
4692,_ZN10G0gxgajWBw10sV3ZfaXUP3Ed,G0gxgajWBw::sV3ZfaXUP3(double),,0x218b94,176,FUNC,GLOBAL,DEFAULT,9,True
4693,_ZN10GbMhIaz9yS10MI_OLaknwQEi,GbMhIaz9yS::MI_OLaknwQ(int),,0x1c2588,140,FUNC,GLOBAL,DEFAULT,9,True
4694,_ZN10GaA2gaD2MX10Mq9fgabyciE,GaA2gaD2MX::Mq9fgabyci,,0x3a18f8,4,OBJECT,GLOBAL,DEFAULT,19,True
4695,_ZN10yWBvmbTwcy10RpmsfaqttCEii,"yWBvmbTwcy::RpmsfaqttC(int, int)",,0x1a9138,76,FUNC,GLOBAL,DEFAULT,9,True
4696,_ZN10esKIvakHfiC2Ev,esKIvakHfi::esKIvakHfi(),,0xfc1b4,268,FUNC,GLOBAL,DEFAULT,9,True
4697,_ZN10IIAnGagvsgC1EPS_iiiib,"IIAnGagvsg::IIAnGagvsg(IIAnGagvsg*, int, int, int, int, bool)",,0xfd664,104,FUNC,GLOBAL,DEFAULT,9,True
4698,_ZN10W6NzgawMJy10TqFCwaot82Ei,W6NzgawMJy::TqFCwaot82(int),,0x1a019c,1440,FUNC,GLOBAL,DEFAULT,9,True
4699,_ZN10w6qzgacqqy10looaya47lmEP10RH6ygazf9xb,"w6qzgacqqy::looaya47lm(RH6ygazf9x*, bool)",,0x1ff2b8,1032,FUNC,GLOBAL,DEFAULT,9,True
4700,_ZN10W6NzgawMJy10KxxyLa2PFCEiff,"W6NzgawMJy::KxxyLa2PFC(int, float, float)",,0x18013c,56,FUNC,GLOBAL,DEFAULT,9,True
4701,_ZNK10SsrLga3IwI10vfRA1aFpCXEv,SsrLga3IwI::vfRA1aFpCX() const,,0x1b6290,88,FUNC,WEAK,DEFAULT,9,True
4702,_ZN10irqhGaERgbD1Ev,irqhGaERgb::~irqhGaERgb(),,0x2472a4,52,FUNC,WEAK,DEFAULT,9,True
4703,_Z10A73Vva64stv,A73Vva64st(),,0x23a86c,164,FUNC,GLOBAL,DEFAULT,9,True
4704,_ZN10u3cBgayBVzD2Ev,u3cBgayBVz::~u3cBgayBVz(),,0x20c928,140,FUNC,GLOBAL,DEFAULT,9,True
4705,_ZN10N67CMatrxw10hvRRfb_CVXEP10G0gxgajWBwP10FOb5fbmyZ8,"N67CMatrxw::hvRRfb_CVX(G0gxgajWBw*, FOb5fbmyZ8*)",,0x231e14,256,FUNC,GLOBAL,DEFAULT,9,True
4706,_ZN10w9XxgaJdbx10kTJA1aedwXEPS_,w9XxgaJdbx::kTJA1aedwX(w9XxgaJdbx*),,0x1b9150,48,FUNC,GLOBAL,DEFAULT,9,True
4707,_ZN10pTy_fadYe4D1Ev,pTy_fadYe4::~pTy_fadYe4(),,0x1956ac,20,FUNC,GLOBAL,DEFAULT,9,True
4708,_ZN10JE42uaVwcK10c7E_faDck4Ei,JE42uaVwcK::c7E_faDck4(int),,0x236d7c,28,FUNC,WEAK,DEFAULT,9,True
4709,_ZN10xKbb3aMu1hC2EP10V8fxgahcBwRK10eY2wgaf6pwS4_S4_f,"xKbb3aMu1h::xKbb3aMu1h(V8fxgahcBw*, eY2wgaf6pw const&, eY2wgaf6pw const&, eY2wgaf6pw const&, float)",,0x11c880,276,FUNC,GLOBAL,DEFAULT,9,True
4710,_ZN10_k_Bgam3zA10bdqDgaFFMBERK10eY2wgaf6pw,_k_Bgam3zA::bdqDgaFFMB(eY2wgaf6pw const&),,0x1c8f98,524,FUNC,GLOBAL,DEFAULT,9,True
4711,_ZN10psSDxavq9UC1EP10u3cBgayBVz,psSDxavq9U::psSDxavq9U(u3cBgayBVz*),,0x201e0c,192,FUNC,GLOBAL,DEFAULT,9,True
4712,_Z10K01rfahjcCv,K01rfahjcC(),,0x2388f0,48,FUNC,GLOBAL,DEFAULT,9,True
4713,_ZN20FY2VgaG6rRPropertiesD1Ev,FY2VgaG6rRProperties::~FY2VgaG6rRProperties(),,0x16dc60,28,FUNC,WEAK,DEFAULT,9,True
4714,_ZN10GaA2gaD2MX10V9okga1MMlEi,GaA2gaD2MX::V9okga1MMl(int),,0x16c7a0,160,FUNC,GLOBAL,DEFAULT,9,True
4715,_ZN10yXeHMaPb_zC1EdRK10C8THgaTQxFP10G0gxgajWBw,"yXeHMaPb_z::yXeHMaPb_z(double, C8THgaTQxF const&, G0gxgajWBw*)",,0x230070,244,FUNC,GLOBAL,DEFAULT,9,True
4716,_ZN10mTAogaaEip10DVzLOadQDjEv,mTAogaaEip::DVzLOadQDj(),,0x224e78,556,FUNC,GLOBAL,DEFAULT,9,True
4717,_ZN10ySrpgaC30p10a67ogaLqLpEi,ySrpgaC30p::a67ogaLqLp(int),,0xf67b4,8,FUNC,WEAK,DEFAULT,9,True
4718,_ZN10AS80gaE4zW10AceLgadzlIEPcj,"AS80gaE4zW::AceLgadzlI(char*, unsigned int)",,0x1d8030,56,FUNC,GLOBAL,DEFAULT,9,True
4719,_ZN10_WevgakbUu10ZpOMfay1FTEiiii,"_WevgakbUu::ZpOMfay1FT(int, int, int, int)",,0x107fa0,272,FUNC,GLOBAL,DEFAULT,9,True
4720,_ZTV20uzvDgataRBProperties,vtable for uzvDgataRBProperties,,0x3766c0,88,OBJECT,WEAK,DEFAULT,15,True
4721,jpeg_read_raw_data,jpeg_read_raw_data,,0x298afc,308,FUNC,GLOBAL,DEFAULT,9,True
4722,_ZN10V8fxgahcBwC1ERK10C8THgaTQxF,V8fxgahcBw::V8fxgahcBw(C8THgaTQxF const&),,0x11a64c,104,FUNC,GLOBAL,DEFAULT,9,True
4723,_Z10XOySQayUv5PKvS0_,"XOySQayUv5(void const*, void const*)",,0x1e0f68,552,FUNC,GLOBAL,DEFAULT,9,True
4724,_ZN10TZf6gaQ3S_D1Ev,TZf6gaQ3S_::~TZf6gaQ3S_(),,0x10f6c8,184,FUNC,GLOBAL,DEFAULT,9,True
4725,_ZN10a7qxJaHqKV10PoR0MayxkREb,a7qxJaHqKV::PoR0MayxkR(bool),,0x15f844,544,FUNC,GLOBAL,DEFAULT,9,True
4726,_ZN10uVBvgaZvcvD1Ev,uVBvgaZvcv::~uVBvgaZvcv(),,0xf1940,64,FUNC,WEAK,DEFAULT,9,True
4727,_ZN10W6NzgawMJy10eCYULaKBxVEv,W6NzgawMJy::eCYULaKBxV(),,0x183568,520,FUNC,GLOBAL,DEFAULT,9,True
4728,_ZTV10gId5RaV8_6,vtable for gId5RaV8_6,,0x37f450,432,OBJECT,WEAK,DEFAULT,15,True
4729,sb3q7afinS,sb3q7afinS,,0x1541d0,188,FUNC,GLOBAL,DEFAULT,9,True
4730,_ZN10OOmzgapOmy10wynzgaLqnyERK10C8THgaTQxF,OOmzgapOmy::wynzgaLqny(C8THgaTQxF const&),,0xf04f4,160,FUNC,GLOBAL,DEFAULT,9,True
4731,_ZN10u3cBgayBVzC2Ev,u3cBgayBVz::u3cBgayBVz(),,0x20c38c,120,FUNC,GLOBAL,DEFAULT,9,True
4732,_ZN10C8THgaTQxF8snprintfEPciPKcz,"C8THgaTQxF::snprintf(char*, int, char const*, ...)",,0xf3e44,288,FUNC,GLOBAL,DEFAULT,9,True
4733,_ZN10MpGzgariDy10xjHpwa92dTEi,MpGzgariDy::xjHpwa92dT(int),,0x18e9d4,8,FUNC,WEAK,DEFAULT,9,True
4734,_ZN20u0eyga1eqxPropertiesC2Ev,u0eyga1eqxProperties::u0eyga1eqxProperties(),,0x1e17c4,176,FUNC,GLOBAL,DEFAULT,9,True
4735,_ZN10eODlJaQ5OL10fnHVWae68aEP10W6NzgawMJy,eODlJaQ5OL::fnHVWae68a(W6NzgawMJy*),,0x240fa8,276,FUNC,GLOBAL,DEFAULT,9,True
4736,_ZN10AK892aVY8gC2EP10V8fxgahcBwRK10i7FHgaP2lFS4_RK10C8THgaTQxF,"AK892aVY8g::AK892aVY8g(V8fxgahcBw*, i7FHgaP2lF const&, i7FHgaP2lF const&, C8THgaTQxF const&)",,0x11a434,164,FUNC,GLOBAL,DEFAULT,9,True
4737,_ZN10IMzlIaJILV10LlLIAaYrgvERK10C8THgaTQxF,IMzlIaJILV::LlLIAaYrgv(C8THgaTQxF const&),,0x19bcd0,88,FUNC,GLOBAL,DEFAULT,9,True
4738,_ZN10AS80gaE4zW10g3mRgak0vNEv,AS80gaE4zW::g3mRgak0vN(),,0x1d5f6c,12,FUNC,GLOBAL,DEFAULT,9,True
4739,oOyTZa5TlG,oOyTZa5TlG,,0x391e50,64,OBJECT,GLOBAL,DEFAULT,18,True
4740,_ZN10w9XxgaJdbx10X7PggattMiERK10vEhDgaHsFB,w9XxgaJdbx::X7PggattMi(vEhDgaHsFB const&),,0x1ba9dc,360,FUNC,GLOBAL,DEFAULT,9,True
4741,_ZN10u3cBgayBVz10GtlU1aIG0cE,u3cBgayBVz::GtlU1aIG0c,,0x3a4dec,4,OBJECT,GLOBAL,DEFAULT,19,True
4742,_ZN10e4ZYfa8PV210mSTCxaqCkUEb,e4ZYfa8PV2::mSTCxaqCkU(bool),,0x2358d0,276,FUNC,GLOBAL,DEFAULT,9,True
4743,_ZN10gqiNgaG64J10hPTMgaJzKJEi,gqiNgaG64J::hPTMgaJzKJ(int),,0xe413c,4,FUNC,WEAK,DEFAULT,9,True
4744,_ZN10w6qzgacqqy10nUnKxa1ID_E,w6qzgacqqy::nUnKxa1ID_,,0x3a3750,8,OBJECT,GLOBAL,DEFAULT,19,True
4745,W7j8KasyCg,W7j8KasyCg,,0x392490,8,OBJECT,GLOBAL,DEFAULT,18,True
4746,_ZN10ovXCga6FnB10kgVNKaqNBZEPhii10eY2wgaf6pwS1_S1_RK10bagMga8cdJ,"ovXCga6FnB::kgVNKaqNBZ(unsigned char*, int, int, eY2wgaf6pw, eY2wgaf6pw, eY2wgaf6pw, bagMga8cdJ const&)",,0x14f9d4,2748,FUNC,GLOBAL,DEFAULT,9,True
4747,_ZN10mTAogaaEip10Ym2oga0BGpEiP10OV5NOaoBLl,"mTAogaaEip::Ym2oga0BGp(int, OV5NOaoBLl*)",,0x225934,104,FUNC,GLOBAL,DEFAULT,9,True
4748,_ZNK10tJIwIaYe8310tWnLFaUKtKEv,tJIwIaYe83::tWnLFaUKtK() const,,0x23c900,20,FUNC,GLOBAL,DEFAULT,9,True
4749,_ZN10KKhLga4xoI10AhL3TaqoMMEP10R_MvgaEQlv,KKhLga4xoI::AhL3TaqoMM(R_MvgaEQlv*),,0xeb1c0,20,FUNC,GLOBAL,DEFAULT,9,True
4750,_ZN10Kc8uganwOuD0Ev,Kc8uganwOu::~Kc8uganwOu(),,0x16956c,32,FUNC,GLOBAL,DEFAULT,9,True
4751,_ZN10ln7yHaeP9f10xQ9DvbVToeERK10C8THgaTQxF,ln7yHaeP9f::xQ9DvbVToe(C8THgaTQxF const&),,0x1ce764,92,FUNC,GLOBAL,DEFAULT,9,True
4752,_ZN10mTAogaaEip10lGWhMajZHeEP10G0gxgajWBw,mTAogaaEip::lGWhMajZHe(G0gxgajWBw*),,0x22040c,440,FUNC,GLOBAL,DEFAULT,9,True
4753,_ZN10iHmzga6HmyC2ERK10C8THgaTQxF,iHmzga6Hmy::iHmzga6Hmy(C8THgaTQxF const&),,0x1d202c,168,FUNC,GLOBAL,DEFAULT,9,True
4754,_ZN10Kc8uganwOu5clearEv,Kc8uganwOu::clear(),,0x1692bc,428,FUNC,GLOBAL,DEFAULT,9,True
4755,_ZNK10lKR7faAPdb10JHnaKarylsEPf,lKR7faAPdb::JHnaKaryls(float*) const,,0x1e6948,132,FUNC,GLOBAL,DEFAULT,9,True
4756,W6NzgawMJyOnln2aNBfC,W6NzgawMJyOnln2aNBfC,,0x3a26b8,8,OBJECT,GLOBAL,DEFAULT,19,True
4757,_ZN10_WevgakbUu10AJfYga4QiTEi,_WevgakbUu::AJfYga4QiT(int),,0x107ea4,68,FUNC,GLOBAL,DEFAULT,9,True
4758,_ZN10W6NzgawMJyC1Ei,W6NzgawMJy::W6NzgawMJy(int),,0x178a74,4208,FUNC,GLOBAL,DEFAULT,9,True
4759,_ZN10s_YwgafWlw10iIX93aRQZ6ERK10eY2wgaf6pw,s_YwgafWlw::iIX93aRQZ6(eY2wgaf6pw const&),,0x1dbae0,356,FUNC,GLOBAL,DEFAULT,9,True
4760,_ZTV10v9r4yaCim7,vtable for v9r4yaCim7,,0x3781f0,888,OBJECT,WEAK,DEFAULT,15,True
4761,zF9VgaBKxROnln2aNBfC,zF9VgaBKxROnln2aNBfC,,0x3a3008,8,OBJECT,GLOBAL,DEFAULT,19,True
4762,jBY2Pa4A6o,jBY2Pa4A6o,,0x3924b0,56,OBJECT,GLOBAL,DEFAULT,18,True
4763,_ZN10cHovga0n1u10HT05FaBmG1ERK10C8THgaTQxFS2_,"cHovga0n1u::HT05FaBmG1(C8THgaTQxF const&, C8THgaTQxF const&)",,0xf95d4,292,FUNC,GLOBAL,DEFAULT,9,True
4764,FT_Stream_ReleaseFrame,FT_Stream_ReleaseFrame,,0x25e4b8,48,FUNC,GLOBAL,DEFAULT,9,True
4765,_ZN20ieJzgaIFFyPropertiesD0Ev,ieJzgaIFFyProperties::~ieJzgaIFFyProperties(),,0x168f8c,56,FUNC,WEAK,DEFAULT,9,True
4766,_ZN10N67CMatrxw10WjiYfbs1k2Ev,N67CMatrxw::WjiYfbs1k2(),,0x234754,124,FUNC,GLOBAL,DEFAULT,9,True
4767,_ZN10IMzlIaJILV10YWcrAaivvgERK10C8THgaTQxFd,"IMzlIaJILV::YWcrAaivvg(C8THgaTQxF const&, double)",,0x19bc9c,4,FUNC,GLOBAL,DEFAULT,9,True
4768,_ZN10zF9VgaBKxR10H2TRJaVLXbEdd,"zF9VgaBKxR::H2TRJaVLXb(double, double)",,0x1a92cc,64,FUNC,GLOBAL,DEFAULT,9,True
4769,jUrm2aY4uBZwL1xarB5e,jUrm2aY4uBZwL1xarB5e,,0x3a3638,8,OBJECT,GLOBAL,DEFAULT,19,True
4770,_ZN10_k_Bgam3zA10evncIaXn1NERK10eY2wgaf6pwi,"_k_Bgam3zA::evncIaXn1N(eY2wgaf6pw const&, int)",,0x1c655c,572,FUNC,GLOBAL,DEFAULT,9,True
4771,_ZN10W6NzgawMJy10MhGXwaIbPkEP10pTy_fadYe4,W6NzgawMJy::MhGXwaIbPk(pTy_fadYe4*),,0x179f18,216,FUNC,GLOBAL,DEFAULT,9,True
4772,_Z10qoWy2a9J_Lv,qoWy2a9J_L(),,0x1e04a0,128,FUNC,GLOBAL,DEFAULT,9,True
4773,_ZN10IUKzgam4Gy10ZHZxfaHwcHEv,IUKzgam4Gy::ZHZxfaHwcH(),,0xe1be0,84,FUNC,GLOBAL,DEFAULT,9,True
4774,_ZN10G0gxgajWBw10vfOeMaLT3bEb,G0gxgajWBw::vfOeMaLT3b(bool),,0x215324,76,FUNC,GLOBAL,DEFAULT,9,True
4775,_ZN10wiULgacZUI10XA1_faSXD4E,wiULgacZUI::XA1_faSXD4,,0x39ff98,8,OBJECT,GLOBAL,DEFAULT,19,True
4776,FT_Face_GetVariantsOfChar,FT_Face_GetVariantsOfChar,,0x25afb8,168,FUNC,GLOBAL,DEFAULT,9,True
4777,_ZN10IoTkgardbmD2Ev,IoTkgardbm::~IoTkgardbm(),,0x16d2c4,20,FUNC,WEAK,DEFAULT,9,True
4778,_ZThn16_N20l8eTfaIl5YPropertiesD1Ev,non-virtual thunk to l8eTfaIl5YProperties::~l8eTfaIl5YProperties(),,0x22c874,8,FUNC,WEAK,DEFAULT,9,True
4779,_ZThn16_N20AeOgLaUSKnPropertiesD0Ev,non-virtual thunk to AeOgLaUSKnProperties::~AeOgLaUSKnProperties(),,0x1a4554,8,FUNC,WEAK,DEFAULT,9,True
4780,_ZN10zeksfaZDrC10RYosfaYCvCEiid,"zeksfaZDrC::RYosfaYCvC(int, int, double)",,0x1afb40,4,FUNC,WEAK,DEFAULT,9,True
4781,_ZN10LBgVgaqANQ10py0qgaE4krERK10C8THgaTQxF,LBgVgaqANQ::py0qgaE4kr(C8THgaTQxF const&),,0x18501c,12,FUNC,GLOBAL,DEFAULT,9,True
4782,_ZN10uK2SHaPVVw10wmMSHaziHwE,uK2SHaPVVw::wmMSHaziHw,,0x3a4df8,8,OBJECT,GLOBAL,DEFAULT,19,True
4783,_ZN10w9XxgaJdbx10cf_l1asZ6KEv,w9XxgaJdbx::cf_l1asZ6K(),,0x1bb664,172,FUNC,GLOBAL,DEFAULT,9,True
4784,_ZN10ZAuvgaUl6u10S8MEHaeYVkEb,ZAuvgaUl6u::S8MEHaeYVk(bool),,0x205520,76,FUNC,GLOBAL,DEFAULT,9,True
4785,_ZN10R_MvgaEQlvC1EP10KKhLga4xoI,R_MvgaEQlv::R_MvgaEQlv(KKhLga4xoI*),,0xec7f8,8,FUNC,GLOBAL,DEFAULT,9,True
4786,_ZN10znLtuaytEf10Cu3DMaoyjxEP10G0gxgajWBw,znLtuaytEf::Cu3DMaoyjx(G0gxgajWBw*),,0x16aac8,32,FUNC,GLOBAL,DEFAULT,9,True
4787,setsockopt@LIBC (2),setsockopt,LIBC (2),0x0,0,FUNC,GLOBAL,DEFAULT,UND,False
4788,unzOpen22,unzOpen22,,0x257a94,2256,FUNC,GLOBAL,DEFAULT,9,True
4789,_ZN10Uo5IvaD9xi10FNBIvawp8hE,Uo5IvaD9xi::FNBIvawp8h,,0x3a0758,8,OBJECT,GLOBAL,DEFAULT,19,True
4790,_ZTV10Vx2_xajLEd,vtable for Vx2_xajLEd,,0x37c2b0,344,OBJECT,WEAK,DEFAULT,15,True
4791,jssp_avy16,jssp_avy16,,0x3a0948,1,OBJECT,GLOBAL,DEFAULT,19,True
4792,_ZN10pdnkJaZ8KK10whxrJasCMQEj,pdnkJaZ8KK::whxrJasCMQ(unsigned int),,0x243960,224,FUNC,GLOBAL,DEFAULT,9,True
4793,_ZN10kM00HafgtE10hkCXZaERLJEP10nenvgaH9_u,kM00HafgtE::hkCXZaERLJ(nenvgaH9_u*),,0x117b10,828,FUNC,GLOBAL,DEFAULT,9,True
4794,FT_Get_Char_Index,FT_Get_Char_Index,,0x25a704,60,FUNC,GLOBAL,DEFAULT,9,True
4795,_ZN6CyaInt15mp_reduce_is_2kEPNS_6mp_intE,CyaInt::mp_reduce_is_2k(CyaInt::mp_int*),,0x2c8874,156,FUNC,GLOBAL,DEFAULT,9,True
4796,_Z17jinit_forward_dctP20jpeg_compress_struct,jinit_forward_dct(jpeg_compress_struct*),,0x2b1070,240,FUNC,GLOBAL,DEFAULT,9,True
4797,_ZN10K7FLgag3II10YFDkMa5ZYgE,K7FLgag3II::YFDkMa5ZYg,,0x3a1978,8,OBJECT,GLOBAL,DEFAULT,19,True
4798,FRF1PaTP0n,FRF1PaTP0n,,0x391ee0,44,OBJECT,GLOBAL,DEFAULT,18,True
4799,_ZN10BEXWLaNNcX10muqYJa8TrhE,BEXWLaNNcX::muqYJa8Trh,,0x3a56e0,8,OBJECT,GLOBAL,DEFAULT,19,True
4800,_ZN10u3cBgayBVz10InLZ1aBtzhEv,u3cBgayBVz::InLZ1aBtzh(),,0x20c46c,16,FUNC,GLOBAL,DEFAULT,9,True
4801,_ZN10tJIwIaYe835clearEv,tJIwIaYe83::clear(),,0x23c880,96,FUNC,GLOBAL,DEFAULT,9,True
4802,inflateInit_,inflateInit_,,0x291588,20,FUNC,GLOBAL,DEFAULT,9,True
4803,_ZN10_k_Bgam3zA10dhuxLa94MBEv,_k_Bgam3zA::dhuxLa94MB(),,0x1c5708,188,FUNC,GLOBAL,DEFAULT,9,True
4804,_ZN10G0gxgajWBw10VtHbMaXbs9Eb,G0gxgajWBw::VtHbMaXbs9(bool),,0x21727c,440,FUNC,GLOBAL,DEFAULT,9,True
4805,_ZThn16_N20FY2VgaG6rRPropertiesD0Ev,non-virtual thunk to FY2VgaG6rRProperties::~FY2VgaG6rRProperties(),,0x16dcbc,8,FUNC,WEAK,DEFAULT,9,True
4806,_ZN6CyaInt11RsaSSL_SignEPKhjPhjPNS_6RsaKeyEP3RNG,"CyaInt::RsaSSL_Sign(unsigned char const*, unsigned int, unsigned char*, unsigned int, CyaInt::RsaKey*, RNG*)",,0x2cd5f4,928,FUNC,GLOBAL,DEFAULT,9,True
4807,_ZTV10zF9VgaBKxR,vtable for zF9VgaBKxR,,0x375dc0,320,OBJECT,WEAK,DEFAULT,15,True
4808,_ZN10MpGzgariDy10iKOswaDiRVEb,MpGzgariDy::iKOswaDiRV(bool),,0x18ea54,8,FUNC,WEAK,DEFAULT,9,True
4809,_ZN10f6WHgaQkAF10ZZlwgaQ6PvE,f6WHgaQkAF::ZZlwgaQ6Pv,,0x3a0150,8,OBJECT,GLOBAL,DEFAULT,19,True
4810,_ZN10OYYKfaPU7RD0Ev,OYYKfaPU7R::~OYYKfaPU7R(),,0x10117c,32,FUNC,GLOBAL,DEFAULT,9,True
4811,GifMakeMapObject,GifMakeMapObject,,0x2bbf78,204,FUNC,GLOBAL,DEFAULT,9,True
4812,_ZNK10C8THgaTQxF4endsERKS_,C8THgaTQxF::ends(C8THgaTQxF const&) const,,0xf47c0,128,FUNC,GLOBAL,DEFAULT,9,True
4813,_ZTV20_thLgaWjoIProperties,vtable for _thLgaWjoIProperties,,0x379130,88,OBJECT,WEAK,DEFAULT,15,True
4814,LBgVgaqANQOnln2aNBfC,LBgVgaqANQOnln2aNBfC,,0x3a2850,8,OBJECT,GLOBAL,DEFAULT,19,True
4815,_ZN10zW2NgaU4IK10QQ5Vfadxu0EP10G0gxgajWBw,zW2NgaU4IK::QQ5Vfadxu0(G0gxgajWBw*),,0x21c5dc,380,FUNC,GLOBAL,DEFAULT,9,True
4816,_Z10BNZB2amBzOv,BNZB2amBzO(),,0x2013ec,20,FUNC,GLOBAL,DEFAULT,9,True
4817,_ZN10MpGzgariDy10tIIEga1dSCEP10W6NzgawMJy,MpGzgariDy::tIIEga1dSC(W6NzgawMJy*),,0x1919fc,2900,FUNC,GLOBAL,DEFAULT,9,True
4818,_ZN10zW2NgaU4IK10poCVfa8U4_ERK10C8THgaTQxFdd,"zW2NgaU4IK::poCVfa8U4_(C8THgaTQxF const&, double, double)",,0x21ca08,304,FUNC,GLOBAL,DEFAULT,9,True
4819,_ZNK10w9XxgaJdbx10MZ1BgaJhCAERK10qdSBga_dtAb,"w9XxgaJdbx::MZ1BgaJhCA(qdSBga_dtA const&, bool) const",,0x1b93c4,80,FUNC,GLOBAL,DEFAULT,9,True
4820,_ZN10SsrLga3IwI10Y_y7JaF3YpEb,SsrLga3IwI::Y_y7JaF3Yp(bool),,0x1b5b00,320,FUNC,GLOBAL,DEFAULT,9,True
4821,_ZN10AS80gaE4zW10ZMSSgaUHMOEb,AS80gaE4zW::ZMSSgaUHMO(bool),,0x1d5014,28,FUNC,GLOBAL,DEFAULT,9,True
4822,yajl_gen_free,yajl_gen_free,,0x2bd214,96,FUNC,GLOBAL,DEFAULT,9,True
4823,_ZThn16_N20Kc8uganwOuPropertiesD0Ev,non-virtual thunk to Kc8uganwOuProperties::~Kc8uganwOuProperties(),,0x16a6c0,8,FUNC,WEAK,DEFAULT,9,True
4824,_ZN10CanTfaz6bZ5clearEv,CanTfaz6bZ::clear(),,0xf8c64,68,FUNC,GLOBAL,DEFAULT,9,True
4825,_ZN10zF9VgaBKxR10bHOZlbUfC6Eddddb,"zF9VgaBKxR::bHOZlbUfC6(double, double, double, double, bool)",,0x1aa794,396,FUNC,GLOBAL,DEFAULT,9,True
4826,_ZN6CyaInt23fast_s_mp_mul_high_digsEPNS_6mp_intES1_S1_i,"CyaInt::fast_s_mp_mul_high_digs(CyaInt::mp_int*, CyaInt::mp_int*, CyaInt::mp_int*, int)",,0x2cab8c,744,FUNC,GLOBAL,DEFAULT,9,True
4827,xlcWfaK_z0,xlcWfaK_z0,,0x3a5098,8,OBJECT,GLOBAL,DEFAULT,19,True
4828,_ZN10VGk7faT0MaC1ERK10C8THgaTQxF,VGk7faT0Ma::VGk7faT0Ma(C8THgaTQxF const&),,0x1e5248,64,FUNC,GLOBAL,DEFAULT,9,True
4829,_ZN10Fcx_gaoydVD1Ev,Fcx_gaoydV::~Fcx_gaoydV(),,0x1156f4,48,FUNC,GLOBAL,DEFAULT,9,True
4830,_ZN10u0eyga1eqxD0Ev,u0eyga1eqx::~u0eyga1eqx(),,0x1e0e20,32,FUNC,GLOBAL,DEFAULT,9,True
4831,_ZN10Kc8uganwOu10mRCUDaAifbEv,Kc8uganwOu::mRCUDaAifb(),,0x1696e4,328,FUNC,GLOBAL,DEFAULT,9,True
4832,_Z10by20SakLuURK10C8THgaTQxF,by20SakLuU(C8THgaTQxF const&),,0x210958,256,FUNC,GLOBAL,DEFAULT,9,True
4833,_ZN10yL3_IaDMFt10glvHgatZcFEv,yL3_IaDMFt::glvHgatZcF(),,0xecde8,440,FUNC,GLOBAL,DEFAULT,9,True
4834,_ZN10w9XxgaJdbx10nImZBaWIezERK10C8THgaTQxFRK10cXoLgatBuI,"w9XxgaJdbx::nImZBaWIez(C8THgaTQxF const&, cXoLgatBuI const&)",,0x1bb278,36,FUNC,GLOBAL,DEFAULT,9,True
4835,_ZTV20AeOgLaUSKnProperties,vtable for AeOgLaUSKnProperties,,0x375200,88,OBJECT,WEAK,DEFAULT,15,True
4836,_ZN10W6NzgawMJy10QVSqwakPdUEv,W6NzgawMJy::QVSqwakPdU(),,0x1702ac,32,FUNC,GLOBAL,DEFAULT,9,True
4837,_ZN10dJ10YaC3tXD2Ev,dJ10YaC3tX::~dJ10YaC3tX(),,0x248600,52,FUNC,WEAK,DEFAULT,9,True
4838,_ZN10uK2SHaPVVw10XmgTHa_n6wE,uK2SHaPVVw::XmgTHa_n6w,,0x3a4e00,8,OBJECT,GLOBAL,DEFAULT,19,True
4839,_ZN6CyaInt15FreeDecodedCertEPNS_11DecodedCertE,CyaInt::FreeDecodedCert(CyaInt::DecodedCert*),,0x2c28cc,116,FUNC,GLOBAL,DEFAULT,9,True
4840,_ZN10MpGzgariDy10rnVBqbkTv_Ev,MpGzgariDy::rnVBqbkTv_(),,0x190334,1012,FUNC,GLOBAL,DEFAULT,9,True
4841,_ZN10oJlO1aTTY710l0PQ1aTm39Ev,oJlO1aTTY7::l0PQ1aTm39(),,0x15e430,248,FUNC,GLOBAL,DEFAULT,9,True
4842,jpeg_quality_scaling,jpeg_quality_scaling,,0x2a8dd4,72,FUNC,GLOBAL,DEFAULT,9,True
4843,_ZThn16_N20k1h4JaIMdnPropertiesD1Ev,non-virtual thunk to k1h4JaIMdnProperties::~k1h4JaIMdnProperties(),,0x248aa0,8,FUNC,WEAK,DEFAULT,9,True
4844,_ZN10oMhmIajzmWD2Ev,oMhmIajzmW::~oMhmIajzmW(),,0x106694,20,FUNC,GLOBAL,DEFAULT,9,True
4845,_ZN10KKhLga4xoI10TBCvgay5cvEjRK10C8THgaTQxF,"KKhLga4xoI::TBCvgay5cv(unsigned int, C8THgaTQxF const&)",,0xeb260,180,FUNC,GLOBAL,DEFAULT,9,True
4846,_ZN10D2x4gaXfrZ10zfJRgaPGONE,D2x4gaXfrZ::zfJRgaPGON,,0x395660,8,OBJECT,GLOBAL,DEFAULT,18,True
4847,_ZN10PfQXva4zXuIdE10MFApgaUs8pEi,PfQXva4zXu<double>::MFApgaUs8p(int),,0x18eac4,40,FUNC,WEAK,DEFAULT,9,True
4848,_ZN10SYX_HaZ3zD10HSPBFaLfrCEv,SYX_HaZ3zD::HSPBFaLfrC(),,0xfac40,68,FUNC,GLOBAL,DEFAULT,9,True
4849,_ZN10IUKzgam4Gy10aVgYFaLQjVEv,IUKzgam4Gy::aVgYFaLQjV(),,0xe1860,144,FUNC,GLOBAL,DEFAULT,9,True
4850,_ZN20s_YwgafWlwPropertiesC2Ev,s_YwgafWlwProperties::s_YwgafWlwProperties(),,0x1dafcc,156,FUNC,GLOBAL,DEFAULT,9,True
4851,_Z16fwrite_file_funcPvS_PKvm,"fwrite_file_func(void*, void*, void const*, unsigned long)",,0x2590f4,24,FUNC,GLOBAL,DEFAULT,9,True
4852,_ZN10w6qzgacqqy10pRMUgaDInQEddiibRK10C8THgaTQxF,"w6qzgacqqy::pRMUgaDInQ(double, double, int, int, bool, C8THgaTQxF const&)",,0x1fa7a4,800,FUNC,GLOBAL,DEFAULT,9,True
4853,_ZN20RH6ygazf9xPropertiesC1Ev,RH6ygazf9xProperties::RH6ygazf9xProperties(),,0x20f6ec,176,FUNC,GLOBAL,DEFAULT,9,True
4854,_ZN10w6qzgacqqy10vYbZgawG5TE,w6qzgacqqy::vYbZgawG5T,,0x3a36b8,8,OBJECT,GLOBAL,DEFAULT,19,True
4855,_ZN10eODlJaQ5OL10hvx3Xa_NA8Ev,eODlJaQ5OL::hvx3Xa_NA8(),,0x241de4,40,FUNC,GLOBAL,DEFAULT,9,True
4856,fseek@LIBC (2),fseek,LIBC (2),0x0,0,FUNC,GLOBAL,DEFAULT,UND,False
4857,_ZN10iHmzga6Hmy10IoU6Mar3pWEP10XoqxgaMPJwRK10C8THgaTQxFS4_,"iHmzga6Hmy::IoU6Mar3pW(XoqxgaMPJw*, C8THgaTQxF const&, C8THgaTQxF const&)",,0x1d230c,1132,FUNC,GLOBAL,DEFAULT,9,True
4858,_Z10XbR6IaQmnzRK10C8THgaTQxFP10W6NzgawMJy,"XbR6IaQmnz(C8THgaTQxF const&, W6NzgawMJy*)",,0x18804c,580,FUNC,GLOBAL,DEFAULT,9,True
4859,_ZN10OOmzgapOmy10IYlQSaJ5EKE,OOmzgapOmy::IYlQSaJ5EK,,0x3a0168,8,OBJECT,GLOBAL,DEFAULT,19,True
4860,_ZN20G0gxgajWBwPropertiesD0Ev,G0gxgajWBwProperties::~G0gxgajWBwProperties(),,0x21add8,56,FUNC,WEAK,DEFAULT,9,True
4861,_ZN10wiULgacZUI10TbQ_faGwt4ERK10C8THgaTQxFS2_bb,"wiULgacZUI::TbQ_faGwt4(C8THgaTQxF const&, C8THgaTQxF const&, bool, bool)",,0xe835c,596,FUNC,GLOBAL,DEFAULT,9,True
4862,_ZN10mTAogaaEipD1Ev,mTAogaaEip::~mTAogaaEip(),,0x21ff78,332,FUNC,GLOBAL,DEFAULT,9,True
4863,_ZNK10w9XxgaJdbx10M6G60amTeyEv,w9XxgaJdbx::M6G60amTey() const,,0x1b9b34,124,FUNC,GLOBAL,DEFAULT,9,True
4864,dx_nmbCdOr,dx_nmbCdOr,,0x3929b0,32,OBJECT,GLOBAL,DEFAULT,18,True
4865,_ZN10EbOa3arQHhC1EP10V8fxgahcBwRK10eY2wgaf6pwRK10C8THgaTQxF,"EbOa3arQHh::EbOa3arQHh(V8fxgahcBw*, eY2wgaf6pw const&, C8THgaTQxF const&)",,0x11a31c,124,FUNC,GLOBAL,DEFAULT,9,True
4866,_ZN10zF9VgaBKxRD1Ev,zF9VgaBKxR::~zF9VgaBKxR(),,0x1a62c4,420,FUNC,GLOBAL,DEFAULT,9,True
4867,_ZN10u3cBgayBVz10KE4tLaWwVyEi,u3cBgayBVz::KE4tLaWwVy(int),,0x20c8b4,44,FUNC,GLOBAL,DEFAULT,9,True
4868,_ZN10W6NzgawMJy10puS4yahsI7E10RiQ7IaxCcA,W6NzgawMJy::puS4yahsI7(RiQ7IaxCcA),,0x174a44,8,FUNC,GLOBAL,DEFAULT,9,True
4869,_ZN10_YTgFa6HPkC1ERK10C8THgaTQxF,_YTgFa6HPk::_YTgFa6HPk(C8THgaTQxF const&),,0x1b06e8,72,FUNC,GLOBAL,DEFAULT,9,True
4870,_ZN10_k_Bgam3zA10P1KwgacbawEv,_k_Bgam3zA::P1Kwgacbaw(),,0x1c9278,92,FUNC,GLOBAL,DEFAULT,9,True
4871,_ZN10ieJzgaIFFy10LSrJFaP3QIEii,"ieJzgaIFFy::LSrJFaP3QI(int, int)",,0x163010,88,FUNC,GLOBAL,DEFAULT,9,True
4872,jUrm2aY4uBv9r4yaCim7,jUrm2aY4uBv9r4yaCim7,,0x3a3278,8,OBJECT,GLOBAL,DEFAULT,19,True
4873,_ZNK10C8THgaTQxF10JtTLgaLhUIERKS_i,"C8THgaTQxF::JtTLgaLhUI(C8THgaTQxF const&, int) const",,0xf426c,268,FUNC,GLOBAL,DEFAULT,9,True
4874,_ZN10FY2VgaG6rR10b34ggalSZiEP10W6NzgawMJy,FY2VgaG6rR::b34ggalSZi(W6NzgawMJy*),,0x16da90,128,FUNC,GLOBAL,DEFAULT,9,True
4875,_ZN10FY2VgaG6rR10dmKggagCHiEv,FY2VgaG6rR::dmKggagCHi(),,0x16db10,152,FUNC,GLOBAL,DEFAULT,9,True
4876,_ZN20KsGWqbQkZgPropertiesC2Ev,KsGWqbQkZgProperties::KsGWqbQkZgProperties(),,0x1c9f4c,156,FUNC,GLOBAL,DEFAULT,9,True
4877,_ZN10yL3_IaDMFtC1ERK10C8THgaTQxF,yL3_IaDMFt::yL3_IaDMFt(C8THgaTQxF const&),,0xec3bc,48,FUNC,GLOBAL,DEFAULT,9,True
4878,_ZNK10S2m6gab0Y_7getTextEv,S2m6gab0Y_::getText() const,,0x1d3f1c,44,FUNC,GLOBAL,DEFAULT,9,True
4879,_ZN10W6NzgawMJy10cp73LaSQ42E,W6NzgawMJy::cp73LaSQ42,,0x38e520,4,OBJECT,GLOBAL,DEFAULT,18,True
4880,deflateCopy,deflateCopy,,0x2911a0,440,FUNC,GLOBAL,DEFAULT,9,True
4881,_ZN10oMhmIajzmW10AixzfagDvIEP10MiAzfay9xI,oMhmIajzmW::AixzfagDvI(MiAzfay9xI*),,0x1009a4,4,FUNC,WEAK,DEFAULT,9,True
4882,_ZN10NgNBgaN3oAC2ERK10C8THgaTQxF,NgNBgaN3oA::NgNBgaN3oA(C8THgaTQxF const&),,0x236ea0,224,FUNC,GLOBAL,DEFAULT,9,True
4883,_ZN10fUWH_a_9zmD1Ev,fUWH_a_9zm::~fUWH_a_9zm(),,0x1132b0,164,FUNC,GLOBAL,DEFAULT,9,True
4884,_ZN10_k_Bgam3zA10umViIaxSwTERK10cXoLgatBuI,_k_Bgam3zA::umViIaxSwT(cXoLgatBuI const&),,0x1c9900,384,FUNC,GLOBAL,DEFAULT,9,True
4885,_Z10KgvHgaQVcFi,KgvHgaQVcF(int),,0x24a268,68,FUNC,GLOBAL,DEFAULT,9,True
4886,_ZN10C8THgaTQxF10LIscJapM5DEyiibb,"C8THgaTQxF::LIscJapM5D(unsigned long long, int, int, bool, bool)",,0xf2b1c,264,FUNC,GLOBAL,DEFAULT,9,True
4887,_ZN10y3t2LaCUH110rBLjva6EeYERK10C8THgaTQxF,y3t2LaCUH1::rBLjva6EeY(C8THgaTQxF const&),,0x20e3d0,220,FUNC,GLOBAL,DEFAULT,9,True
4888,_ZN20ZPvEDawoHYPropertiesD2Ev,ZPvEDawoHYProperties::~ZPvEDawoHYProperties(),,0x1bffc4,28,FUNC,WEAK,DEFAULT,9,True
4889,_ZN6CyaInt7FreeSSLEPNS_6CYASSLE,CyaInt::FreeSSL(CyaInt::CYASSL*),,0x2da2dc,44,FUNC,GLOBAL,DEFAULT,9,True
4890,UvcYSaw8fR,UvcYSaw8fR,,0x399be0,8,OBJECT,GLOBAL,DEFAULT,18,True
4891,_ZN10LBgVgaqANQ10Lkz7IadlZzEv,LBgVgaqANQ::Lkz7IadlZz(),,0x18a678,572,FUNC,GLOBAL,DEFAULT,9,True
4892,_ZN10W6NzgawMJy10e9W7IarniAERK10C8THgaTQxFb,"W6NzgawMJy::e9W7IarniA(C8THgaTQxF const&, bool)",,0x17f138,144,FUNC,GLOBAL,DEFAULT,9,True
4893,_ZN10Q8n_Fa6V5W10AceLgadzlIERK10C8THgaTQxF,Q8n_Fa6V5W::AceLgadzlI(C8THgaTQxF const&),,0x1cabe4,352,FUNC,GLOBAL,DEFAULT,9,True
4894,_Z10Tqmikbou3Gv,Tqmikbou3G(),,0x20e4ec,12,FUNC,GLOBAL,DEFAULT,9,True
4895,dwdYGaMZgL,dwdYGaMZgL,,0x3a59e0,20,OBJECT,GLOBAL,DEFAULT,19,True
4896,_ZN10G0gxgajWBw10PWkBgafe1zEv,G0gxgajWBw::PWkBgafe1z(),,0x213a54,312,FUNC,GLOBAL,DEFAULT,9,True
4897,_ZN10LJyzga9Pwy10cRcoIakqZXEv,LJyzga9Pwy::cRcoIakqZX(),,0x108ed8,360,FUNC,GLOBAL,DEFAULT,9,True
4898,_ZN10tJIwIaYe83C2Ev,tJIwIaYe83::tJIwIaYe83(),,0x23c8e0,32,FUNC,GLOBAL,DEFAULT,9,True
4899,_ZN20s_YwgafWlwPropertiesD1Ev,s_YwgafWlwProperties::~s_YwgafWlwProperties(),,0x1dc8e4,28,FUNC,WEAK,DEFAULT,9,True
4900,_ZN10W6NzgawMJy10fPzXwaNKJkERK10C8THgaTQxF,W6NzgawMJy::fPzXwaNKJk(C8THgaTQxF const&),,0x179af8,192,FUNC,GLOBAL,DEFAULT,9,True
4901,_ZN10C8THgaTQxF7replaceERS_S0_,"C8THgaTQxF::replace(C8THgaTQxF&, C8THgaTQxF&)",,0xf44cc,332,FUNC,GLOBAL,DEFAULT,9,True
4902,_ZN10zF9VgaBKxR10A5XWmbqadVEP10nenvgaH9_u,zF9VgaBKxR::A5XWmbqadV(nenvgaH9_u*),,0x1a7628,172,FUNC,GLOBAL,DEFAULT,9,True
4903,_Z20_YTgFa6HPkE7Bm2aaHDBRK10C8THgaTQxF,_YTgFa6HPkE7Bm2aaHDB(C8THgaTQxF const&),,0x1b0730,48,FUNC,GLOBAL,DEFAULT,9,True
4904,_Z10Xw8xIbvNk5RK10C8THgaTQxF,Xw8xIbvNk5(C8THgaTQxF const&),,0x1698b8,172,FUNC,GLOBAL,DEFAULT,9,True
4905,_ZN10K7FLgag3II10Ij0iMakTBfERK10C8THgaTQxF,K7FLgag3II::Ij0iMakTBf(C8THgaTQxF const&),,0x16f800,480,FUNC,GLOBAL,DEFAULT,9,True
4906,_ZN10oMhmIajzmWD1Ev,oMhmIajzmW::~oMhmIajzmW(),,0x106694,20,FUNC,GLOBAL,DEFAULT,9,True
4907,GifFreeExtensions,GifFreeExtensions,,0x2bc674,128,FUNC,GLOBAL,DEFAULT,9,True
4908,_ZN10ekaB5aBiTj10N6pA5anAfjEi,ekaB5aBiTj::N6pA5anAfj(int),,0x19b93c,44,FUNC,GLOBAL,DEFAULT,9,True
4909,glTexParameterf,glTexParameterf,,0x0,0,FUNC,GLOBAL,DEFAULT,UND,False
4910,u0eyga1eqxOnln2aNBfC,u0eyga1eqxOnln2aNBfC,,0x3a3558,8,OBJECT,GLOBAL,DEFAULT,19,True
4911,Move_CVT_Stretched,Move_CVT_Stretched,,0x26f134,200,FUNC,GLOBAL,DEFAULT,9,True
4912,_ZN10f6WHgaQkAF10twbzgaWidyERK10C8THgaTQxF,f6WHgaQkAF::twbzgaWidy(C8THgaTQxF const&),,0xeebe4,884,FUNC,GLOBAL,DEFAULT,9,True
4913,_ZN10XCASBayqxtC2Ev,XCASBayqxt::XCASBayqxt(),,0x1b0d7c,132,FUNC,GLOBAL,DEFAULT,9,True
4914,_ZN10W6NzgawMJy10YUZWwaCHekEdb,"W6NzgawMJy::YUZWwaCHek(double, bool)",,0x1a1298,944,FUNC,GLOBAL,DEFAULT,9,True
4915,_ZThn16_N20awDo2aJRkDPropertiesD1Ev,non-virtual thunk to awDo2aJRkDProperties::~awDo2aJRkDProperties(),,0x1dfcf4,8,FUNC,WEAK,DEFAULT,9,True
4916,_ZN10S2m6gab0Y_10AceLgadzlIERK10C8THgaTQxF,S2m6gab0Y_::AceLgadzlI(C8THgaTQxF const&),,0x1d3ea0,40,FUNC,GLOBAL,DEFAULT,9,True
4917,sqrtf@LIBC (3),sqrtf,LIBC (3),0x0,0,FUNC,GLOBAL,DEFAULT,UND,False
4918,_ZN10w9XxgaJdbx10xV7Kwa7ggaEv,w9XxgaJdbx::xV7Kwa7gga(),,0x1b7eb8,132,FUNC,GLOBAL,DEFAULT,9,True
4919,_Z10MqJ4yahQA7v,MqJ4yahQA7(),,0x1c48dc,128,FUNC,GLOBAL,DEFAULT,9,True
4920,_ZN10pdnkJaZ8KKD2Ev,pdnkJaZ8KK::~pdnkJaZ8KK(),,0x2430f4,104,FUNC,GLOBAL,DEFAULT,9,True
4921,HO_mMaisYi,HO_mMaisYi,,0x3a5010,1,OBJECT,GLOBAL,DEFAULT,19,True
4922,_ZN10Ox9zJa6D1X10TOCHFaugjHEf,Ox9zJa6D1X::TOCHFaugjH(float),,0x23c120,116,FUNC,GLOBAL,DEFAULT,9,True
4923,_ZN10AS80gaE4zW10BPX6ga8Ws0Eii,"AS80gaE4zW::BPX6ga8Ws0(int, int)",,0x1d5f78,20,FUNC,GLOBAL,DEFAULT,9,True
4924,_ZN10Fcx_gaoydV10MJw7Bag9WGEv,Fcx_gaoydV::MJw7Bag9WG(),,0x115610,228,FUNC,GLOBAL,DEFAULT,9,True
4925,_ZN10cWWYfaxbT210JGEjIaHQ8TEP10G0gxgajWBwd,"cWWYfaxbT2::JGEjIaHQ8T(G0gxgajWBw*, double)",,0x22d390,1320,FUNC,GLOBAL,DEFAULT,9,True
4926,_ZN10V8fxgahcBw10RPFT2aiOr2Eiiii,"V8fxgahcBw::RPFT2aiOr2(int, int, int, int)",,0x11ae04,340,FUNC,GLOBAL,DEFAULT,9,True
4927,_ZN10fFOoganeup10V0_vQasDxNE,fFOoganeup::V0_vQasDxN,,0x3a07a8,8,OBJECT,GLOBAL,DEFAULT,19,True
4928,_ZN10LBgVgaqANQC1Ei,LBgVgaqANQ::LBgVgaqANQ(int),,0x188340,604,FUNC,GLOBAL,DEFAULT,9,True
4929,VGk7faT0MaOnln2aNBfC,VGk7faT0MaOnln2aNBfC,,0x3a3610,8,OBJECT,GLOBAL,DEFAULT,19,True
4930,_ZN10SU3JfaCUmR10DgqIfaJIZPERK10bagMga8cdJ,SU3JfaCUmR::DgqIfaJIZP(bagMga8cdJ const&),,0x10c6a0,20,FUNC,GLOBAL,DEFAULT,9,True
4931,_ZN10zYRMgaG0IJ10flT3GasaTQE,zYRMgaG0IJ::flT3GasaTQ,,0x389990,4,OBJECT,GLOBAL,DEFAULT,18,True
4932,_ZN10PRPTfaXeAZC2Eh,PRPTfaXeAZ::PRPTfaXeAZ(unsigned char),,0x21b3ac,20,FUNC,GLOBAL,DEFAULT,9,True
4933,_ZN10GbMhIaz9yS10sM2OLatXyQEi,GbMhIaz9yS::sM2OLatXyQ(int),,0x1c24f0,152,FUNC,GLOBAL,DEFAULT,9,True
4934,_ZNK10vuuHgangcF10Nw0HMaf3DAEv,vuuHgangcF::Nw0HMaf3DA() const,,0xf6b54,96,FUNC,GLOBAL,DEFAULT,9,True
4935,_ZN20ZwL1xarB5ePropertiesC2Ev,ZwL1xarB5eProperties::ZwL1xarB5eProperties(),,0x1e7820,136,FUNC,GLOBAL,DEFAULT,9,True
4936,_ZN10awDo2aJRkD10w7fs2a2aoGERK10C8THgaTQxF,awDo2aJRkD::w7fs2a2aoG(C8THgaTQxF const&),,0x1ded48,92,FUNC,GLOBAL,DEFAULT,9,True
4937,_ZN10SsrLga3IwI10QOjCgarhRAEP10w9XxgaJdbx,SsrLga3IwI::QOjCgarhRA(w9XxgaJdbx*),,0x1b56f8,408,FUNC,GLOBAL,DEFAULT,9,True
4938,_ZN10LBgVgaqANQ10tIIEga1dSCEP10W6NzgawMJy,LBgVgaqANQ::tIIEga1dSC(W6NzgawMJy*),,0x18e110,1252,FUNC,GLOBAL,DEFAULT,9,True
4939,jUrm2aY4uBVGEwBaTQ4a,jUrm2aY4uBVGEwBaTQ4a,,0x3a3620,8,OBJECT,GLOBAL,DEFAULT,19,True
4940,_ZN10zF9VgaBKxR10xruYmbNdvWEv,zF9VgaBKxR::xruYmbNdvW(),,0x1a5f50,580,FUNC,GLOBAL,DEFAULT,9,True
4941,_ZTV10eHD62a2_be,vtable for eHD62a2_be,,0x373150,64,OBJECT,WEAK,DEFAULT,15,True
4942,_ZN10GaA2gaD2MX10ma_fgajV3hE,GaA2gaD2MX::ma_fgajV3h,,0x3a18fd,1,OBJECT,GLOBAL,DEFAULT,19,True
4943,_ZNK10Fcx_gaoydV10fmlYKaoAn7EP10nenvgaH9_u,Fcx_gaoydV::fmlYKaoAn7(nenvgaH9_u*) const,,0x11915c,2216,FUNC,GLOBAL,DEFAULT,9,True
4944,_Z10MtSkFaOraov,MtSkFaOrao(),,0x1b0890,128,FUNC,GLOBAL,DEFAULT,9,True
4945,_ZN10psSDxavq9U10ANMBYarFoBERK10C8THgaTQxFPhi,"psSDxavq9U::ANMBYarFoB(C8THgaTQxF const&, unsigned char*, int)",,0x20278c,248,FUNC,GLOBAL,DEFAULT,9,True
4946,_ZN10K7FLgag3II10XykkMa5UIgE,K7FLgag3II::XykkMa5UIg,,0x3a1960,8,OBJECT,GLOBAL,DEFAULT,19,True
4947,_ZN10w6qzgacqqy10vVu6xa5C4iERK10C8THgaTQxFS2_,"w6qzgacqqy::vVu6xa5C4i(C8THgaTQxF const&, C8THgaTQxF const&)",,0x1ff020,664,FUNC,GLOBAL,DEFAULT,9,True
4948,_ZN10IMzlIaJILV10iMltAajWiiERK10C8THgaTQxF,IMzlIaJILV::iMltAajWii(C8THgaTQxF const&),,0x19bd28,4,FUNC,GLOBAL,DEFAULT,9,True
4949,_ZN10IMzlIaJILV10UmUIAa21nvERK10C8THgaTQxFS2_S2_S2_,"IMzlIaJILV::UmUIAa21nv(C8THgaTQxF const&, C8THgaTQxF const&, C8THgaTQxF const&, C8THgaTQxF const&)",,0x19bcac,4,FUNC,GLOBAL,DEFAULT,9,True
4950,_ZThn16_N20W6NzgawMJyPropertiesD1Ev,non-virtual thunk to W6NzgawMJyProperties::~W6NzgawMJyProperties(),,0x17f8f8,8,FUNC,WEAK,DEFAULT,9,True
4951,_ZN6CyaInt12mp_init_sizeEPNS_6mp_intEi,"CyaInt::mp_init_size(CyaInt::mp_int*, int)",,0x2c8eb0,208,FUNC,GLOBAL,DEFAULT,9,True
4952,_ZN10Q8n_Fa6V5W10xoMZFagkAWERK10eY2wgaf6pw,Q8n_Fa6V5W::xoMZFagkAW(eY2wgaf6pw const&),,0x1cb1ec,64,FUNC,GLOBAL,DEFAULT,9,True
4953,_ZN10BP3Kfa2PcS10dplYgaNCnTEv,BP3Kfa2PcS::dplYgaNCnT(),,0x10aed0,268,FUNC,GLOBAL,DEFAULT,9,True
4954,_ZN10cHovga0n1u10ga33Fadh1_ERK10C8THgaTQxFS2_,"cHovga0n1u::ga33Fadh1_(C8THgaTQxF const&, C8THgaTQxF const&)",,0xe680c,236,FUNC,GLOBAL,DEFAULT,9,True
4955,_ZN10zW2NgaU4IK5resetEv,zW2NgaU4IK::reset(),,0x21ba14,60,FUNC,GLOBAL,DEFAULT,9,True
4956,_ZN20J0CfgbmrLhPropertiesC1Ev,J0CfgbmrLhProperties::J0CfgbmrLhProperties(),,0x1615d4,144,FUNC,GLOBAL,DEFAULT,9,True
4957,_ZN10ApdygafUoxC1Ev,ApdygafUox::ApdygafUox(),,0x1dd49c,96,FUNC,GLOBAL,DEFAULT,9,True
4958,_ZN10OYYKfaPU7R10BbvgHauRu0Eiiii,"OYYKfaPU7R::BbvgHauRu0(int, int, int, int)",,0x100f70,96,FUNC,GLOBAL,DEFAULT,9,True
4959,tt_cmap2_char_index,tt_cmap2_char_index,,0x2656dc,232,FUNC,GLOBAL,DEFAULT,9,True
4960,_ZN10RZNxgaOF2w10lATwgagnhwEPvRK10C8THgaTQxF,"RZNxgaOF2w::lATwgagnhw(void*, C8THgaTQxF const&)",,0x1e0f48,32,FUNC,GLOBAL,DEFAULT,9,True
4961,_Z9jzero_farPvm,"jzero_far(void*, unsigned long)",,0x2a534c,12,FUNC,GLOBAL,DEFAULT,9,True
4962,_Z20XoqxgaMPJwE7Bm2aaHDBRK10C8THgaTQxF,XoqxgaMPJwE7Bm2aaHDB(C8THgaTQxF const&),,0x114cc4,48,FUNC,GLOBAL,DEFAULT,9,True
4963,_ZN10VRFGJa8Pv2C2EP10ieJzgaIFFy,VRFGJa8Pv2::VRFGJa8Pv2(ieJzgaIFFy*),,0x245fb0,164,FUNC,GLOBAL,DEFAULT,9,True
4964,_Z10wAqnMalZjjv,wAqnMalZjj(),,0x16fd28,20,FUNC,GLOBAL,DEFAULT,9,True
4965,exit@LIBC (2),exit,LIBC (2),0x0,0,FUNC,GLOBAL,DEFAULT,UND,False
4966,_ZN10w9XxgaJdbxC2Ev,w9XxgaJdbx::w9XxgaJdbx(),,0x1b9070,224,FUNC,GLOBAL,DEFAULT,9,True
4967,_ZThn16_N20X0HXmbuEQVPropertiesD0Ev,non-virtual thunk to X0HXmbuEQVProperties::~X0HXmbuEQVProperties(),,0x249f18,8,FUNC,WEAK,DEFAULT,9,True
4968,_ZN10yWBvmbTwcyC2EP10zF9VgaBKxRRK10C8THgaTQxF,"yWBvmbTwcy::yWBvmbTwcy(zF9VgaBKxR*, C8THgaTQxF const&)",,0x1a5a0c,76,FUNC,GLOBAL,DEFAULT,9,True
4969,_ZN10_WevgakbUu10b8REEas9ZOERK10CanTfaz6bZbb,"_WevgakbUu::b8REEas9ZO(CanTfaz6bZ const&, bool, bool)",,0x1084cc,128,FUNC,GLOBAL,DEFAULT,9,True
4970,_ZN10KKhLga4xoI10g6yvgaX89uEP10J7zOgaf09K,KKhLga4xoI::g6yvgaX89u(J7zOgaf09K*),,0xec5d0,76,FUNC,GLOBAL,DEFAULT,9,True
4971,_Z10DLwDEaIaSNv,DLwDEaIaSN(),,0x108dd4,76,FUNC,GLOBAL,DEFAULT,9,True
4972,_ZN10Dq2rua2Ece10JhjWgazQFREv,Dq2rua2Ece::JhjWgazQFR(),,0x246730,136,FUNC,GLOBAL,DEFAULT,9,True
4973,_ZN10RH6ygazf9xD1Ev,RH6ygazf9x::~RH6ygazf9x(),,0x20ef60,236,FUNC,GLOBAL,DEFAULT,9,True
4974,_ZN6CyaInt16CyaSSL_SetIOSendEPNS_10CYASSL_CTXEPFiPNS_6CYASSLEPciPvE,"CyaInt::CyaSSL_SetIOSend(CyaInt::CYASSL_CTX*, int (*)(CyaInt::CYASSL*, char*, int, void*))",,0x2d0e04,8,FUNC,GLOBAL,DEFAULT,9,True
4975,_ZN10wp1umbbOIx10TPtsfaqIzCEii,"wp1umbbOIx::TPtsfaqIzC(int, int)",,0x1a94f0,152,FUNC,GLOBAL,DEFAULT,9,True
4976,_ZTV20zeksfaZDrCProperties,vtable for zeksfaZDrCProperties,,0x37e280,88,OBJECT,WEAK,DEFAULT,15,True
4977,_ZN10vy1JgaKVkH10F11REa8j4ZEv,vy1JgaKVkH::F11REa8j4Z(),,0xedbc4,88,FUNC,GLOBAL,DEFAULT,9,True
4978,_ZN10SYX_HaZ3zD10ICYxFajCbzEv,SYX_HaZ3zD::ICYxFajCbz(),,0xfaa88,32,FUNC,GLOBAL,DEFAULT,9,True
4979,unzeof1,unzeof1,,0x2589ac,36,FUNC,GLOBAL,DEFAULT,9,True
4980,_ZN10KKhLga4xoI10r8HDgaOK0BEP10J7zOgaf09Kj,"KKhLga4xoI::r8HDgaOK0B(J7zOgaf09K*, unsigned int)",,0xeb64c,120,FUNC,GLOBAL,DEFAULT,9,True
4981,tt_cmap14_init,tt_cmap14_init,,0x261fa0,60,FUNC,GLOBAL,DEFAULT,9,True
4982,_ZN10MpGzgariDy10pLeswaA1mVEv,MpGzgariDy::pLeswaA1mV(),,0x18ea74,8,FUNC,WEAK,DEFAULT,9,True
4983,_ZN10W6NzgawMJy10h4TTLabNDUEv,W6NzgawMJy::h4TTLabNDU(),,0x17ad6c,256,FUNC,GLOBAL,DEFAULT,9,True
4984,_ZN10w6qzgacqqy10tUy3LadZB2E,w6qzgacqqy::tUy3LadZB2,,0x3a36a8,8,OBJECT,GLOBAL,DEFAULT,19,True
4985,_ZThn16_N20v9r4yaCim7PropertiesD1Ev,non-virtual thunk to v9r4yaCim7Properties::~v9r4yaCim7Properties(),,0x1c4978,8,FUNC,WEAK,DEFAULT,9,True
4986,TT_Forget_Glyph_Frame,TT_Forget_Glyph_Frame,,0x26cfa0,8,FUNC,GLOBAL,DEFAULT,9,True
4987,_ZN10GbMhIaz9ySD2Ev,GbMhIaz9yS::~GbMhIaz9yS(),,0x1c0278,148,FUNC,GLOBAL,DEFAULT,9,True
4988,_ZN10psSDxavq9U10NDntYaevkuEv,psSDxavq9U::NDntYaevku(),,0x201b80,76,FUNC,GLOBAL,DEFAULT,9,True
4989,_ZN10oJlO1aTTY710l3aU1apVScEv,oJlO1aTTY7::l3aU1apVSc(),,0x15df04,520,FUNC,GLOBAL,DEFAULT,9,True
4990,_ZN10W6NzgawMJy10l8D0yaIn93Edddd,"W6NzgawMJy::l8D0yaIn93(double, double, double, double)",,0x179ff0,532,FUNC,GLOBAL,DEFAULT,9,True
4991,_Z10mPPrgaOc1rRK10C8THgaTQxF,mPPrgaOc1r(C8THgaTQxF const&),,0xf6268,208,FUNC,GLOBAL,DEFAULT,9,True
4992,_ZN10AS80gaE4zW10yc14gabDQZEb,AS80gaE4zW::yc14gabDQZ(bool),,0x1d7544,100,FUNC,GLOBAL,DEFAULT,9,True
4993,_ZN10eODlJaQ5OL10AaGVXaD570Ei,eODlJaQ5OL::AaGVXaD570(int),,0x241a0c,76,FUNC,GLOBAL,DEFAULT,9,True
4994,_ZN10N67CMatrxwD2Ev,N67CMatrxw::~N67CMatrxw(),,0x234854,104,FUNC,GLOBAL,DEFAULT,9,True
4995,_ZN10NgNBgaN3oAD2Ev,NgNBgaN3oA::~NgNBgaN3oA(),,0x23702c,48,FUNC,GLOBAL,DEFAULT,9,True
4996,_ZN10l8eTfaIl5YC2ERK10CanTfaz6bZ,l8eTfaIl5Y::l8eTfaIl5Y(CanTfaz6bZ const&),,0x21f9c0,260,FUNC,GLOBAL,DEFAULT,9,True
4997,_ZN6CyaInt31CyaSSL_get_current_cipher_suiteEPNS_6CYASSLE,CyaInt::CyaSSL_get_current_cipher_suite(CyaInt::CYASSL*),,0x2d38d4,28,FUNC,GLOBAL,DEFAULT,9,True
4998,_ZN10AS80gaE4zW10WkA0gaib6VEv,AS80gaE4zW::WkA0gaib6V(),,0x1d8678,76,FUNC,GLOBAL,DEFAULT,9,True
4999,crc32_combine,crc32_combine,,0x28d19c,4,FUNC,GLOBAL,DEFAULT,9,True
5000,_Z10_jfDMawvDwPKcSt9__va_list,"_jfDMawvDw(char const*, std::__va_list)",,0x214a78,1252,FUNC,GLOBAL,DEFAULT,9,True
5001,_ZN10w6qzgacqqy10hpnuLaXiazEv,w6qzgacqqy::hpnuLaXiaz(),,0x1ed85c,376,FUNC,GLOBAL,DEFAULT,9,True
5002,_Z10fq_0dbL7rpv,fq_0dbL7rp(),,0xe457c,40,FUNC,GLOBAL,DEFAULT,9,True
5003,_Z10aC0C_aG7qiv,aC0C_aG7qi(),,0x20ea94,40,FUNC,GLOBAL,DEFAULT,9,True
5004,_ZN10giqpgaXJ_pD0Ev,giqpgaXJ_p::~giqpgaXJ_p(),,0x213598,48,FUNC,WEAK,DEFAULT,9,True
5005,_ZN10fJ8VgaKXwRD2Ev,fJ8VgaKXwR::~fJ8VgaKXwR(),,0x24738c,68,FUNC,GLOBAL,DEFAULT,9,True
5006,jpeg_finish_compress,jpeg_finish_compress,,0x2a5500,360,FUNC,GLOBAL,DEFAULT,9,True
5007,_ZN10OOmzgapOmyD2Ev,OOmzgapOmy::~OOmzgapOmy(),,0xf0134,104,FUNC,GLOBAL,DEFAULT,9,True
5008,FT_Stream_ReadAt,FT_Stream_ReadAt,,0x25c54c,168,FUNC,GLOBAL,DEFAULT,9,True
5009,_ZN10W6NzgawMJy10iKOswaDiRVEb,W6NzgawMJy::iKOswaDiRV(bool),,0x17fa84,108,FUNC,WEAK,DEFAULT,9,True
5010,_ZN10_thLgaWjoI10j38Dwaneo4ERK10eY2wgaf6pw,_thLgaWjoI::j38Dwaneo4(eY2wgaf6pw const&),,0x1cbb8c,380,FUNC,GLOBAL,DEFAULT,9,True
5011,_ZN10ZAuvgaUl6u10jmyFHamwzlEv,ZAuvgaUl6u::jmyFHamwzl(),,0x2050d4,140,FUNC,GLOBAL,DEFAULT,9,True
5012,printf@LIBC (2),printf,LIBC (2),0x0,0,FUNC,GLOBAL,DEFAULT,UND,False
5013,_Z10pmIP2asW6Zv,pmIP2asW6Z(),,0x1bed3c,92,FUNC,GLOBAL,DEFAULT,9,True
5014,_ZThn16_N20o3AZxayNqcPropertiesD1Ev,non-virtual thunk to o3AZxayNqcProperties::~o3AZxayNqcProperties(),,0x1e7ba4,8,FUNC,WEAK,DEFAULT,9,True
5015,_ZN10W6NzgawMJy10P10qwaiulUEv,W6NzgawMJy::P10qwaiulU(),,0x175008,432,FUNC,GLOBAL,DEFAULT,9,True
5016,_ZN10NLT0HaSwmEC2Ev,NLT0HaSwmE::NLT0HaSwmE(),,0x1231c4,84,FUNC,GLOBAL,DEFAULT,9,True
5017,_ZN10SDrvgadS3uD0Ev,SDrvgadS3u::~SDrvgadS3u(),,0x1ffd78,32,FUNC,GLOBAL,DEFAULT,9,True
5018,_ZN10OV5NOaoBLl10tfvpgaJU3pEv,OV5NOaoBLl::tfvpgaJU3p(),,0x22ca58,64,FUNC,WEAK,DEFAULT,9,True
5019,_ZN10fJ8VgaKXwR10tIIEga1dSCEP10W6NzgawMJy,fJ8VgaKXwR::tIIEga1dSC(W6NzgawMJy*),,0x2473f0,444,FUNC,GLOBAL,DEFAULT,9,True
5020,_ZNK10C8THgaTQxF10nVCrgaSlRrERKS_,C8THgaTQxF::nVCrgaSlRr(C8THgaTQxF const&) const,,0xf4c5c,60,FUNC,GLOBAL,DEFAULT,9,True
5021,_ZN10oSV5gamiB_C2EPS_,oSV5gamiB_::oSV5gamiB_(oSV5gamiB_*),,0x1d43ec,48,FUNC,GLOBAL,DEFAULT,9,True
5022,_ZN10W6NzgawMJy10Q3v7IaUAWzERK10C8THgaTQxF,W6NzgawMJy::Q3v7IaUAWz(C8THgaTQxF const&),,0x1774e4,3344,FUNC,GLOBAL,DEFAULT,9,True
5023,_Z10BeyBga0pcAv,BeyBga0pcA(),,0x1dd91c,128,FUNC,GLOBAL,DEFAULT,9,True
5024,_ZN10ln7yHaeP9f10qI2W_aZThzEd,ln7yHaeP9f::qI2W_aZThz(double),,0x1cffa0,116,FUNC,GLOBAL,DEFAULT,9,True
5025,_Z10WHwPvaE7Xnv,WHwPvaE7Xn(),,0xfcf40,44,FUNC,GLOBAL,DEFAULT,9,True
5026,_ZN10DFeOfaFXSUD0Ev,DFeOfaFXSU::~DFeOfaFXSU(),,0x10f968,32,FUNC,GLOBAL,DEFAULT,9,True
5027,_ZN10OV5NOaoBLl10B8wpgaSu5pEv,OV5NOaoBLl::B8wpgaSu5p(),,0x22cb88,12,FUNC,WEAK,DEFAULT,9,True
5028,_ZN10eODlJaQ5OLC2EP10zF9VgaBKxR,eODlJaQ5OL::eODlJaQ5OL(zF9VgaBKxR*),,0x23f1ac,232,FUNC,GLOBAL,DEFAULT,9,True
5029,_ZN20_k_Bgam3zAPropertiesD0Ev,_k_Bgam3zAProperties::~_k_Bgam3zAProperties(),,0x1c9b44,56,FUNC,WEAK,DEFAULT,9,True
5030,_ZN10pdnkJaZ8KK10ULfmJaZSkMEi,pdnkJaZ8KK::ULfmJaZSkM(int),,0x2437c4,40,FUNC,GLOBAL,DEFAULT,9,True
5031,_ZN10gId5RaV8_6C1EP10zF9VgaBKxR,gId5RaV8_6::gId5RaV8_6(zF9VgaBKxR*),,0x248dec,76,FUNC,GLOBAL,DEFAULT,9,True
5032,_ZN10w9XxgaJdbx10jt2iIafHDTERK10cXoLgatBuI,w9XxgaJdbx::jt2iIafHDT(cXoLgatBuI const&),,0x1bcfd4,204,FUNC,GLOBAL,DEFAULT,9,True
5033,_ZN10EYKlVaL7URD2Ev,EYKlVaL7UR::~EYKlVaL7UR(),,0x1e0584,20,FUNC,WEAK,DEFAULT,9,True
5034,FT_Outline_Render,FT_Outline_Render,,0x2600cc,260,FUNC,GLOBAL,DEFAULT,9,True
5035,_ZN10eODlJaQ5OL10A_jZWanrceERK10C8THgaTQxF,eODlJaQ5OL::A_jZWanrce(C8THgaTQxF const&),,0x240860,52,FUNC,GLOBAL,DEFAULT,9,True
5036,_ZN10IUKzgam4Gy10DaPevaAF4TERK10C8THgaTQxF,IUKzgam4Gy::DaPevaAF4T(C8THgaTQxF const&),,0xe1b88,68,FUNC,GLOBAL,DEFAULT,9,True
5037,_ZN10wiULgacZUI10D5v_JanCcjE,wiULgacZUI::D5v_JanCcj,,0x39ffb0,8,OBJECT,GLOBAL,DEFAULT,19,True
5038,_ZN10W6NzgawMJy10t6QUga9hrQEv,W6NzgawMJy::t6QUga9hrQ(),,0x1a2a6c,500,FUNC,GLOBAL,DEFAULT,9,True
5039,_ZN10W6NzgawMJy10N2Fqxa6Z2JEv,W6NzgawMJy::N2Fqxa6Z2J(),,0x174f2c,220,FUNC,GLOBAL,DEFAULT,9,True
5040,_ZN10G0gxgajWBw5cloneEv,G0gxgajWBw::clone(),,0x219784,68,FUNC,GLOBAL,DEFAULT,9,True
5041,MpHWLal8ZWOnln2aNBfC,MpHWLal8ZWOnln2aNBfC,,0x3a3010,8,OBJECT,GLOBAL,DEFAULT,19,True
5042,_ZN10wiULgacZUI10uBXwKafLkLERK10C8THgaTQxFS2_,"wiULgacZUI::uBXwKafLkL(C8THgaTQxF const&, C8THgaTQxF const&)",,0xe90bc,172,FUNC,GLOBAL,DEFAULT,9,True
5043,_ZN10zW2NgaU4IKD0Ev,zW2NgaU4IK::~zW2NgaU4IK(),,0x21bcfc,32,FUNC,GLOBAL,DEFAULT,9,True
5044,_ZN10ohGYZakbFK10jfRMgatpIJEv,ohGYZakbFK::jfRMgatpIJ(),,0xe416c,8,FUNC,WEAK,DEFAULT,9,True
5045,_Z12Sha256UpdateP6Sha256PKhj,"Sha256Update(Sha256*, unsigned char const*, unsigned int)",,0x2d09a4,376,FUNC,GLOBAL,DEFAULT,9,True
5046,_ZN6CyaInt6mp_absEPNS_6mp_intES1_,"CyaInt::mp_abs(CyaInt::mp_int*, CyaInt::mp_int*)",,0x2c6e30,48,FUNC,GLOBAL,DEFAULT,9,True
5047,_ZN10ieJzgaIFFy10Q8KcHachlYEbbiRK10C8THgaTQxF,"ieJzgaIFFy::Q8KcHachlY(bool, bool, int, C8THgaTQxF const&)",,0x1636f0,268,FUNC,GLOBAL,DEFAULT,9,True
5048,_ZN10imqXgalNBSC2Ev,imqXgalNBS::imqXgalNBS(),,0x1e4a18,108,FUNC,GLOBAL,DEFAULT,9,True
5049,_Z10FlZHGaYdCxPf,FlZHGaYdCx(float*),,0x1e6060,100,FUNC,GLOBAL,DEFAULT,9,True
5050,_ZN10uzN1fatj7510OY5TgaPDOPEPhii,"uzN1fatj75::OY5TgaPDOP(unsigned char*, int, int)",,0x10c388,56,FUNC,GLOBAL,DEFAULT,9,True
5051,_ZN10G0gxgajWBw10rVjVga1mQQERK10C8THgaTQxFS2_PS_,"G0gxgajWBw::rVjVga1mQQ(C8THgaTQxF const&, C8THgaTQxF const&, G0gxgajWBw*)",,0x216e80,108,FUNC,GLOBAL,DEFAULT,9,True
5052,_Z9Md5UpdateP3Md5PKhj,"Md5Update(Md5*, unsigned char const*, unsigned int)",,0x2cbc9c,2828,FUNC,GLOBAL,DEFAULT,9,True
5053,_ZN6CyaInt13SetCipherListEPNS_6SuitesEPKc,"CyaInt::SetCipherList(CyaInt::Suites*, char const*)",,0x2d93bc,908,FUNC,GLOBAL,DEFAULT,9,True
5054,_ZTV10PfQXva4zXuIdE,vtable for PfQXva4zXu<double>,,0x3745b0,320,OBJECT,WEAK,DEFAULT,15,True
5055,Java_com_quattroplay_GraalClassic_Natives_onMouseEvent,Java_com_quattroplay_GraalClassic_Natives_onMouseEvent,,0x250aec,220,FUNC,GLOBAL,DEFAULT,9,True
5056,_ZN10psSDxavq9UD2Ev,psSDxavq9U::~psSDxavq9U(),,0x201c48,184,FUNC,GLOBAL,DEFAULT,9,True
5057,compress2,compress2,,0x28cb68,208,FUNC,GLOBAL,DEFAULT,9,True
5058,_ZN10W6NzgawMJy10EV5BwaeBF2Ev,W6NzgawMJy::EV5BwaeBF2(),,0x19c898,188,FUNC,GLOBAL,DEFAULT,9,True
5059,_ZneRK10C8THgaTQxFPKc,"operator!=(C8THgaTQxF const&, char const*)",,0xf3508,172,FUNC,GLOBAL,DEFAULT,9,True
5060,_ZN10awDo2aJRkDC1ERK10C8THgaTQxF,awDo2aJRkD::awDo2aJRkD(C8THgaTQxF const&),,0x1de7b8,100,FUNC,GLOBAL,DEFAULT,9,True
5061,_ZN10w6qzgacqqy10LPjGHaiidmERK10C8THgaTQxF,w6qzgacqqy::LPjGHaiidm(C8THgaTQxF const&),,0x1ec608,316,FUNC,GLOBAL,DEFAULT,9,True
5062,_ZN10AS80gaE4zW10PSMQgaNJ0MEv,AS80gaE4zW::PSMQgaNJ0M(),,0x1d733c,132,FUNC,GLOBAL,DEFAULT,9,True
5063,_ZN10BP3Kfa2PcSD0Ev,BP3Kfa2PcS::~BP3Kfa2PcS(),,0x10ac7c,32,FUNC,GLOBAL,DEFAULT,9,True
5064,_ZN20GbMhIaz9ySPropertiesC2Ev,GbMhIaz9ySProperties::GbMhIaz9ySProperties(),,0x1c0684,176,FUNC,GLOBAL,DEFAULT,9,True
5065,_ZN20Kc8uganwOuPropertiesC2Ev,Kc8uganwOuProperties::Kc8uganwOuProperties(),,0x169220,156,FUNC,GLOBAL,DEFAULT,9,True
5066,_ZN10Fcx_gaoydVC1ERKS_,Fcx_gaoydV::Fcx_gaoydV(Fcx_gaoydV const&),,0x1154c8,204,FUNC,GLOBAL,DEFAULT,9,True
5067,_ZN10a7qxJaHqKV10EGmFDaCHpZEv,a7qxJaHqKV::EGmFDaCHpZ(),,0x15fdec,40,FUNC,GLOBAL,DEFAULT,9,True
5068,FT_Angle_Diff,FT_Angle_Diff,,0x25d984,92,FUNC,GLOBAL,DEFAULT,9,True
5069,_ZN10nenvgaH9_u10B3xXfaLgI1ERK10C8THgaTQxF,nenvgaH9_u::B3xXfaLgI1(C8THgaTQxF const&),,0xf1c6c,384,FUNC,GLOBAL,DEFAULT,9,True
5070,_ZN10Kv6ugas5Mu10R9Hyfb3LOHERK10C8THgaTQxF,Kv6ugas5Mu::R9Hyfb3LOH(C8THgaTQxF const&),,0x110e30,328,FUNC,GLOBAL,DEFAULT,9,True
5071,_ZN10GbMhIaz9yS10A0NHLadHsKEi,GbMhIaz9yS::A0NHLadHsK(int),,0x1c1fdc,168,FUNC,GLOBAL,DEFAULT,9,True
5072,_Z10v2vBqbJza_i,v2vBqbJza_(int),,0x190238,36,FUNC,GLOBAL,DEFAULT,9,True
5073,_ZN20_thLgaWjoIPropertiesC2Ev,_thLgaWjoIProperties::_thLgaWjoIProperties(),,0x1cb60c,176,FUNC,GLOBAL,DEFAULT,9,True
5074,_ZN10Q8n_Fa6V5WC2ERK10C8THgaTQxF,Q8n_Fa6V5W::Q8n_Fa6V5W(C8THgaTQxF const&),,0x1ca880,52,FUNC,GLOBAL,DEFAULT,9,True
5075,_ZN10IMzlIaJILV10WzcJAa0bEvERK10C8THgaTQxF,IMzlIaJILV::WzcJAa0bEv(C8THgaTQxF const&),,0x19bd2c,672,FUNC,GLOBAL,DEFAULT,9,True
5076,_ZN10_5EhmbQbtmD2Ev,_5EhmbQbtm::~_5EhmbQbtm(),,0x122460,144,FUNC,GLOBAL,DEFAULT,9,True
5077,_ZN10bNZvga2AwvD1Ev,bNZvga2Awv::~bNZvga2Awv(),,0xf0d04,368,FUNC,GLOBAL,DEFAULT,9,True
5078,_ZN10NLT0HaSwmEC2ERKS_,NLT0HaSwmE::NLT0HaSwmE(NLT0HaSwmE const&),,0x12325c,80,FUNC,GLOBAL,DEFAULT,9,True
5079,_ZN10Kc8uganwOu10pH_0fadms5Ev,Kc8uganwOu::pH_0fadms5(),,0x169964,520,FUNC,GLOBAL,DEFAULT,9,True
5080,t_VmyagpUw,t_VmyagpUw,,0x38b270,4,OBJECT,GLOBAL,DEFAULT,18,True
5081,_ZN10C8THgaTQxFaSERKS_,C8THgaTQxF::operator=(C8THgaTQxF const&),,0xf2760,88,FUNC,GLOBAL,DEFAULT,9,True
5082,glTexSubImage2D,glTexSubImage2D,,0x0,0,FUNC,GLOBAL,DEFAULT,UND,False
5083,DGifGetLZCodes,DGifGetLZCodes,,0x2bb880,652,FUNC,GLOBAL,DEFAULT,9,True
5084,_ZN10EqV_Ka3Vx9D2Ev,EqV_Ka3Vx9::~EqV_Ka3Vx9(),,0x1b3194,116,FUNC,WEAK,DEFAULT,9,True
5085,_ZN20W6NzgawMJyPropertiesD0Ev,W6NzgawMJyProperties::~W6NzgawMJyProperties(),,0x17f900,56,FUNC,WEAK,DEFAULT,9,True
5086,_ZN10ULeBJaZ1WY10V9SAJa70DYERK10C8THgaTQxFS2_ff,"ULeBJaZ1WY::V9SAJa70DY(C8THgaTQxF const&, C8THgaTQxF const&, float, float)",,0x242708,308,FUNC,GLOBAL,DEFAULT,9,True
5087,memcmp@LIBC (2),memcmp,LIBC (2),0x0,0,FUNC,GLOBAL,DEFAULT,UND,False
5088,_ZN10G0gxgajWBw10tpNgMa2aKdEv,G0gxgajWBw::tpNgMa2aKd(),,0x215e40,16,FUNC,GLOBAL,DEFAULT,9,True
5089,_ZN10znLtuaytEf10VBZsMaAr_nEiRK10C8THgaTQxF,"znLtuaytEf::VBZsMaAr_n(int, C8THgaTQxF const&)",,0x16ab54,152,FUNC,GLOBAL,DEFAULT,9,True
5090,_ZN10RH6ygazf9xD0Ev,RH6ygazf9x::~RH6ygazf9x(),,0x20f04c,32,FUNC,GLOBAL,DEFAULT,9,True
5091,__cxa_pure_virtual@LIBC_O (4),__cxa_pure_virtual,LIBC_O (4),0x0,0,FUNC,GLOBAL,DEFAULT,UND,False
5092,_ZN20ln7yHaeP9fPropertiesD0Ev,ln7yHaeP9fProperties::~ln7yHaeP9fProperties(),,0x1d012c,56,FUNC,WEAK,DEFAULT,9,True
5093,jpeg_write_tables,jpeg_write_tables,,0x2a57ac,136,FUNC,GLOBAL,DEFAULT,9,True
5094,_ZN10bNZvga2Awv10jctF_aXavkEv,bNZvga2Awv::jctF_aXavk(),,0xf17b8,168,FUNC,GLOBAL,DEFAULT,9,True
5095,_ZN10xqXr6a2B71C2Ev,xqXr6a2B71::xqXr6a2B71(),,0x19b270,112,FUNC,GLOBAL,DEFAULT,9,True
5096,_ZN10G0gxgajWBw10XmPXfa5PW1Ev,G0gxgajWBw::XmPXfa5PW1(),,0xe77b8,48,FUNC,WEAK,DEFAULT,9,True
5097,_ZN10MpGzgariDy10zyGwKaIp6KERK10C8THgaTQxF,MpGzgariDy::zyGwKaIp6K(C8THgaTQxF const&),,0x1927a0,804,FUNC,GLOBAL,DEFAULT,9,True
5098,_ZN10c76BgaJBGAD2Ev,c76BgaJBGA::~c76BgaJBGA(),,0x22cc48,116,FUNC,GLOBAL,DEFAULT,9,True
5099,_ZN10w9XxgaJdbx10j9gLgaw2nIEv,w9XxgaJdbx::j9gLgaw2nI(),,0x1b8cfc,620,FUNC,GLOBAL,DEFAULT,9,True
5100,FT_Outline_Reverse,FT_Outline_Reverse,,0x25bc4c,180,FUNC,GLOBAL,DEFAULT,9,True
5101,_ZN10QPh5pbnC3yD2Ev,QPh5pbnC3y::~QPh5pbnC3y(),,0xe37ac,88,FUNC,GLOBAL,DEFAULT,9,True
5102,_ZN10w7keKa2nGv10KQm_ga7P4UEv,w7keKa2nGv::KQm_ga7P4U(),,0x23ab94,408,FUNC,GLOBAL,DEFAULT,9,True
5103,_Z13jpeg_mem_termP18jpeg_common_struct,jpeg_mem_term(jpeg_common_struct*),,0x2a23b0,4,FUNC,GLOBAL,DEFAULT,9,True
5104,FT_Render_Glyph,FT_Render_Glyph,,0x25fc08,36,FUNC,GLOBAL,DEFAULT,9,True
5105,_ZN10TZf6gaQ3S_10XK8OfabZDVEv,TZf6gaQ3S_::XK8OfabZDV(),,0x110488,52,FUNC,GLOBAL,DEFAULT,9,True
5106,_ZN10ZAuvgaUl6u10OtjFHaQ_mlEv,ZAuvgaUl6u::OtjFHaQ_ml(),,0x205958,2748,FUNC,GLOBAL,DEFAULT,9,True
5107,_ZN10D6TlgajP1m10M203Ha_u_GERK10C8THgaTQxFb,"D6TlgajP1m::M203Ha_u_G(C8THgaTQxF const&, bool)",,0x21eaa0,228,FUNC,GLOBAL,DEFAULT,9,True
5108,_ZN20imqXgalNBSPropertiesC2Ev,imqXgalNBSProperties::imqXgalNBSProperties(),,0x1e47a0,176,FUNC,GLOBAL,DEFAULT,9,True
5109,_ZN10gqiNgaG64J10IWJMga2fCJERK10C8THgaTQxFbi,"gqiNgaG64J::IWJMga2fCJ(C8THgaTQxF const&, bool, int)",,0xe4114,4,FUNC,WEAK,DEFAULT,9,True
5110,_ZN10ZPvEDawoHY10jAiwga8eNvERK10cXoLgatBuI,ZPvEDawoHY::jAiwga8eNv(cXoLgatBuI const&),,0x1bf850,40,FUNC,GLOBAL,DEFAULT,9,True
5111,_ZN10ApdygafUoxC1EP10c3fygag7qx,ApdygafUox::ApdygafUox(c3fygag7qx*),,0x1dd52c,100,FUNC,GLOBAL,DEFAULT,9,True
5112,_ZN10VGk7faT0Ma10j9gLgaw2nIEv,VGk7faT0Ma::j9gLgaw2nI(),,0x1e50fc,332,FUNC,GLOBAL,DEFAULT,9,True
5113,_ZN10tJIwIaYe8310ibwOFabH6MERK10C8THgaTQxF,tJIwIaYe83::ibwOFabH6M(C8THgaTQxF const&),,0x23ce24,204,FUNC,GLOBAL,DEFAULT,9,True
5114,_ZN10mTAogaaEip10PLsqPaUOSSERK10C8THgaTQxFS2_d,"mTAogaaEip::PLsqPaUOSS(C8THgaTQxF const&, C8THgaTQxF const&, double)",,0x227084,596,FUNC,GLOBAL,DEFAULT,9,True
5115,_ZN10eODlJaQ5OL10jqR8WaJy3mEi,eODlJaQ5OL::jqR8WaJy3m(int),,0x23f3d0,12,FUNC,GLOBAL,DEFAULT,9,True
5116,Java_com_quattroplay_GraalClassic_Natives_onInvokeEvent,Java_com_quattroplay_GraalClassic_Natives_onInvokeEvent,,0x253380,452,FUNC,GLOBAL,DEFAULT,9,True
5117,_ZN10RZNxgaOF2wD0Ev,RZNxgaOF2w::~RZNxgaOF2w(),,0x1e09e4,32,FUNC,GLOBAL,DEFAULT,9,True
5118,_ZN10_WevgakbUu10vDdFEaX4hPERK10C8THgaTQxF,_WevgakbUu::vDdFEaX4hP(C8THgaTQxF const&),,0x108288,60,FUNC,GLOBAL,DEFAULT,9,True
5119,_ZN10zF9VgaBKxR10LLeWmbQ1BUEP10nenvgaH9_ub,"zF9VgaBKxR::LLeWmbQ1BU(nenvgaH9_u*, bool)",,0x1a79c0,576,FUNC,GLOBAL,DEFAULT,9,True
5120,_ZN6CyaInt11CyaSSL_freeEPNS_6CYASSLE,CyaInt::CyaSSL_free(CyaInt::CYASSL*),,0x2d0f5c,12,FUNC,GLOBAL,DEFAULT,9,True
5121,_ZN10CanTfaz6bZ10OZpSjbLtokERK10C8THgaTQxF,CanTfaz6bZ::OZpSjbLtok(C8THgaTQxF const&),,0xf8d00,224,FUNC,GLOBAL,DEFAULT,9,True
5122,_ZTV10KGeN2aIY1X,vtable for KGeN2aIY1X,,0x37dab0,96,OBJECT,WEAK,DEFAULT,15,True
5123,_ZN10zF9VgaBKxR10SDVXmbj60VEP10W6NzgawMJy,zF9VgaBKxR::SDVXmbj60V(W6NzgawMJy*),,0x1a6488,356,FUNC,GLOBAL,DEFAULT,9,True
5124,_ZN10mTAogaaEip10i9OHOapEtgER10C8THgaTQxF,mTAogaaEip::i9OHOapEtg(C8THgaTQxF&),,0x228164,1936,FUNC,GLOBAL,DEFAULT,9,True
5125,_ZN10ZAuvgaUl6u10_xWAgaiSGzEv,ZAuvgaUl6u::_xWAgaiSGz(),,0x207db8,1168,FUNC,GLOBAL,DEFAULT,9,True
5126,_ZTV20V8fxgahcBwProperties,vtable for V8fxgahcBwProperties,,0x3730f0,88,OBJECT,WEAK,DEFAULT,15,True
5127,_ZN10t545gajUJ_10IGa6gaABO_ERK10C8THgaTQxF,t545gajUJ_::IGa6gaABO_(C8THgaTQxF const&),,0x1d42d0,40,FUNC,GLOBAL,DEFAULT,9,True
5128,_ZN10EqV_Ka3Vx9C1Ev,EqV_Ka3Vx9::EqV_Ka3Vx9(),,0x1b2448,112,FUNC,GLOBAL,DEFAULT,9,True
5129,_ZN10c76BgaJBGA10_TCjIaUk7TEv,c76BgaJBGA::_TCjIaUk7T(),,0x22e568,480,FUNC,GLOBAL,DEFAULT,9,True
5130,_ZN10LJyzga9Pwy10OaKEgaRsTCEv,LJyzga9Pwy::OaKEgaRsTC(),,0x1090b4,88,FUNC,GLOBAL,DEFAULT,9,True
5131,_ZN10NiVAFatPFB10qstsLaCozxEi,NiVAFatPFB::qstsLaCozx(int),,0xed6b4,200,FUNC,GLOBAL,DEFAULT,9,True
5132,FT_List_Remove,FT_List_Remove,,0x25f8a8,44,FUNC,GLOBAL,DEFAULT,9,True
5133,_ZN20ZAuvgaUl6uPropertiesD2Ev,ZAuvgaUl6uProperties::~ZAuvgaUl6uProperties(),,0x208248,28,FUNC,WEAK,DEFAULT,9,True
5134,_ZN10NLT0HaSwmE10hS36BafSyGERKS_,NLT0HaSwmE::hS36BafSyG(NLT0HaSwmE const&),,0x123218,68,FUNC,GLOBAL,DEFAULT,9,True
5135,_ZN10Fcx_gaoydV10SzGlKaXqRBENS_10ke4ZKaKaQ8E,Fcx_gaoydV::SzGlKaXqRB(Fcx_gaoydV::ke4ZKaKaQ8),,0x115d1c,1740,FUNC,GLOBAL,DEFAULT,9,True
5136,_ZN10vy1JgaKVkH6RemoveEPv,vy1JgaKVkH::Remove(void*),,0xedb7c,72,FUNC,GLOBAL,DEFAULT,9,True
5137,_ZN10C8THgaTQxFixEi,C8THgaTQxF::operator[](int),,0xf3210,60,FUNC,GLOBAL,DEFAULT,9,True
5138,Java_com_quattroplay_GraalClassic_Natives_onAppPause,Java_com_quattroplay_GraalClassic_Natives_onAppPause,,0x251c04,72,FUNC,GLOBAL,DEFAULT,9,True
5139,__errno@LIBC (2),__errno,LIBC (2),0x0,0,FUNC,GLOBAL,DEFAULT,UND,False
5140,_ZN10k1h4JaIMdn10JhjWgazQFREv,k1h4JaIMdn::JhjWgazQFR(),,0x2486bc,152,FUNC,GLOBAL,DEFAULT,9,True
5141,_ZN20o3AZxayNqcPropertiesD1Ev,o3AZxayNqcProperties::~o3AZxayNqcProperties(),,0x1e7b88,28,FUNC,WEAK,DEFAULT,9,True
5142,_ZN20ln7yHaeP9fPropertiesC2Ev,ln7yHaeP9fProperties::ln7yHaeP9fProperties(),,0x1ce3d8,156,FUNC,GLOBAL,DEFAULT,9,True
5143,_ZN10ieJzgaIFFy10KgGQfbQaWWEiiii,"ieJzgaIFFy::KgGQfbQaWW(int, int, int, int)",,0x166550,956,FUNC,GLOBAL,DEFAULT,9,True
5144,z4ff9az8ro,z4ff9az8ro,,0x38e4a0,128,OBJECT,GLOBAL,DEFAULT,18,True
5145,_ZN10SU3JfaCUmR10uwBIfa2a8PEf,SU3JfaCUmR::uwBIfa2a8P(float),,0x10c6b4,8,FUNC,GLOBAL,DEFAULT,9,True
5146,_Z10csoz2aoboMv,csoz2aoboM(),,0x1dc0cc,128,FUNC,GLOBAL,DEFAULT,9,True
5147,_ZN10GaA2gaD2MX10LK9ofa5OMzEib,"GaA2gaD2MX::LK9ofa5OMz(int, bool)",,0x16ca8c,60,FUNC,GLOBAL,DEFAULT,9,True
5148,_ZN10R_MvgaEQlv10OGNvgaMpmvEv,R_MvgaEQlv::OGNvgaMpmv(),,0xec800,48,FUNC,GLOBAL,DEFAULT,9,True
5149,_ZN10W6NzgawMJy10rWWjwaSboOEv,W6NzgawMJy::rWWjwaSboO(),,0x19f86c,300,FUNC,GLOBAL,DEFAULT,9,True
5150,_ZN10G0gxgajWBw10HHw5Mav7fVERK10CanTfaz6bZ,G0gxgajWBw::HHw5Mav7fV(CanTfaz6bZ const&),,0x214124,128,FUNC,GLOBAL,DEFAULT,9,True
5151,_ZN10CDPvgaY2nv10Ael5MaUt6UERK10C8THgaTQxF,CDPvgaY2nv::Ael5MaUt6U(C8THgaTQxF const&),,0xe9194,676,FUNC,GLOBAL,DEFAULT,9,True
5152,_ZN6CyaInt15SendClientHelloEPNS_6CYASSLE,CyaInt::SendClientHello(CyaInt::CYASSL*),,0x2d9748,800,FUNC,GLOBAL,DEFAULT,9,True
5153,_ZN10GaA2gaD2MX10byZsfako_CEib,"GaA2gaD2MX::byZsfako_C(int, bool)",,0x16d01c,176,FUNC,GLOBAL,DEFAULT,9,True
5154,_Z10AbDy2anAKLv,AbDy2anAKL(),,0x1e54c4,128,FUNC,GLOBAL,DEFAULT,9,True
5155,_ZN10EqV_Ka3Vx910ZCBDgaugWBERK10eY2wgaf6pw,EqV_Ka3Vx9::ZCBDgaugWB(eY2wgaf6pw const&),,0x1b2b34,1104,FUNC,GLOBAL,DEFAULT,9,True
5156,_ZNK10vuuHgangcF10IA7WHax_lAERK10C8THgaTQxFj,"vuuHgangcF::IA7WHax_lA(C8THgaTQxF const&, unsigned int) const",,0xf7ef4,524,FUNC,GLOBAL,DEFAULT,9,True
5157,_ZN10X7DzgannBy10SX_x_a8zdeEv,X7DzgannBy::SX_x_a8zde(),,0x196e4c,132,FUNC,GLOBAL,DEFAULT,9,True
5158,_ZN10SDrvgadS3u10VOtvgawH5uERK10C8THgaTQxF,SDrvgadS3u::VOtvgawH5u(C8THgaTQxF const&),,0x200f68,92,FUNC,GLOBAL,DEFAULT,9,True
5159,_ZN10W6NzgawMJy10gkQVgaDDgREv,W6NzgawMJy::gkQVgaDDgR(),,0x1708dc,116,FUNC,GLOBAL,DEFAULT,9,True
5160,_ZN10fUWH_a_9zm10KBnH_apt6lERK10C8THgaTQxF,fUWH_a_9zm::KBnH_apt6l(C8THgaTQxF const&),,0x113888,136,FUNC,GLOBAL,DEFAULT,9,True
5161,_ZN10SDrvgadS3u10TaMglbQ8IvEv,SDrvgadS3u::TaMglbQ8Iv(),,0x200e38,304,FUNC,GLOBAL,DEFAULT,9,True
5162,_ZN10GaA2gaD2MX10dT2jga71tlEv,GaA2gaD2MX::dT2jga71tl(),,0x16cc50,112,FUNC,GLOBAL,DEFAULT,9,True
5163,_ZN10psSDxavq9U10GicwSasYHtERK10C8THgaTQxF,psSDxavq9U::GicwSasYHt(C8THgaTQxF const&),,0x2039e8,616,FUNC,GLOBAL,DEFAULT,9,True
5164,_ZN10w9XxgaJdbx10PuTQMaHi6HERK10cXoLgatBuIb,"w9XxgaJdbx::PuTQMaHi6H(cXoLgatBuI const&, bool)",,0x1b82f4,156,FUNC,GLOBAL,DEFAULT,9,True
5165,_ZN10MpGzgariDy10rgGswaraKVEb,MpGzgariDy::rgGswaraKV(bool),,0x18ea44,8,FUNC,WEAK,DEFAULT,9,True
5166,glGenTextures,glGenTextures,,0x0,0,FUNC,GLOBAL,DEFAULT,UND,False
5167,_Z20VGk7faT0MaE7Bm2aaHDBRK10C8THgaTQxF,VGk7faT0MaE7Bm2aaHDB(C8THgaTQxF const&),,0x1e5288,48,FUNC,GLOBAL,DEFAULT,9,True
5168,_ZN10zF9VgaBKxR10f3PQRajp3UEddb,"zF9VgaBKxR::f3PQRajp3U(double, double, bool)",,0x1aefe0,444,FUNC,GLOBAL,DEFAULT,9,True
5169,_ZN6CyaInt15EncodeSignatureEPhPKhji,"CyaInt::EncodeSignature(unsigned char*, unsigned char const*, unsigned int, int)",,0x2c3664,680,FUNC,GLOBAL,DEFAULT,9,True
5170,_ZN10G0gxgajWBw10krOlgaG2XmEid,"G0gxgajWBw::krOlgaG2Xm(int, double)",,0x21a970,156,FUNC,GLOBAL,DEFAULT,9,True
5171,wJtUfaVC7Z,wJtUfaVC7Z,,0x3a5078,1,OBJECT,GLOBAL,DEFAULT,19,True
5172,_ZN10eODlJaQ5OL10AZ3YWarYZdERK10C8THgaTQxF,eODlJaQ5OL::AZ3YWarYZd(C8THgaTQxF const&),,0x2407d0,144,FUNC,GLOBAL,DEFAULT,9,True
5173,_ZN10s_viIa9wbT10Q1JjIajldUEv,s_viIa9wbT::Q1JjIajldU(),,0x16c3a0,296,FUNC,GLOBAL,DEFAULT,9,True
5174,_ZN10xiYWfajld110BnLhIaAtySEv,xiYWfajld1::BnLhIaAtyS(),,0x208738,112,FUNC,GLOBAL,DEFAULT,9,True
5175,_ZN10LJyzga9Pwy7openURLERK10C8THgaTQxFb,"LJyzga9Pwy::openURL(C8THgaTQxF const&, bool)",,0x1090ac,8,FUNC,GLOBAL,DEFAULT,9,True
5176,_ZN10w6qzgacqqyC2ERK10C8THgaTQxF,w6qzgacqqy::w6qzgacqqy(C8THgaTQxF const&),,0x1eb908,208,FUNC,GLOBAL,DEFAULT,9,True
5177,_ZTV10gqiNgaG64J,vtable for gqiNgaG64J,,0x371a50,160,OBJECT,WEAK,DEFAULT,15,True
5178,_ZN10mTAogaaEip10SeLnPabmBQEib,"mTAogaaEip::SeLnPabmBQ(int, bool)",,0x21fe0c,176,FUNC,GLOBAL,DEFAULT,9,True
5179,_ZN10Fcx_gaoydVD0Ev,Fcx_gaoydV::~Fcx_gaoydV(),,0x115724,32,FUNC,GLOBAL,DEFAULT,9,True
5180,_ZTV20GbMhIaz9ySProperties,vtable for GbMhIaz9ySProperties,,0x377da0,88,OBJECT,WEAK,DEFAULT,15,True
5181,_ZN10_thLgaWjoI10umViIaxSwTERK10cXoLgatBuI,_thLgaWjoI::umViIaxSwT(cXoLgatBuI const&),,0x1cbf80,288,FUNC,GLOBAL,DEFAULT,9,True
5182,_ZN20e4ZYfa8PV2PropertiesD1Ev,e4ZYfa8PV2Properties::~e4ZYfa8PV2Properties(),,0x236d18,28,FUNC,WEAK,DEFAULT,9,True
5183,_ZN10LJyzga9Pwy10aTSrJaZM3QEv,LJyzga9Pwy::aTSrJaZM3Q(),,0x10a5dc,8,FUNC,GLOBAL,DEFAULT,9,True
5184,_ZN20VGk7faT0MaPropertiesC1Ev,VGk7faT0MaProperties::VGk7faT0MaProperties(),,0x1e500c,240,FUNC,GLOBAL,DEFAULT,9,True
5185,_ZN10LJyzga9Pwy10UHGEgaCxQCERK10C8THgaTQxF,LJyzga9Pwy::UHGEgaCxQC(C8THgaTQxF const&),,0x10ab6c,4,FUNC,WEAK,DEFAULT,9,True
5186,_Z10bmxKwakGL9v,bmxKwakGL9(),,0x1ce154,152,FUNC,GLOBAL,DEFAULT,9,True
5187,_ZN10mTAogaaEip10ytQVPauLgiEv,mTAogaaEip::ytQVPauLgi(),,0x226bc0,72,FUNC,GLOBAL,DEFAULT,9,True
5188,_ZN10K7FLgag3II10y_clMafyshE,K7FLgag3II::y_clMafysh,,0x38e15e,1,OBJECT,GLOBAL,DEFAULT,18,True
5189,_ZN10w6qzgacqqyD1Ev,w6qzgacqqy::~w6qzgacqqy(),,0x1eb36c,84,FUNC,GLOBAL,DEFAULT,9,True
5190,_ZN10_k_Bgam3zA10dJWBgaC0wAEb,_k_Bgam3zA::dJWBgaC0wA(bool),,0x1c6b40,340,FUNC,GLOBAL,DEFAULT,9,True
5191,_ZN10s_YwgafWlw10_7bwgaqPHvERK10eY2wgaf6pwS2_bb,"s_YwgafWlw::_7bwgaqPHv(eY2wgaf6pw const&, eY2wgaf6pw const&, bool, bool)",,0x1daec0,268,FUNC,GLOBAL,DEFAULT,9,True
5192,_ZN10_HTugbItBuD0Ev,_HTugbItBu::~_HTugbItBu(),,0x169044,48,FUNC,WEAK,DEFAULT,9,True
5193,_ZN10e4ZYfa8PV210JGEjIaHQ8TEd,e4ZYfa8PV2::JGEjIaHQ8T(double),,0x234be0,60,FUNC,GLOBAL,DEFAULT,9,True
5194,_ZN10w9XxgaJdbx10B3qB1aLn6XEi,w9XxgaJdbx::B3qB1aLn6X(int),,0x1beb9c,64,FUNC,GLOBAL,DEFAULT,9,True
5195,_ZN10SyVo2a61zDD2Ev,SyVo2a61zD::~SyVo2a61zD(),,0x1ddee0,32,FUNC,GLOBAL,DEFAULT,9,True
5196,_ZN10W6NzgawMJy10CC0_Ga77CNERK10C8THgaTQxF,W6NzgawMJy::CC0_Ga77CN(C8THgaTQxF const&),,0x1762dc,80,FUNC,GLOBAL,DEFAULT,9,True
5197,_ZN10W6NzgawMJy10qFpnwascjREv,W6NzgawMJy::qFpnwascjR(),,0x178200,252,FUNC,GLOBAL,DEFAULT,9,True
5198,_ZN10GbMhIaz9yS10EMYBMazKyvEv,GbMhIaz9yS::EMYBMazKyv(),,0x1c0f54,40,FUNC,GLOBAL,DEFAULT,9,True
5199,_ZN10KcKRganuPN10AYiOfaBzWUE,KcKRganuPN::AYiOfaBzWU,,0x38a19c,1,OBJECT,GLOBAL,DEFAULT,18,True
5200,_ZN10HtZ2_aJk7E10O70xgakzexEfffff,"HtZ2_aJk7E::O70xgakzex(float, float, float, float, float)",,0x1061b8,4,FUNC,WEAK,DEFAULT,9,True
5201,_Z10OYaS2aPQb1v,OYaS2aPQb1(),,0x20dab4,76,FUNC,GLOBAL,DEFAULT,9,True
5202,_ZThn16_N20w6qzgacqqyPropertiesD0Ev,non-virtual thunk to w6qzgacqqyProperties::~w6qzgacqqyProperties(),,0x1f76a4,8,FUNC,WEAK,DEFAULT,9,True
5203,_ZN10G0gxgajWBw10KerMMa3wmEEP10vuuHgangcF,G0gxgajWBw::KerMMa3wmE(vuuHgangcF*),,0x21a64c,484,FUNC,GLOBAL,DEFAULT,9,True
5204,_ZN10X0HXmbuEQVD0Ev,X0HXmbuEQV::~X0HXmbuEQV(),,0x249f34,48,FUNC,WEAK,DEFAULT,9,True
5205,_ZN10w9XxgaJdbx10EFcJFaGgEIEf,w9XxgaJdbx::EFcJFaGgEI(float),,0x1beb14,64,FUNC,GLOBAL,DEFAULT,9,True
5206,_ZN10oMhmIajzmW10FA8HfaAQKPERK10lKR7faAPdb,oMhmIajzmW::FA8HfaAQKP(lKR7faAPdb const&),,0x100a54,4,FUNC,WEAK,DEFAULT,9,True
5207,_ZN10mTAogaaEip10YQFBPafPi1E,mTAogaaEip::YQFBPafPi1,,0x3a5318,1,OBJECT,GLOBAL,DEFAULT,19,True
5208,mallinfo@LIBC (2),mallinfo,LIBC (2),0x0,0,FUNC,GLOBAL,DEFAULT,UND,False
5209,_ZN10e4ZYfa8PV210q7CfLaXwLmEv,e4ZYfa8PV2::q7CfLaXwLm(),,0x23692c,172,FUNC,GLOBAL,DEFAULT,9,True
5210,DGifGetExtensionNext,DGifGetExtensionNext,,0x2bb1e0,232,FUNC,GLOBAL,DEFAULT,9,True
5211,_ZN10xiYWfajld110OcLpLarkhvE,xiYWfajld1::OcLpLarkhv,,0x3a4d60,8,OBJECT,GLOBAL,DEFAULT,19,True
5212,FT_CMap_Done,FT_CMap_Done,,0x25eec4,356,FUNC,GLOBAL,DEFAULT,9,True
5213,_ZN10tJIwIaYe8310GboOFazY_MERK10C8THgaTQxF10RiQ7IaxCcAP10G0gxgajWBw,"tJIwIaYe83::GboOFazY_M(C8THgaTQxF const&, RiQ7IaxCcA, G0gxgajWBw*)",,0x23d0ac,92,FUNC,GLOBAL,DEFAULT,9,True
5214,_ZN10W6NzgawMJy10grzpwawq7SEi,W6NzgawMJy::grzpwawq7S(int),,0x1711cc,204,FUNC,GLOBAL,DEFAULT,9,True
5215,_Z10HWyrga7_Nrv,HWyrga7_Nr(),,0x2130b0,20,FUNC,GLOBAL,DEFAULT,9,True
5216,_ZN10w6qzgacqqy10Mc0JxapNj_E,w6qzgacqqy::Mc0JxapNj_,,0x3a36c0,8,OBJECT,GLOBAL,DEFAULT,19,True
5217,_ZTV10BP3Kfa2PcS,vtable for BP3Kfa2PcS,,0x3728f0,368,OBJECT,WEAK,DEFAULT,15,True
5218,_ZN10yO8PSaf1tKC2Ev,yO8PSaf1tK::yO8PSaf1tK(),,0x1a51c8,136,FUNC,GLOBAL,DEFAULT,9,True
5219,_ZN10OYYKfaPU7R10wk8UYaTCGRERfS0_S0_S0_S0_S0_S0_S0_,"OYYKfaPU7R::wk8UYaTCGR(float&, float&, float&, float&, float&, float&, float&, float&)",,0x10119c,516,FUNC,GLOBAL,DEFAULT,9,True
5220,hEDwJatY3U,hEDwJatY3U,,0x38a194,4,OBJECT,GLOBAL,DEFAULT,18,True
5221,_ZThn16_N20VGk7faT0MaPropertiesD1Ev,non-virtual thunk to VGk7faT0MaProperties::~VGk7faT0MaProperties(),,0x1e5740,8,FUNC,WEAK,DEFAULT,9,True
5222,_ZN10giqpgaXJ_p10tfvpgaJU3pEv,giqpgaXJ_p::tfvpgaJU3p(),,0x2132a0,124,FUNC,WEAK,DEFAULT,9,True
5223,_Z10A5RLgaq7SIPviiii,"A5RLgaq7SI(void*, int, int, int, int)",,0x252d48,180,FUNC,GLOBAL,DEFAULT,9,True
5224,_ZN10SU3JfaCUmR10eR3LfamR2SEffff,"SU3JfaCUmR::eR3LfamR2S(float, float, float, float)",,0x10cbec,1164,FUNC,GLOBAL,DEFAULT,9,True
5225,tolower@LIBC (2),tolower,LIBC (2),0x0,0,FUNC,GLOBAL,DEFAULT,UND,False
5226,sinf@LIBC (3),sinf,LIBC (3),0x0,0,FUNC,GLOBAL,DEFAULT,UND,False
5227,_ZThn16_N20mH33wa4I1qPropertiesD0Ev,non-virtual thunk to mH33wa4I1qProperties::~mH33wa4I1qProperties(),,0x237494,8,FUNC,WEAK,DEFAULT,9,True
5228,_ZN10s_YwgafWlw10cWRxgaDZ5wEv,s_YwgafWlw::cWRxgaDZ5w(),,0x1db880,88,FUNC,GLOBAL,DEFAULT,9,True
5229,_ZN10awDo2aJRkDC2Ev,awDo2aJRkD::awDo2aJRkD(),,0x1de84c,152,FUNC,GLOBAL,DEFAULT,9,True
5230,_ZN10uK2SHaPVVw10UulXHaGHxAERK10C8THgaTQxF,uK2SHaPVVw::UulXHaGHxA(C8THgaTQxF const&),,0x20de04,96,FUNC,GLOBAL,DEFAULT,9,True
5231,_ZN10yL3_IaDMFt10sis3Ha8pwGERK10C8THgaTQxF,yL3_IaDMFt::sis3Ha8pwG(C8THgaTQxF const&),,0xec210,156,FUNC,GLOBAL,DEFAULT,9,True
5232,_Z10IDoQ2a9kH_v,IDoQ2a9kH_(),,0x195b60,48,FUNC,GLOBAL,DEFAULT,9,True
5233,_ZN10n_rGfa49jO10IBFembnCXjEv,n_rGfa49jO::IBFembnCXj(),,0x123150,8,FUNC,WEAK,DEFAULT,9,True
5234,RGiAvaPk9a,RGiAvaPk9a,,0x3a0e80,248,OBJECT,GLOBAL,DEFAULT,19,True
5235,_ZTV10iHmzga6Hmy,vtable for iHmzga6Hmy,,0x379700,320,OBJECT,WEAK,DEFAULT,15,True
5236,_ZN10GaA2gaD2MX10MQ0sfa9j1CEPK10ik3sfaFp3C,GaA2gaD2MX::MQ0sfa9j1C(ik3sfaFp3C const*),,0x16d0ec,64,FUNC,GLOBAL,DEFAULT,9,True
5237,_ZN10GaA2gaD2MX10wyepfaLRQzEv,GaA2gaD2MX::wyepfaLRQz(),,0x16ca24,52,FUNC,GLOBAL,DEFAULT,9,True
5238,_ZN10v9r4yaCim7D0Ev,v9r4yaCim7::~v9r4yaCim7(),,0x1c49f4,60,FUNC,WEAK,DEFAULT,9,True
5239,_ZN10G0gxgajWBw10zuM9LarpQ7ERK10C8THgaTQxF,G0gxgajWBw::zuM9LarpQ7(C8THgaTQxF const&),,0x237dc0,264,FUNC,GLOBAL,DEFAULT,9,True
5240,_ZN10w9XxgaJdbx10_pyQMazzPHEv,w9XxgaJdbx::_pyQMazzPH(),,0x1b81e0,140,FUNC,GLOBAL,DEFAULT,9,True
5241,_Z10Et7_IaAUItP10vU0fJafn5G,Et7_IaAUIt(vU0fJafn5G*),,0x1564c4,128,FUNC,GLOBAL,DEFAULT,9,True
5242,FT_Done_Library,FT_Done_Library,,0x26124c,228,FUNC,GLOBAL,DEFAULT,9,True
5243,_ZN10ZPvEDawoHY10ihpLga8SuIERK10cXoLgatBuI,ZPvEDawoHY::ihpLga8SuI(cXoLgatBuI const&),,0x1bfc2c,104,FUNC,GLOBAL,DEFAULT,9,True
5244,des3_desc,des3_desc,,0x37fa20,72,OBJECT,GLOBAL,DEFAULT,15,True
5245,_Z21yajl_lex_current_lineP12yajl_lexer_t,yajl_lex_current_line(yajl_lexer_t*),,0x2bfb28,8,FUNC,GLOBAL,DEFAULT,9,True
5246,_ZN6CyaInt21CyaSSL_CertManagerNewEv,CyaInt::CyaSSL_CertManagerNew(),,0x2d13f4,116,FUNC,GLOBAL,DEFAULT,9,True
5247,_ZN10MpGzgariDy10cPsmwaERvQERK10C8THgaTQxF,MpGzgariDy::cPsmwaERvQ(C8THgaTQxF const&),,0x18f8c0,104,FUNC,GLOBAL,DEFAULT,9,True
5248,_ZN10_k_Bgam3zA10vYZBabCKzxERK10eY2wgaf6pw,_k_Bgam3zA::vYZBabCKzx(eY2wgaf6pw const&),,0x1c8d14,360,FUNC,GLOBAL,DEFAULT,9,True
5249,_ZN10vuuHgangcF7ReplaceEiRK10CanTfaz6bZ,"vuuHgangcF::Replace(int, CanTfaz6bZ const&)",,0xf6cf4,56,FUNC,GLOBAL,DEFAULT,9,True
5250,_Z10lRS1LatLb1PKvS0_,"lRS1LatLb1(void const*, void const*)",,0x17fcf0,116,FUNC,GLOBAL,DEFAULT,9,True
5251,_ZN10G0gxgajWBw10pfzdMaFg1aERK10C8THgaTQxFj,"G0gxgajWBw::pfzdMaFg1a(C8THgaTQxF const&, unsigned int)",,0x217d2c,156,FUNC,GLOBAL,DEFAULT,9,True
5252,_ZN10FY2VgaG6rR10al7gganN0iEP10W6NzgawMJyRK10qdSBga_dtA,"FY2VgaG6rR::al7gganN0i(W6NzgawMJy*, qdSBga_dtA const&)",,0x16d6a8,176,FUNC,GLOBAL,DEFAULT,9,True
5253,_ZN10w6qzgacqqy10tSuUgarA8PEP10MpGzgariDy,w6qzgacqqy::tSuUgarA8P(MpGzgariDy*),,0x1f9d70,420,FUNC,GLOBAL,DEFAULT,9,True
5254,_ZN10qjQMgaXCHJ10mc0mLa5MYsEPKcz,"qjQMgaXCHJ::mc0mLa5MYs(char const*, ...)",,0xfa40c,196,FUNC,GLOBAL,DEFAULT,9,True
5255,_ZN10w6qzgacqqy10yA23xatN0gERK10C8THgaTQxF,w6qzgacqqy::yA23xatN0g(C8THgaTQxF const&),,0x1f8a94,556,FUNC,GLOBAL,DEFAULT,9,True
5256,_ZN10cWWYfaxbT210LfDmgaVDEnEP10G0gxgajWBw,cWWYfaxbT2::LfDmgaVDEn(G0gxgajWBw*),,0x22cbc0,108,FUNC,GLOBAL,DEFAULT,9,True
5257,_ZN10zeksfaZDrC10tjwsfa_NBCEii,"zeksfaZDrC::tjwsfa_NBC(int, int)",,0x1afb38,8,FUNC,WEAK,DEFAULT,9,True
5258,_ZN10esKIvakHfiD1Ev,esKIvakHfi::~esKIvakHfi(),,0xfc3d8,48,FUNC,GLOBAL,DEFAULT,9,True
5259,_ZN10C8THgaTQxF10f7_SgaGITOEPKci,"C8THgaTQxF::f7_SgaGITO(char const*, int)",,0xf2694,204,FUNC,GLOBAL,DEFAULT,9,True
5260,_ZN10uzN1fatj7510dplYgaNCnTEiiii,"uzN1fatj75::dplYgaNCnT(int, int, int, int)",,0x10c0a8,496,FUNC,GLOBAL,DEFAULT,9,True
5261,_ZN10PO392awP4gC1EP10V8fxgahcBwRK10eY2wgaf6pwRK10C8THgaTQxF,"PO392awP4g::PO392awP4g(V8fxgahcBw*, eY2wgaf6pw const&, C8THgaTQxF const&)",,0x11cbd4,380,FUNC,GLOBAL,DEFAULT,9,True
5262,_ZN10QYZugaRKGu10vcz_IaeeftE,QYZugaRKGu::vcz_Iaeeft,,0x3a0038,8,OBJECT,GLOBAL,DEFAULT,19,True
5263,FT_Stream_GetShort,FT_Stream_GetShort,,0x25c6b4,56,FUNC,GLOBAL,DEFAULT,9,True
5264,_ZN10ieJzgaIFFy10imRIfblvlQEv,ieJzgaIFFy::imRIfblvlQ(),,0x161760,400,FUNC,GLOBAL,DEFAULT,9,True
5265,_ZN10W6NzgawMJy10BaNlxaEZWFEv,W6NzgawMJy::BaNlxaEZWF(),,0x174d14,176,FUNC,GLOBAL,DEFAULT,9,True
5266,_ZN10ieJzgaIFFy10_6vGpbGDndEib,"ieJzgaIFFy::_6vGpbGDnd(int, bool)",,0x162150,408,FUNC,GLOBAL,DEFAULT,9,True
5267,_ZN10ZAuvgaUl6u10BQtIHaTI1nE,ZAuvgaUl6u::BQtIHaTI1n,,0x398b94,4,OBJECT,GLOBAL,DEFAULT,18,True
5268,_ZN10giqpgaXJ_p10B8wpgaSu5pEv,giqpgaXJ_p::B8wpgaSu5p(),,0x2134f0,168,FUNC,WEAK,DEFAULT,9,True
5269,_ZN10_k_Bgam3zA10jSoJabhxODEv,_k_Bgam3zA::jSoJabhxOD(),,0x1c4b64,160,FUNC,GLOBAL,DEFAULT,9,True
5270,_ZN10GbMhIaz9yS10GGGLLaEwJNEiR10eY2wgaf6pwS1_R10dVIHgaIooF,"GbMhIaz9yS::GGGLLaEwJN(int, eY2wgaf6pw&, eY2wgaf6pw&, dVIHgaIooF&)",,0x1c0be0,364,FUNC,GLOBAL,DEFAULT,9,True
5271,_ZN10ieJzgaIFFy8setFrameEi,ieJzgaIFFy::setFrame(int),,0x16690c,7068,FUNC,GLOBAL,DEFAULT,9,True
5272,_ZN10G0gxgajWBw10M4msgaG1tsEiPS_,"G0gxgajWBw::M4msgaG1ts(int, G0gxgajWBw*)",,0x21aab0,164,FUNC,GLOBAL,DEFAULT,9,True
5273,_ZN10a7qxJaHqKV10bA4tIa0sV1Ev,a7qxJaHqKV::bA4tIa0sV1(),,0x15fe84,24,FUNC,GLOBAL,DEFAULT,9,True
5274,_ZN10dJ10YaC3tXD0Ev,dJ10YaC3tX::~dJ10YaC3tX(),,0x248634,60,FUNC,WEAK,DEFAULT,9,True
5275,_ZN10CanTfaz6bZ9setbufferEPKci,"CanTfaz6bZ::setbuffer(char const*, int)",,0xf91b8,172,FUNC,GLOBAL,DEFAULT,9,True
5276,_ZN10_k_Bgam3zA10pqxXgaPJHSEv,_k_Bgam3zA::pqxXgaPJHS(),,0x1c6210,232,FUNC,GLOBAL,DEFAULT,9,True
5277,_ZN10RWahgahP3i10bcVzIaPJP6ERKS_,RWahgahP3i::bcVzIaPJP6(RWahgahP3i const&),,0x1ea21c,392,FUNC,GLOBAL,DEFAULT,9,True
5278,_ZN10w9XxgaJdbx10Ai9WDagrndEP10XoqxgaMPJwRK10eY2wgaf6pwRK10C8THgaTQxFRK10dVIHgaIooF,"w9XxgaJdbx::Ai9WDagrnd(XoqxgaMPJw*, eY2wgaf6pw const&, C8THgaTQxF const&, dVIHgaIooF const&)",,0x1be970,44,FUNC,GLOBAL,DEFAULT,9,True
5279,_ZN10e4ZYfa8PV210Cr20uaSFuIEv,e4ZYfa8PV2::Cr20uaSFuI(),,0x23542c,576,FUNC,GLOBAL,DEFAULT,9,True
5280,_ZN10w7keKa2nGvD2Ev,w7keKa2nGv::~w7keKa2nGv(),,0x23a9d8,4,FUNC,GLOBAL,DEFAULT,9,True
5281,_ZN10W6NzgawMJy10CEsUwaUI6hERK10C8THgaTQxF,W6NzgawMJy::CEsUwaUI6h(C8THgaTQxF const&),,0x173d10,484,FUNC,GLOBAL,DEFAULT,9,True
5282,_Z10Lp4mSakk1lv,Lp4mSakk1l(),,0x20edb0,124,FUNC,GLOBAL,DEFAULT,9,True
5283,_ZN10fFOoganeup10lj6s3aSV5wERK10C8THgaTQxF,fFOoganeup::lj6s3aSV5w(C8THgaTQxF const&),,0xfee48,480,FUNC,GLOBAL,DEFAULT,9,True
5284,_ZN10_thLgaWjoI10JCHGwakjx6Ev,_thLgaWjoI::JCHGwakjx6(),,0x1cb884,16,FUNC,GLOBAL,DEFAULT,9,True
5285,_ZN10K7FLgag3II10NxgkMabxFgE,K7FLgag3II::NxgkMabxFg,,0x3a1958,8,OBJECT,GLOBAL,DEFAULT,19,True
5286,_ZN10SsrLga3IwI10joSJJa2mc5Ev,SsrLga3IwI::joSJJa2mc5(),,0x1b3bfc,216,FUNC,GLOBAL,DEFAULT,9,True
5287,AeOgLaUSKnOnln2aNBfC,AeOgLaUSKnOnln2aNBfC,,0x3a2e78,8,OBJECT,GLOBAL,DEFAULT,19,True
5288,_ZTV20w9XxgaJdbxProperties,vtable for w9XxgaJdbxProperties,,0x3775e0,88,OBJECT,WEAK,DEFAULT,15,True
5289,_ZN10w6qzgacqqy10MiD5xayGliERK10C8THgaTQxF,w6qzgacqqy::MiD5xayGli(C8THgaTQxF const&),,0x1ec56c,156,FUNC,GLOBAL,DEFAULT,9,True
5290,_ZN10W6NzgawMJy10Ujp7LaqVQ5Ev,W6NzgawMJy::Ujp7LaqVQ5(),,0x182048,172,FUNC,GLOBAL,DEFAULT,9,True
5291,inflateInit2_,inflateInit2_,,0x291484,260,FUNC,GLOBAL,DEFAULT,9,True
5292,_ZN20_YTgFa6HPkPropertiesC2Ev,_YTgFa6HPkProperties::_YTgFa6HPkProperties(),,0x1b05e8,176,FUNC,GLOBAL,DEFAULT,9,True
5293,_ZN10cWWYfaxbT210Cu3DMaoyjxEP10G0gxgajWBwS1_,"cWWYfaxbT2::Cu3DMaoyjx(G0gxgajWBw*, G0gxgajWBw*)",,0x22dd6c,1620,FUNC,GLOBAL,DEFAULT,9,True
5294,_ZN10GbMhIaz9yS10bANwga6jcwERK10eY2wgaf6pwS2_,"GbMhIaz9yS::bANwga6jcw(eY2wgaf6pw const&, eY2wgaf6pw const&)",,0x1c2a1c,32,FUNC,GLOBAL,DEFAULT,9,True
5295,_ZN10zW2NgaU4IK10wvN0faegh5Ev,zW2NgaU4IK::wvN0faegh5(),,0x21da20,116,FUNC,GLOBAL,DEFAULT,9,True
5296,_ZNK10C8THgaTQxF10Ven3gakasYERKS_,C8THgaTQxF::Ven3gakasY(C8THgaTQxF const&) const,,0xf4c98,108,FUNC,GLOBAL,DEFAULT,9,True
5297,LtijkbN9QH,LtijkbN9QH,,0x3a4e60,8,OBJECT,GLOBAL,DEFAULT,19,True
5298,_ZTV10VGk7faT0Ma,vtable for VGk7faT0Ma,,0x37ba30,888,OBJECT,WEAK,DEFAULT,15,True
5299,_ZN6CyaInt13CyaSSL_get_fdEPKNS_6CYASSLE,CyaInt::CyaSSL_get_fd(CyaInt::CYASSL const*),,0x2d0f8c,8,FUNC,GLOBAL,DEFAULT,9,True
5300,_ZN10Ox9zJa6D1X10ma5rJapYeREP10eODlJaQ5OL,Ox9zJa6D1X::ma5rJapYeR(eODlJaQ5OL*),,0x23d700,316,FUNC,GLOBAL,DEFAULT,9,True
5301,_ZThn16_N20hsuDgateQBPropertiesD1Ev,non-virtual thunk to hsuDgateQBProperties::~hsuDgateQBProperties(),,0x1b6b8c,8,FUNC,WEAK,DEFAULT,9,True
5302,_ZN10K7FLgag3II10y3nkMaCRLgE,K7FLgag3II::y3nkMaCRLg,,0x3a1988,8,OBJECT,GLOBAL,DEFAULT,19,True
5303,_ZN20MpGzgariDyPropertiesC2Ev,MpGzgariDyProperties::MpGzgariDyProperties(),,0x190284,176,FUNC,GLOBAL,DEFAULT,9,True
5304,_ZN10UbihxaHV9BD1Ev,UbihxaHV9B::~UbihxaHV9B(),,0x1719c8,60,FUNC,GLOBAL,DEFAULT,9,True
5305,_ZN10ULeBJaZ1WYD1Ev,ULeBJaZ1WY::~ULeBJaZ1WY(),,0x2422f4,160,FUNC,GLOBAL,DEFAULT,9,True
5306,_ZN10W6NzgawMJy10salcLavq_jEv,W6NzgawMJy::salcLavq_j(),,0x1782fc,1324,FUNC,GLOBAL,DEFAULT,9,True
5307,_ZN10ZPvEDawoHY10pqxXgaPJHSEv,ZPvEDawoHY::pqxXgaPJHS(),,0x1bf8a0,8,FUNC,GLOBAL,DEFAULT,9,True
5308,unzGoToFirstFile2,unzGoToFirstFile2,,0x257a34,96,FUNC,GLOBAL,DEFAULT,9,True
5309,_ZN10r1dvgaPpTu10bUbsfaQCkCE,r1dvgaPpTu::bUbsfaQCkC,,0x3a07b8,8,OBJECT,GLOBAL,DEFAULT,19,True
5310,ft_corner_is_flat,ft_corner_is_flat,,0x25980c,88,FUNC,GLOBAL,DEFAULT,9,True
5311,_ZNK10LJyzga9Pwy10eyDEganTNCEv,LJyzga9Pwy::eyDEganTNC() const,,0x10abbc,24,FUNC,WEAK,DEFAULT,9,True
5312,_ZN20EqV_Ka3Vx9PropertiesC1Ev,EqV_Ka3Vx9Properties::EqV_Ka3Vx9Properties(),,0x1b2278,176,FUNC,GLOBAL,DEFAULT,9,True
5313,_ZN10w9XxgaJdbx10OxhA1acn8WEv,w9XxgaJdbx::OxhA1acn8W(),,0x1b92f8,32,FUNC,GLOBAL,DEFAULT,9,True
5314,_ZN20RZNxgaOF2wPropertiesD1Ev,RZNxgaOF2wProperties::~RZNxgaOF2wProperties(),,0x1e3e5c,28,FUNC,WEAK,DEFAULT,9,True
5315,DGifSavedExtensionToGCB,DGifSavedExtensionToGCB,,0x2bb400,160,FUNC,GLOBAL,DEFAULT,9,True
5316,_ZN10R94BFa3XECC1EP10G0gxgajWBw,R94BFa3XEC::R94BFa3XEC(G0gxgajWBw*),,0x234dd0,232,FUNC,GLOBAL,DEFAULT,9,True
5317,FT_Get_Next_Char,FT_Get_Next_Char,,0x25a740,104,FUNC,GLOBAL,DEFAULT,9,True
5318,_ZN10xKbb3aMu1hD2Ev,xKbb3aMu1h::~xKbb3aMu1h(),,0x11d480,4,FUNC,WEAK,DEFAULT,9,True
5319,_ZN10kM00HafgtE10fr50HaBbxEEP10Fcx_gaoydVbibb,"kM00HafgtE::fr50HaBbxE(Fcx_gaoydV*, bool, int, bool, bool)",,0x1182a0,1516,FUNC,GLOBAL,DEFAULT,9,True
5320,_ZN10w6qzgacqqy10gEu9xasoBlEv,w6qzgacqqy::gEu9xasoBl(),,0x1f9f14,388,FUNC,GLOBAL,DEFAULT,9,True
5321,_ZN10N67CMatrxw10xuDUfbpQf_Ev,N67CMatrxw::xuDUfbpQf_(),,0x23106c,180,FUNC,GLOBAL,DEFAULT,9,True
5322,FT_Face_GetCharVariantIsDefault,FT_Face_GetCharVariantIsDefault,,0x25ae78,172,FUNC,GLOBAL,DEFAULT,9,True
5323,_ZN10pdnkJaZ8KKC1EP10eODlJaQ5OL,pdnkJaZ8KK::pdnkJaZ8KK(eODlJaQ5OL*),,0x242bc8,536,FUNC,GLOBAL,DEFAULT,9,True
5324,_ZN20zeksfaZDrCPropertiesC2Ev,zeksfaZDrCProperties::zeksfaZDrCProperties(),,0x2387f4,136,FUNC,GLOBAL,DEFAULT,9,True
5325,_ZN10eHD62a2_be10rMBEgasoMCEv,eHD62a2_be::rMBEgasoMC(),,0x11d318,44,FUNC,WEAK,DEFAULT,9,True
5326,_ZN10v9r4yaCim7C2ERK10C8THgaTQxF,v9r4yaCim7::v9r4yaCim7(C8THgaTQxF const&),,0x1c4818,48,FUNC,GLOBAL,DEFAULT,9,True
5327,_ZN10K7FLgag3II10rUNdNabBd1E,K7FLgag3II::rUNdNabBd1,,0x3a1994,1,OBJECT,GLOBAL,DEFAULT,19,True
5328,_ZN10kyTzgazlOy10ZevVvaoUZsEv,kyTzgazlOy::ZevVvaoUZs(),,0x239318,24,FUNC,GLOBAL,DEFAULT,9,True
5329,_ZN10irqhGaERgbD2Ev,irqhGaERgb::~irqhGaERgb(),,0x2472a4,52,FUNC,WEAK,DEFAULT,9,True
5330,_ZN10ZAuvgaUl6u10o3rGHaydkmERK10C8THgaTQxFb,"ZAuvgaUl6u::o3rGHaydkm(C8THgaTQxF const&, bool)",,0x2069e8,476,FUNC,GLOBAL,DEFAULT,9,True
5331,_Z10pPpP2aRkSZv,pPpP2aRkSZ(),,0x2013bc,48,FUNC,GLOBAL,DEFAULT,9,True
5332,_ZN10IMzlIaJILV10ZT7rAaNfhhE,IMzlIaJILV::ZT7rAaNfhh,,0x390a08,8,OBJECT,GLOBAL,DEFAULT,18,True
5333,jpeg_set_linear_quality,jpeg_set_linear_quality,,0x2a8d74,96,FUNC,GLOBAL,DEFAULT,9,True
5334,_ZN10oAgxlbdzBJ5clearEv,oAgxlbdzBJ::clear(),,0x245e40,44,FUNC,GLOBAL,DEFAULT,9,True
5335,_ZN10iHmzga6HmyC1ERK10C8THgaTQxF,iHmzga6Hmy::iHmzga6Hmy(C8THgaTQxF const&),,0x1d202c,168,FUNC,GLOBAL,DEFAULT,9,True
5336,_ZN10SsrLga3IwI10vIdIBa38OkEv,SsrLga3IwI::vIdIBa38Ok(),,0x1b3af4,56,FUNC,GLOBAL,DEFAULT,9,True
5337,_ZN10GaA2gaD2MX10_lcpfac0OzEv,GaA2gaD2MX::_lcpfac0Oz(),,0x16c9f0,52,FUNC,GLOBAL,DEFAULT,9,True
5338,_ZThn16_N20_YTgFa6HPkPropertiesD1Ev,non-virtual thunk to _YTgFa6HPkProperties::~_YTgFa6HPkProperties(),,0x1b0a00,8,FUNC,WEAK,DEFAULT,9,True
5339,_Z10BulrdbnHCVRK10C8THgaTQxF,BulrdbnHCV(C8THgaTQxF const&),,0xe4450,156,FUNC,GLOBAL,DEFAULT,9,True
5340,_ZN10KGeN2aIY1X10m6pngaXzjoEP10G0gxgajWBwRK10C8THgaTQxF,"KGeN2aIY1X::m6pngaXzjo(G0gxgajWBw*, C8THgaTQxF const&)",,0x22cdc0,96,FUNC,GLOBAL,DEFAULT,9,True
5341,_ZNK10GbMhIaz9yS10mK1ILaB4uLEv,GbMhIaz9yS::mK1ILaB4uL() const,,0x1c08c4,8,FUNC,GLOBAL,DEFAULT,9,True
5342,_Z10LyAgLa_mznv,LyAgLa_mzn(),,0x18fc7c,108,FUNC,GLOBAL,DEFAULT,9,True
5343,_ZN10psSDxavq9U10VrWDYaaNcDEv,psSDxavq9U::VrWDYaaNcD(),,0x2043ac,24,FUNC,GLOBAL,DEFAULT,9,True
5344,_ZNK10XoqxgaMPJw10hOb6gaTxP_Ev,XoqxgaMPJw::hOb6gaTxP_() const,,0x115058,20,FUNC,GLOBAL,DEFAULT,9,True
5345,_ZN10Kv6ugas5Mu10F_uyfbmHDHERK10C8THgaTQxF,Kv6ugas5Mu::F_uyfbmHDH(C8THgaTQxF const&),,0x110f78,220,FUNC,GLOBAL,DEFAULT,9,True
5346,_ZN10znLtuaytEf10HHw5Mav7fVERK10CanTfaz6bZ,znLtuaytEf::HHw5Mav7fV(CanTfaz6bZ const&),,0x16a798,132,FUNC,GLOBAL,DEFAULT,9,True
5347,_ZN10XCASBayqxtC1ERK10C8THgaTQxF,XCASBayqxt::XCASBayqxt(C8THgaTQxF const&),,0x1b0cfc,80,FUNC,GLOBAL,DEFAULT,9,True
5348,_ZN10s_YwgafWlw10EpjwgajXNvERK10eY2wgaf6pw,s_YwgafWlw::EpjwgajXNv(eY2wgaf6pw const&),,0x1dabc4,152,FUNC,GLOBAL,DEFAULT,9,True
5349,tt_cmap0_char_index,tt_cmap0_char_index,,0x26186c,28,FUNC,GLOBAL,DEFAULT,9,True
5350,_Z10zDJzkbV_FVv,zDJzkbV_FV(),,0x20e87c,48,FUNC,GLOBAL,DEFAULT,9,True
5351,_ZN10vuuHgangcF10vnZYgaofVTERK10C8THgaTQxF,vuuHgangcF::vnZYgaofVT(C8THgaTQxF const&),,0xf7c0c,172,FUNC,GLOBAL,DEFAULT,9,True
5352,_ZN10QYZugaRKGu10yOs_IafR9sE,QYZugaRKGu::yOs_IafR9s,,0x3a0048,8,OBJECT,GLOBAL,DEFAULT,19,True
5353,_ZN20yO8PSaf1tKPropertiesD0Ev,yO8PSaf1tKProperties::~yO8PSaf1tKProperties(),,0x1afbe0,56,FUNC,WEAK,DEFAULT,9,True
5354,_ZN10W6NzgawMJy10b9PRwaiuUfEv,W6NzgawMJy::b9PRwaiuUf(),,0x17490c,184,FUNC,GLOBAL,DEFAULT,9,True
5355,_ZN10f6WHgaQkAF10avaygaNrmxERK10C8THgaTQxFbb,"f6WHgaQkAF::avaygaNrmx(C8THgaTQxF const&, bool, bool)",,0xefcd0,240,FUNC,GLOBAL,DEFAULT,9,True
5356,_ZN10G0gxgajWBw10VVjmgapnonEP10vuuHgangcFRK10C8THgaTQxF,"G0gxgajWBw::VVjmgapnon(vuuHgangcF*, C8THgaTQxF const&)",,0x217754,552,FUNC,GLOBAL,DEFAULT,9,True
5357,_ZN10MHEiIauRiT10TQ3EYaaR9DERK10C8THgaTQxFPhj,"MHEiIauRiT::TQ3EYaaR9D(C8THgaTQxF const&, unsigned char*, unsigned int)",,0xe5f70,108,FUNC,GLOBAL,DEFAULT,9,True
5358,_ZN10TGrjdbLUYOD1Ev,TGrjdbLUYO::~TGrjdbLUYO(),,0xe58d0,72,FUNC,WEAK,DEFAULT,9,True
5359,_ZN10XJLBgarMnA5closeEv,XJLBgarMnA::close(),,0x20b1b8,60,FUNC,GLOBAL,DEFAULT,9,True
5360,_ZN10vy1JgaKVkH7ReplaceEiPv,"vy1JgaKVkH::Replace(int, void*)",,0xed9c8,28,FUNC,GLOBAL,DEFAULT,9,True
5361,_ZN10gqiNgaG64J10Gg4GEaGcRQEi,gqiNgaG64J::Gg4GEaGcRQ(int),,0xe4144,4,FUNC,WEAK,DEFAULT,9,True
5362,_ZNK10rizMgadjtJ9transformERfS0_,"rizMgadjtJ::transform(float&, float&) const",,0x1e9ebc,76,FUNC,GLOBAL,DEFAULT,9,True
5363,_ZN10bNZvga2Awv10Rjyvganu9uEv,bNZvga2Awv::Rjyvganu9u(),,0xf1138,184,FUNC,GLOBAL,DEFAULT,9,True
5364,_ZN10yO8PSaf1tKD1Ev,yO8PSaf1tK::~yO8PSaf1tK(),,0x1afdf0,64,FUNC,WEAK,DEFAULT,9,True
5365,_ZN10LBgVgaqANQ10Lva7IatsEzEi,LBgVgaqANQ::Lva7IatsEz(int),,0x18d828,972,FUNC,GLOBAL,DEFAULT,9,True
5366,pthread_mutex_lock@LIBC (2),pthread_mutex_lock,LIBC (2),0x0,0,FUNC,GLOBAL,DEFAULT,UND,False
5367,_ZN10iHmzga6Hmy10bqh7MaHgKWEv,iHmzga6Hmy::bqh7MaHgKW(),,0x1d1ce8,476,FUNC,GLOBAL,DEFAULT,9,True
5368,_ZN10K7FLgag3II10Mfe1MaWBERE,K7FLgag3II::Mfe1MaWBER,,0x3a1950,8,OBJECT,GLOBAL,DEFAULT,19,True
5369,_ZN10cHovga0n1u10gLt6FarE31ERK10C8THgaTQxF,cHovga0n1u::gLt6FarE31(C8THgaTQxF const&),,0xe6ed4,688,FUNC,GLOBAL,DEFAULT,9,True
5370,_ZN20MpHWLal8ZWPropertiesD2Ev,MpHWLal8ZWProperties::~MpHWLal8ZWProperties(),,0x1afb98,28,FUNC,WEAK,DEFAULT,9,True
5371,GifFreeSavedImages,GifFreeSavedImages,,0x2bc8b0,164,FUNC,GLOBAL,DEFAULT,9,True
5372,_ZN10W6NzgawMJy10IFrkwaQTOOEv,W6NzgawMJy::IFrkwaQTOO(),,0x19f374,1052,FUNC,GLOBAL,DEFAULT,9,True
5373,_ZN10Fcx_gaoydVC1EjjbNS_10ke4ZKaKaQ8E,"Fcx_gaoydV::Fcx_gaoydV(unsigned int, unsigned int, bool, Fcx_gaoydV::ke4ZKaKaQ8)",,0x116c6c,92,FUNC,GLOBAL,DEFAULT,9,True
5374,_ZTV20LBgVgaqANQProperties,vtable for LBgVgaqANQProperties,,0x374550,88,OBJECT,WEAK,DEFAULT,15,True
5375,_ZN20_YTgFa6HPkPropertiesD0Ev,_YTgFa6HPkProperties::~_YTgFa6HPkProperties(),,0x1b0a08,56,FUNC,WEAK,DEFAULT,9,True
5376,_ZN10W6NzgawMJy10IHt7LaqBU5Ev,W6NzgawMJy::IHt7LaqBU5(),,0x181c1c,56,FUNC,GLOBAL,DEFAULT,9,True
5377,_ZN10KcKRganuPN10ITyhFawYnlEi,KcKRganuPN::ITyhFawYnl(int),,0x11224c,248,FUNC,GLOBAL,DEFAULT,9,True
5378,_ZN10IUKzgam4Gy10mDUVZaIfkIE,IUKzgam4Gy::mDUVZaIfkI,,0x39fef8,8,OBJECT,GLOBAL,DEFAULT,19,True
5379,_ZN10wiULgacZUI10CFKZJaESyiERK10C8THgaTQxFS2_,"wiULgacZUI::CFKZJaESyi(C8THgaTQxF const&, C8THgaTQxF const&)",,0xe7a04,588,FUNC,GLOBAL,DEFAULT,9,True
5380,_ZN10w6qzgacqqy10uWjJxaPnKZE,w6qzgacqqy::uWjJxaPnKZ,,0x3a36e0,8,OBJECT,GLOBAL,DEFAULT,19,True
5381,_ZN10w6qzgacqqy10da7AgaaEQzEv,w6qzgacqqy::da7AgaaEQz(),,0x1ffc6c,64,FUNC,GLOBAL,DEFAULT,9,True
5382,_ZN10LJyzga9PwyD2Ev,LJyzga9Pwy::~LJyzga9Pwy(),,0x10996c,372,FUNC,GLOBAL,DEFAULT,9,True
5383,_ZN10G0gxgajWBw10zLOVfaKjf0Ev,G0gxgajWBw::zLOVfaKjf0(),,0x214884,80,FUNC,GLOBAL,DEFAULT,9,True
5384,_ZNK10C8THgaTQxF10ziafJafhnGERKS_i,"C8THgaTQxF::ziafJafhnG(C8THgaTQxF const&, int) const",,0xf4734,140,FUNC,GLOBAL,DEFAULT,9,True
5385,_ZN6CyaInt8PemToDerEPKhliPNS_7buffertEPvPNS_13EncryptedInfoEPi,"CyaInt::PemToDer(unsigned char const*, long, int, CyaInt::buffert*, void*, CyaInt::EncryptedInfo*, int*)",,0x2d199c,980,FUNC,GLOBAL,DEFAULT,9,True
5386,_ZN10oMhmIajzmW10I3_JfaSFjREP10uSjUgask_Pffffiiii,"oMhmIajzmW::I3_JfaSFjR(uSjUgask_P*, float, float, float, float, int, int, int, int)",,0x100978,4,FUNC,WEAK,DEFAULT,9,True
5387,Zn1VgaSMqR,Zn1VgaSMqR,,0x3a0c80,8,OBJECT,GLOBAL,DEFAULT,19,True
5388,_ZN10u0eyga1eqx10pqxXgaPJHSEv,u0eyga1eqx::pqxXgaPJHS(),,0x1e2a64,244,FUNC,GLOBAL,DEFAULT,9,True
5389,_Z10InitSha256P6Sha256,InitSha256(Sha256*),,0x2d0934,112,FUNC,GLOBAL,DEFAULT,9,True
5390,_ZN10RZNxgaOF2wC1EP10u0eyga1eqx,RZNxgaOF2w::RZNxgaOF2w(u0eyga1eqx*),,0x1e1248,224,FUNC,GLOBAL,DEFAULT,9,True
5391,_Z10HnexgaAIzwv,HnexgaAIzw(),,0xffafc,68,FUNC,GLOBAL,DEFAULT,9,True
5392,_Z10IbIA2aBNuNv,IbIA2aBNuN(),,0x1afaa8,124,FUNC,GLOBAL,DEFAULT,9,True
5393,_ZN10m9DfJatoMG10tfvpgaJU3pEv,m9DfJatoMG::tfvpgaJU3p(),,0xf6844,60,FUNC,WEAK,DEFAULT,9,True
5394,_ZN10G0gxgajWBw10yH7aMag5Y8ERK10C8THgaTQxF,G0gxgajWBw::yH7aMag5Y8(C8THgaTQxF const&),,0x21a830,316,FUNC,GLOBAL,DEFAULT,9,True
5395,_ZN10SsrLga3IwI10gdghIaQf8REP10G0gxgajWBw,SsrLga3IwI::gdghIaQf8R(G0gxgajWBw*),,0x1b32a4,268,FUNC,GLOBAL,DEFAULT,9,True
5396,_ZN10PO392awP4g10rMBEgasoMCEv,PO392awP4g::rMBEgasoMC(),,0x11d464,24,FUNC,WEAK,DEFAULT,9,True
5397,_ZN10uzvDgataRB10u8XMMaRcOEEb,uzvDgataRB::u8XMMaRcOE(bool),,0x1b1690,12,FUNC,GLOBAL,DEFAULT,9,True
5398,_ZN10W6NzgawMJy10CxvRIaV8ClEv,W6NzgawMJy::CxvRIaV8Cl(),,0x17d8cc,5140,FUNC,GLOBAL,DEFAULT,9,True
5399,_ZN10v9r4yaCim7C1ERK10C8THgaTQxF,v9r4yaCim7::v9r4yaCim7(C8THgaTQxF const&),,0x1c4818,48,FUNC,GLOBAL,DEFAULT,9,True
5400,_ZN10VGEwBaTQ4a10AceLgadzlIERK10C8THgaTQxF,VGEwBaTQ4a::AceLgadzlI(C8THgaTQxF const&),,0x1e5a88,100,FUNC,GLOBAL,DEFAULT,9,True
5401,toupper@LIBC (2),toupper,LIBC (2),0x0,0,FUNC,GLOBAL,DEFAULT,UND,False
5402,_ZN10cHovga0n1u10wdyzYa5owzEPvPhS1_i,"cHovga0n1u::wdyzYa5owz(void*, unsigned char*, unsigned char*, int)",,0xf9c8c,28,FUNC,GLOBAL,DEFAULT,9,True
5403,_Z13BZ2_blockSortP6EState,BZ2_blockSort(EState*),,0x28ca40,296,FUNC,GLOBAL,DEFAULT,9,True
5404,_ZN10UbihxaHV9BC2ERK10C8THgaTQxFS2_P10G0gxgajWBw,"UbihxaHV9B::UbihxaHV9B(C8THgaTQxF const&, C8THgaTQxF const&, G0gxgajWBw*)",,0x171954,116,FUNC,GLOBAL,DEFAULT,9,True
5405,_ZN10FY2VgaG6rR10gkQVgaDDgREv,FY2VgaG6rR::gkQVgaDDgR(),,0x16d540,84,FUNC,GLOBAL,DEFAULT,9,True
5406,_ZN6CyaInt27CyaSSL_get_peer_certificateEPNS_6CYASSLE,CyaInt::CyaSSL_get_peer_certificate(CyaInt::CYASSL*),,0x2d3800,20,FUNC,GLOBAL,DEFAULT,9,True
5407,FT_Set_Transform,FT_Set_Transform,,0x259b00,168,FUNC,GLOBAL,DEFAULT,9,True
5408,_ZN10_HTugbItBu10JGEjIaHQ8TEd,_HTugbItBu::JGEjIaHQ8T(double),,0x160d20,148,FUNC,GLOBAL,DEFAULT,9,True
5409,FT_Stream_ExtractFrame,FT_Stream_ExtractFrame,,0x25e600,56,FUNC,GLOBAL,DEFAULT,9,True
5410,_ZN10PfQXva4zXuIsED0Ev,PfQXva4zXu<short>::~PfQXva4zXu(),,0x1afcf4,48,FUNC,WEAK,DEFAULT,9,True
5411,_ZN10IMzlIaJILV10k3mJAao0MvERK10C8THgaTQxF,IMzlIaJILV::k3mJAao0Mv(C8THgaTQxF const&),,0x19bca4,4,FUNC,GLOBAL,DEFAULT,9,True
5412,_ZN20XoqxgaMPJwPropertiesD2Ev,XoqxgaMPJwProperties::~XoqxgaMPJwProperties(),,0x1151c8,28,FUNC,WEAK,DEFAULT,9,True
5413,_ZN10wiULgacZUI10ViUvgaHZrvERK10C8THgaTQxFPiPj,"wiULgacZUI::ViUvgaHZrv(C8THgaTQxF const&, int*, unsigned int*)",,0xe7d20,132,FUNC,GLOBAL,DEFAULT,9,True
5414,_ZN20KsGWqbQkZgPropertiesD2Ev,KsGWqbQkZgProperties::~KsGWqbQkZgProperties(),,0x1ca630,28,FUNC,WEAK,DEFAULT,9,True
5415,tt_cmap2_char_next,tt_cmap2_char_next,,0x2618ec,344,FUNC,GLOBAL,DEFAULT,9,True
5416,_ZTV20VGk7faT0MaProperties,vtable for VGk7faT0MaProperties,,0x37b9d0,88,OBJECT,WEAK,DEFAULT,15,True
5417,_ZN6CyaInt5AddCAEPNS_19CYASSL_CERT_MANAGERENS_7buffertEii,"CyaInt::AddCA(CyaInt::CYASSL_CERT_MANAGER*, CyaInt::buffert, int, int)",,0x2d169c,464,FUNC,GLOBAL,DEFAULT,9,True
5418,_ZN10w9XxgaJdbx10SQO2ga9nZXERK10cXoLgatBuI,w9XxgaJdbx::SQO2ga9nZX(cXoLgatBuI const&),,0x1b73c0,4,FUNC,GLOBAL,DEFAULT,9,True
5419,_ZN10MpGzgariDy10mLApwaxx8SEi,MpGzgariDy::mLApwaxx8S(int),,0x18e9b4,8,FUNC,WEAK,DEFAULT,9,True
5420,awDo2aJRkDOnln2aNBfC,awDo2aJRkDOnln2aNBfC,,0x3a3508,8,OBJECT,GLOBAL,DEFAULT,19,True
5421,_ZN20Kc8uganwOuPropertiesD0Ev,Kc8uganwOuProperties::~Kc8uganwOuProperties(),,0x16a688,56,FUNC,WEAK,DEFAULT,9,True
5422,_ZN10RH6ygazf9x4loadEv,RH6ygazf9x::load(),,0x210174,2012,FUNC,GLOBAL,DEFAULT,9,True
5423,_ZN10W6NzgawMJy10PucQLaH7wREPdS0_,"W6NzgawMJy::PucQLaH7wR(double*, double*)",,0x18284c,4,FUNC,GLOBAL,DEFAULT,9,True
5424,_ZN20Vx2_xajLEdPropertiesC1Ev,Vx2_xajLEdProperties::Vx2_xajLEdProperties(),,0x1e7518,136,FUNC,GLOBAL,DEFAULT,9,True
5425,_ZN10MpGzgariDy10PeaZLa8d4YEb,MpGzgariDy::PeaZLa8d4Y(bool),,0x18eaac,8,FUNC,WEAK,DEFAULT,9,True
5426,glDeleteTextures,glDeleteTextures,,0x0,0,FUNC,GLOBAL,DEFAULT,UND,False
5427,_Z10HoJUgawOkQv,HoJUgawOkQ(),,0x248078,48,FUNC,GLOBAL,DEFAULT,9,True
5428,_ZN10e4ZYfa8PV210yuvfLak6EmEh,e4ZYfa8PV2::yuvfLak6Em(unsigned char),,0x234f54,152,FUNC,GLOBAL,DEFAULT,9,True
5429,_ZN10SsrLga3IwI10lATwgagnhwEPvRK10C8THgaTQxF,"SsrLga3IwI::lATwgagnhw(void*, C8THgaTQxF const&)",,0x1b6194,136,FUNC,GLOBAL,DEFAULT,9,True
5430,PsiOjbV8Vg,PsiOjbV8Vg,,0x389b48,1,OBJECT,GLOBAL,DEFAULT,18,True
5431,_ZN10Ox9zJa6D1X10h_hJFa4KIIEf,Ox9zJa6D1X::h_hJFa4KII(float),,0x23c0bc,92,FUNC,GLOBAL,DEFAULT,9,True
5432,_ZTV10EYKlVaL7UR,vtable for EYKlVaL7UR,,0x37ac90,888,OBJECT,WEAK,DEFAULT,15,True
5433,_ZN10_thLgaWjoI10KHqDgay4MBERK10i7FHgaP2lF,_thLgaWjoI::KHqDgay4MB(i7FHgaP2lF const&),,0x1cd73c,964,FUNC,GLOBAL,DEFAULT,9,True
5434,_ZN10vuuHgangcF10oP8REaQ19ZEi,vuuHgangcF::oP8REaQ19Z(int),,0xf6928,92,FUNC,GLOBAL,DEFAULT,9,True
5435,_ZN10e4ZYfa8PV210Q2Q_ua3euHEb,e4ZYfa8PV2::Q2Q_ua3euH(bool),,0x2356dc,488,FUNC,GLOBAL,DEFAULT,9,True
5436,bAg2nb6ywQ,bAg2nb6ywQ,,0x3a4e90,8,OBJECT,GLOBAL,DEFAULT,19,True
5437,_ZN10SU3JfaCUmR10O70xgakzexEfffff,"SU3JfaCUmR::O70xgakzex(float, float, float, float, float)",,0x10e0e0,72,FUNC,GLOBAL,DEFAULT,9,True
5438,_ZN10qsr_gawI8UC2EP10LJyzga9Pwyiiii,"qsr_gawI8U::qsr_gawI8U(LJyzga9Pwy*, int, int, int, int)",,0x100884,68,FUNC,GLOBAL,DEFAULT,9,True
5439,J0CfgbmrLhOnln2aNBfC,J0CfgbmrLhOnln2aNBfC,,0x3a0e40,8,OBJECT,GLOBAL,DEFAULT,19,True
5440,_ZN10mTAogaaEip10fljLOayTpjEv,mTAogaaEip::fljLOayTpj(),,0x225dec,184,FUNC,GLOBAL,DEFAULT,9,True
5441,_ZN10y3t2LaCUH110UpiB7az6Z_ERK10C8THgaTQxF,y3t2LaCUH1::UpiB7az6Z_(C8THgaTQxF const&),,0x20e380,20,FUNC,GLOBAL,DEFAULT,9,True
5442,_ZN10W6NzgawMJy10HOmDwaoOJ3Ei,W6NzgawMJy::HOmDwaoOJ3(int),,0x1a1fc4,2196,FUNC,GLOBAL,DEFAULT,9,True
5443,_Z10cgLSRainGWRK10C8THgaTQxF,cgLSRainGW(C8THgaTQxF const&),,0x1a69b0,592,FUNC,GLOBAL,DEFAULT,9,True
5444,_ZN10ohGYZakbFK10IWJMga2fCJERK10C8THgaTQxFbi,"ohGYZakbFK::IWJMga2fCJ(C8THgaTQxF const&, bool, int)",,0xe3be0,480,FUNC,GLOBAL,DEFAULT,9,True
5445,_ZN10iHmzga6Hmy10roWBgagKwAERK10C8THgaTQxF,iHmzga6Hmy::roWBgagKwA(C8THgaTQxF const&),,0x1d2d30,140,FUNC,GLOBAL,DEFAULT,9,True
5446,_ZTV20_k_Bgam3zAProperties,vtable for _k_Bgam3zAProperties,,0x378570,88,OBJECT,WEAK,DEFAULT,15,True
5447,_Z18jinit_huff_decoderP22jpeg_decompress_struct,jinit_huff_decoder(jpeg_decompress_struct*),,0x2ad09c,108,FUNC,GLOBAL,DEFAULT,9,True
5448,_Z10_lwOlbcQ6XPv,_lwOlbcQ6X(void*),,0x19abac,4,FUNC,GLOBAL,DEFAULT,9,True
5449,_ZN10kd5l5aU_b7C1Ev,kd5l5aU_b7::kd5l5aU_b7(),,0x23ee20,64,FUNC,GLOBAL,DEFAULT,9,True
5450,_ZN10oJlO1aTTY7D2Ev,oJlO1aTTY7::~oJlO1aTTY7(),,0x15e540,48,FUNC,GLOBAL,DEFAULT,9,True
5451,_ZN10f6WHgaQkAF10UvhzgawliyERK10C8THgaTQxFiS2_,"f6WHgaQkAF::Uvhzgawliy(C8THgaTQxF const&, int, C8THgaTQxF const&)",,0xee098,164,FUNC,GLOBAL,DEFAULT,9,True
5452,_ZN6CyaInt16CyaSSL_want_readEPNS_6CYASSLE,CyaInt::CyaSSL_want_read(CyaInt::CYASSL*),,0x2d1310,16,FUNC,GLOBAL,DEFAULT,9,True
5453,_ZN10GaA2gaD2MX10nMXofaiUBzEib,"GaA2gaD2MX::nMXofaiUBz(int, bool)",,0x16cbd0,92,FUNC,GLOBAL,DEFAULT,9,True
5454,_Z10J3suHaT3ecRK10eY2wgaf6pw,J3suHaT3ec(eY2wgaf6pw const&),,0x1e7e70,152,FUNC,GLOBAL,DEFAULT,9,True
5455,_ZN10wiULgacZUI10rIU_fa5jx4ERK10C8THgaTQxF,wiULgacZUI::rIU_fa5jx4(C8THgaTQxF const&),,0xe7c50,96,FUNC,GLOBAL,DEFAULT,9,True
5456,_ZThn16_N20w6qzgacqqyPropertiesD1Ev,non-virtual thunk to w6qzgacqqyProperties::~w6qzgacqqyProperties(),,0x1f7664,8,FUNC,WEAK,DEFAULT,9,True
5457,_ZNK10RWahgahP3i9transformER10bagMga8cdJ,RWahgahP3i::transform(bagMga8cdJ&) const,,0x1ea3a4,308,FUNC,GLOBAL,DEFAULT,9,True
5458,_ZN10w6qzgacqqy10e2NIxasIiZE,w6qzgacqqy::e2NIxasIiZ,,0x39731d,1,OBJECT,GLOBAL,DEFAULT,18,True
5459,_ZN10mH33wa4I1qD2Ev,mH33wa4I1q::~mH33wa4I1q(),,0x23749c,20,FUNC,WEAK,DEFAULT,9,True
5460,_ZN10mTAogaaEip10Fr9POaVyunEv,mTAogaaEip::Fr9POaVyun(),,0x2250b0,332,FUNC,GLOBAL,DEFAULT,9,True
5461,FT_Done_Memory,FT_Done_Memory,,0x261834,32,FUNC,GLOBAL,DEFAULT,9,True
5462,_ZN10W6NzgawMJy10wupQwai3HeEv,W6NzgawMJy::wupQwai3He(),,0x1a0a10,532,FUNC,GLOBAL,DEFAULT,9,True
5463,_ZN10G0gxgajWBw10hH2bMa5SK9ERK10C8THgaTQxF,G0gxgajWBw::hH2bMa5SK9(C8THgaTQxF const&),,0x214fc4,16,FUNC,GLOBAL,DEFAULT,9,True
5464,_ZN10GbMhIaz9yS10MeKxLabw_BEb,GbMhIaz9yS::MeKxLabw_B(bool),,0x1c210c,344,FUNC,GLOBAL,DEFAULT,9,True
5465,_ZN10MpGzgariDy10_aK0La2se0Ev,MpGzgariDy::_aK0La2se0(),,0x18ea4c,8,FUNC,WEAK,DEFAULT,9,True
5466,FT_Vector_Transform,FT_Vector_Transform,,0x25bd00,124,FUNC,GLOBAL,DEFAULT,9,True
5467,_ZN10oJlO1aTTY710xPV6ua4frNERK10C8THgaTQxF,oJlO1aTTY7::xPV6ua4frN(C8THgaTQxF const&),,0x15f280,432,FUNC,GLOBAL,DEFAULT,9,True
5468,_ZN10zF9VgaBKxR10S99RRa49aWEddiiP10MpGzgariDy,"zF9VgaBKxR::S99RRa49aW(double, double, int, int, MpGzgariDy*)",,0x1aca2c,448,FUNC,GLOBAL,DEFAULT,9,True
5469,glAlphaFunc,glAlphaFunc,,0x0,0,FUNC,GLOBAL,DEFAULT,UND,False
5470,unregister_hash,unregister_hash,,0x255588,156,FUNC,GLOBAL,DEFAULT,9,True
5471,_ZN10MpGzgariDy10ZORrwaAT2UEv,MpGzgariDy::ZORrwaAT2U(),,0x18eaa4,8,FUNC,WEAK,DEFAULT,9,True
5472,_ZN10w6qzgacqqy10_1gdyanXMoEii,"w6qzgacqqy::_1gdyanXMo(int, int)",,0x1fad20,440,FUNC,GLOBAL,DEFAULT,9,True
5473,_ZN10G0gxgajWBw10MFApgaUs8pEi,G0gxgajWBw::MFApgaUs8p(int),,0x216514,68,FUNC,GLOBAL,DEFAULT,9,True
5474,_ZN10ZPvEDawoHY10bvLrxaOzYKERK10cXoLgatBuI,ZPvEDawoHY::bvLrxaOzYK(cXoLgatBuI const&),,0x1bfd94,108,FUNC,GLOBAL,DEFAULT,9,True
5475,_ZN20k1h4JaIMdnPropertiesD2Ev,k1h4JaIMdnProperties::~k1h4JaIMdnProperties(),,0x248a84,28,FUNC,WEAK,DEFAULT,9,True
5476,_ZN10fJ8VgaKXwRD0Ev,fJ8VgaKXwR::~fJ8VgaKXwR(),,0x2473d0,32,FUNC,GLOBAL,DEFAULT,9,True
5477,_ZN10MpGzgariDy10qZtgManQtdEjRK10CanTfaz6bZPP10G0gxgajWBw,"MpGzgariDy::qZtgManQtd(unsigned int, CanTfaz6bZ const&, G0gxgajWBw**)",,0x195200,124,FUNC,GLOBAL,DEFAULT,9,True
5478,_ZN10lKR7faAPdb10F21aKaZkUsEffffff,"lKR7faAPdb::F21aKaZkUs(float, float, float, float, float, float)",,0x1e6b48,224,FUNC,GLOBAL,DEFAULT,9,True
5479,_ZN10V8fxgahcBwD0Ev,V8fxgahcBw::~V8fxgahcBw(),,0x11a9fc,32,FUNC,GLOBAL,DEFAULT,9,True
5480,_ZN20w6qzgacqqyPropertiesC2Ev,w6qzgacqqyProperties::w6qzgacqqyProperties(),,0x1f6450,164,FUNC,GLOBAL,DEFAULT,9,True
5481,_ZN10kd5l5aU_b7D2Ev,kd5l5aU_b7::~kd5l5aU_b7(),,0x23eedc,48,FUNC,GLOBAL,DEFAULT,9,True
5482,_ZN10XJLBgarMnA10ze1AgaTELzERK10C8THgaTQxF,XJLBgarMnA::ze1AgaTELz(C8THgaTQxF const&),,0x20b01c,80,FUNC,GLOBAL,DEFAULT,9,True
5483,FT_Stream_ReadOffset,FT_Stream_ReadOffset,,0x25cce8,188,FUNC,GLOBAL,DEFAULT,9,True
5484,_Z20EYKlVaL7URE7Bm2aaHDBRK10C8THgaTQxF,EYKlVaL7URE7Bm2aaHDB(C8THgaTQxF const&),,0x1dfe3c,48,FUNC,GLOBAL,DEFAULT,9,True
5485,ft_corner_orientation,ft_corner_orientation,,0x259728,228,FUNC,GLOBAL,DEFAULT,9,True
5486,_ZN20awDo2aJRkDPropertiesC2Ev,awDo2aJRkDProperties::awDo2aJRkDProperties(),,0x1de65c,176,FUNC,GLOBAL,DEFAULT,9,True
5487,_ZN10W6NzgawMJy10zUXlwad04PEv,W6NzgawMJy::zUXlwad04P(),,0x1a00ac,240,FUNC,GLOBAL,DEFAULT,9,True
5488,_ZN10IUKzgam4Gy10wgSQgaCg5MEv,IUKzgam4Gy::wgSQgaCg5M(),,0xe1bcc,20,FUNC,GLOBAL,DEFAULT,9,True
5489,_ZN10OYYKfaPU7R10R_xsVaydDXEffffPKhiffffRK10dVIHgaIooFbS4_,"OYYKfaPU7R::R_xsVaydDX(float, float, float, float, unsigned char const*, int, float, float, float, float, dVIHgaIooF const&, bool, dVIHgaIooF const&)",,0x103fec,808,FUNC,GLOBAL,DEFAULT,9,True
5490,_ZN10EqV_Ka3Vx9D0Ev,EqV_Ka3Vx9::~EqV_Ka3Vx9(),,0x1b3208,124,FUNC,WEAK,DEFAULT,9,True
5491,readdir@LIBC (2),readdir,LIBC (2),0x0,0,FUNC,GLOBAL,DEFAULT,UND,False
5492,_ZN10IUKzgam4Gy10ssi1Zay8HNEv,IUKzgam4Gy::ssi1Zay8HN(),,0xe18f0,128,FUNC,GLOBAL,DEFAULT,9,True
5493,_ZN10e3mhxao0dCC2Ev,e3mhxao0dC::e3mhxao0dC(),,0x1ea8dc,8,FUNC,GLOBAL,DEFAULT,9,True
5494,_ZN6CyaInt22CyaSSL_set_cipher_listEPNS_6CYASSLEPKc,"CyaInt::CyaSSL_set_cipher_list(CyaInt::CYASSL*, char const*)",,0x2d2ab4,84,FUNC,GLOBAL,DEFAULT,9,True
5495,_ZN10f6WHgaQkAF10VG5ugaNoMuERK10C8THgaTQxF,f6WHgaQkAF::VG5ugaNoMu(C8THgaTQxF const&),,0xee558,1488,FUNC,GLOBAL,DEFAULT,9,True
5496,GbMhIaz9ySOnln2aNBfC,GbMhIaz9ySOnln2aNBfC,,0x3a3268,8,OBJECT,GLOBAL,DEFAULT,19,True
5497,_ZN10VGEwBaTQ4aD0Ev,VGEwBaTQ4a::~VGEwBaTQ4a(),,0x1e5894,32,FUNC,GLOBAL,DEFAULT,9,True
5498,_ZN10cHovga0n1u10XImRFavJvPERK10C8THgaTQxFS2_S2_,"cHovga0n1u::XImRFavJvP(C8THgaTQxF const&, C8THgaTQxF const&, C8THgaTQxF const&)",,0xf9cc4,300,FUNC,GLOBAL,DEFAULT,9,True
5499,_ZN10CDPvgaY2nv10UWDRKakdK1Ev,CDPvgaY2nv::UWDRKakdK1(),,0xea5d4,632,FUNC,GLOBAL,DEFAULT,9,True
5500,_Z10R5X5MaHaDVv,R5X5MaHaDV(),,0x1d2ec0,48,FUNC,GLOBAL,DEFAULT,9,True
5501,_ZN10MpGzgariDy10bzl1LagLK0Ev,MpGzgariDy::bzl1LagLK0(),,0x18e9cc,8,FUNC,WEAK,DEFAULT,9,True
5502,_ZN10CanTfaz6bZ10uTzSjboOwkEv,CanTfaz6bZ::uTzSjboOwk(),,0xf8b90,208,FUNC,GLOBAL,DEFAULT,9,True
5503,_ZN10W6NzgawMJy10EYG_LaFLl_Ev,W6NzgawMJy::EYG_LaFLl_(),,0x17f6d4,80,FUNC,WEAK,DEFAULT,9,True
5504,tt_cmap0_validate,tt_cmap0_validate,,0x262290,160,FUNC,GLOBAL,DEFAULT,9,True
5505,_ZN10awDo2aJRkD10r1SwgaPUgwEii,"awDo2aJRkD::r1SwgaPUgw(int, int)",,0x1de8e4,560,FUNC,GLOBAL,DEFAULT,9,True
5506,_ZNK10tJIwIaYe8310MKKOFa0WiNEv,tJIwIaYe83::MKKOFa0WiN() const,,0x23cc14,256,FUNC,GLOBAL,DEFAULT,9,True
5507,_ZN10_thLgaWjoI10xoMZFagkAWERK10eY2wgaf6pw,_thLgaWjoI::xoMZFagkAW(eY2wgaf6pw const&),,0x1ce1ec,32,FUNC,GLOBAL,DEFAULT,9,True
5508,_ZN10SU3JfaCUmRD2Ev,SU3JfaCUmR::~SU3JfaCUmR(),,0x10f51c,20,FUNC,WEAK,DEFAULT,9,True
5509,qsort@LIBC (2),qsort,LIBC (2),0x0,0,FUNC,GLOBAL,DEFAULT,UND,False
5510,_ZN10K7FLgag3II10C2JvfaWljFE,K7FLgag3II::C2JvfaWljF,,0x3a1980,8,OBJECT,GLOBAL,DEFAULT,19,True
5511,ft_bitmap_glyph_done,ft_bitmap_glyph_done,,0x27fe88,12,FUNC,GLOBAL,DEFAULT,9,True
5512,_ZN20Vx2_xajLEdPropertiesD0Ev,Vx2_xajLEdProperties::~Vx2_xajLEdProperties(),,0x1e7c34,56,FUNC,WEAK,DEFAULT,9,True
5513,_ZN10pdnkJaZ8KKC2EP10eODlJaQ5OL,pdnkJaZ8KK::pdnkJaZ8KK(eODlJaQ5OL*),,0x242bc8,536,FUNC,GLOBAL,DEFAULT,9,True
5514,_ZN10_5EhmbQbtm10ieWgmbCBRlEv,_5EhmbQbtm::ieWgmbCBRl(),,0x122294,308,FUNC,GLOBAL,DEFAULT,9,True
5515,_ZN10tAT1BaincC10gJq1BaL5OBEP10nenvgaH9_uPsib,"tAT1BaincC::gJq1BaL5OB(nenvgaH9_u*, short*, int, bool)",,0x238984,604,FUNC,GLOBAL,DEFAULT,9,True
5516,_Z24scan_executable_segmentsPc,scan_executable_segments(char*),,0x24f4dc,268,FUNC,GLOBAL,DEFAULT,9,True
5517,_ZN6CyaInt17CyaSSL_set_verifyEPNS_6CYASSLEiPFiiPNS_21CYASSL_X509_STORE_CTXEE,"CyaInt::CyaSSL_set_verify(CyaInt::CYASSL*, int, int (*)(int, CyaInt::CYASSL_X509_STORE_CTX*))",,0x2d29e8,60,FUNC,GLOBAL,DEFAULT,9,True
5518,_Z22jpeg_gen_optimal_tableP20jpeg_compress_structP9JHUFF_TBLPl,"jpeg_gen_optimal_table(jpeg_compress_struct*, JHUFF_TBL*, long*)",,0x2b2524,1008,FUNC,GLOBAL,DEFAULT,9,True
5519,_ZN10QYZugaRKGu10Yww_IawZctE,QYZugaRKGu::Yww_IawZct,,0x3a0058,8,OBJECT,GLOBAL,DEFAULT,19,True
5520,_ZN10G0gxgajWBw10Gd3lMafkaiEb,G0gxgajWBw::Gd3lMafkai(bool),,0x213d5c,28,FUNC,GLOBAL,DEFAULT,9,True
5521,_ZN10Q8n_Fa6V5W10KHqDgay4MBERK10i7FHgaP2lF,Q8n_Fa6V5W::KHqDgay4MB(i7FHgaP2lF const&),,0x1cad44,364,FUNC,GLOBAL,DEFAULT,9,True
5522,_ZN10c76BgaJBGA10jrpwgaz0SvEPS_,c76BgaJBGA::jrpwgaz0Sv(c76BgaJBGA*),,0x22f7b8,164,FUNC,WEAK,DEFAULT,9,True
5523,_ZN10G0gxgajWBw10YyvaMa69r8EP10vuuHgangcF,G0gxgajWBw::YyvaMa69r8(vuuHgangcF*),,0x2187bc,180,FUNC,GLOBAL,DEFAULT,9,True
5524,_ZN10uSjUgask_PD2Ev,uSjUgask_P::~uSjUgask_P(),,0x1074e4,48,FUNC,GLOBAL,DEFAULT,9,True
5525,af_latin_script_class,af_latin_script_class,,0x371430,64,OBJECT,GLOBAL,DEFAULT,15,True
5526,_ZN10w6qzgacqqy10Jp08xaiYblEdddP10LBgVgaqANQ,"w6qzgacqqy::Jp08xaiYbl(double, double, double, LBgVgaqANQ*)",,0x1fd8e0,752,FUNC,GLOBAL,DEFAULT,9,True
5527,KMRxQaLR5O,KMRxQaLR5O,,0x38b268,8,OBJECT,GLOBAL,DEFAULT,18,True
5528,_ZThn16_N20MpGzgariDyPropertiesD0Ev,non-virtual thunk to MpGzgariDyProperties::~MpGzgariDyProperties(),,0x19569c,8,FUNC,WEAK,DEFAULT,9,True
5529,_ZN10mTAogaaEip10Q2ooPa9G8QEv,mTAogaaEip::Q2ooPa9G8Q(),,0x2272d8,116,FUNC,GLOBAL,DEFAULT,9,True
5530,_ZN10C8THgaTQxFlsEd,C8THgaTQxF::operator<<(double),,0xf31b0,48,FUNC,GLOBAL,DEFAULT,9,True
5531,_ZN10SU3JfaCUmR10NkzLfaflDSEv,SU3JfaCUmR::NkzLfaflDS(),,0x10c64c,48,FUNC,GLOBAL,DEFAULT,9,True
5532,_ZN10GbMhIaz9yS10ripMLa7TkOEv,GbMhIaz9yS::ripMLa7TkO(),,0x1c0d4c,164,FUNC,GLOBAL,DEFAULT,9,True
5533,_ZN6CyaInt7c32to24EjPh,"CyaInt::c32to24(unsigned int, unsigned char*)",,0x2d6214,24,FUNC,GLOBAL,DEFAULT,9,True
5534,g5QSZa0gLF,g5QSZa0gLF,,0x391f30,12,OBJECT,GLOBAL,DEFAULT,18,True
5535,_ZN20Vx2_xajLEdPropertiesC2Ev,Vx2_xajLEdProperties::Vx2_xajLEdProperties(),,0x1e7518,136,FUNC,GLOBAL,DEFAULT,9,True
5536,_ZN10V8fxgahcBw10qNCS2ahfz1ERK10eY2wgaf6pwS2_fRK10dVIHgaIooF,"V8fxgahcBw::qNCS2ahfz1(eY2wgaf6pw const&, eY2wgaf6pw const&, float, dVIHgaIooF const&)",,0x11bf6c,216,FUNC,GLOBAL,DEFAULT,9,True
5537,_ZThn16_N20imqXgalNBSPropertiesD1Ev,non-virtual thunk to imqXgalNBSProperties::~imqXgalNBSProperties(),,0x1e4c44,8,FUNC,WEAK,DEFAULT,9,True
5538,_ZN10JQknDa08eKD1Ev,JQknDa08eK::~JQknDa08eK(),,0x19b008,116,FUNC,GLOBAL,DEFAULT,9,True
5539,_ZN10xiYWfajld110YDwtLaj4ryEv,xiYWfajld1::YDwtLaj4ry(),,0x2087f4,476,FUNC,GLOBAL,DEFAULT,9,True
5540,_ZN10VGk7faT0Ma10Y4ak1aSWAJEv,VGk7faT0Ma::Y4ak1aSWAJ(),,0x1e55ac,32,FUNC,GLOBAL,DEFAULT,9,True
5541,_ZN20zeksfaZDrCPropertiesD1Ev,zeksfaZDrCProperties::~zeksfaZDrCProperties(),,0x238920,28,FUNC,WEAK,DEFAULT,9,True
5542,_ZN10w9XxgaJdbxC1ERK10C8THgaTQxF,w9XxgaJdbx::w9XxgaJdbx(C8THgaTQxF const&),,0x1b8f68,216,FUNC,GLOBAL,DEFAULT,9,True
5543,tt_cmap12_char_next,tt_cmap12_char_next,,0x266aa0,912,FUNC,GLOBAL,DEFAULT,9,True
5544,_ZN10ZPvEDawoHY6resizeERK10eY2wgaf6pwS2_,"ZPvEDawoHY::resize(eY2wgaf6pw const&, eY2wgaf6pw const&)",,0x1bff0c,184,FUNC,GLOBAL,DEFAULT,9,True
5545,_ZN10ySrpgaC30p10tfvpgaJU3pEv,ySrpgaC30p::tfvpgaJU3p(),,0xf679c,8,FUNC,WEAK,DEFAULT,9,True
5546,tt_cmap14_get_info,tt_cmap14_get_info,,0x261ff0,24,FUNC,GLOBAL,DEFAULT,9,True
5547,_ZN10Dq2rua2Ece10MzWVgaRTlREv,Dq2rua2Ece::MzWVgaRTlR(),,0x24699c,800,FUNC,GLOBAL,DEFAULT,9,True
5548,_Z10mw80JaPMzkv,mw80JaPMzk(),,0xe8f20,224,FUNC,GLOBAL,DEFAULT,9,True
5549,_ZN10AeOgLaUSKn10r2LgLaL1InE,AeOgLaUSKn::r2LgLaL1In,,0x3a2e80,1,OBJECT,GLOBAL,DEFAULT,19,True
5550,_ZN10NgNBgaN3oAC1ERK10C8THgaTQxF,NgNBgaN3oA::NgNBgaN3oA(C8THgaTQxF const&),,0x236ea0,224,FUNC,GLOBAL,DEFAULT,9,True
5551,_ZN10w9XxgaJdbx10wXgCgaHSOAEv,w9XxgaJdbx::wXgCgaHSOA(),,0x1be248,112,FUNC,GLOBAL,DEFAULT,9,True
5552,_ZN10KKhLga4xoI10VLq7Ta_7RPEP10J7zOgaf09K,KKhLga4xoI::VLq7Ta_7RP(J7zOgaf09K*),,0xec8a8,100,FUNC,GLOBAL,DEFAULT,9,True
5553,_ZN10G0gxgajWBw10w6jsMacxrnEbbb,"G0gxgajWBw::w6jsMacxrn(bool, bool, bool)",,0x214520,532,FUNC,GLOBAL,DEFAULT,9,True
5554,_ZN10ScpN2avPaYD2Ev,ScpN2avPaY::~ScpN2avPaY(),,0x22f620,64,FUNC,WEAK,DEFAULT,9,True
5555,_ZN10Fcx_gaoydV10aSpDEaenMNEv,Fcx_gaoydV::aSpDEaenMN(),,0x117480,56,FUNC,GLOBAL,DEFAULT,9,True
5556,_Z7InitRngP3RNG,InitRng(RNG*),,0x2cc9b4,92,FUNC,GLOBAL,DEFAULT,9,True
5557,_ZN10w6qzgacqqy10Yh24xaUxRhEv,w6qzgacqqy::Yh24xaUxRh(),,0x1eccac,212,FUNC,GLOBAL,DEFAULT,9,True
5558,_ZN10u0eyga1eqx10j9gLgaw2nIEv,u0eyga1eqx::j9gLgaw2nI(),,0x1e1874,296,FUNC,GLOBAL,DEFAULT,9,True
5559,_ZN20pdnkJaZ8KKPropertiesC2Ev,pdnkJaZ8KKProperties::pdnkJaZ8KKProperties(),,0x242b18,176,FUNC,GLOBAL,DEFAULT,9,True
5560,_ZN6CyaInt9ParseCertEPNS_11DecodedCertEiiPv,"CyaInt::ParseCert(CyaInt::DecodedCert*, int, int, void*)",,0x2c4a34,200,FUNC,GLOBAL,DEFAULT,9,True
5561,_ZN6CyaInt13DeriveTlsKeysEPNS_6CYASSLE,CyaInt::DeriveTlsKeys(CyaInt::CYASSL*),,0x2d4604,2628,FUNC,GLOBAL,DEFAULT,9,True
5562,_ZN10w9XxgaJdbx10kZdPBahnIqEPS_,w9XxgaJdbx::kZdPBahnIq(w9XxgaJdbx*),,0x1b9180,32,FUNC,GLOBAL,DEFAULT,9,True
5563,_ZN10LJyzga9Pwy10tIIEga1dSCEiiii,"LJyzga9Pwy::tIIEga1dSC(int, int, int, int)",,0x10a588,80,FUNC,GLOBAL,DEFAULT,9,True
5564,ft_service_list_lookup,ft_service_list_lookup,,0x259a60,100,FUNC,GLOBAL,DEFAULT,9,True
5565,_ZN10FY2VgaG6rR10tIIEga1dSCEP10W6NzgawMJy,FY2VgaG6rR::tIIEga1dSC(W6NzgawMJy*),,0x16dbf0,4,FUNC,WEAK,DEFAULT,9,True
5566,_ZN6CyaInt11FreeSSL_CtxEPNS_10CYASSL_CTXE,CyaInt::FreeSSL_Ctx(CyaInt::CYASSL_CTX*),,0x2da264,120,FUNC,GLOBAL,DEFAULT,9,True
5567,_ZN10yL3_IaDMFtC2ERK10C8THgaTQxF,yL3_IaDMFt::yL3_IaDMFt(C8THgaTQxF const&),,0xec3bc,48,FUNC,GLOBAL,DEFAULT,9,True
5568,_ZN10Kv6ugas5Mu10edf6gaIpS_ERK10C8THgaTQxFiS2_,"Kv6ugas5Mu::edf6gaIpS_(C8THgaTQxF const&, int, C8THgaTQxF const&)",,0x111cfc,108,FUNC,GLOBAL,DEFAULT,9,True
5569,_ZN10SyVo2a61zDC2EP10awDo2aJRkD,SyVo2a61zD::SyVo2a61zD(awDo2aJRkD*),,0x1de5ac,100,FUNC,GLOBAL,DEFAULT,9,True
5570,_ZTV10giqpgaXJ_p,vtable for giqpgaXJ_p,,0x37d140,96,OBJECT,WEAK,DEFAULT,15,True
5571,_ZTV10ln7yHaeP9f,vtable for ln7yHaeP9f,,0x379590,320,OBJECT,WEAK,DEFAULT,15,True
5572,_ZN10W6NzgawMJy10Cd4pwa59xTEi,W6NzgawMJy::Cd4pwa59xT(int),,0x170e9c,204,FUNC,GLOBAL,DEFAULT,9,True
5573,_ZN10ovXCga6FnB10i_TLfa_IUSEPhiiiiiiRK10bagMga8cdJb,"ovXCga6FnB::i_TLfa_IUS(unsigned char*, int, int, int, int, int, int, bagMga8cdJ const&, bool)",,0x14d950,2384,FUNC,GLOBAL,DEFAULT,9,True
5574,_ZN10EqV_Ka3Vx910KHqDgay4MBERK10i7FHgaP2lF,EqV_Ka3Vx9::KHqDgay4MB(i7FHgaP2lF const&),,0x1b281c,788,FUNC,GLOBAL,DEFAULT,9,True
5575,_ZN10mTAogaaEip10wPOzHaYmKgEv,mTAogaaEip::wPOzHaYmKg(),,0x225b68,152,FUNC,GLOBAL,DEFAULT,9,True
5576,_ZN10GbMhIaz9yS10LcTxgao36wERK10cXoLgatBuI,GbMhIaz9yS::LcTxgao36w(cXoLgatBuI const&),,0x1c3124,740,FUNC,GLOBAL,DEFAULT,9,True
5577,_Z13AesCbcEncryptP3AesPhPKhj,"AesCbcEncrypt(Aes*, unsigned char*, unsigned char const*, unsigned int)",,0x2c4b80,1548,FUNC,GLOBAL,DEFAULT,9,True
5578,_ZN10GaA2gaD2MX10t4aggatWdiE,GaA2gaD2MX::t4aggatWdi,,0x3a18f0,8,OBJECT,GLOBAL,DEFAULT,19,True
5579,_ZN10hsuDgateQBC2Ev,hsuDgateQB::hsuDgateQB(),,0x1b642c,100,FUNC,GLOBAL,DEFAULT,9,True
5580,_ZN10XJLBgarMnA10VfWAgaaDGzEv,XJLBgarMnA::VfWAgaaDGz(),,0x20bbd8,68,FUNC,GLOBAL,DEFAULT,9,True
5581,_ZN10PRPTfaXeAZC1Ehd,"PRPTfaXeAZ::PRPTfaXeAZ(unsigned char, double)",,0x21b3c0,16,FUNC,GLOBAL,DEFAULT,9,True
5582,_ZN10u0eyga1eqx10qdnRHa_8vvEi,u0eyga1eqx::qdnRHa_8vv(int),,0x1e1e90,128,FUNC,GLOBAL,DEFAULT,9,True
5583,_ZN10r1dvgaPpTu10L06rfaiwgCEv,r1dvgaPpTu::L06rfaiwgC(),,0xfffa4,60,FUNC,GLOBAL,DEFAULT,9,True
5584,_ZN10u0eyga1eqx10AZyTQax2l6Ei,u0eyga1eqx::AZyTQax2l6(int),,0x1e28f4,64,FUNC,GLOBAL,DEFAULT,9,True
5585,_ZN10AS80gaE4zW10VSd4gaThaZEi,AS80gaE4zW::VSd4gaThaZ(int),,0x1d86c4,336,FUNC,GLOBAL,DEFAULT,9,True
5586,_ZN10LBgVgaqANQD1Ev,LBgVgaqANQ::~LBgVgaqANQ(),,0x185730,668,FUNC,GLOBAL,DEFAULT,9,True
5587,_Z10A0fhkbd57Fv,A0fhkbd57F(),,0x20e728,144,FUNC,GLOBAL,DEFAULT,9,True
5588,_ZN10ZAuvgaUl6uD2Ev,ZAuvgaUl6u::~ZAuvgaUl6u(),,0x20556c,252,FUNC,GLOBAL,DEFAULT,9,True
5589,_ZNK10XoqxgaMPJw10IGa6gaABO_EPKci,"XoqxgaMPJw::IGa6gaABO_(char const*, int) const",,0x115000,28,FUNC,GLOBAL,DEFAULT,9,True
5590,_ZN10SsrLga3IwI10YuBgIaK9zREP10w9XxgaJdbx,SsrLga3IwI::YuBgIaK9zR(w9XxgaJdbx*),,0x1b5c40,184,FUNC,GLOBAL,DEFAULT,9,True
5591,tt_cmap8_get_info,tt_cmap8_get_info,,0x261d94,56,FUNC,GLOBAL,DEFAULT,9,True
5592,_ZN10f6WHgaQkAF10BacygayRnxERK10C8THgaTQxFbb,"f6WHgaQkAF::BacygayRnx(C8THgaTQxF const&, bool, bool)",,0xefdc0,152,FUNC,GLOBAL,DEFAULT,9,True
5593,_ZN20AeOgLaUSKnPropertiesD1Ev,AeOgLaUSKnProperties::~AeOgLaUSKnProperties(),,0x1a44f8,28,FUNC,WEAK,DEFAULT,9,True
5594,_ZN10pWihMaQxae10TOy5fbuUh9ERK10C8THgaTQxFP10G0gxgajWBw,"pWihMaQxae::TOy5fbuUh9(C8THgaTQxF const&, G0gxgajWBw*)",,0x22fdfc,124,FUNC,GLOBAL,DEFAULT,9,True
5595,_ZN10SDrvgadS3u10ZV7XSathcREPS_RK10C8THgaTQxF,"SDrvgadS3u::ZV7XSathcR(SDrvgadS3u*, C8THgaTQxF const&)",,0x200fc4,820,FUNC,GLOBAL,DEFAULT,9,True
5596,_Z14jpeg_get_smallP18jpeg_common_structm,"jpeg_get_small(jpeg_common_struct*, unsigned long)",,0x2a2358,8,FUNC,GLOBAL,DEFAULT,9,True
5597,_ZTV10Q8n_Fa6V5W,vtable for Q8n_Fa6V5W,,0x378da0,912,OBJECT,WEAK,DEFAULT,15,True
5598,glGetFloatv,glGetFloatv,,0x0,0,FUNC,GLOBAL,DEFAULT,UND,False
5599,_Z20VGEwBaTQ4aE7Bm2aaHDBRK10C8THgaTQxF,VGEwBaTQ4aE7Bm2aaHDB(C8THgaTQxF const&),,0x1e5a38,48,FUNC,GLOBAL,DEFAULT,9,True
5600,_ZN10N67CMatrxw10EKRSfbTPLYEb,N67CMatrxw::EKRSfbTPLY(bool),,0x230e80,44,FUNC,GLOBAL,DEFAULT,9,True
5601,_ZN10_WevgakbUu10y2FEEaSZPOERK10C8THgaTQxF,_WevgakbUu::y2FEEaSZPO(C8THgaTQxF const&),,0x1085cc,120,FUNC,GLOBAL,DEFAULT,9,True
5602,_ZN10_thLgaWjoI10bANwga6jcwERK10eY2wgaf6pwS2_,"_thLgaWjoI::bANwga6jcw(eY2wgaf6pw const&, eY2wgaf6pw const&)",,0x1cb5c4,36,FUNC,GLOBAL,DEFAULT,9,True
5603,_ZN10zF9VgaBKxR10FQ9UgaXTHQEddddb,"zF9VgaBKxR::FQ9UgaXTHQ(double, double, double, double, bool)",,0x1a9960,584,FUNC,GLOBAL,DEFAULT,9,True
5604,_ZN10IUKzgam4Gy10adFVZaKh7HERK10C8THgaTQxF,IUKzgam4Gy::adFVZaKh7H(C8THgaTQxF const&),,0xe1a1c,92,FUNC,GLOBAL,DEFAULT,9,True
5605,_ZN10cHovga0n1u10KfmKYaUkCIERK10C8THgaTQxF,cHovga0n1u::KfmKYaUkCI(C8THgaTQxF const&),,0xf99d0,152,FUNC,GLOBAL,DEFAULT,9,True
5606,_ZN10SsrLga3IwI10LqTUBaaftvEj,SsrLga3IwI::LqTUBaaftv(unsigned int),,0x1b35c8,244,FUNC,GLOBAL,DEFAULT,9,True
5607,_ZN10OYYKfaPU7R10_wfkVayGEQERfS0_S0_S0_,"OYYKfaPU7R::_wfkVayGEQ(float&, float&, float&, float&)",,0x1013a0,784,FUNC,GLOBAL,DEFAULT,9,True
5608,_ZN10K7FLgag3II10odHnMaSYxjEv,K7FLgag3II::odHnMaSYxj(),,0x16fac0,156,FUNC,GLOBAL,DEFAULT,9,True
5609,strptime@LIBC (2),strptime,LIBC (2),0x0,0,FUNC,GLOBAL,DEFAULT,UND,False
5610,_ZN6CyaInt7mp_initEPNS_6mp_intE,CyaInt::mp_init(CyaInt::mp_int*),,0x2c6148,72,FUNC,GLOBAL,DEFAULT,9,True
5611,glBindTexture,glBindTexture,,0x0,0,FUNC,GLOBAL,DEFAULT,UND,False
5612,_ZN10Qw3xjbiAg3D2Ev,Qw3xjbiAg3::~Qw3xjbiAg3(),,0x1d3d64,64,FUNC,WEAK,DEFAULT,9,True
5613,_ZN10hsuDgateQBD1Ev,hsuDgateQB::~hsuDgateQB(),,0x1b6bd4,52,FUNC,WEAK,DEFAULT,9,True
5614,jpeg_read_header,jpeg_read_header,,0x2985ec,164,FUNC,GLOBAL,DEFAULT,9,True
5615,_ZN10KKhLga4xoI10AotaUajlqSEv,KKhLga4xoI::AotaUajlqS(),,0xec90c,324,FUNC,GLOBAL,DEFAULT,9,True
5616,_ZN10zF9VgaBKxR10XSpWmbVnLUEP10nenvgaH9_ub,"zF9VgaBKxR::XSpWmbVnLU(nenvgaH9_u*, bool)",,0x1a76d4,204,FUNC,GLOBAL,DEFAULT,9,True
5617,_ZN10Fcx_gaoydV10mW3yCaNV62EP10nenvgaH9_uRK10C8THgaTQxF,"Fcx_gaoydV::mW3yCaNV62(nenvgaH9_u*, C8THgaTQxF const&)",,0x1176b0,184,FUNC,GLOBAL,DEFAULT,9,True
5618,_ZN10G0gxgajWBw10bl3gMauqYdEv,G0gxgajWBw::bl3gMauqYd(),,0x214204,124,FUNC,GLOBAL,DEFAULT,9,True
5619,_ZN10Vx2_xajLEd10hDm2xaJEBfE,Vx2_xajLEd::hDm2xaJEBf,,0x2e8090,4,OBJECT,GLOBAL,DEFAULT,10,True
5620,_ZN10R94BFa3XECD1Ev,R94BFa3XEC::~R94BFa3XEC(),,0x234b64,92,FUNC,GLOBAL,DEFAULT,9,True
5621,_ZN10W6NzgawMJy10K9DWwaRoXjEdddb,"W6NzgawMJy::K9DWwaRoXj(double, double, double, bool)",,0x1a3510,472,FUNC,GLOBAL,DEFAULT,9,True
5622,_ZN10IMzlIaJILV10NwtlIafsGVEv,IMzlIaJILV::NwtlIafsGV(),,0x19ba68,160,FUNC,GLOBAL,DEFAULT,9,True
5623,_ZN10G0gxgajWBw10BRcLgaJqkIEiPPKc,"G0gxgajWBw::BRcLgaJqkI(int, char const**)",,0x216c1c,316,FUNC,GLOBAL,DEFAULT,9,True
5624,_ZN10GbMhIaz9yS10cepxMaCQIrE,GbMhIaz9yS::cepxMaCQIr,,0x2e6554,4,OBJECT,GLOBAL,DEFAULT,10,True
5625,_ZN10NVxhJah9mI10wgSQgaCg5MEv,NVxhJah9mI::wgSQgaCg5M(),,0x10b66c,96,FUNC,GLOBAL,DEFAULT,9,True
5626,unzOpenCurrentFile4,unzOpenCurrentFile4,,0x258b6c,912,FUNC,GLOBAL,DEFAULT,9,True
5627,_ZN10W6NzgawMJy10ifslwaynFPEi,W6NzgawMJy::ifslwaynFP(int),,0x19f9a0,1452,FUNC,GLOBAL,DEFAULT,9,True
5628,_ZN10KKhLga4xoI10iwP3TaRXPMEP10R_MvgaEQlv,KKhLga4xoI::iwP3TaRXPM(R_MvgaEQlv*),,0xeb1d4,76,FUNC,GLOBAL,DEFAULT,9,True
5629,_ZN10mTAogaaEip10tSmOOarRZlEi,mTAogaaEip::tSmOOarRZl(int),,0x2257fc,84,FUNC,GLOBAL,DEFAULT,9,True
5630,_ZN10hsuDgateQBC2ERK10C8THgaTQxF,hsuDgateQB::hsuDgateQB(C8THgaTQxF const&),,0x1b63cc,48,FUNC,GLOBAL,DEFAULT,9,True
5631,_ZN10ZOPBLaGcrF10ToNfLaIaUmE,ZOPBLaGcrF::ToNfLaIaUm,,0x3a0fa0,4,OBJECT,GLOBAL,DEFAULT,19,True
5632,_ZN10UU64BayqVEC2EiiiiiiiP10NLT0HaSwmE,"UU64BayqVE::UU64BayqVE(int, int, int, int, int, int, int, NLT0HaSwmE*)",,0x1153b8,44,FUNC,GLOBAL,DEFAULT,9,True
5633,_ZN10_k_Bgam3zA10sO3Kab3OcFEv,_k_Bgam3zA::sO3Kab3OcF(),,0x1c4ed4,1000,FUNC,GLOBAL,DEFAULT,9,True
5634,_ZN10G0gxgajWBw10PUcuMatt1oEPS_,G0gxgajWBw::PUcuMatt1o(G0gxgajWBw*),,0x215c38,344,FUNC,GLOBAL,DEFAULT,9,True
5635,_ZN10IUKzgam4Gy10NR70Za0dzNEv,IUKzgam4Gy::NR70Za0dzN(),,0xe176c,60,FUNC,GLOBAL,DEFAULT,9,True
5636,_ZN10awDo2aJRkD10j9gLgaw2nIEv,awDo2aJRkD::j9gLgaw2nI(),,0x1de70c,172,FUNC,GLOBAL,DEFAULT,9,True
5637,_ZN10uq9xgaUxlx10mP6ygaUl9xERK10C8THgaTQxF,uq9xgaUxlx::mP6ygaUl9x(C8THgaTQxF const&),,0x201890,308,FUNC,GLOBAL,DEFAULT,9,True
5638,_ZN10ezH5gajgp_C1EPS_,ezH5gajgp_::ezH5gajgp_(ezH5gajgp_*),,0x1d4378,116,FUNC,GLOBAL,DEFAULT,9,True
5639,_Z10aJiy_azmteiRK10C8THgaTQxF,"aJiy_azmte(int, C8THgaTQxF const&)",,0x20e6a4,132,FUNC,GLOBAL,DEFAULT,9,True
5640,_ZN10mTAogaaEip10mDp0OaIaYwEP10zW2NgaU4IK,mTAogaaEip::mDp0OaIaYw(zW2NgaU4IK*),,0x226eb4,332,FUNC,GLOBAL,DEFAULT,9,True
5641,jpeg_read_scanlines,jpeg_read_scanlines,,0x298a0c,240,FUNC,GLOBAL,DEFAULT,9,True
5642,_ZN10vy1JgaKVkH5qsortEPvmmPFiPKvS2_E,"vy1JgaKVkH::qsort(void*, unsigned long, unsigned long, int (*)(void const*, void const*))",,0xedde0,4,FUNC,GLOBAL,DEFAULT,9,True
5643,_ZN10N67CMatrxw10T4wrMaNrMmERK10C8THgaTQxFS2_,"N67CMatrxw::T4wrMaNrMm(C8THgaTQxF const&, C8THgaTQxF const&)",,0x234474,68,FUNC,GLOBAL,DEFAULT,9,True
5644,_ZN6CyaInt10FreeRsaKeyEPNS_6RsaKeyE,CyaInt::FreeRsaKey(CyaInt::RsaKey*),,0x2cca40,120,FUNC,GLOBAL,DEFAULT,9,True
5645,_ZN20VGk7faT0MaPropertiesD1Ev,VGk7faT0MaProperties::~VGk7faT0MaProperties(),,0x1e5724,28,FUNC,WEAK,DEFAULT,9,True
5646,_ZN10W6NzgawMJy10xmonwaG6hREv,W6NzgawMJy::xmonwaG6hR(),,0x178828,232,FUNC,GLOBAL,DEFAULT,9,True
5647,_ZN10s_YwgafWlwC2Ev,s_YwgafWlw::s_YwgafWlw(),,0x1db180,132,FUNC,GLOBAL,DEFAULT,9,True
5648,_ZN10u3cBgayBVz10q1msLaOZtxERK10C8THgaTQxFS2_,"u3cBgayBVz::q1msLaOZtx(C8THgaTQxF const&, C8THgaTQxF const&)",,0x20c370,24,FUNC,GLOBAL,DEFAULT,9,True
5649,_ZN10_WevgakbUu10LwlPfajJOVEv,_WevgakbUu::LwlPfajJOV(),,0x107e6c,56,FUNC,GLOBAL,DEFAULT,9,True
5650,_ZN10_k_Bgam3zA10VNOBgaGlqAEv,_k_Bgam3zA::VNOBgaGlqA(),,0x1c57c4,256,FUNC,GLOBAL,DEFAULT,9,True
5651,_Z10bylygaqKvxv,bylygaqKvx(),,0xf0058,180,FUNC,GLOBAL,DEFAULT,9,True
5652,_ZN6CyaInt19CyaSSL_library_initEv,CyaInt::CyaSSL_library_init(),,0x2d2a3c,36,FUNC,GLOBAL,DEFAULT,9,True
5653,_ZN10cHovga0n1u10UHr4FaIVl0ERK10C8THgaTQxFS2_,"cHovga0n1u::UHr4FaIVl0(C8THgaTQxF const&, C8THgaTQxF const&)",,0xe66a4,236,FUNC,GLOBAL,DEFAULT,9,True
5654,_ZN10XJLBgarMnA4readEv,XJLBgarMnA::read(),,0x20b3f0,772,FUNC,GLOBAL,DEFAULT,9,True
5655,gethostbyname@LIBC (2),gethostbyname,LIBC (2),0x0,0,FUNC,GLOBAL,DEFAULT,UND,False
5656,DGifGetCodeNext,DGifGetCodeNext,,0x2bb5b4,248,FUNC,GLOBAL,DEFAULT,9,True
5657,FY_qIaGAk_,FY_qIaGAk_,,0x3a08f8,32,OBJECT,GLOBAL,DEFAULT,19,True
5658,FT_GlyphLoader_Add,FT_GlyphLoader_Add,,0x259924,316,FUNC,GLOBAL,DEFAULT,9,True
5659,_ZN10_k_Bgam3zA10hScaEafrcpEv,_k_Bgam3zA::hScaEafrcp(),,0x1c564c,188,FUNC,GLOBAL,DEFAULT,9,True
5660,_ZN10BP3Kfa2PcS10AJfYga4QiTEi,BP3Kfa2PcS::AJfYga4QiT(int),,0x10b018,56,FUNC,GLOBAL,DEFAULT,9,True
5661,_ZN10s_YwgafWlw10mYcwgatwIvEv,s_YwgafWlw::mYcwgatwIv(),,0x1dc8e0,4,FUNC,WEAK,DEFAULT,9,True
5662,_ZN10f6WHgaQkAF10aVawgaFNGvERK10C8THgaTQxF,f6WHgaQkAF::aVawgaFNGv(C8THgaTQxF const&),,0xee190,160,FUNC,GLOBAL,DEFAULT,9,True
5663,_ZNK10C8THgaTQxF10QgaLgaQfiIEii,"C8THgaTQxF::QgaLgaQfiI(int, int) const",,0xf4378,264,FUNC,GLOBAL,DEFAULT,9,True
5664,Java_com_quattroplay_GraalClassic_Natives_onAppResume,Java_com_quattroplay_GraalClassic_Natives_onAppResume,,0x251c4c,208,FUNC,GLOBAL,DEFAULT,9,True
5665,FT_Outline_New_Internal,FT_Outline_New_Internal,,0x25f028,304,FUNC,GLOBAL,DEFAULT,9,True
5666,_ZN10oMhmIajzmW10okvPKaRYW_Effff,"oMhmIajzmW::okvPKaRYW_(float, float, float, float)",,0x1061a8,4,FUNC,WEAK,DEFAULT,9,True
5667,_ZN10zeksfaZDrCC1ERK10C8THgaTQxF,zeksfaZDrC::zeksfaZDrC(C8THgaTQxF const&),,0x23887c,116,FUNC,GLOBAL,DEFAULT,9,True
5668,_ZN10G0gxgajWBw10gi98La2qj7ERK10C8THgaTQxFj,"G0gxgajWBw::gi98La2qj7(C8THgaTQxF const&, unsigned int)",,0x2154e0,380,FUNC,GLOBAL,DEFAULT,9,True
5669,_ZN10mTAogaaEip10F2qFPaZmt4ERK10C8THgaTQxFi,"mTAogaaEip::F2qFPaZmt4(C8THgaTQxF const&, int)",,0x222924,1200,FUNC,GLOBAL,DEFAULT,9,True
5670,_ZN10W6NzgawMJy10uScpwasrPSEi,W6NzgawMJy::uScpwasrPS(int),,0x171100,204,FUNC,GLOBAL,DEFAULT,9,True
5671,_ZN10oMhmIajzmW10arzfHawqI_Ev,oMhmIajzmW::arzfHawqI_(),,0x10098c,4,FUNC,WEAK,DEFAULT,9,True
5672,_ZN6CyaInt16mp_dr_is_modulusEPNS_6mp_intE,CyaInt::mp_dr_is_modulus(CyaInt::mp_int*),,0x2c8910,76,FUNC,GLOBAL,DEFAULT,9,True
5673,_ZN10DFeOfaFXSU10j9gLgaw2nIEv,DFeOfaFXSU::j9gLgaw2nI(),,0x10f7ac,44,FUNC,GLOBAL,DEFAULT,9,True
5674,_ZN10MHEiIauRiT10TogyYaCpryEi,MHEiIauRiT::TogyYaCpry(int),,0xe59bc,136,FUNC,GLOBAL,DEFAULT,9,True
5675,_ZN10QpvgIav2uR10Bh5fIar38QD1Ev,QpvgIav2uR::Bh5fIar38Q::~Bh5fIar38Q(),,0x1d2fa4,112,FUNC,WEAK,DEFAULT,9,True
5676,_ZN10OYYKfaPU7R10PHFwgaxH5vEii,"OYYKfaPU7R::PHFwgaxH5v(int, int)",,0x100fd0,84,FUNC,GLOBAL,DEFAULT,9,True
5677,WirsQaCAxK,WirsQaCAxK,,0x391570,24,OBJECT,GLOBAL,DEFAULT,18,True
5678,_ZN10LJyzga9Pwy10xJOTJa1hzdEv,LJyzga9Pwy::xJOTJa1hzd(),,0x10925c,108,FUNC,GLOBAL,DEFAULT,9,True
5679,_ZN10w6qzgacqqy10P937xa16okERK10C8THgaTQxF,w6qzgacqqy::P937xa16ok(C8THgaTQxF const&),,0x1fb4ec,472,FUNC,GLOBAL,DEFAULT,9,True
5680,_ZN10pWihMaQxae10Lpq6fbkQ09ERK10C8THgaTQxFP10G0gxgajWBw,"pWihMaQxae::Lpq6fbkQ09(C8THgaTQxF const&, G0gxgajWBw*)",,0x2343d0,164,FUNC,GLOBAL,DEFAULT,9,True
5681,_ZN10vy1JgaKVkH6DeleteEi,vy1JgaKVkH::Delete(int),,0xeda64,280,FUNC,GLOBAL,DEFAULT,9,True
5682,_ZN10X7ZxganTcx10kcIzFa3NEAERK10bagMga8cdJi,"X7ZxganTcx::kcIzFa3NEA(bagMga8cdJ const&, int)",,0x10021c,152,FUNC,GLOBAL,DEFAULT,9,True
5683,_ZN10W6NzgawMJy10HbDSwauAzgEi,W6NzgawMJy::HbDSwauAzg(int),,0x172854,236,FUNC,GLOBAL,DEFAULT,9,True
5684,_ZN6CyaInt14CyaSSL_pendingEPNS_6CYASSLE,CyaInt::CyaSSL_pending(CyaInt::CYASSL*),,0x2d14a4,8,FUNC,GLOBAL,DEFAULT,9,True
5685,recv@LIBC (2),recv,LIBC (2),0x0,0,FUNC,GLOBAL,DEFAULT,UND,False
5686,_ZN10V8fxgahcBw10UBUW2aFea5Ev,V8fxgahcBw::UBUW2aFea5(),,0x11a71c,56,FUNC,GLOBAL,DEFAULT,9,True
5687,_ZN20o3AZxayNqcPropertiesC2Ev,o3AZxayNqcProperties::o3AZxayNqcProperties(),,0x1e7370,176,FUNC,GLOBAL,DEFAULT,9,True
5688,TuTHlbFixS,TuTHlbFixS,,0x3a2e30,8,OBJECT,GLOBAL,DEFAULT,19,True
5689,_ZN10m0ka3aUhjhC2EP10V8fxgahcBwRK10eY2wgaf6pwS4_f,"m0ka3aUhjh::m0ka3aUhjh(V8fxgahcBw*, eY2wgaf6pw const&, eY2wgaf6pw const&, float)",,0x11ca40,260,FUNC,GLOBAL,DEFAULT,9,True
5690,_ZN10vuuHgangcF6RemoveERK10CanTfaz6bZ,vuuHgangcF::Remove(CanTfaz6bZ const&),,0xf6f08,72,FUNC,GLOBAL,DEFAULT,9,True
5691,_ZN10fJ8VgaKXwRC2EP10zF9VgaBKxR,fJ8VgaKXwR::fJ8VgaKXwR(zF9VgaBKxR*),,0x247634,88,FUNC,GLOBAL,DEFAULT,9,True
5692,b8QSvasjLq,b8QSvasjLq,,0x39c0f0,4096,OBJECT,GLOBAL,DEFAULT,18,True
5693,_ZN10reub2aL2gsD2Ev,reub2aL2gs::~reub2aL2gs(),,0x20ddc0,20,FUNC,WEAK,DEFAULT,9,True
5694,fSPyvadfV9,fSPyvadfV9,,0x3924f0,32,OBJECT,GLOBAL,DEFAULT,18,True
5695,_ZN6CyaInt24CyaSSL_get_alert_historyEPNS_6CYASSLEPNS_20CYASSL_ALERT_HISTORYE,"CyaInt::CyaSSL_get_alert_history(CyaInt::CYASSL*, CyaInt::CYASSL_ALERT_HISTORY*)",,0x2d12f4,28,FUNC,GLOBAL,DEFAULT,9,True
5696,UZGERaRMQK,UZGERaRMQK,,0x396d20,32,OBJECT,GLOBAL,DEFAULT,18,True
5697,_Z18detect_frida_loop2Pv,detect_frida_loop2(void*),,0x24f688,92,FUNC,GLOBAL,DEFAULT,9,True
5698,localtime@LIBC (2),localtime,LIBC (2),0x0,0,FUNC,GLOBAL,DEFAULT,UND,False
5699,_ZN10V8fxgahcBw10f4IvDafxiRE,V8fxgahcBw::f4IvDafxiR,,0x38b258,8,OBJECT,GLOBAL,DEFAULT,18,True
5700,_ZN10LBgVgaqANQ10Xf76Ia6IBzEddd,"LBgVgaqANQ::Xf76Ia6IBz(double, double, double)",,0x18d578,676,FUNC,GLOBAL,DEFAULT,9,True
5701,_ZThn16_N20eODlJaQ5OLPropertiesD1Ev,non-virtual thunk to eODlJaQ5OLProperties::~eODlJaQ5OLProperties(),,0x241fe0,8,FUNC,WEAK,DEFAULT,9,True
5702,_ZN10s40xgamwex10s1TOKaQKq_Ev,s40xgamwex::s1TOKaQKq_(),,0x104fd4,128,FUNC,GLOBAL,DEFAULT,9,True
5703,_Z10dZTyga4HYxRK10C8THgaTQxFS1_,"dZTyga4HYx(C8THgaTQxF const&, C8THgaTQxF const&)",,0xf63ec,456,FUNC,GLOBAL,DEFAULT,9,True
5704,_ZN10SDrvgadS3u10A6rTYaaggQE,SDrvgadS3u::A6rTYaaggQ,,0x3a4bb8,8,OBJECT,GLOBAL,DEFAULT,19,True
5705,af_autofitter_service,af_autofitter_service,,0x380238,32,OBJECT,GLOBAL,DEFAULT,15,True
5706,_ZN10c76BgaJBGAD0Ev,c76BgaJBGA::~c76BgaJBGA(),,0x22ccc4,32,FUNC,GLOBAL,DEFAULT,9,True
5707,_ZN10vy1JgaKVkH3AddEPv,vy1JgaKVkH::Add(void*),,0xed82c,92,FUNC,GLOBAL,DEFAULT,9,True
5708,_ZN10PfQXva4zXuIdE10J89mga585nEi,PfQXva4zXu<double>::J89mga585n(int),,0x18ebac,88,FUNC,WEAK,DEFAULT,9,True
5709,_ZN10AICTfaebpZC1EP10zW2NgaU4IKRK10C8THgaTQxFii,"AICTfaebpZ::AICTfaebpZ(zW2NgaU4IK*, C8THgaTQxF const&, int, int)",,0x21b490,216,FUNC,GLOBAL,DEFAULT,9,True
5710,_ZN10AS80gaE4zW10GQYQga3NaNEv,AS80gaE4zW::GQYQga3NaN(),,0x1d7300,60,FUNC,GLOBAL,DEFAULT,9,True
5711,_ZN20znLtuaytEfPropertiesC1Ev,znLtuaytEfProperties::znLtuaytEfProperties(),,0x16a6c8,144,FUNC,GLOBAL,DEFAULT,9,True
5712,register_prng,register_prng,,0x255624,256,FUNC,GLOBAL,DEFAULT,9,True
5713,_ZN6CyaInt14InitSSL_MethodEPNS_13CYASSL_METHODENS_15ProtocolVersionE,"CyaInt::InitSSL_Method(CyaInt::CYASSL_METHOD*, CyaInt::ProtocolVersion)",,0x2d622c,20,FUNC,GLOBAL,DEFAULT,9,True
5714,_ZN6CyaInt16CyaSSL_get_errorEPNS_6CYASSLEi,"CyaInt::CyaSSL_get_error(CyaInt::CYASSL*, int)",,0x2d12ac,72,FUNC,GLOBAL,DEFAULT,9,True
5715,_Z16DetectFridaLoop1bbb,"DetectFridaLoop1(bool, bool, bool)",,0x24a2e8,1796,FUNC,GLOBAL,DEFAULT,9,True
5716,_Z10XCsM1asHn6v,XCsM1asHn6(),,0x11329c,20,FUNC,GLOBAL,DEFAULT,9,True
5717,_ZN6CyaInt17CyaSSL_want_writeEPNS_6CYASSLE,CyaInt::CyaSSL_want_write(CyaInt::CYASSL*),,0x2d1320,16,FUNC,GLOBAL,DEFAULT,9,True
5718,_ZN20gId5RaV8_6PropertiesD2Ev,gId5RaV8_6Properties::~gId5RaV8_6Properties(),,0x249b40,28,FUNC,WEAK,DEFAULT,9,True
5719,tt_cmap6_class_rec1,tt_cmap6_class_rec1,,0x37fdf8,104,OBJECT,GLOBAL,DEFAULT,15,True
5720,_ZN10zW2NgaU4IK10oteOgakNSKERK10C8THgaTQxFii,"zW2NgaU4IK::oteOgakNSK(C8THgaTQxF const&, int, int)",,0x21bee8,500,FUNC,GLOBAL,DEFAULT,9,True
5721,_ZN10AK892aVY8gC1EP10V8fxgahcBwRK10i7FHgaP2lFS4_RK10C8THgaTQxF,"AK892aVY8g::AK892aVY8g(V8fxgahcBw*, i7FHgaP2lF const&, i7FHgaP2lF const&, C8THgaTQxF const&)",,0x11a434,164,FUNC,GLOBAL,DEFAULT,9,True
5722,_ZN10uSjUgask_P10gnoUnb962IEv,uSjUgask_P::gnoUnb962I(),,0x107638,212,FUNC,GLOBAL,DEFAULT,9,True
5723,jUrm2aY4uBawDo2aJRkD,jUrm2aY4uBawDo2aJRkD,,0x3a3500,8,OBJECT,GLOBAL,DEFAULT,19,True
5724,sfnt_get_interface,sfnt_get_interface,,0x263a4c,12,FUNC,GLOBAL,DEFAULT,9,True
5725,_ZN20FY2VgaG6rRPropertiesC2Ev,FY2VgaG6rRProperties::FY2VgaG6rRProperties(),,0x16d780,156,FUNC,GLOBAL,DEFAULT,9,True
5726,strtoul@LIBC (2),strtoul,LIBC (2),0x0,0,FUNC,GLOBAL,DEFAULT,UND,False
5727,_ZN10W6NzgawMJy10cPsmwaERvQERK10C8THgaTQxF,W6NzgawMJy::cPsmwaERvQ(C8THgaTQxF const&),,0x17f1c8,112,FUNC,GLOBAL,DEFAULT,9,True
5728,_ZN10giqpgaXJ_pD2Ev,giqpgaXJ_p::~giqpgaXJ_p(),,0x213440,20,FUNC,WEAK,DEFAULT,9,True
5729,_ZN10eODlJaQ5OLD0Ev,eODlJaQ5OL::~eODlJaQ5OL(),,0x23e55c,32,FUNC,GLOBAL,DEFAULT,9,True
5730,_ZTV10uzvDgataRB,vtable for uzvDgataRB,,0x376720,888,OBJECT,WEAK,DEFAULT,15,True
5731,_ZN10MpGzgariDy10hsVGqbnXI3EP10W6NzgawMJy,MpGzgariDy::hsVGqbnXI3(W6NzgawMJy*),,0x190820,60,FUNC,GLOBAL,DEFAULT,9,True
5732,_ZN10EYKlVaL7UR10KHqDgay4MBERK10i7FHgaP2lF,EYKlVaL7UR::KHqDgay4MB(i7FHgaP2lF const&),,0x1dff18,228,FUNC,GLOBAL,DEFAULT,9,True
5733,_ZN10mTAogaaEip10EroMOaUakkEv,mTAogaaEip::EroMOaUakk(),,0x2246d8,388,FUNC,GLOBAL,DEFAULT,9,True
5734,_ZN10awDo2aJRkD10JEhyga0ssxEi,awDo2aJRkD::JEhyga0ssx(int),,0x1deb14,480,FUNC,GLOBAL,DEFAULT,9,True
5735,inflateReset,inflateReset,,0x291358,124,FUNC,GLOBAL,DEFAULT,9,True
5736,_ZNK10S2m6gab0Y_10zwr6ga1L1_Ev,S2m6gab0Y_::zwr6ga1L1_() const,,0x1d3edc,8,FUNC,GLOBAL,DEFAULT,9,True
5737,_ZN10_HTugbItBuD2Ev,_HTugbItBu::~_HTugbItBu(),,0x169030,20,FUNC,WEAK,DEFAULT,9,True
5738,_ZN20pdnkJaZ8KKPropertiesD2Ev,pdnkJaZ8KKProperties::~pdnkJaZ8KKProperties(),,0x245d24,28,FUNC,WEAK,DEFAULT,9,True
5739,_ZN6CyaInt15InitDecodedCertEPNS_11DecodedCertEPhjPv,"CyaInt::InitDecodedCert(CyaInt::DecodedCert*, unsigned char*, unsigned int, void*)",,0x2c281c,104,FUNC,GLOBAL,DEFAULT,9,True
5740,_ZN10MpGzgariDy10AAoSpbvinnEv,MpGzgariDy::AAoSpbvinn(),,0x191510,152,FUNC,GLOBAL,DEFAULT,9,True
5741,_ZN10AS80gaE4zW10fv7SgaYVZOEPKcibb,"AS80gaE4zW::fv7SgaYVZO(char const*, int, bool, bool)",,0x1d4db0,460,FUNC,GLOBAL,DEFAULT,9,True
5742,_ZN10W6NzgawMJy10k1oSwaOFngERK10C8THgaTQxFbb,"W6NzgawMJy::k1oSwaOFng(C8THgaTQxF const&, bool, bool)",,0x1742a4,1148,FUNC,GLOBAL,DEFAULT,9,True
5743,_ZN10w9XxgaJdbx10LSrJFaP3QIERK10bagMga8cdJ,w9XxgaJdbx::LSrJFaP3QI(bagMga8cdJ const&),,0x1be9e8,44,FUNC,GLOBAL,DEFAULT,9,True
5744,_ZN10SsrLga3IwI10IvaJBaksClEv,SsrLga3IwI::IvaJBaksCl(),,0x1b47e0,128,FUNC,GLOBAL,DEFAULT,9,True
5745,_ZN10FY2VgaG6rR10xXWggaOcSiEP10rizMgadjtJ,FY2VgaG6rR::xXWggaOcSi(rizMgadjtJ*),,0x16d944,100,FUNC,GLOBAL,DEFAULT,9,True
5746,ft_module_get_service,ft_module_get_service,,0x25b240,168,FUNC,GLOBAL,DEFAULT,9,True
5747,_ZN10ln7yHaeP9fD0Ev,ln7yHaeP9f::~ln7yHaeP9f(),,0x1ce3b8,32,FUNC,GLOBAL,DEFAULT,9,True
5748,_ZN10s40xgamwex10C2xOKaWf8ZEv,s40xgamwex::C2xOKaWf8Z(),,0x10570c,108,FUNC,GLOBAL,DEFAULT,9,True
5749,_ZN10ieJzgaIFFyD2Ev,ieJzgaIFFy::~ieJzgaIFFy(),,0x168af8,592,FUNC,GLOBAL,DEFAULT,9,True
5750,_ZN6CyaInt18fast_s_mp_mul_digsEPNS_6mp_intES1_S1_i,"CyaInt::fast_s_mp_mul_digs(CyaInt::mp_int*, CyaInt::mp_int*, CyaInt::mp_int*, int)",,0x2c9440,872,FUNC,GLOBAL,DEFAULT,9,True
5751,_ZN10xKbb3aMu1hC1EP10V8fxgahcBwRK10eY2wgaf6pwS4_S4_f,"xKbb3aMu1h::xKbb3aMu1h(V8fxgahcBw*, eY2wgaf6pw const&, eY2wgaf6pw const&, eY2wgaf6pw const&, float)",,0x11c880,276,FUNC,GLOBAL,DEFAULT,9,True
5752,_ZN10XoqxgaMPJw10j9gLgaw2nIEv,XoqxgaMPJw::j9gLgaw2nI(),,0x114a80,308,FUNC,GLOBAL,DEFAULT,9,True
5753,_ZN20RH6ygazf9xPropertiesD1Ev,RH6ygazf9xProperties::~RH6ygazf9xProperties(),,0x210cb8,28,FUNC,WEAK,DEFAULT,9,True
5754,_ZN10eODlJaQ5OL10pPR7XaXTdcERK10V6P7faBscb,eODlJaQ5OL::pPR7XaXTdc(V6P7faBscb const&),,0x241e48,272,FUNC,GLOBAL,DEFAULT,9,True
5755,_ZN10w9XxgaJdbx10bvLrxaOzYKERK10cXoLgatBuI,w9XxgaJdbx::bvLrxaOzYK(cXoLgatBuI const&),,0x1b8454,104,FUNC,GLOBAL,DEFAULT,9,True
5756,_ZN10EbOa3arQHh10rMBEgasoMCEv,EbOa3arQHh::rMBEgasoMC(),,0x11a238,80,FUNC,GLOBAL,DEFAULT,9,True
5757,_Z20ZPvEDawoHYE7Bm2aaHDBRK10C8THgaTQxF,ZPvEDawoHYE7Bm2aaHDB(C8THgaTQxF const&),,0x1bfaa8,48,FUNC,GLOBAL,DEFAULT,9,True
5758,FT_GlyphLoader_CopyPoints,FT_GlyphLoader_CopyPoints,,0x25ecd0,312,FUNC,GLOBAL,DEFAULT,9,True
5759,_ZN6CyaInt10mp_cmp_magEPNS_6mp_intES1_,"CyaInt::mp_cmp_mag(CyaInt::mp_int*, CyaInt::mp_int*)",,0x2c6e60,164,FUNC,GLOBAL,DEFAULT,9,True
5760,_ZN10AS80gaE4zWD1Ev,AS80gaE4zW::~AS80gaE4zW(),,0x1d7678,92,FUNC,GLOBAL,DEFAULT,9,True
5761,_Z23jinit_d_main_controllerP22jpeg_decompress_structi,"jinit_d_main_controller(jpeg_decompress_struct*, int)",,0x2ad964,496,FUNC,GLOBAL,DEFAULT,9,True
5762,_ZN10N67CMatrxw10NIyWfarPS0ERK10C8THgaTQxFb,"N67CMatrxw::NIyWfarPS0(C8THgaTQxF const&, bool)",,0x233114,408,FUNC,GLOBAL,DEFAULT,9,True
5763,DM16KaE6wf,DM16KaE6wf,,0x3a2e60,8,OBJECT,GLOBAL,DEFAULT,19,True
5764,_ZN10W6NzgawMJy10FONpxamwjJE,W6NzgawMJy::FONpxamwjJ,,0x3a26c1,1,OBJECT,GLOBAL,DEFAULT,19,True
5765,zlibVersion,zlibVersion,,0x296fc0,12,FUNC,GLOBAL,DEFAULT,9,True
5766,_ZN10uzN1fatj75D1Ev,uzN1fatj75::~uzN1fatj75(),,0x10c338,48,FUNC,GLOBAL,DEFAULT,9,True
5767,_ZN10_thLgaWjoI10b_bLgaTHjIERK10C8THgaTQxFb,"_thLgaWjoI::b_bLgaTHjI(C8THgaTQxF const&, bool)",,0x1cba4c,224,FUNC,GLOBAL,DEFAULT,9,True
5768,_ZN20v9r4yaCim7PropertiesD2Ev,v9r4yaCim7Properties::~v9r4yaCim7Properties(),,0x1c495c,28,FUNC,WEAK,DEFAULT,9,True
5769,_ZN10CDPvgaY2nv10zgMygazdSxE,CDPvgaY2nv::zgMygazdSx,,0x3a0018,1,OBJECT,GLOBAL,DEFAULT,19,True
5770,_ZN10XJLBgarMnA10nZIBgaeslAEv,XJLBgarMnA::nZIBgaeslA(),,0x20ab0c,152,FUNC,GLOBAL,DEFAULT,9,True
5771,_ZN20NgNBgaN3oAPropertiesC2Ev,NgNBgaN3oAProperties::NgNBgaN3oAProperties(),,0x236dfc,164,FUNC,GLOBAL,DEFAULT,9,True
5772,FT_Request_Metrics,FT_Request_Metrics,,0x259e48,780,FUNC,GLOBAL,DEFAULT,9,True
5773,_ZN10PO392awP4gD2Ev,PO392awP4g::~PO392awP4g(),,0x11d488,68,FUNC,WEAK,DEFAULT,9,True
5774,Q8n_Fa6V5WOnln2aNBfC,Q8n_Fa6V5WOnln2aNBfC,,0x3a3358,8,OBJECT,GLOBAL,DEFAULT,19,True
5775,_ZN10V8fxgahcBw10O70xgakzexERK10eY2wgaf6pwS2_f,"V8fxgahcBw::O70xgakzex(eY2wgaf6pw const&, eY2wgaf6pw const&, float)",,0x11cb48,84,FUNC,GLOBAL,DEFAULT,9,True
5776,_Z8AesSetIVP3AesPKh,"AesSetIV(Aes*, unsigned char const*)",,0x2c57a8,44,FUNC,GLOBAL,DEFAULT,9,True
5777,_ZN10qjQMgaXCHJ10QKqoLa469tE,qjQMgaXCHJ::QKqoLa469t,,0x3a0710,8,OBJECT,GLOBAL,DEFAULT,19,True
5778,_ZN10mTAogaaEip10dbdqPa6HFSEv,mTAogaaEip::dbdqPa6HFS(),,0x227000,132,FUNC,GLOBAL,DEFAULT,9,True
5779,_ZN10ln7yHaeP9f10BxyTvbUFlrEv,ln7yHaeP9f::BxyTvbUFlr(),,0x1ceb8c,216,FUNC,GLOBAL,DEFAULT,9,True
5780,_ZN10W6NzgawMJy10KRDtwaS8xWEi,W6NzgawMJy::KRDtwaS8xW(int),,0x171034,204,FUNC,GLOBAL,DEFAULT,9,True
5781,_ZN10OOmzgapOmy10V4HBQaVHkSERK10C8THgaTQxF,OOmzgapOmy::V4HBQaVHkS(C8THgaTQxF const&),,0xf0498,92,FUNC,GLOBAL,DEFAULT,9,True
5782,_ZN10s_YwgafWlw10jt2iIafHDTERK10cXoLgatBuI,s_YwgafWlw::jt2iIafHDT(cXoLgatBuI const&),,0x1dc224,172,FUNC,GLOBAL,DEFAULT,9,True
5783,_ZN10eODlJaQ5OL10Osj7Xa_ZLbEb,eODlJaQ5OL::Osj7Xa_ZLb(bool),,0x241c28,428,FUNC,GLOBAL,DEFAULT,9,True
5784,_ZN10MpGzgariDy10mFbtwaoqaWEv,MpGzgariDy::mFbtwaoqaW(),,0x18e9fc,8,FUNC,WEAK,DEFAULT,9,True
5785,_ZN10w9XxgaJdbx6resizeERK10eY2wgaf6pwS2_,"w9XxgaJdbx::resize(eY2wgaf6pw const&, eY2wgaf6pw const&)",,0x1bbe74,584,FUNC,GLOBAL,DEFAULT,9,True
5786,_ZN6CyaInt16MakeMasterSecretEPNS_6CYASSLE,CyaInt::MakeMasterSecret(CyaInt::CYASSL*),,0x2db060,16,FUNC,GLOBAL,DEFAULT,9,True
5787,_ZN10XCASBayqxt10F3eHXaJh_PEb,XCASBayqxt::F3eHXaJh_P(bool),,0x1b0e7c,32,FUNC,GLOBAL,DEFAULT,9,True
5788,_ZN10Kv6ugas5Mu10OiYIGaAlryERK10KcKRganuPN,Kv6ugas5Mu::OiYIGaAlry(KcKRganuPN const&),,0x1112c4,164,FUNC,GLOBAL,DEFAULT,9,True
5789,_ZN10KcKRganuPN10HHYOfapGuVE,KcKRganuPN::HHYOfapGuV,,0x3a0a00,4,OBJECT,GLOBAL,DEFAULT,19,True
5790,_ZTV10SrwA5a7Ukj,vtable for SrwA5a7Ukj,,0x373450,48,OBJECT,WEAK,DEFAULT,15,True
5791,_ZTV20VGEwBaTQ4aProperties,vtable for VGEwBaTQ4aProperties,,0x37bdb0,88,OBJECT,WEAK,DEFAULT,15,True
5792,_ZN10mTAogaaEip10moJOOa5NhmEv,mTAogaaEip::moJOOa5Nhm(),,0x228900,440,FUNC,GLOBAL,DEFAULT,9,True
5793,_ZN10MpHWLal8ZWD2Ev,MpHWLal8ZW::~MpHWLal8ZW(),,0x1a4904,60,FUNC,GLOBAL,DEFAULT,9,True
5794,_ZN10w9XxgaJdbx10pONIFa0viIEf,w9XxgaJdbx::pONIFa0viI(float),,0x1bea8c,64,FUNC,GLOBAL,DEFAULT,9,True
5795,_ZN10zF9VgaBKxR10WcnQZaF8FDEddb,"zF9VgaBKxR::WcnQZaF8FD(double, double, bool)",,0x1aac08,124,FUNC,GLOBAL,DEFAULT,9,True
5796,_ZN10IUKzgam4Gy10Z_EwKaG64KE,IUKzgam4Gy::Z_EwKaG64K,,0x39ff00,1,OBJECT,GLOBAL,DEFAULT,19,True
5797,_ZN10Q8n_Fa6V5W10ZCBDgaugWBERK10eY2wgaf6pw,Q8n_Fa6V5W::ZCBDgaugWB(eY2wgaf6pw const&),,0x1caeb4,400,FUNC,GLOBAL,DEFAULT,9,True
5798,_ZN10psSDxavq9U10_h1tSaWHSrERK10C8THgaTQxFS2_S2_,"psSDxavq9U::_h1tSaWHSr(C8THgaTQxF const&, C8THgaTQxF const&, C8THgaTQxF const&)",,0x202fe8,204,FUNC,GLOBAL,DEFAULT,9,True
5799,_ZTV20ieJzgaIFFyProperties,vtable for ieJzgaIFFyProperties,,0x373580,88,OBJECT,WEAK,DEFAULT,15,True
5800,fHUp_aYip7,fHUp_aYip7,,0x3a0949,1,OBJECT,GLOBAL,DEFAULT,19,True
5801,_ZN10_WevgakbUu10GhhDEaw9ENE,_WevgakbUu::GhhDEaw9EN,,0x38a0f8,1,OBJECT,GLOBAL,DEFAULT,18,True
5802,_ZN10psSDxavq9U10QJ5AgaerPzERK10C8THgaTQxF,psSDxavq9U::QJ5AgaerPz(C8THgaTQxF const&),,0x20448c,72,FUNC,GLOBAL,DEFAULT,9,True
5803,_ZTV20EqV_Ka3Vx9Properties,vtable for EqV_Ka3Vx9Properties,,0x376aa0,88,OBJECT,WEAK,DEFAULT,15,True
5804,_ZN10znLtuaytEf4sendEv,znLtuaytEf::send(),,0x16a81c,448,FUNC,GLOBAL,DEFAULT,9,True
5805,_ZN10G0gxgajWBw10OEwsMa54BnEPS_,G0gxgajWBw::OEwsMa54Bn(G0gxgajWBw*),,0x219050,1404,FUNC,GLOBAL,DEFAULT,9,True
5806,_Z20GbMhIaz9ySE7Bm2aaHDBRK10C8THgaTQxF,GbMhIaz9ySE7Bm2aaHDB(C8THgaTQxF const&),,0x1c0824,48,FUNC,GLOBAL,DEFAULT,9,True
5807,_Z10obPllbbGYzP10lGIClbdcbO,obPllbbGYz(lGIClbdcbO*),,0x19abb0,116,FUNC,GLOBAL,DEFAULT,9,True
5808,_ZN10AS80gaE4zW10ZPYOgawNuLEP10S2m6gab0Y_j,"AS80gaE4zW::ZPYOgawNuL(S2m6gab0Y_*, unsigned int)",,0x1d6544,1124,FUNC,GLOBAL,DEFAULT,9,True
5809,_ZN10W6NzgawMJy10kCBtwaWfwWEi,W6NzgawMJy::kCBtwaWfwW(int),,0x170c38,204,FUNC,GLOBAL,DEFAULT,9,True
5810,_ZN10LBgVgaqANQ10xOk4Iae7fxEPS_,LBgVgaqANQ::xOk4Iae7fx(LBgVgaqANQ*),,0x18dfc0,192,FUNC,GLOBAL,DEFAULT,9,True
5811,_Z10ooEeJa7AWFRK10C8THgaTQxF,ooEeJa7AWF(C8THgaTQxF const&),,0xf54f8,304,FUNC,GLOBAL,DEFAULT,9,True
5812,Java_com_quattroplay_GraalClassic_Natives_onMobirooInAppItems,Java_com_quattroplay_GraalClassic_Natives_onMobirooInAppItems,,0x2524c8,332,FUNC,GLOBAL,DEFAULT,9,True
5813,_ZN10u0eyga1eqx6resizeERK10eY2wgaf6pwS2_,"u0eyga1eqx::resize(eY2wgaf6pw const&, eY2wgaf6pw const&)",,0x1e3a68,156,FUNC,GLOBAL,DEFAULT,9,True
5814,_Z10GuSLgassTIPvRK10C8THgaTQxF,"GuSLgassTI(void*, C8THgaTQxF const&)",,0x253038,300,FUNC,GLOBAL,DEFAULT,9,True
5815,_ZTV10_WevgakbUu,vtable for _WevgakbUu,,0x3725f0,96,OBJECT,WEAK,DEFAULT,15,True
5816,_Z13Base64_DecodePKhjPhPj,"Base64_Decode(unsigned char const*, unsigned int, unsigned char*, unsigned int*)",,0x2d53bc,504,FUNC,GLOBAL,DEFAULT,9,True
5817,_ZN10C8THgaTQxFlsEy,C8THgaTQxF::operator<<(unsigned long long),,0xf2c24,48,FUNC,GLOBAL,DEFAULT,9,True
5818,Read_CVT_Stretched,Read_CVT_Stretched,,0x26ef8c,204,FUNC,GLOBAL,DEFAULT,9,True
5819,_ZN10LJyzga9Pwy10wgSQgaCg5MEv,LJyzga9Pwy::wgSQgaCg5M(),,0x1092c8,136,FUNC,GLOBAL,DEFAULT,9,True
5820,_ZN10LJyzga9Pwy10hcWxKa0z9LEv,LJyzga9Pwy::hcWxKa0z9L(),,0x109874,52,FUNC,GLOBAL,DEFAULT,9,True
5821,_ZN6CyaInt19CyaSSL_get_shutdownEPKNS_6CYASSLE,CyaInt::CyaSSL_get_shutdown(CyaInt::CYASSL const*),,0x2d3814,24,FUNC,GLOBAL,DEFAULT,9,True
5822,_ZN10TZf6gaQ3S_10dIcr4aMivlEb,TZf6gaQ3S_::dIcr4aMivl(bool),,0x110738,300,FUNC,GLOBAL,DEFAULT,9,True
5823,_ZN10f6WHgaQkAF10B_ZvgaiMwvERK10C8THgaTQxF,f6WHgaQkAF::B_ZvgaiMwv(C8THgaTQxF const&),,0xee4c0,152,FUNC,GLOBAL,DEFAULT,9,True
5824,_ZN10W6NzgawMJy10QL5FfaVs1NEP10MpGzgariDy,W6NzgawMJy::QL5FfaVs1N(MpGzgariDy*),,0x170318,28,FUNC,GLOBAL,DEFAULT,9,True
5825,_ZN10_WevgakbUu10dplYgaNCnTEb,_WevgakbUu::dplYgaNCnT(bool),,0x107c50,164,FUNC,GLOBAL,DEFAULT,9,True
5826,_Z10yOwyJa9cFWdd,"yOwyJa9cFW(double, double)",,0x22c910,316,FUNC,WEAK,DEFAULT,9,True
5827,_ZN10Kv6ugas5Mu10zX4IGaKMxyERK10KcKRganuPN,Kv6ugas5Mu::zX4IGaKMxy(KcKRganuPN const&),,0x111eb4,112,FUNC,GLOBAL,DEFAULT,9,True
5828,_ZN10wiULgacZUI10bn5vga47BvE,wiULgacZUI::bn5vga47Bv,,0x39ffa8,8,OBJECT,GLOBAL,DEFAULT,19,True
5829,_Z23jinit_color_deconverterP22jpeg_decompress_struct,jinit_color_deconverter(jpeg_decompress_struct*),,0x2ab454,1064,FUNC,GLOBAL,DEFAULT,9,True
5830,find_hash_id,find_hash_id,,0x255150,84,FUNC,GLOBAL,DEFAULT,9,True
5831,_ZN10tIiGfa7lcO10FwfGfa7F9NERKS_,tIiGfa7lcO::FwfGfa7F9N(tIiGfa7lcO const&),,0x1ea860,124,FUNC,GLOBAL,DEFAULT,9,True
5832,_ZN10AS80gaE4zW10qVfSga0_fOEbjjP10S2m6gab0Y_P10HyIQgaQ5XMRK10eY2wgaf6pw,"AS80gaE4zW::qVfSga0_fO(bool, unsigned int, unsigned int, S2m6gab0Y_*, HyIQgaQ5XM*, eY2wgaf6pw const&)",,0x1d51b4,1016,FUNC,GLOBAL,DEFAULT,9,True
5833,_ZN10ToQnQaIHFG10OEwsMa54BnEPS_,ToQnQaIHFG::OEwsMa54Bn(ToQnQaIHFG*),,0x21f604,152,FUNC,GLOBAL,DEFAULT,9,True
5834,_ZNK10nulqJa9GMP10UKOr_a8i08ERK10V6P7faBscbS2_PfPS0_,"nulqJa9GMP::UKOr_a8i08(V6P7faBscb const&, V6P7faBscb const&, float*, V6P7faBscb*) const",,0x1ead24,384,FUNC,GLOBAL,DEFAULT,9,True
5835,_ZN10wiULgacZUI10YTwvgaSh8uE,wiULgacZUI::YTwvgaSh8u,,0x2db4f7,1,OBJECT,GLOBAL,DEFAULT,10,True
5836,_ZN10aROxJaio3V10EMnh2azCexEv,aROxJaio3V::EMnh2azCex(),,0x253e18,364,FUNC,GLOBAL,DEFAULT,9,True
5837,_ZN6CyaInt6mp_cmpEPNS_6mp_intES1_,"CyaInt::mp_cmp(CyaInt::mp_int*, CyaInt::mp_int*)",,0x2c6f04,60,FUNC,GLOBAL,DEFAULT,9,True
5838,c3fygag7qxOnln2aNBfC,c3fygag7qxOnln2aNBfC,,0x3a34e0,8,OBJECT,GLOBAL,DEFAULT,19,True
5839,_ZN10Ox9zJa6D1X10LUgIFavQRHEf,Ox9zJa6D1X::LUgIFavQRH(float),,0x23c1b0,184,FUNC,GLOBAL,DEFAULT,9,True
5840,_ZN10fFOoganeup10UdQoganyvpERK10C8THgaTQxFb,"fFOoganeup::UdQoganyvp(C8THgaTQxF const&, bool)",,0xfe690,928,FUNC,GLOBAL,DEFAULT,9,True
5841,_ZN10LJyzga9Pwy10DlLEgaQrUCEi,LJyzga9Pwy::DlLEgaQrUC(int),,0x10ab9c,4,FUNC,WEAK,DEFAULT,9,True
5842,_ZN10PO392awP4gD0Ev,PO392awP4g::~PO392awP4g(),,0x11d53c,76,FUNC,WEAK,DEFAULT,9,True
5843,_ZN20Dq2rua2EcePropertiesC1Ev,Dq2rua2EceProperties::Dq2rua2EceProperties(),,0x2468b4,156,FUNC,GLOBAL,DEFAULT,9,True
5844,_ZnePKcRK10C8THgaTQxF,"operator!=(char const*, C8THgaTQxF const&)",,0xf35b4,156,FUNC,GLOBAL,DEFAULT,9,True
5845,_ZTV10SDrvgadS3u,vtable for SDrvgadS3u,,0x37ca30,48,OBJECT,WEAK,DEFAULT,15,True
5846,_ZN10KKhLga4xoI10g6yvgaX89uERK10C8THgaTQxF,KKhLga4xoI::g6yvgaX89u(C8THgaTQxF const&),,0xec61c,208,FUNC,GLOBAL,DEFAULT,9,True
5847,_ZN10Fkb1ga78BW5clearEv,Fkb1ga78BW::clear(),,0x1d309c,136,FUNC,GLOBAL,DEFAULT,9,True
5848,_ZN10AeOgLaUSKnC2EP10zF9VgaBKxR,AeOgLaUSKn::AeOgLaUSKn(zF9VgaBKxR*),,0x1a3a20,120,FUNC,GLOBAL,DEFAULT,9,True
5849,_ZN10TZf6gaQ3S_10LYJq4aMh6kEi,TZf6gaQ3S_::LYJq4aMh6k(int),,0x1103d8,88,FUNC,GLOBAL,DEFAULT,9,True
5850,_ZN10WcQ5gaFxw_C2EP10J7zOgaf09K,WcQ5gaFxw_::WcQ5gaFxw_(J7zOgaf09K*),,0x1d441c,80,FUNC,GLOBAL,DEFAULT,9,True
5851,_ZN10X7DzgannBy10kn8s_ajF79E,X7DzgannBy::kn8s_ajF79,,0x3a28d8,8,OBJECT,GLOBAL,DEFAULT,19,True
5852,jUrm2aY4uB_k_Bgam3zA,jUrm2aY4uB_k_Bgam3zA,,0x3a32e0,8,OBJECT,GLOBAL,DEFAULT,19,True
5853,_ZN6CyaInt14RsaEncryptSizeEPNS_6RsaKeyE,CyaInt::RsaEncryptSize(CyaInt::RsaKey*),,0x2cd994,4,FUNC,GLOBAL,DEFAULT,9,True
5854,_ZN10N67CMatrxw10nbeVPagyLhEd,N67CMatrxw::nbeVPagyLh(double),,0x231628,100,FUNC,GLOBAL,DEFAULT,9,True
5855,_ZN10W6NzgawMJy10YhwQwaOMNeEdd,"W6NzgawMJy::YhwQwaOMNe(double, double)",,0x1a073c,264,FUNC,GLOBAL,DEFAULT,9,True
5856,_ZN6CyaInt25fast_mp_montgomery_reduceEPNS_6mp_intES1_j,"CyaInt::fast_mp_montgomery_reduce(CyaInt::mp_int*, CyaInt::mp_int*, unsigned int)",,0x2c7524,1252,FUNC,GLOBAL,DEFAULT,9,True
5857,_ZN10X0HXmbuEQVC1EP10zF9VgaBKxR,X0HXmbuEQV::X0HXmbuEQV(zF9VgaBKxR*),,0x249e18,76,FUNC,GLOBAL,DEFAULT,9,True
5858,_ZN10ySrpgaC30p10Ym2oga0BGpEi,ySrpgaC30p::Ym2oga0BGp(int),,0xf67c4,8,FUNC,WEAK,DEFAULT,9,True
5859,_ZN10GaA2gaD2MX10oI6fga2faiE,GaA2gaD2MX::oI6fga2fai,,0x38deb2,1,OBJECT,GLOBAL,DEFAULT,18,True
5860,XoqxgaMPJwOnln2aNBfC,XoqxgaMPJwOnln2aNBfC,,0x3a0a58,8,OBJECT,GLOBAL,DEFAULT,19,True
5861,FT_CMap_New,FT_CMap_New,,0x25f3c0,328,FUNC,GLOBAL,DEFAULT,9,True
5862,_ZN10ieJzgaIFFy10eHoSJa2nncERK10C8THgaTQxFS2_b,"ieJzgaIFFy::eHoSJa2nnc(C8THgaTQxF const&, C8THgaTQxF const&, bool)",,0x163a10,2880,FUNC,GLOBAL,DEFAULT,9,True
5863,_ZN6CyaInt17CyaSSL_SetVersionEPNS_6CYASSLEi,"CyaInt::CyaSSL_SetVersion(CyaInt::CYASSL*, int)",,0x2d14ec,176,FUNC,GLOBAL,DEFAULT,9,True
5864,_ZN10R_MvgaEQlvD2Ev,R_MvgaEQlv::~R_MvgaEQlv(),,0xec3ec,20,FUNC,GLOBAL,DEFAULT,9,True
5865,_ZN10ApdygafUox10ihpLga8SuIERK10cXoLgatBuI,ApdygafUox::ihpLga8SuI(cXoLgatBuI const&),,0x1dd99c,136,FUNC,GLOBAL,DEFAULT,9,True
5866,_ZN10psSDxavq9U10_b1AYaNCLAEv,psSDxavq9U::_b1AYaNCLA(),,0x202c24,196,FUNC,GLOBAL,DEFAULT,9,True
5867,_ZN10GbMhIaz9yS10SQO2ga9nZXERK10cXoLgatBuI,GbMhIaz9yS::SQO2ga9nZX(cXoLgatBuI const&),,0x1c2de0,256,FUNC,GLOBAL,DEFAULT,9,True
5868,d2e1PargFn,d2e1PargFn,,0x392260,88,OBJECT,GLOBAL,DEFAULT,18,True
5869,z_errmsg,z_errmsg,,0x371550,80,OBJECT,GLOBAL,DEFAULT,15,True
5870,_ZN20ZPvEDawoHYPropertiesD0Ev,ZPvEDawoHYProperties::~ZPvEDawoHYProperties(),,0x1bffe8,56,FUNC,WEAK,DEFAULT,9,True
5871,QQF3Ma7OHT,QQF3Ma7OHT,,0x39a458,1,OBJECT,GLOBAL,DEFAULT,18,True
5872,_ZN10PRPTfaXeAZC2EhRK10CanTfaz6bZ,"PRPTfaXeAZ::PRPTfaXeAZ(unsigned char, CanTfaz6bZ const&)",,0x21b3d0,52,FUNC,GLOBAL,DEFAULT,9,True
5873,_ZN20VGEwBaTQ4aPropertiesC1Ev,VGEwBaTQ4aProperties::VGEwBaTQ4aProperties(),,0x1e58b4,156,FUNC,GLOBAL,DEFAULT,9,True
5874,_ZN10G0gxgajWBwD1Ev,G0gxgajWBw::~G0gxgajWBw(),,0x215f60,216,FUNC,GLOBAL,DEFAULT,9,True
5875,_ZN20Kc8uganwOuPropertiesD2Ev,Kc8uganwOuProperties::~Kc8uganwOuProperties(),,0x16a664,28,FUNC,WEAK,DEFAULT,9,True
5876,_ZN10wp1umbbOIxC2EP10MpHWLal8ZWRK10C8THgaTQxF,"wp1umbbOIx::wp1umbbOIx(MpHWLal8ZW*, C8THgaTQxF const&)",,0x1a5a58,76,FUNC,GLOBAL,DEFAULT,9,True
5877,FT_Get_TrueType_Engine_Type,FT_Get_TrueType_Engine_Type,,0x25b34c,76,FUNC,GLOBAL,DEFAULT,9,True
5878,_ZN10KKhLga4xoI10g4ouMaaIbpEPv,KKhLga4xoI::g4ouMaaIbp(void*),,0xeafa4,108,FUNC,GLOBAL,DEFAULT,9,True
5879,_ZN10wiULgacZUI10RUnvgavJ0uERK10C8THgaTQxF,wiULgacZUI::RUnvgavJ0u(C8THgaTQxF const&),,0xe7f9c,176,FUNC,GLOBAL,DEFAULT,9,True
5880,_ZN10W6NzgawMJy10NUTlxaxE1FEv,W6NzgawMJy::NUTlxaxE1F(),,0x172dcc,172,FUNC,GLOBAL,DEFAULT,9,True
5881,_ZN10Kv6ugas5Mu10ypK5ga7Er_ERK10C8THgaTQxFiS2_,"Kv6ugas5Mu::ypK5ga7Er_(C8THgaTQxF const&, int, C8THgaTQxF const&)",,0x1119e8,644,FUNC,GLOBAL,DEFAULT,9,True
5882,af_dummy_script_class,af_dummy_script_class,,0x371470,64,OBJECT,GLOBAL,DEFAULT,15,True
5883,_ZN6CyaInt11InitCiphersEPNS_6CYASSLE,CyaInt::InitCiphers(CyaInt::CYASSL*),,0x2d62a4,28,FUNC,GLOBAL,DEFAULT,9,True
5884,_ZN10zfJa3aJGDhD1Ev,zfJa3aJGDh::~zfJa3aJGDh(),,0x11d630,20,FUNC,WEAK,DEFAULT,9,True
5885,_ZN10RH6ygazf9x10JlvxobWZNfEv,RH6ygazf9x::JlvxobWZNf(),,0x20feec,324,FUNC,GLOBAL,DEFAULT,9,True
5886,_ZN10AUzMgaePtJ5clearEv,AUzMgaePtJ::clear(),,0xff874,116,FUNC,GLOBAL,DEFAULT,9,True
5887,_ZN10kM00HafgtE10Q18AEaddSLERK10C8THgaTQxF,kM00HafgtE::Q18AEaddSL(C8THgaTQxF const&),,0x11826c,52,FUNC,GLOBAL,DEFAULT,9,True
5888,_ZN10VGEwBaTQ4a10j9gLgaw2nIEv,VGEwBaTQ4a::j9gLgaw2nI(),,0x1e5950,68,FUNC,GLOBAL,DEFAULT,9,True
5889,_ZTV10VGEwBaTQ4a,vtable for VGEwBaTQ4a,,0x37be10,888,OBJECT,WEAK,DEFAULT,15,True
5890,_ZN10Uo5IvaD9xiC1ERK10C8THgaTQxF,Uo5IvaD9xi::Uo5IvaD9xi(C8THgaTQxF const&),,0xfc408,172,FUNC,GLOBAL,DEFAULT,9,True
5891,_ZTV10__dSfaNoeY,vtable for __dSfaNoeY,,0x37d3d0,320,OBJECT,WEAK,DEFAULT,15,True
5892,_ZN10zF9VgaBKxR10WPE2mbnYQ_Edddd,"zF9VgaBKxR::WPE2mbnYQ_(double, double, double, double)",,0x1aa928,460,FUNC,GLOBAL,DEFAULT,9,True
5893,_ZN10cHovga0n1u10thgvgajjVuEPKhPhj,"cHovga0n1u::thgvgajjVu(unsigned char const*, unsigned char*, unsigned int)",,0xe6628,124,FUNC,GLOBAL,DEFAULT,9,True
5894,_ZN10w9XxgaJdbxD0Ev,w9XxgaJdbx::~w9XxgaJdbx(),,0x1bba48,32,FUNC,GLOBAL,DEFAULT,9,True
5895,_ZN20Dq2rua2EcePropertiesD0Ev,Dq2rua2EceProperties::~Dq2rua2EceProperties(),,0x246d10,56,FUNC,WEAK,DEFAULT,9,True
5896,_ZN10znLtuaytEf10krOlgaG2XmEid,"znLtuaytEf::krOlgaG2Xm(int, double)",,0x16ac90,116,FUNC,GLOBAL,DEFAULT,9,True
5897,_ZN10V8fxgahcBw10eDPU2aA2p3EiiRK10C8THgaTQxFiiiiii,"V8fxgahcBw::eDPU2aA2p3(int, int, C8THgaTQxF const&, int, int, int, int, int, int)",,0x11b5cc,1720,FUNC,GLOBAL,DEFAULT,9,True
5898,_ZN10AS80gaE4zW10ol73gaBN4YEi,AS80gaE4zW::ol73gaBN4Y(int),,0x1d8820,132,FUNC,GLOBAL,DEFAULT,9,True
5899,_ZN10JE42uaVwcKD2Ev,JE42uaVwcK::~JE42uaVwcK(),,0x236d98,20,FUNC,WEAK,DEFAULT,9,True
5900,_ZN10SU3JfaCUmRD0Ev,SU3JfaCUmR::~SU3JfaCUmR(),,0x10f530,48,FUNC,WEAK,DEFAULT,9,True
5901,_ZN10N67CMatrxw10MwXXfbkH21ERK10C8THgaTQxF,N67CMatrxw::MwXXfbkH21(C8THgaTQxF const&),,0x230740,208,FUNC,GLOBAL,DEFAULT,9,True
5902,_ZN10XJLBgarMnA10DcjBgagM_zE,XJLBgarMnA::DcjBgagM_z,,0x3a4db8,8,OBJECT,GLOBAL,DEFAULT,19,True
5903,_ZN10eODlJaQ5OL10PJRvIajPp3EP10W6NzgawMJyfffibP10Ox9zJa6D1XP10tJIwIaYe83,"eODlJaQ5OL::PJRvIajPp3(W6NzgawMJy*, float, float, float, int, bool, Ox9zJa6D1X*, tJIwIaYe83*)",,0x23fb58,932,FUNC,GLOBAL,DEFAULT,9,True
5904,_ZN6CyaInt19RsaPrivateKeyDecodeEPKhPjPNS_6RsaKeyEj,"CyaInt::RsaPrivateKeyDecode(unsigned char const*, unsigned int*, CyaInt::RsaKey*, unsigned int)",,0x2c1908,1792,FUNC,GLOBAL,DEFAULT,9,True
5905,_ZN10XoqxgaMPJwC1ERKS_,XoqxgaMPJw::XoqxgaMPJw(XoqxgaMPJw const&),,0x114e0c,300,FUNC,GLOBAL,DEFAULT,9,True
5906,_ZN10ZPvEDawoHYC1ERK10C8THgaTQxF,ZPvEDawoHY::ZPvEDawoHY(C8THgaTQxF const&),,0x1bfa78,48,FUNC,GLOBAL,DEFAULT,9,True
5907,_ZN10a7qxJaHqKV10HDMiLa2wppE10C8THgaTQxF,a7qxJaHqKV::HDMiLa2wpp(C8THgaTQxF),,0x15f724,4,FUNC,GLOBAL,DEFAULT,9,True
5908,_ZN10oMhmIajzmW10t_8wfaabvGEiiiiPhii,"oMhmIajzmW::t_8wfaabvG(int, int, int, int, unsigned char*, int, int)",,0x104dc8,8,FUNC,WEAK,DEFAULT,9,True
5909,_ZN10t545gajUJ_10TOL5gaAQs_EPKciib,"t545gajUJ_::TOL5gaAQs_(char const*, int, int, bool)",,0x1d42f8,128,FUNC,GLOBAL,DEFAULT,9,True
5910,_Z10eW0K2aFoaWv,eW0K2aFoaW(),,0x1967ac,144,FUNC,GLOBAL,DEFAULT,9,True
5911,_ZN10u3cBgayBVz10WzkZ1a0VchEv,u3cBgayBVz::WzkZ1a0Vch(),,0x20c59c,792,FUNC,GLOBAL,DEFAULT,9,True
5912,prng_descriptor,prng_descriptor,,0x3a5aa8,1280,OBJECT,GLOBAL,DEFAULT,19,True
5913,_Z10RoMN2aAkuYv,RoMN2aAkuY(),,0x1139f8,48,FUNC,GLOBAL,DEFAULT,9,True
5914,_ZN20ZPvEDawoHYPropertiesC1Ev,ZPvEDawoHYProperties::ZPvEDawoHYProperties(),,0x1bf8f4,156,FUNC,GLOBAL,DEFAULT,9,True
5915,_Z10JKaeJa3ExFRK10C8THgaTQxF,JKaeJa3ExF(C8THgaTQxF const&),,0xf568c,108,FUNC,GLOBAL,DEFAULT,9,True
5916,_ZNK10FY2VgaG6rR10Qi2VgaCyrREv,FY2VgaG6rR::Qi2VgaCyrR() const,,0x168ecc,8,FUNC,WEAK,DEFAULT,9,True
5917,_ZNK10SsrLga3IwI10H7iLgadIpIEv,SsrLga3IwI::H7iLgadIpI() const,,0x1b621c,48,FUNC,WEAK,DEFAULT,9,True
5918,_ZN10VGk7faT0MaC2ERK10C8THgaTQxF,VGk7faT0Ma::VGk7faT0Ma(C8THgaTQxF const&),,0x1e5248,64,FUNC,GLOBAL,DEFAULT,9,True
5919,_ZN10W6NzgawMJy10WTcxIaQsy4ERK10rizMgadjtJ,W6NzgawMJy::WTcxIaQsy4(rizMgadjtJ const&),,0x181c54,148,FUNC,GLOBAL,DEFAULT,9,True
5920,_ZN10G0gxgajWBw10yDABga_qeAEPS_,G0gxgajWBw::yDABga_qeA(G0gxgajWBw*),,0x214444,132,FUNC,GLOBAL,DEFAULT,9,True
5921,_ZNK10nulqJa9GMP10Jumr_aBxD8ERK10V6P7faBscbRK10lKR7faAPdb,"nulqJa9GMP::Jumr_aBxD8(V6P7faBscb const&, lKR7faAPdb const&) const",,0x1eaed4,1176,FUNC,GLOBAL,DEFAULT,9,True
5922,_ZN10MpGzgariDy10m410Lagmu0Ev,MpGzgariDy::m410Lagmu0(),,0x18e9dc,8,FUNC,WEAK,DEFAULT,9,True
5923,_ZN10ZPvEDawoHYD0Ev,ZPvEDawoHY::~ZPvEDawoHY(),,0x1bf830,32,FUNC,GLOBAL,DEFAULT,9,True
5924,_ZN10X0HXmbuEQV10tIIEga1dSCEP10W6NzgawMJy,X0HXmbuEQV::tIIEga1dSC(W6NzgawMJy*),,0x249c70,280,FUNC,GLOBAL,DEFAULT,9,True
5925,_ZTV10eODlJaQ5OL,vtable for eODlJaQ5OL,,0x37e340,432,OBJECT,WEAK,DEFAULT,15,True
5926,neRVLaNohW,neRVLaNohW,,0x391530,64,OBJECT,GLOBAL,DEFAULT,18,True
5927,_ZNK10_k_Bgam3zA10C1MjLa5RfqEv,_k_Bgam3zA::C1MjLa5Rfq() const,,0x1c9b18,8,FUNC,WEAK,DEFAULT,9,True
5928,_ZThn16_N20_thLgaWjoIPropertiesD0Ev,non-virtual thunk to _thLgaWjoIProperties::~_thLgaWjoIProperties(),,0x1ce268,8,FUNC,WEAK,DEFAULT,9,True
5929,_ZN10FOb5fbmyZ8D1Ev,FOb5fbmyZ8::~FOb5fbmyZ8(),,0x230024,76,FUNC,GLOBAL,DEFAULT,9,True
5930,_ZN10PRPTfaXeAZC2Ehd,"PRPTfaXeAZ::PRPTfaXeAZ(unsigned char, double)",,0x21b3c0,16,FUNC,GLOBAL,DEFAULT,9,True
5931,ft_bitmap_glyph_init,ft_bitmap_glyph_init,,0x27ffb4,192,FUNC,GLOBAL,DEFAULT,9,True
5932,_Z10_vLrgaCAYrRK10C8THgaTQxF,_vLrgaCAYr(C8THgaTQxF const&),,0xf61a0,200,FUNC,GLOBAL,DEFAULT,9,True
5933,_ZN10ZPvEDawoHYC1Ev,ZPvEDawoHY::ZPvEDawoHY(),,0x1bfa14,100,FUNC,GLOBAL,DEFAULT,9,True
5934,_ZN10_k_Bgam3zA10xXcCabIvLxERK10eY2wgaf6pw,_k_Bgam3zA::xXcCabIvLx(eY2wgaf6pw const&),,0x1c8300,2580,FUNC,GLOBAL,DEFAULT,9,True
5935,_ZN10N67CMatrxw10HsHbZaTas5ERK10C8THgaTQxF,N67CMatrxw::HsHbZaTas5(C8THgaTQxF const&),,0x234a34,228,FUNC,GLOBAL,DEFAULT,9,True
5936,_ZN7_JNIEnv22CallStaticObjectMethodEP7_jclassP10_jmethodIDz,"_JNIEnv::CallStaticObjectMethod(_jclass*, _jmethodID*, ...)",,0x253c20,140,FUNC,WEAK,DEFAULT,9,True
5937,_ZN10k1h4JaIMdn10tIIEga1dSCEP10W6NzgawMJy,k1h4JaIMdn::tIIEga1dSC(W6NzgawMJy*),,0x248754,508,FUNC,GLOBAL,DEFAULT,9,True
5938,_ZN10q4yI2aq75T10m6pngaXzjoEP10G0gxgajWBwRK10C8THgaTQxF,"q4yI2aq75T::m6pngaXzjo(G0gxgajWBw*, C8THgaTQxF const&)",,0x22cd84,60,FUNC,GLOBAL,DEFAULT,9,True
5939,_ZN10e3mhxao0dCD1Ev,e3mhxao0dC::~e3mhxao0dC(),,0x1ea950,4,FUNC,GLOBAL,DEFAULT,9,True
5940,FT_Stream_OpenMemory,FT_Stream_OpenMemory,,0x25c498,28,FUNC,GLOBAL,DEFAULT,9,True
5941,powf@LIBC (3),powf,LIBC (3),0x0,0,FUNC,GLOBAL,DEFAULT,UND,False
5942,_ZN10W6NzgawMJy10WQDqwad80TE10l2uqwaFJUT,W6NzgawMJy::WQDqwad80T(l2uqwaFJUT),,0x17c1d4,336,FUNC,GLOBAL,DEFAULT,9,True
5943,_ZN10V8fxgahcBw10MeaGJa5d51E,V8fxgahcBw::MeaGJa5d51,,0x3a0b00,8,OBJECT,GLOBAL,DEFAULT,19,True
5944,_ZN10EYMwkbFObT10SXUAkb8wFWEPhiii,"EYMwkbFObT::SXUAkb8wFW(unsigned char*, int, int, int)",,0x153218,476,FUNC,GLOBAL,DEFAULT,9,True
5945,_ZN10mTAogaaEip10ZdNLOay1OjEv,mTAogaaEip::ZdNLOay1Oj(),,0x224cd8,148,FUNC,GLOBAL,DEFAULT,9,True
5946,_ZN10FY2VgaG6rR10gtHggaibFiEP10W6NzgawMJy,FY2VgaG6rR::gtHggaibFi(W6NzgawMJy*),,0x16d4a0,56,FUNC,GLOBAL,DEFAULT,9,True
5947,_ZN10Dq2rua2EceD0Ev,Dq2rua2Ece::~Dq2rua2Ece(),,0x246d64,48,FUNC,WEAK,DEFAULT,9,True
5948,_ZNK10vy1JgaKVkHixEi,vy1JgaKVkH::operator[](int) const,,0xedd5c,44,FUNC,GLOBAL,DEFAULT,9,True
5949,JFWRITE,JFWRITE,,0x3a70b8,8,OBJECT,GLOBAL,DEFAULT,19,True
5950,af_autofitter_init,af_autofitter_init,,0x276370,68,FUNC,GLOBAL,DEFAULT,9,True
5951,_ZThn16_N20zeksfaZDrCPropertiesD0Ev,non-virtual thunk to zeksfaZDrCProperties::~zeksfaZDrCProperties(),,0x23897c,8,FUNC,WEAK,DEFAULT,9,True
5952,_Z10gikvHa2GYcRK10i7FHgaP2lF,gikvHa2GYc(i7FHgaP2lF const&),,0x1e8250,348,FUNC,GLOBAL,DEFAULT,9,True
5953,_ZN10mTAogaaEip10Bou6Oaqb4BEP10G0gxgajWBw,mTAogaaEip::Bou6Oaqb4B(G0gxgajWBw*),,0x227468,64,FUNC,GLOBAL,DEFAULT,9,True
5954,_ZNK10lKR7faAPdb5scaleEfff,"lKR7faAPdb::scale(float, float, float) const",,0x1e6cf4,124,FUNC,GLOBAL,DEFAULT,9,True
5955,_ZN10GaA2gaD2MX10ovysfa6DDCEf,GaA2gaD2MX::ovysfa6DDC(float),,0x16d12c,68,FUNC,GLOBAL,DEFAULT,9,True
5956,_ZN10MpGzgariDy10yizVgakj2QEdb,"MpGzgariDy::yizVgakj2Q(double, bool)",,0x1952e8,296,FUNC,GLOBAL,DEFAULT,9,True
5957,_ZN10S2m6gab0Y_C1EP10AS80gaE4zW,S2m6gab0Y_::S2m6gab0Y_(AS80gaE4zW*),,0x1d3e94,12,FUNC,GLOBAL,DEFAULT,9,True
5958,_ZN10pdnkJaZ8KK10Ge5qJa_0oQEP10Ox9zJa6D1Xjf,"pdnkJaZ8KK::Ge5qJa_0oQ(Ox9zJa6D1X*, unsigned int, float)",,0x243a48,1612,FUNC,GLOBAL,DEFAULT,9,True
5959,_ZN10mTAogaaEipD2Ev,mTAogaaEip::~mTAogaaEip(),,0x21ff78,332,FUNC,GLOBAL,DEFAULT,9,True
5960,_ZN10uzN1fatj7510AJfYga4QiTEi,uzN1fatj75::AJfYga4QiT(int),,0x10bb4c,276,FUNC,GLOBAL,DEFAULT,9,True
5961,_ZN10Uo5IvaD9xiC2ERK10C8THgaTQxF,Uo5IvaD9xi::Uo5IvaD9xi(C8THgaTQxF const&),,0xfc408,172,FUNC,GLOBAL,DEFAULT,9,True
5962,_ZN10W6NzgawMJy10Bu_owanbESEi,W6NzgawMJy::Bu_owanbES(int),,0x170d04,204,FUNC,GLOBAL,DEFAULT,9,True
5963,_ZN10GbMhIaz9yS10Ud7zgatH_yEi,GbMhIaz9yS::Ud7zgatH_y(int),,0x1c00e8,80,FUNC,GLOBAL,DEFAULT,9,True
5964,_ZN6CyaInt23CyaSSLv23_client_methodEv,CyaInt::CyaSSLv23_client_method(),,0x2d537c,64,FUNC,GLOBAL,DEFAULT,9,True
5965,_ZN6CyaInt12mp_dr_reduceEPNS_6mp_intES1_j,"CyaInt::mp_dr_reduce(CyaInt::mp_int*, CyaInt::mp_int*, unsigned int)",,0x2c7b8c,312,FUNC,GLOBAL,DEFAULT,9,True
5966,_ZN10LJyzga9Pwy10onKeyEventEiiRK10C8THgaTQxFibb,"LJyzga9Pwy::onKeyEvent(int, int, C8THgaTQxF const&, int, bool, bool)",,0x109f64,792,FUNC,GLOBAL,DEFAULT,9,True
5967,_ZN10dJ10YaC3tX10JhjWgazQFREv,dJ10YaC3tX::JhjWgazQFR(),,0x248114,136,FUNC,GLOBAL,DEFAULT,9,True
5968,_Z10PE7dJa02uFb,PE7dJa02uF(bool),,0xf5628,100,FUNC,GLOBAL,DEFAULT,9,True
5969,_ZNK10CanTfaz6bZ10lHgfJa9EsGERKS_,CanTfaz6bZ::lHgfJa9EsG(CanTfaz6bZ const&) const,,0xf8fc8,200,FUNC,GLOBAL,DEFAULT,9,True
5970,_ZN10zYRMgaG0IJ10WzlLKaVLrXEv,zYRMgaG0IJ::WzlLKaVLrX(),,0xf897c,56,FUNC,GLOBAL,DEFAULT,9,True
5971,_ZN10IIAnGagvsg10g6yvgaX89uEPvRK10i7FHgaP2lF,"IIAnGagvsg::g6yvgaX89u(void*, i7FHgaP2lF const&)",,0xfd9dc,388,FUNC,GLOBAL,DEFAULT,9,True
5972,_Z10hBiIGa2fTxPf,hBiIGa2fTx(float*),,0x1e5d48,76,FUNC,GLOBAL,DEFAULT,9,True
5973,_ZN10iHmzga6Hmy10ZUFnNaJSw9Ev,iHmzga6Hmy::ZUFnNaJSw9(),,0x1d1798,536,FUNC,GLOBAL,DEFAULT,9,True
5974,asin@LIBC (3),asin,LIBC (3),0x0,0,FUNC,GLOBAL,DEFAULT,UND,False
5975,_ZN10VGk7faT0MaD2Ev,VGk7faT0Ma::~VGk7faT0Ma(),,0x1e56d0,84,FUNC,WEAK,DEFAULT,9,True
5976,_ZN10V8fxgahcBw10zOaX2aaIo5ERK10KcKRganuPNRK10eY2wgaf6pwRK10C8THgaTQxF,"V8fxgahcBw::zOaX2aaIo5(KcKRganuPN const&, eY2wgaf6pw const&, C8THgaTQxF const&)",,0x11c06c,112,FUNC,GLOBAL,DEFAULT,9,True
5977,_ZN10zeksfaZDrC10IrrsfaYHxCEiiRK10C8THgaTQxF,"zeksfaZDrC::IrrsfaYHxC(int, int, C8THgaTQxF const&)",,0x1afb44,4,FUNC,WEAK,DEFAULT,9,True
5978,_ZN10qsr_gawI8UD2Ev,qsr_gawI8U::~qsr_gawI8U(),,0x100668,72,FUNC,GLOBAL,DEFAULT,9,True
5979,_ZN10wiULgacZUI10Rr3vga6vAvERK10C8THgaTQxF,wiULgacZUI::Rr3vga6vAv(C8THgaTQxF const&),,0xe8214,328,FUNC,GLOBAL,DEFAULT,9,True
5980,yajl_parse,yajl_parse,,0x2bcc00,116,FUNC,GLOBAL,DEFAULT,9,True
5981,_ZN10s_YwgafWlw10q2hwgaKNMvERK10cXoLgatBuI,s_YwgafWlw::q2hwgaKNMv(cXoLgatBuI const&),,0x1dc14c,112,FUNC,GLOBAL,DEFAULT,9,True
5982,atan@LIBC (3),atan,LIBC (3),0x0,0,FUNC,GLOBAL,DEFAULT,UND,False
5983,_ZN20C2t_vaQTaxPropertiesD1Ev,C2t_vaQTaxProperties::~C2t_vaQTaxProperties(),,0x24a0b8,28,FUNC,WEAK,DEFAULT,9,True
5984,glDisable,glDisable,,0x0,0,FUNC,GLOBAL,DEFAULT,UND,False
5985,_ZN10e4ZYfa8PV2C2Ev,e4ZYfa8PV2::e4ZYfa8PV2(),,0x2350dc,848,FUNC,GLOBAL,DEFAULT,9,True
5986,_ZN10mTAogaaEip7compareEv,mTAogaaEip::compare(),,0x222218,700,FUNC,GLOBAL,DEFAULT,9,True
5987,tt_cmap4_char_next,tt_cmap4_char_next,,0x2661fc,2212,FUNC,GLOBAL,DEFAULT,9,True
5988,_ZN10w9XxgaJdbx10tyYrxaCy8KERK10cXoLgatBuI,w9XxgaJdbx::tyYrxaCy8K(cXoLgatBuI const&),,0x1b09c8,4,FUNC,WEAK,DEFAULT,9,True
5989,_ZN10D2x4gaXfrZ10w56pTagAAeEv,D2x4gaXfrZ::w56pTagAAe(),,0x1d3b1c,448,FUNC,GLOBAL,DEFAULT,9,True
5990,_ZN10NLT0HaSwmED0Ev,NLT0HaSwmE::~NLT0HaSwmE(),,0x1231a4,32,FUNC,GLOBAL,DEFAULT,9,True
5991,_ZN10SDrvgadS3uC2ERK10C8THgaTQxF,SDrvgadS3u::SDrvgadS3u(C8THgaTQxF const&),,0x1ffd98,208,FUNC,GLOBAL,DEFAULT,9,True
5992,_ZN10G0gxgajWBw10fZngMa6ModEP10KKhLga4xoI,G0gxgajWBw::fZngMa6Mod(KKhLga4xoI*),,0x213ba0,148,FUNC,GLOBAL,DEFAULT,9,True
5993,_ZN10QPh5pbnC3y4loadEv,QPh5pbnC3y::load(),,0xe3790,4,FUNC,GLOBAL,DEFAULT,9,True
5994,_ZN10PfQXva4zXuIdE10VkenganG9nEv,PfQXva4zXu<double>::VkenganG9n(),,0x18ec04,164,FUNC,WEAK,DEFAULT,9,True
5995,inflateReset2,inflateReset2,,0x2913d4,176,FUNC,GLOBAL,DEFAULT,9,True
5996,_ZN10fEVMgax6LJ10ttTHEavhxREv,fEVMgax6LJ::ttTHEavhxR(),,0xe373c,8,FUNC,WEAK,DEFAULT,9,True
5997,_ZN10rizMgadjtJC1Ev,rizMgadjtJ::rizMgadjtJ(),,0x1e9780,4,FUNC,GLOBAL,DEFAULT,9,True
5998,_ZThn16_N20ZAuvgaUl6uPropertiesD0Ev,non-virtual thunk to ZAuvgaUl6uProperties::~ZAuvgaUl6uProperties(),,0x2082a4,8,FUNC,WEAK,DEFAULT,9,True
5999,_ZN10Vx2_xajLEdD0Ev,Vx2_xajLEd::~Vx2_xajLEd(),,0x1e7cc8,48,FUNC,WEAK,DEFAULT,9,True
6000,_ZN10AS80gaE4zW10eyB0gatc7VEv,AS80gaE4zW::eyB0gatc7V(),,0x1d5d5c,56,FUNC,GLOBAL,DEFAULT,9,True
6001,_ZN10e4ZYfa8PV210_3ffLa37rmEv,e4ZYfa8PV2::_3ffLa37rm(),,0x2369d8,136,FUNC,GLOBAL,DEFAULT,9,True
6002,socket@LIBC (2),socket,LIBC (2),0x0,0,FUNC,GLOBAL,DEFAULT,UND,False
6003,_ZThn16_N20GbMhIaz9ySPropertiesD1Ev,non-virtual thunk to GbMhIaz9ySProperties::~GbMhIaz9ySProperties(),,0x1c471c,8,FUNC,WEAK,DEFAULT,9,True
6004,_ZN10zF9VgaBKxR10oYnmmbvMrqEv,zF9VgaBKxR::oYnmmbvMrq(),,0x1ae58c,140,FUNC,GLOBAL,DEFAULT,9,True
6005,_ZN6CyaInt23RsaPrivateDecryptInlineEPhjPS0_PNS_6RsaKeyE,"CyaInt::RsaPrivateDecryptInline(unsigned char*, unsigned int, unsigned char**, CyaInt::RsaKey*)",,0x2ccdb4,972,FUNC,GLOBAL,DEFAULT,9,True
6006,_Z10dNXM2a4UNXv,dNXM2a4UNX(),,0x22f540,20,FUNC,GLOBAL,DEFAULT,9,True
6007,_ZN10N67CMatrxw10KPoXfbhvA1E10RiQ7IaxCcAP10zW2NgaU4IK,"N67CMatrxw::KPoXfbhvA1(RiQ7IaxCcA, zW2NgaU4IK*)",,0x230bec,192,FUNC,GLOBAL,DEFAULT,9,True
6008,_ZN10KKhLga4xoI10g4ouMaaIbpERK10C8THgaTQxF,KKhLga4xoI::g4ouMaaIbp(C8THgaTQxF const&),,0xeaeb8,96,FUNC,GLOBAL,DEFAULT,9,True
6009,time@LIBC (2),time,LIBC (2),0x0,0,FUNC,GLOBAL,DEFAULT,UND,False
6010,LN3ikbwOEH,LN3ikbwOEH,,0x3a4e38,40,OBJECT,GLOBAL,DEFAULT,19,True
6011,_ZN10UU64BayqVED2Ev,UU64BayqVE::~UU64BayqVE(),,0x1153e4,60,FUNC,GLOBAL,DEFAULT,9,True
6012,FT_Stream_Open,FT_Stream_Open,,0x261744,168,FUNC,GLOBAL,DEFAULT,9,True
6013,_ZN10w9XxgaJdbx10dL5l1aiscLERK10eY2wgaf6pw,w9XxgaJdbx::dL5l1aiscL(eY2wgaf6pw const&),,0x1b94b8,152,FUNC,GLOBAL,DEFAULT,9,True
6014,_ZN6CyaInt17ShrinkInputBufferEPNS_6CYASSLEi,"CyaInt::ShrinkInputBuffer(CyaInt::CYASSL*, int)",,0x2d665c,176,FUNC,GLOBAL,DEFAULT,9,True
6015,_ZN10wiULgacZUI10n_fLga43mIERK10C8THgaTQxF,wiULgacZUI::n_fLga43mI(C8THgaTQxF const&),,0xe9000,188,FUNC,GLOBAL,DEFAULT,9,True
6016,_Z10Lm_Q2aU4b0v,Lm_Q2aU4b0(),,0x249b10,48,FUNC,GLOBAL,DEFAULT,9,True
6017,_ZN10rizMgadjtJ10bcVzIaPJP6ERKS_,rizMgadjtJ::bcVzIaPJP6(rizMgadjtJ const&),,0x1e9cfc,136,FUNC,GLOBAL,DEFAULT,9,True
6018,_Z18yajl_parse_integerPKhj,"yajl_parse_integer(unsigned char const*, unsigned int)",,0x2bfbc0,236,FUNC,GLOBAL,DEFAULT,9,True
6019,_Z10YyjnMac4djv,YyjnMac4dj(),,0x16fb5c,460,FUNC,GLOBAL,DEFAULT,9,True
6020,_ZN10imqXgalNBSD2Ev,imqXgalNBS::~imqXgalNBS(),,0x1e4c8c,84,FUNC,WEAK,DEFAULT,9,True
6021,_ZN20LJyzga9PwyPropertiesC2Ev,LJyzga9PwyProperties::LJyzga9PwyProperties(),,0x109350,136,FUNC,GLOBAL,DEFAULT,9,True
6022,_ZThn16_N20ln7yHaeP9fPropertiesD1Ev,non-virtual thunk to ln7yHaeP9fProperties::~ln7yHaeP9fProperties(),,0x1d0124,8,FUNC,WEAK,DEFAULT,9,True
6023,_ZN6CyaInt25CyaSSL_get_using_nonblockEPNS_6CYASSLE,CyaInt::CyaSSL_get_using_nonblock(CyaInt::CYASSL*),,0x2d0fa4,8,FUNC,GLOBAL,DEFAULT,9,True
6024,_ZTV10NLT0HaSwmE,vtable for NLT0HaSwmE,,0x373500,32,OBJECT,WEAK,DEFAULT,15,True
6025,_ZN10GbMhIaz9yS10ckNxLaz61BEv,GbMhIaz9yS::ckNxLaz61B(),,0x1c2448,28,FUNC,GLOBAL,DEFAULT,9,True
6026,_ZN10_YTgFa6HPk10j9gLgaw2nIEv,_YTgFa6HPk::j9gLgaw2nI(),,0x1b0698,80,FUNC,GLOBAL,DEFAULT,9,True
6027,_ZN6CyaInt13CyaSSL_set_fdEPNS_6CYASSLEi,"CyaInt::CyaSSL_set_fd(CyaInt::CYASSL*, int)",,0x2d0f68,36,FUNC,GLOBAL,DEFAULT,9,True
6028,_ZN20XCASBayqxtPropertiesD1Ev,XCASBayqxtProperties::~XCASBayqxtProperties(),,0x1b1354,28,FUNC,WEAK,DEFAULT,9,True
6029,_ZN10ekaB5aBiTj10bTlB5a501jERK10C8THgaTQxF,ekaB5aBiTj::bTlB5a501j(C8THgaTQxF const&),,0x19b894,168,FUNC,GLOBAL,DEFAULT,9,True
6030,_ZN10LJyzga9Pwy10V5p7JaFzRpEv,LJyzga9Pwy::V5p7JaFzRp(),,0x10a5e4,44,FUNC,GLOBAL,DEFAULT,9,True
6031,uname@LIBC (2),uname,LIBC (2),0x0,0,FUNC,GLOBAL,DEFAULT,UND,False
6032,_ZN10AS80gaE4zW10sCQ4gaYSGZEPKcjjRK10C8THgaTQxFS4_,"AS80gaE4zW::sCQ4gaYSGZ(char const*, unsigned int, unsigned int, C8THgaTQxF const&, C8THgaTQxF const&)",,0x1d8068,1548,FUNC,GLOBAL,DEFAULT,9,True
6033,_ZN10KGeN2aIY1X10Cu3DMaoyjxEP10G0gxgajWBwS1_,"KGeN2aIY1X::Cu3DMaoyjx(G0gxgajWBw*, G0gxgajWBw*)",,0x22ce20,128,FUNC,GLOBAL,DEFAULT,9,True
6034,_ZNK10S2m6gab0Y_10EWu6gaZD4_Ev,S2m6gab0Y_::EWu6gaZD4_() const,,0x1d3eec,16,FUNC,GLOBAL,DEFAULT,9,True
6035,Java_com_quattroplay_GraalClassic_Natives_onTextEntered,Java_com_quattroplay_GraalClassic_Natives_onTextEntered,,0x2518b4,244,FUNC,GLOBAL,DEFAULT,9,True
6036,_ZN10ScpN2avPaYD0Ev,ScpN2avPaY::~ScpN2avPaY(),,0x22f660,72,FUNC,WEAK,DEFAULT,9,True
6037,accept@LIBC (2),accept,LIBC (2),0x0,0,FUNC,GLOBAL,DEFAULT,UND,False
6038,_ZN10G0gxgajWBw10NIyWfarPS0ERK10C8THgaTQxF,G0gxgajWBw::NIyWfarPS0(C8THgaTQxF const&),,0x2149e8,44,FUNC,GLOBAL,DEFAULT,9,True
6039,_ZN10w9XxgaJdbx10bRaLgajKiIEb,w9XxgaJdbx::bRaLgajKiI(bool),,0x1bbbac,100,FUNC,GLOBAL,DEFAULT,9,True
6040,_ZN10ieJzgaIFFy10oPxJfbQ3VQEP10_rQq6alKb1,ieJzgaIFFy::oPxJfbQ3VQ(_rQq6alKb1*),,0x164c20,236,FUNC,GLOBAL,DEFAULT,9,True
6041,ySl2Paw0Ao,ySl2Paw0Ao,,0x392200,84,OBJECT,GLOBAL,DEFAULT,18,True
6042,_ZN10IMzlIaJILV10_j2hwawzNMERK10C8THgaTQxFbbb,"IMzlIaJILV::_j2hwawzNM(C8THgaTQxF const&, bool, bool, bool)",,0x19bfcc,132,FUNC,GLOBAL,DEFAULT,9,True
6043,_ZN10GbMhIaz9yS10eiXxMa0uasEv,GbMhIaz9yS::eiXxMa0uas(),,0x1c15ec,20,FUNC,GLOBAL,DEFAULT,9,True
6044,_ZN10_thLgaWjoI10mu3Dwa8xj4Ev,_thLgaWjoI::mu3Dwa8xj4(),,0x1cc714,204,FUNC,GLOBAL,DEFAULT,9,True
6045,_ZN10u0eyga1eqx10n1ASHaRLxwEi,u0eyga1eqx::n1ASHaRLxw(int),,0x1e24c0,64,FUNC,GLOBAL,DEFAULT,9,True
6046,_ZN10hYSWfaoR80D1Ev,hYSWfaoR80::~hYSWfaoR80(),,0x21e55c,20,FUNC,WEAK,DEFAULT,9,True
6047,_ZN10e4ZYfa8PV2D1Ev,e4ZYfa8PV2::~e4ZYfa8PV2(),,0x235b28,208,FUNC,GLOBAL,DEFAULT,9,True
6048,_ZN10G0gxgajWBw10XzgcMa1yW9Ev,G0gxgajWBw::XzgcMa1yW9(),,0x214fd8,16,FUNC,GLOBAL,DEFAULT,9,True
6049,_Z10nRx0IaB53tP10ydogJa7ZoH,nRx0IaB53t(ydogJa7ZoH*),,0x156298,144,FUNC,GLOBAL,DEFAULT,9,True
6050,_Z10AlE0faNy94v,AlE0faNy94(),,0x21dff8,48,FUNC,GLOBAL,DEFAULT,9,True
6051,_ZTV10n_rGfa49jO,vtable for n_rGfa49jO,,0x373480,56,OBJECT,WEAK,DEFAULT,15,True
6052,ft_mem_free,ft_mem_free,,0x25dd60,32,FUNC,GLOBAL,DEFAULT,9,True
6053,_ZN10w9XxgaJdbx10shhCgao9OAEv,w9XxgaJdbx::shhCgao9OA(),,0x1b7d50,96,FUNC,GLOBAL,DEFAULT,9,True
6054,_ZNK10XoqxgaMPJw10IGa6gaABO_ERK10C8THgaTQxF,XoqxgaMPJw::IGa6gaABO_(C8THgaTQxF const&) const,,0x11501c,56,FUNC,GLOBAL,DEFAULT,9,True
6055,DGifGetCode,DGifGetCode,,0x2bb84c,52,FUNC,GLOBAL,DEFAULT,9,True
6056,_ZN10IUKzgam4Gy10sKGvKaHzgKE,IUKzgam4Gy::sKGvKaHzgK,,0x389004,4,OBJECT,GLOBAL,DEFAULT,18,True
6057,_ZN10ieJzgaIFFy10zE8FfaRT3NEv,ieJzgaIFFy::zE8FfaRT3N(),,0x1684b0,1452,FUNC,GLOBAL,DEFAULT,9,True
6058,_ZN6CyaInt11MakeTLSv1_2Ev,CyaInt::MakeTLSv1_2(),,0x2d45fc,8,FUNC,GLOBAL,DEFAULT,9,True
6059,FT_RoundFix,FT_RoundFix,,0x2591d0,36,FUNC,GLOBAL,DEFAULT,9,True
6060,_ZN10_WevgakbUu10iZBDEa9yWNERK10C8THgaTQxFiiii,"_WevgakbUu::iZBDEa9yWN(C8THgaTQxF const&, int, int, int, int)",,0x108c58,380,FUNC,GLOBAL,DEFAULT,9,True
6061,_ZN10GbMhIaz9yS10ihpLga8SuIERK10cXoLgatBuI,GbMhIaz9yS::ihpLga8SuI(cXoLgatBuI const&),,0x1c2a3c,156,FUNC,GLOBAL,DEFAULT,9,True
6062,_ZN10Vx2_xajLEdC1Ev,Vx2_xajLEd::Vx2_xajLEd(),,0x1e7660,132,FUNC,GLOBAL,DEFAULT,9,True
6063,_ZN10X7ZxganTcx10z_mOfamYZUER10bagMga8cdJRi,"X7ZxganTcx::z_mOfamYZU(bagMga8cdJ&, int&)",,0x1002b4,380,FUNC,GLOBAL,DEFAULT,9,True
6064,DGifGetRecordType,DGifGetRecordType,,0x2bac14,264,FUNC,GLOBAL,DEFAULT,9,True
6065,l8eTfaIl5YOnln2aNBfC,l8eTfaIl5YOnln2aNBfC,,0x3a5320,8,OBJECT,GLOBAL,DEFAULT,19,True
6066,_ZN10mTAogaaEip10LFsMOaTJnkEv,mTAogaaEip::LFsMOaTJnk(),,0x224868,636,FUNC,GLOBAL,DEFAULT,9,True
6067,FT_Attach_File,FT_Attach_File,,0x25e038,64,FUNC,GLOBAL,DEFAULT,9,True
6068,unlink@LIBC (2),unlink,LIBC (2),0x0,0,FUNC,GLOBAL,DEFAULT,UND,False
6069,FT_Bitmap_Embolden,FT_Bitmap_Embolden,,0x27f420,2496,FUNC,GLOBAL,DEFAULT,9,True
6070,_ZN10kyTzgazlOy10TFVzga07PyE,kyTzgazlOy::TFVzga07Py,,0x3a5668,8,OBJECT,GLOBAL,DEFAULT,19,True
6071,_ZN10OV5NOaoBLl10Ym2oga0BGpEi,OV5NOaoBLl::Ym2oga0BGp(int),,0x22cb94,12,FUNC,WEAK,DEFAULT,9,True
6072,_ZNK10ln7yHaeP9f10YzMZ_a2tABEv,ln7yHaeP9f::YzMZ_a2tAB() const,,0x1ce654,72,FUNC,GLOBAL,DEFAULT,9,True
6073,_ZN10W6NzgawMJy10FwdRLad_nSEv,W6NzgawMJy::FwdRLad_nS(),,0x171fe8,220,FUNC,GLOBAL,DEFAULT,9,True
6074,puts@LIBC (2),puts,LIBC (2),0x0,0,FUNC,GLOBAL,DEFAULT,UND,False
6075,_ZN10kd5l5aU_b710Jmv5XaM_eaEi,kd5l5aU_b7::Jmv5XaM_ea(int),,0x23f084,140,FUNC,GLOBAL,DEFAULT,9,True
6076,_ZN10PfQXva4zXuIdE10zYM_faGOq4Ev,PfQXva4zXu<double>::zYM_faGOq4(),,0x18eabc,8,FUNC,WEAK,DEFAULT,9,True
6077,_ZN10awDo2aJRkD10SeNfIah2TQERK10eY2wgaf6pwiiRK10dVIHgaIooF,"awDo2aJRkD::SeNfIah2TQ(eY2wgaf6pw const&, int, int, dVIHgaIooF const&)",,0x1dee04,696,FUNC,GLOBAL,DEFAULT,9,True
6078,_ZN10KKhLga4xoI9addObjectEP10J7zOgaf09Kj,"KKhLga4xoI::addObject(J7zOgaf09K*, unsigned int)",,0xeb884,128,FUNC,GLOBAL,DEFAULT,9,True
6079,_ZN10N67CMatrxw10vZjWfbmqG0E10RiQ7IaxCcA,N67CMatrxw::vZjWfbmqG0(RiQ7IaxCcA),,0x230cc4,24,FUNC,GLOBAL,DEFAULT,9,True
6080,O_mdJaBYRE,O_mdJaBYRE,,0x389978,8,OBJECT,GLOBAL,DEFAULT,18,True
6081,_ZN10G0gxgajWBw10KXhiMa0I_eEv,G0gxgajWBw::KXhiMa0I_e(),,0x215f14,76,FUNC,GLOBAL,DEFAULT,9,True
6082,cK8ikbxYIH,cK8ikbxYIH,,0x3a4e30,1,OBJECT,GLOBAL,DEFAULT,19,True
6083,_ZdlPv@LIBC_O (4),operator delete(void*),LIBC_O (4),0x0,0,FUNC,GLOBAL,DEFAULT,UND,False
6084,_ZN10SyVo2a61zDC1EP10awDo2aJRkD,SyVo2a61zD::SyVo2a61zD(awDo2aJRkD*),,0x1de5ac,100,FUNC,GLOBAL,DEFAULT,9,True
6085,_ZN10GbMhIaz9yS10Bi2wManyprEP10vuuHgangcF,GbMhIaz9yS::Bi2wManypr(vuuHgangcF*),,0x1c0904,52,FUNC,GLOBAL,DEFAULT,9,True
6086,_ZN10mTAogaaEip10FVxPOaf9YmEv,mTAogaaEip::FVxPOaf9Ym(),,0x225600,388,FUNC,GLOBAL,DEFAULT,9,True
6087,_ZN10W6NzgawMJy10sgdTJasM3cEi,W6NzgawMJy::sgdTJasM3c(int),,0x1702d8,64,FUNC,GLOBAL,DEFAULT,9,True
6088,_ZN10LJyzga9Pwy10JbiVJaCVOeEv,LJyzga9Pwy::JbiVJaCVOe(),,0x109738,316,FUNC,GLOBAL,DEFAULT,9,True
6089,_ZN10kyTzgazlOy10u92QvaHgfpEv,kyTzgazlOy::u92QvaHgfp(),,0x239f14,120,FUNC,GLOBAL,DEFAULT,9,True
6090,_ZN6CyaInt20CyaSSL_GetObjectSizeEv,CyaInt::CyaSSL_GetObjectSize(),,0x2d0fc4,8,FUNC,GLOBAL,DEFAULT,9,True
6091,_ZN10s40xgamwex10NYGMKaOLzYE,s40xgamwex::NYGMKaOLzY,,0x3a0850,8,OBJECT,GLOBAL,DEFAULT,19,True
6092,_ZN10c3fygag7qx10nyRxgawF5wEv,c3fygag7qx::nyRxgawF5w(),,0x1dd084,452,FUNC,GLOBAL,DEFAULT,9,True
6093,_ZN10pTy_fadYe4D2Ev,pTy_fadYe4::~pTy_fadYe4(),,0x1956ac,20,FUNC,GLOBAL,DEFAULT,9,True
6094,_ZN10k3yv6au694D1Ev,k3yv6au694::~k3yv6au694(),,0x19b414,40,FUNC,GLOBAL,DEFAULT,9,True
6095,G7szibc7re,G7szibc7re,,0x38d564,1,OBJECT,GLOBAL,DEFAULT,18,True
6096,register_hash,register_hash,,0x255490,248,FUNC,GLOBAL,DEFAULT,9,True
6097,_ZN10ZPvEDawoHY10q2hwgaKNMvERK10cXoLgatBuI,ZPvEDawoHY::q2hwgaKNMv(cXoLgatBuI const&),,0x1bfcec,88,FUNC,GLOBAL,DEFAULT,9,True
6098,FT_Stream_ReadChar,FT_Stream_ReadChar,,0x25c800,148,FUNC,GLOBAL,DEFAULT,9,True
6099,_ZN10ieJzgaIFFy10xB2RJacO4bEP10W6NzgawMJy,ieJzgaIFFy::xB2RJacO4b(W6NzgawMJy*),,0x1657c0,732,FUNC,GLOBAL,DEFAULT,9,True
6100,yajl_gen_map_open,yajl_gen_map_open,,0x2bdf68,492,FUNC,GLOBAL,DEFAULT,9,True
6101,_ZN10zF9VgaBKxR10sWe3YaTalZEddb,"zF9VgaBKxR::sWe3YaTalZ(double, double, bool)",,0x1aad24,56,FUNC,GLOBAL,DEFAULT,9,True
6102,_ZN10CDPvgaY2nv10c7PvgaJsovEP10bNZvga2Awv,CDPvgaY2nv::c7PvgaJsov(bNZvga2Awv*),,0xe96d0,1436,FUNC,GLOBAL,DEFAULT,9,True
6103,_ZThn16_N20ZAuvgaUl6uPropertiesD1Ev,non-virtual thunk to ZAuvgaUl6uProperties::~ZAuvgaUl6uProperties(),,0x208264,8,FUNC,WEAK,DEFAULT,9,True
6104,_ZN10w9XxgaJdbx10roWBgagKwAEv,w9XxgaJdbx::roWBgagKwA(),,0x1b8390,196,FUNC,GLOBAL,DEFAULT,9,True
6105,_ZN10a7qxJaHqKV10UmRhIa2vDSE,a7qxJaHqKV::UmRhIa2vDS,,0x38d56d,1,OBJECT,GLOBAL,DEFAULT,18,True
6106,_ZN10W6NzgawMJy10kfJowaAGpSEP10zF9VgaBKxRiiiiiPib,"W6NzgawMJy::kfJowaAGpS(zF9VgaBKxR*, int, int, int, int, int, int*, bool)",,0x17b834,564,FUNC,GLOBAL,DEFAULT,9,True
6107,_ZN20RZNxgaOF2wPropertiesD0Ev,RZNxgaOF2wProperties::~RZNxgaOF2wProperties(),,0x1e3ea4,56,FUNC,WEAK,DEFAULT,9,True
6108,_ZN10w6qzgacqqy10UYP3xa0kQgERK10C8THgaTQxF,w6qzgacqqy::UYP3xa0kQg(C8THgaTQxF const&),,0x1f8cc0,1116,FUNC,GLOBAL,DEFAULT,9,True
6109,_ZN10RZNxgaOF2wD1Ev,RZNxgaOF2w::~RZNxgaOF2w(),,0x1e0970,116,FUNC,GLOBAL,DEFAULT,9,True
6110,_ZN10G0gxgajWBw10rVjVga1mQQE10RiQ7IaxCcA,G0gxgajWBw::rVjVga1mQQ(RiQ7IaxCcA),,0x2136c4,100,FUNC,GLOBAL,DEFAULT,9,True
6111,_ZN10u0eyga1eqx10EWwjob4j23ERK10eY2wgaf6pw,u0eyga1eqx::EWwjob4j23(eY2wgaf6pw const&),,0x1ddd1c,12,FUNC,WEAK,DEFAULT,9,True
6112,_ZN10qsr_gawI8U10KQm_ga7P4UEv,qsr_gawI8U::KQm_ga7P4U(),,0x1006d0,172,FUNC,GLOBAL,DEFAULT,9,True
6113,_ZN10W6NzgawMJy10Km15LaNLG4Ev,W6NzgawMJy::Km15LaNLG4(),,0x181b84,152,FUNC,GLOBAL,DEFAULT,9,True
6114,_ZN10J7zOgaf09KC2ERK10CanTfaz6bZ,J7zOgaf09K::J7zOgaf09K(CanTfaz6bZ const&),,0xeb010,28,FUNC,GLOBAL,DEFAULT,9,True
6115,_ZN10MHEiIauRiT10QOvJXarnUREPKviPhj,"MHEiIauRiT::QOvJXarnUR(void const*, int, unsigned char*, unsigned int)",,0xe5a44,212,FUNC,GLOBAL,DEFAULT,9,True
6116,_Z10FICuHajbncRK10C8THgaTQxF,FICuHajbnc(C8THgaTQxF const&),,0x1e8e9c,216,FUNC,GLOBAL,DEFAULT,9,True
6117,_ZN10ZAuvgaUl6u10EKbFHaTuglE,ZAuvgaUl6u::EKbFHaTugl,,0x3a4d34,4,OBJECT,GLOBAL,DEFAULT,19,True
6118,_ZN10zF9VgaBKxR10zE8FfaRT3NEv,zF9VgaBKxR::zE8FfaRT3N(),,0x1abc00,516,FUNC,GLOBAL,DEFAULT,9,True
6119,_ZN10MpGzgariDy10UwflwasGuPEi,MpGzgariDy::UwflwasGuP(int),,0x1947f8,604,FUNC,GLOBAL,DEFAULT,9,True
6120,_ZN6CyaInt11CyaSSL_dtlsEPNS_6CYASSLE,CyaInt::CyaSSL_dtls(CyaInt::CYASSL*),,0x2d0fac,8,FUNC,GLOBAL,DEFAULT,9,True
6121,_ZN10_WevgakbUu10zaevgaCxTuERK10C8THgaTQxF,_WevgakbUu::zaevgaCxTu(C8THgaTQxF const&),,0x1088e0,388,FUNC,GLOBAL,DEFAULT,9,True
6122,_ZN10bNZvga2Awv10K0dBQahpWRC2Ev,bNZvga2Awv::K0dBQahpWR::K0dBQahpWR(),,0xf08d0,52,FUNC,GLOBAL,DEFAULT,9,True
6123,_ZTV20l8eTfaIl5YProperties,vtable for l8eTfaIl5YProperties,,0x37d7c0,88,OBJECT,WEAK,DEFAULT,15,True
6124,_Z10CzDAgaHUqzv,CzDAgaHUqz(),,0x20b6f4,152,FUNC,GLOBAL,DEFAULT,9,True
6125,_Z10XFciJaZgWIv,XFciJaZgWI(),,0xf6338,56,FUNC,GLOBAL,DEFAULT,9,True
6126,_ZN6CyaInt31CyaSSL_CTX_use_certificate_fileEPNS_10CYASSL_CTXEPKci,"CyaInt::CyaSSL_CTX_use_certificate_file(CyaInt::CYASSL_CTX*, char const*, int)",,0x2d2918,48,FUNC,GLOBAL,DEFAULT,9,True
6127,_ZN10IoTkgardbmD0Ev,IoTkgardbm::~IoTkgardbm(),,0x16d2d8,48,FUNC,WEAK,DEFAULT,9,True
6128,_ZN10w6qzgacqqy5resetEv,w6qzgacqqy::reset(),,0x1eb554,948,FUNC,GLOBAL,DEFAULT,9,True
6129,_ZThn16_N20pdnkJaZ8KKPropertiesD0Ev,non-virtual thunk to pdnkJaZ8KKProperties::~pdnkJaZ8KKProperties(),,0x245dc0,8,FUNC,WEAK,DEFAULT,9,True
6130,_ZN10GbMhIaz9ySC1Ev,GbMhIaz9yS::GbMhIaz9yS(),,0x1c0854,112,FUNC,GLOBAL,DEFAULT,9,True
6131,_ZN10DFeOfaFXSUD1Ev,DFeOfaFXSU::~DFeOfaFXSU(),,0x10f910,88,FUNC,GLOBAL,DEFAULT,9,True
6132,_ZN10vEhDgaHsFB10FwfGfa7F9NERKS_,vEhDgaHsFB::FwfGfa7F9N(vEhDgaHsFB const&),,0x1ea7e4,124,FUNC,GLOBAL,DEFAULT,9,True
6133,FT_Get_Module_Interface,FT_Get_Module_Interface,,0x25b214,44,FUNC,GLOBAL,DEFAULT,9,True
6134,_ZThn16_N20IoTkgardbmPropertiesD0Ev,non-virtual thunk to IoTkgardbmProperties::~IoTkgardbmProperties(),,0x16d2bc,8,FUNC,WEAK,DEFAULT,9,True
6135,_ZN10mTAogaaEip10_PuzZarytpEv,mTAogaaEip::_PuzZarytp(),,0x226684,1340,FUNC,GLOBAL,DEFAULT,9,True
6136,tt_cmap14_char_var_isdefault,tt_cmap14_char_var_isdefault,,0x265c0c,752,FUNC,GLOBAL,DEFAULT,9,True
6137,_ZN10w6qzgacqqy10cSVWxagibaEv,w6qzgacqqy::cSVWxagiba(),,0x1ec744,84,FUNC,GLOBAL,DEFAULT,9,True
6138,_Z10IBCgGan5Aav,IBCgGan5Aa(),,0x247210,48,FUNC,GLOBAL,DEFAULT,9,True
6139,_ZN10AK892aVY8g5cloneEP10V8fxgahcBw,AK892aVY8g::clone(V8fxgahcBw*),,0x11da40,108,FUNC,WEAK,DEFAULT,9,True
6140,_ZN10W6NzgawMJy10BViCwabxQ2Ev,W6NzgawMJy::BViCwabxQ2(),,0x1731a8,1588,FUNC,GLOBAL,DEFAULT,9,True
6141,_ZN10ln7yHaeP9f10XOUBgaEpvAERK10i7FHgaP2lF,ln7yHaeP9f::XOUBgaEpvA(i7FHgaP2lF const&),,0x1ceabc,148,FUNC,GLOBAL,DEFAULT,9,True
6142,_ZN10w6qzgacqqy10l5qdLa5oVkE,w6qzgacqqy::l5qdLa5oVk,,0x3a3678,8,OBJECT,GLOBAL,DEFAULT,19,True
6143,_ZN10W6NzgawMJy10wk4TLaTfNUEv,W6NzgawMJy::wk4TLaTfNU(),,0x183f70,808,FUNC,GLOBAL,DEFAULT,9,True
6144,_ZN10G0gxgajWBw10E3ArMaINPmEv,G0gxgajWBw::E3ArMaINPm(),,0x219ed0,1912,FUNC,GLOBAL,DEFAULT,9,True
6145,_ZN20ZAuvgaUl6uPropertiesC2Ev,ZAuvgaUl6uProperties::ZAuvgaUl6uProperties(),,0x204c5c,156,FUNC,GLOBAL,DEFAULT,9,True
6146,FT_Get_Renderer,FT_Get_Renderer,,0x25b180,8,FUNC,GLOBAL,DEFAULT,9,True
6147,_ZN10MpGzgariDyC1Ei,MpGzgariDy::MpGzgariDy(int),,0x190730,240,FUNC,GLOBAL,DEFAULT,9,True
6148,_ZN10UbihxaHV9BC1ERK10C8THgaTQxFS2_P10G0gxgajWBw,"UbihxaHV9B::UbihxaHV9B(C8THgaTQxF const&, C8THgaTQxF const&, G0gxgajWBw*)",,0x171954,116,FUNC,GLOBAL,DEFAULT,9,True
6149,_ZN10BEXWLaNNcX10zDeXJa0VrgEii,"BEXWLaNNcX::zDeXJa0Vrg(int, int)",,0x23afe8,592,FUNC,GLOBAL,DEFAULT,9,True
6150,_ZN10bNZvga2Awv10EXwEyaPkILEPS_,bNZvga2Awv::EXwEyaPkIL(bNZvga2Awv*),,0xf0bb4,172,FUNC,GLOBAL,DEFAULT,9,True
6151,yajl_gen_alloc,yajl_gen_alloc,,0x2bd15c,184,FUNC,GLOBAL,DEFAULT,9,True
6152,_ZThn16_N20KsGWqbQkZgPropertiesD0Ev,non-virtual thunk to KsGWqbQkZgProperties::~KsGWqbQkZgProperties(),,0x1ca68c,8,FUNC,WEAK,DEFAULT,9,True
6153,_ZN10hsuDgateQB10KHqDgay4MBERK10i7FHgaP2lF,hsuDgateQB::KHqDgay4MB(i7FHgaP2lF const&),,0x1b6490,760,FUNC,GLOBAL,DEFAULT,9,True
6154,_ZN6CyaInt18s_mp_mul_high_digsEPNS_6mp_intES1_S1_i,"CyaInt::s_mp_mul_high_digs(CyaInt::mp_int*, CyaInt::mp_int*, CyaInt::mp_int*, int)",,0x2cae90,352,FUNC,GLOBAL,DEFAULT,9,True
6155,fputs@LIBC (2),fputs,LIBC (2),0x0,0,FUNC,GLOBAL,DEFAULT,UND,False
6156,jUrm2aY4uBZPvEDawoHY,jUrm2aY4uBZPvEDawoHY,,0x3a3208,8,OBJECT,GLOBAL,DEFAULT,19,True
6157,_ZN10fJ8VgaKXwR10MzWVgaRTlREv,fJ8VgaKXwR::MzWVgaRTlR(),,0x24768c,2512,FUNC,GLOBAL,DEFAULT,9,True
6158,_ZNK10w9XxgaJdbx10vfRA1aFpCXEv,w9XxgaJdbx::vfRA1aFpCX() const,,0x1b0b08,80,FUNC,WEAK,DEFAULT,9,True
6159,_Z10OEizxa5ijRRK10C8THgaTQxF,OEizxa5ijR(C8THgaTQxF const&),,0x1a4fbc,216,FUNC,GLOBAL,DEFAULT,9,True
6160,_ZN10TZf6gaQ3S_10BWxn4a19piEj,TZf6gaQ3S_::BWxn4a19pi(unsigned int),,0x110574,440,FUNC,GLOBAL,DEFAULT,9,True
6161,_ZN10zF9VgaBKxR10WTKB_aQ3mhERK10C8THgaTQxFb,"zF9VgaBKxR::WTKB_aQ3mh(C8THgaTQxF const&, bool)",,0x1a67b0,512,FUNC,GLOBAL,DEFAULT,9,True
6162,_ZN10_thLgaWjoI10MI_OLaknwQEi,_thLgaWjoI::MI_OLaknwQ(int),,0x1cc144,164,FUNC,GLOBAL,DEFAULT,9,True
6163,tt_cmap14_variant_chars,tt_cmap14_variant_chars,,0x267260,2772,FUNC,GLOBAL,DEFAULT,9,True
6164,des_setup,des_setup,,0x254a60,212,FUNC,GLOBAL,DEFAULT,9,True
6165,_ZN10NiVAFatPFB10d_cXQa0xq9Ev,NiVAFatPFB::d_cXQa0xq9(),,0xecfa0,116,FUNC,GLOBAL,DEFAULT,9,True
6166,Java_com_quattroplay_GraalClassic_Natives_onVideoLoaded,Java_com_quattroplay_GraalClassic_Natives_onVideoLoaded,,0x2519a8,128,FUNC,GLOBAL,DEFAULT,9,True
6167,_ZN10Kc8uganwOu10OZLUDaFZmbEP10ieJzgaIFFy,Kc8uganwOu::OZLUDaFZmb(ieJzgaIFFy*),,0x1698a8,8,FUNC,GLOBAL,DEFAULT,9,True
6168,_ZN10DzJhMaIXweD0Ev,DzJhMaIXwe::~DzJhMaIXwe(),,0x21ae2c,48,FUNC,WEAK,DEFAULT,9,True
6169,_ZN10w9XxgaJdbx10rz5wgawiswEP10XoqxgaMPJw,w9XxgaJdbx::rz5wgawisw(XoqxgaMPJw*),,0x1bd7c4,356,FUNC,GLOBAL,DEFAULT,9,True
6170,_ZN10eODlJaQ5OL10fYVvIagnt3EP10W6NzgawMJyiiP10Ox9zJa6D1XP10tJIwIaYe83,"eODlJaQ5OL::fYVvIagnt3(W6NzgawMJy*, int, int, Ox9zJa6D1X*, tJIwIaYe83*)",,0x23ffa0,836,FUNC,GLOBAL,DEFAULT,9,True
6171,_ZN10OYYKfaPU7R10PbT6faC2oaEiPfiRK10C8THgaTQxFS0_b,"OYYKfaPU7R::PbT6faC2oa(int, float*, int, C8THgaTQxF const&, float*, bool)",,0x1022b0,1336,FUNC,GLOBAL,DEFAULT,9,True
6172,_ZN10ULeBJaZ1WY7processEP10Ox9zJa6D1XP10OeCAJa7MpYbjf,"ULeBJaZ1WY::process(Ox9zJa6D1X*, OeCAJa7MpY*, bool, unsigned int, float)",,0x242850,684,FUNC,GLOBAL,DEFAULT,9,True
6173,_ZN10qjQMgaXCHJ10cWQMgaD8HJERK10C8THgaTQxFdddPKc,"qjQMgaXCHJ::cWQMgaD8HJ(C8THgaTQxF const&, double, double, double, char const*)",,0xfa0dc,576,FUNC,GLOBAL,DEFAULT,9,True
6174,_ZN10SEPCMa33gwD2Ev,SEPCMa33gw::~SEPCMa33gw(),,0x234254,176,FUNC,GLOBAL,DEFAULT,9,True
6175,_Z10TsjL2a4ZpWv,TsjL2a4ZpW(),,0x15f1d8,164,FUNC,GLOBAL,DEFAULT,9,True
6176,_ZN10qjQMgaXCHJ6printfEPKcz,"qjQMgaXCHJ::printf(char const*, ...)",,0xfa348,196,FUNC,GLOBAL,DEFAULT,9,True
6177,_ZN20ZAuvgaUl6uPropertiesD1Ev,ZAuvgaUl6uProperties::~ZAuvgaUl6uProperties(),,0x208248,28,FUNC,WEAK,DEFAULT,9,True
6178,DuM4PappDq,DuM4PappDq,,0x3916d0,64,OBJECT,GLOBAL,DEFAULT,18,True
6179,_ZN10KcKRganuPN10TUthFaDMjlERK10C8THgaTQxF,KcKRganuPN::TUthFaDMjl(C8THgaTQxF const&),,0x112344,156,FUNC,GLOBAL,DEFAULT,9,True
6180,_ZN10LJyzga9Pwy10aH8zgaTV0yERK10C8THgaTQxF,LJyzga9Pwy::aH8zgaTV0y(C8THgaTQxF const&),,0x10ab70,4,FUNC,WEAK,DEFAULT,9,True
6181,_ZN10w6qzgacqqy10kS55xaiyKiERK10C8THgaTQxF,w6qzgacqqy::kS55xaiyKi(C8THgaTQxF const&),,0x1fb340,428,FUNC,GLOBAL,DEFAULT,9,True
6182,_ZN10l8eTfaIl5YD1Ev,l8eTfaIl5Y::~l8eTfaIl5Y(),,0x2277b0,88,FUNC,GLOBAL,DEFAULT,9,True
6183,rewind@LIBC (2),rewind,LIBC (2),0x0,0,FUNC,GLOBAL,DEFAULT,UND,False
6184,DGifOpenFileHandle,DGifOpenFileHandle,,0x2ba834,452,FUNC,GLOBAL,DEFAULT,9,True
6185,_ZTV10EbOa3arQHh,vtable for EbOa3arQHh,,0x3731d0,64,OBJECT,WEAK,DEFAULT,15,True
6186,_ZN6CyaInt12FreeAltNamesEPNS_9DNS_entryEPv,"CyaInt::FreeAltNames(CyaInt::DNS_entry*, void*)",,0x2c2884,72,FUNC,GLOBAL,DEFAULT,9,True
6187,_ZN10StGQIaOlWkC1Ev,StGQIaOlWk::StGQIaOlWk(),,0x10f600,44,FUNC,GLOBAL,DEFAULT,9,True
6188,_ZN20EqV_Ka3Vx9PropertiesD1Ev,EqV_Ka3Vx9Properties::~EqV_Ka3Vx9Properties(),,0x1b3130,28,FUNC,WEAK,DEFAULT,9,True
6189,_ZN10oJlO1aTTY7C2Ev,oJlO1aTTY7::oJlO1aTTY7(),,0x15e5d8,196,FUNC,GLOBAL,DEFAULT,9,True
6190,_ZN10G0gxgajWBw10QgrlMaWyEhEi,G0gxgajWBw::QgrlMaWyEh(int),,0x2153c8,52,FUNC,GLOBAL,DEFAULT,9,True
6191,ATGyibuHNd,ATGyibuHNd,,0x38d55c,4,OBJECT,GLOBAL,DEFAULT,18,True
6192,FT_Set_Char_Size,FT_Set_Char_Size,,0x25a2a4,124,FUNC,GLOBAL,DEFAULT,9,True
6193,_ZN10CDPvgaY2nv10DK8RKaSY91E,CDPvgaY2nv::DK8RKaSY91,,0x3a0019,1,OBJECT,GLOBAL,DEFAULT,19,True
6194,_ZN10yL3_IaDMFt10gzgLgalynIERK10C8THgaTQxF,yL3_IaDMFt::gzgLgalynI(C8THgaTQxF const&),,0xec360,92,FUNC,GLOBAL,DEFAULT,9,True
6195,_ZN10ieJzgaIFFyD1Ev,ieJzgaIFFy::~ieJzgaIFFy(),,0x168af8,592,FUNC,GLOBAL,DEFAULT,9,True
6196,_ZThn16_N20ULeBJaZ1WYPropertiesD0Ev,non-virtual thunk to ULeBJaZ1WYProperties::~ULeBJaZ1WYProperties(),,0x245d80,8,FUNC,WEAK,DEFAULT,9,True
6197,_ZN20fJ8VgaKXwRPropertiesD0Ev,fJ8VgaKXwRProperties::~fJ8VgaKXwRProperties(),,0x2480cc,56,FUNC,WEAK,DEFAULT,9,True
6198,FT_Outline_Done_Internal,FT_Outline_Done_Internal,,0x25e414,144,FUNC,GLOBAL,DEFAULT,9,True
6199,_ZN10K7FLgag3II10vPpdNaXkU0E,K7FLgag3II::vPpdNaXkU0,,0x3a1992,1,OBJECT,GLOBAL,DEFAULT,19,True
6200,_ZN10c3fygag7qxC2ERK10C8THgaTQxF,c3fygag7qx::c3fygag7qx(C8THgaTQxF const&),,0x1dd858,48,FUNC,GLOBAL,DEFAULT,9,True
6201,_ZN10SU3JfaCUmRC1EP10LJyzga9PwyRK10C8THgaTQxF,"SU3JfaCUmR::SU3JfaCUmR(LJyzga9Pwy*, C8THgaTQxF const&)",,0x10db90,64,FUNC,GLOBAL,DEFAULT,9,True
6202,_ZTV20XJLBgarMnAProperties,vtable for XJLBgarMnAProperties,,0x37cd60,88,OBJECT,WEAK,DEFAULT,15,True
6203,_ZN10C8THgaTQxF10UzpcJaT72DEjiibb,"C8THgaTQxF::UzpcJaT72D(unsigned int, int, int, bool, bool)",,0xf29d0,284,FUNC,GLOBAL,DEFAULT,9,True
6204,_ZN10w6qzgacqqy10Ku0GxaC1NXE,w6qzgacqqy::Ku0GxaC1NX,,0x3a3722,1,OBJECT,GLOBAL,DEFAULT,19,True
6205,_ZN10D6TlgajP1m10_ymjIa8AUTEv,D6TlgajP1m::_ymjIa8AUT(),,0x21e848,116,FUNC,GLOBAL,DEFAULT,9,True
6206,des3_ecb_encrypt,des3_ecb_encrypt,,0x254464,324,FUNC,GLOBAL,DEFAULT,9,True
6207,_ZN20W6NzgawMJyPropertiesC2Ev,W6NzgawMJyProperties::W6NzgawMJyProperties(),,0x171a04,176,FUNC,GLOBAL,DEFAULT,9,True
6208,_ZN10oJlO1aTTY710SenF1ahaq0Ev,oJlO1aTTY7::SenF1ahaq0(),,0x15ef90,4,FUNC,GLOBAL,DEFAULT,9,True
6209,FT_GlyphSlot_Own_Bitmap,FT_GlyphSlot_Own_Bitmap,,0x261444,200,FUNC,GLOBAL,DEFAULT,9,True
6210,_ZN10s_YwgafWlw10v0Ib4a8tt8ERK10cXoLgatBuI,s_YwgafWlw::v0Ib4a8tt8(cXoLgatBuI const&),,0x1dbe04,320,FUNC,GLOBAL,DEFAULT,9,True
6211,JFREAD,JFREAD,,0x3a70c0,8,OBJECT,GLOBAL,DEFAULT,19,True
6212,_ZTV10oMhmIajzmW,vtable for oMhmIajzmW,,0x372430,328,OBJECT,WEAK,DEFAULT,15,True
6213,_ZN10W6NzgawMJy10WTcxIaQsy4EP10FY2VgaG6rRfff,"W6NzgawMJy::WTcxIaQsy4(FY2VgaG6rR*, float, float, float)",,0x181d90,116,FUNC,GLOBAL,DEFAULT,9,True
6214,_ZN10uzvDgataRBC2Ev,uzvDgataRB::uzvDgataRB(),,0x1b15e8,104,FUNC,GLOBAL,DEFAULT,9,True
6215,_ZN10awDo2aJRkD10wjnCga8dUAEi,awDo2aJRkD::wjnCga8dUA(int),,0x1dde80,44,FUNC,GLOBAL,DEFAULT,9,True
6216,_ZN10u0eyga1eqx10H8ZnobYTN7ER10eY2wgaf6pw,u0eyga1eqx::H8ZnobYTN7(eY2wgaf6pw&),,0x1ddd28,12,FUNC,WEAK,DEFAULT,9,True
6217,_ZN10EbOa3arQHhD2Ev,EbOa3arQHh::~EbOa3arQHh(),,0x11d674,20,FUNC,WEAK,DEFAULT,9,True
6218,_ZN6CyaInt16RsaPublicEncryptEPKhjPhjPNS_6RsaKeyEP3RNG,"CyaInt::RsaPublicEncrypt(unsigned char const*, unsigned int, unsigned char*, unsigned int, CyaInt::RsaKey*, RNG*)",,0x2ccab8,764,FUNC,GLOBAL,DEFAULT,9,True
6219,ft_realloc,ft_realloc,,0x2616bc,12,FUNC,GLOBAL,DEFAULT,9,True
6220,_ZN10w6qzgacqqy10xIp4xabfkhERK10C8THgaTQxF,w6qzgacqqy::xIp4xabfkh(C8THgaTQxF const&),,0x1ed4c4,352,FUNC,GLOBAL,DEFAULT,9,True
6221,_ZTV10hYSWfaoR80,vtable for hYSWfaoR80,,0x37d510,48,OBJECT,WEAK,DEFAULT,15,True
6222,_ZN10W6NzgawMJy10UwflwasGuPEv,W6NzgawMJy::UwflwasGuP(),,0x19ed60,360,FUNC,GLOBAL,DEFAULT,9,True
6223,_ZN10VRFGJa8Pv25clearEv,VRFGJa8Pv2::clear(),,0x246054,116,FUNC,GLOBAL,DEFAULT,9,True
6224,_ZN10wiULgacZUI10BGxvgatX8uERK10C8THgaTQxF,wiULgacZUI::BGxvgatX8u(C8THgaTQxF const&),,0xe8638,344,FUNC,GLOBAL,DEFAULT,9,True
6225,_ZN10SU3JfaCUmR10zipMfafUkTEfffff,"SU3JfaCUmR::zipMfafUkT(float, float, float, float, float)",,0x10df20,448,FUNC,GLOBAL,DEFAULT,9,True
6226,_ZN10G0gxgajWBw10EtbngaAg7nEi,G0gxgajWBw::EtbngaAg7n(int),,0x216280,164,FUNC,GLOBAL,DEFAULT,9,True
6227,_ZN10hsuDgateQB10j9gLgaw2nIEv,hsuDgateQB::j9gLgaw2nI(),,0x1b6370,92,FUNC,GLOBAL,DEFAULT,9,True
6228,_ZN10BEXWLaNNcX10S6EXJascOgEii,"BEXWLaNNcX::S6EXJascOg(int, int)",,0x23aeb8,304,FUNC,GLOBAL,DEFAULT,9,True
6229,_ZNK10C8THgaTQxF5upperEv,C8THgaTQxF::upper() const,,0xf4960,116,FUNC,GLOBAL,DEFAULT,9,True
6230,_ZN10NVxhJah9mI10w_AhJajKpIE,NVxhJah9mI::w_AhJajKpI,,0x3a0938,8,OBJECT,GLOBAL,DEFAULT,19,True
6231,_ZN10VxSu6advA4C1Ei,VxSu6advA4::VxSu6advA4(int),,0x19b64c,112,FUNC,GLOBAL,DEFAULT,9,True
6232,_ZN10MHEiIauRiT10H3FyYaR_MyERK10C8THgaTQxFPhj,"MHEiIauRiT::H3FyYaR_My(C8THgaTQxF const&, unsigned char*, unsigned int)",,0xe5dc0,56,FUNC,GLOBAL,DEFAULT,9,True
6233,_ZN10S2m6gab0Y_C2EP10AS80gaE4zW,S2m6gab0Y_::S2m6gab0Y_(AS80gaE4zW*),,0x1d3e94,12,FUNC,GLOBAL,DEFAULT,9,True
6234,_ZN10iHmzga6Hmy10T__fIaGC4QERK10C8THgaTQxF,iHmzga6Hmy::T__fIaGC4Q(C8THgaTQxF const&),,0x1d277c,1460,FUNC,GLOBAL,DEFAULT,9,True
6235,_ZN10D2x4gaXfrZ10BEVpTaT6peE,D2x4gaXfrZ::BEVpTaT6pe,,0x3a3440,1,OBJECT,GLOBAL,DEFAULT,19,True
6236,_ZTV10SyVo2a61zD,vtable for SyVo2a61zD,,0x37a490,920,OBJECT,WEAK,DEFAULT,15,True
6237,_ZThn16_N20pTy_fadYe4PropertiesD1Ev,non-virtual thunk to pTy_fadYe4Properties::~pTy_fadYe4Properties(),,0x195bac,8,FUNC,WEAK,DEFAULT,9,True
6238,_ZN10JQknDa08eKC1Ei,JQknDa08eK::JQknDa08eK(int),,0x19af6c,156,FUNC,GLOBAL,DEFAULT,9,True
6239,_ZNK10ln7yHaeP9f10rMsVvbsPXsEv,ln7yHaeP9f::rMsVvbsPXs() const,,0x1cef08,192,FUNC,GLOBAL,DEFAULT,9,True
6240,_Z10VzPt2aU_HHv,VzPt2aU_HH(),,0x1df9ec,128,FUNC,GLOBAL,DEFAULT,9,True
6241,_ZN6CyaInt27CyaSSL_CTX_OCSP_set_optionsEPNS_10CYASSL_CTXEl,"CyaInt::CyaSSL_CTX_OCSP_set_options(CyaInt::CYASSL_CTX*, long)",,0x2d3a94,8,FUNC,GLOBAL,DEFAULT,9,True
6242,_ZN20fJ8VgaKXwRPropertiesC1Ev,fJ8VgaKXwRProperties::fJ8VgaKXwRProperties(),,0x2475ac,136,FUNC,GLOBAL,DEFAULT,9,True
6243,_ZN10yL3_IaDMFt10g6yvgaX89uEP10NYF9TaOVKR,yL3_IaDMFt::g6yvgaX89u(NYF9TaOVKR*),,0xebcbc,140,FUNC,GLOBAL,DEFAULT,9,True
6244,_ZN10ovXCga6FnB10gK1NKav4HZEPhii10eY2wgaf6pwS1_S1_PKhiiPK10NLT0HaSwmEiiRK10rizMgadjtJ,"ovXCga6FnB::gK1NKav4HZ(unsigned char*, int, int, eY2wgaf6pw, eY2wgaf6pw, eY2wgaf6pw, unsigned char const*, int, int, NLT0HaSwmE const*, int, int, rizMgadjtJ const&)",,0x150494,8196,FUNC,GLOBAL,DEFAULT,9,True
6245,_ZN10IiAFxau9AWC1ERK10C8THgaTQxF,IiAFxau9AW::IiAFxau9AW(C8THgaTQxF const&),,0x1ec4e8,132,FUNC,GLOBAL,DEFAULT,9,True
6246,_ZN10SU3JfaCUmR10gSNIfakziQEi,SU3JfaCUmR::gSNIfakziQ(int),,0x10d7b8,84,FUNC,GLOBAL,DEFAULT,9,True
6247,_Z10_al0FaXqUXPKcPc,"_al0FaXqUX(char const*, char*)",,0x253164,136,FUNC,GLOBAL,DEFAULT,9,True
6248,_ZN10esKIvakHfi10_IfAFaEQ6AEP10vuuHgangcF,esKIvakHfi::_IfAFaEQ6A(vuuHgangcF*),,0xfc8d8,1368,FUNC,GLOBAL,DEFAULT,9,True
6249,_ZN10_YTgFa6HPkC2ERK10C8THgaTQxF,_YTgFa6HPk::_YTgFa6HPk(C8THgaTQxF const&),,0x1b06e8,72,FUNC,GLOBAL,DEFAULT,9,True
6250,ft_mem_alloc,ft_mem_alloc,,0x25dcc8,84,FUNC,GLOBAL,DEFAULT,9,True
6251,_ZN20w9XxgaJdbxPropertiesD0Ev,w9XxgaJdbxProperties::~w9XxgaJdbxProperties(),,0x1bf76c,56,FUNC,WEAK,DEFAULT,9,True
6252,_ZN10psSDxavq9UD1Ev,psSDxavq9U::~psSDxavq9U(),,0x201c48,184,FUNC,GLOBAL,DEFAULT,9,True
6253,_ZN10HtZ2_aJk7E10cXs_ganY9UERK10C8THgaTQxFffffiiii,"HtZ2_aJk7E::cXs_ganY9U(C8THgaTQxF const&, float, float, float, float, int, int, int, int)",,0x1061b4,4,FUNC,WEAK,DEFAULT,9,True
6254,_ZN10D2x4gaXfrZ10z2aqTaNUDeE,D2x4gaXfrZ::z2aqTaNUDe,,0x3a3448,8,OBJECT,GLOBAL,DEFAULT,19,True
6255,_ZN10dJ10YaC3tX6AssignEP10vuuHgangcF,dJ10YaC3tX::Assign(vuuHgangcF*),,0x2483c8,420,FUNC,GLOBAL,DEFAULT,9,True
6256,_ZN10eODlJaQ5OL10rhe4IahDaxEP10Ox9zJa6D1XP10tJIwIaYe83,"eODlJaQ5OL::rhe4IahDax(Ox9zJa6D1X*, tJIwIaYe83*)",,0x23f3e4,716,FUNC,GLOBAL,DEFAULT,9,True
6257,_ZN10AS80gaE4zW10LslQgaXFEMEiRiS0_iR10dVIHgaIooF,"AS80gaE4zW::LslQgaXFEM(int, int&, int&, int, dVIHgaIooF&)",,0x1d477c,468,FUNC,GLOBAL,DEFAULT,9,True
6258,_ZN10SsrLga3IwI10Qd3UBapkCvEP10w9XxgaJdbx,SsrLga3IwI::Qd3UBapkCv(w9XxgaJdbx*),,0x1b3530,152,FUNC,GLOBAL,DEFAULT,9,True
6259,_ZN10awDo2aJRkD10_pyQMazzPHEv,awDo2aJRkD::_pyQMazzPH(),,0x1de140,220,FUNC,GLOBAL,DEFAULT,9,True
6260,_ZN10W6NzgawMJy10GruyLa1dDCEiiiff,"W6NzgawMJy::GruyLa1dDC(int, int, int, float, float)",,0x180074,176,FUNC,GLOBAL,DEFAULT,9,True
6261,_ZN7_JNIEnv23CallStaticBooleanMethodEP7_jclassP10_jmethodIDz,"_JNIEnv::CallStaticBooleanMethod(_jclass*, _jmethodID*, ...)",,0xe4204,140,FUNC,WEAK,DEFAULT,9,True
6262,_ZN10s_YwgafWlw10j9gLgaw2nIEv,s_YwgafWlw::j9gLgaw2nI(),,0x1db068,152,FUNC,GLOBAL,DEFAULT,9,True
6263,_ZN10VGk7faT0Ma10lATwgagnhwEPvRK10C8THgaTQxF,"VGk7faT0Ma::lATwgagnhw(void*, C8THgaTQxF const&)",,0x1e55cc,96,FUNC,GLOBAL,DEFAULT,9,True
6264,_ZTV10cWWYfaxbT2,vtable for cWWYfaxbT2,,0x37db70,96,OBJECT,WEAK,DEFAULT,15,True
6265,_ZN6CyaInt12CyaSSL_writeEPNS_6CYASSLEPKvi,"CyaInt::CyaSSL_write(CyaInt::CYASSL*, void const*, int)",,0x2d1144,32,FUNC,GLOBAL,DEFAULT,9,True
6266,_ZThn16_N20FY2VgaG6rRPropertiesD1Ev,non-virtual thunk to FY2VgaG6rRProperties::~FY2VgaG6rRProperties(),,0x16dc7c,8,FUNC,WEAK,DEFAULT,9,True
6267,_ZN10mTAogaaEip10vb4MOai8TkEv,mTAogaaEip::vb4MOai8Tk(),,0x2243c8,396,FUNC,GLOBAL,DEFAULT,9,True
6268,_ZN10N67CMatrxw10_xWAgaiSGzEv,N67CMatrxw::_xWAgaiSGz(),,0x233ed8,892,FUNC,GLOBAL,DEFAULT,9,True
6269,_ZN20IoTkgardbmPropertiesD0Ev,IoTkgardbmProperties::~IoTkgardbmProperties(),,0x16d284,56,FUNC,WEAK,DEFAULT,9,True
6270,_Z23jinit_master_decompressP22jpeg_decompress_struct,jinit_master_decompress(jpeg_decompress_struct*),,0x29cd30,1308,FUNC,GLOBAL,DEFAULT,9,True
6271,_ZN10oJlO1aTTY710rhBC1ahZ4YERK10cXoLgatBuI,oJlO1aTTY7::rhBC1ahZ4Y(cXoLgatBuI const&),,0x15eac0,64,FUNC,GLOBAL,DEFAULT,9,True
6272,_ZTV10C2t_vaQTax,vtable for C2t_vaQTax,,0x37f870,432,OBJECT,WEAK,DEFAULT,15,True
6273,_ZN10cWWYfaxbT2D1Ev,cWWYfaxbT2::~cWWYfaxbT2(),,0x22f598,64,FUNC,WEAK,DEFAULT,9,True
6274,_ZN10ieJzgaIFFy10eHoSJa2nncERK10C8THgaTQxFS2_,"ieJzgaIFFy::eHoSJa2nnc(C8THgaTQxF const&, C8THgaTQxF const&)",,0x164624,8,FUNC,GLOBAL,DEFAULT,9,True
6275,_ZN10u3cBgayBVz10jfaZ1ate4gEv,u3cBgayBVz::jfaZ1ate4g(),,0x20c41c,80,FUNC,GLOBAL,DEFAULT,9,True
6276,_ZN10XCASBayqxt10bdqDgaFFMBERK10eY2wgaf6pw,XCASBayqxt::bdqDgaFFMB(eY2wgaf6pw const&),,0x1b1064,752,FUNC,GLOBAL,DEFAULT,9,True
6277,_ZN10RWahgahP3iC2ERK10_79OJaq8E9,RWahgahP3i::RWahgahP3i(_79OJaq8E9 const&),,0x1ea050,96,FUNC,GLOBAL,DEFAULT,9,True
6278,_ZN10zF9VgaBKxR10oKl4SaJUgXEdddddddbRK10C8THgaTQxFS2_S2_b,"zF9VgaBKxR::oKl4SaJUgX(double, double, double, double, double, double, double, bool, C8THgaTQxF const&, C8THgaTQxF const&, C8THgaTQxF const&, bool)",,0x1ae618,668,FUNC,GLOBAL,DEFAULT,9,True
6279,_ZN10AS80gaE4zW10piVPga5OhMEv,AS80gaE4zW::piVPga5OhM(),,0x1d6a00,108,FUNC,GLOBAL,DEFAULT,9,True
6280,_ZN10D6TlgajP1m10fvw3HaSXzGEP10G0gxgajWBwb,"D6TlgajP1m::fvw3HaSXzG(G0gxgajWBw*, bool)",,0x21eb84,144,FUNC,GLOBAL,DEFAULT,9,True
6281,_ZN10s_viIa9wbT10zKdiIaUaXSEv,s_viIa9wbT::zKdiIaUaXS(),,0x16b848,700,FUNC,GLOBAL,DEFAULT,9,True
6282,_ZN10XJLBgarMnA4sendERK10C8THgaTQxF,XJLBgarMnA::send(C8THgaTQxF const&),,0x20b110,8,FUNC,GLOBAL,DEFAULT,9,True
6283,_ZN10X7DzgannBy10UCAt_apqvaE,X7DzgannBy::UCAt_apqva,,0x3a28c8,8,OBJECT,GLOBAL,DEFAULT,19,True
6284,_ZN10iHmzga6Hmy10KC06Mal8vWERK10C8THgaTQxFS2_,"iHmzga6Hmy::KC06Mal8vW(C8THgaTQxF const&, C8THgaTQxF const&)",,0x1d11b8,264,FUNC,GLOBAL,DEFAULT,9,True
6285,_ZNK10C8THgaTQxF10fEtHgarybFERKS_,C8THgaTQxF::fEtHgarybF(C8THgaTQxF const&) const,,0xf46c0,116,FUNC,GLOBAL,DEFAULT,9,True
6286,_ZN10StGQIaOlWkD0Ev,StGQIaOlWk::~StGQIaOlWk(),,0x10f57c,32,FUNC,GLOBAL,DEFAULT,9,True
6287,_ZN10u0eyga1eqxD2Ev,u0eyga1eqx::~u0eyga1eqx(),,0x1e0ddc,68,FUNC,GLOBAL,DEFAULT,9,True
6288,_ZN10FY2VgaG6rR10QL5FfaVs1NEP10MpGzgariDy,FY2VgaG6rR::QL5FfaVs1N(MpGzgariDy*),,0x168edc,8,FUNC,WEAK,DEFAULT,9,True
6289,_Z10BByIvagJ5hv,BByIvagJ5h(),,0xfc1b0,4,FUNC,GLOBAL,DEFAULT,9,True
6290,_ZN10S2m6gab0Y_10Cpq6gahQ0_Ei,S2m6gab0Y_::Cpq6gahQ0_(int),,0x1d3ed4,8,FUNC,GLOBAL,DEFAULT,9,True
6291,_ZN10wiULgacZUI10eEjtfaq8gDERK10C8THgaTQxF,wiULgacZUI::eEjtfaq8gD(C8THgaTQxF const&),,0xe80bc,344,FUNC,GLOBAL,DEFAULT,9,True
6292,_ZN10vuuHgangcF3AddERK10C8THgaTQxF,vuuHgangcF::Add(C8THgaTQxF const&),,0xf69fc,68,FUNC,GLOBAL,DEFAULT,9,True
6293,_ZN10cHovga0n1u10AeZ3Fa_7X_EPKhi,"cHovga0n1u::AeZ3Fa_7X_(unsigned char const*, int)",,0xf9ef8,172,FUNC,GLOBAL,DEFAULT,9,True
6294,_ZN10LJyzga9Pwy10pUAyJa9EIWEiiiiddi,"LJyzga9Pwy::pUAyJa9EIW(int, int, int, int, double, double, int)",,0x109bac,488,FUNC,GLOBAL,DEFAULT,9,True
6295,_ZN10C8THgaTQxFlsEPKc,C8THgaTQxF::operator<<(char const*),,0xf280c,60,FUNC,GLOBAL,DEFAULT,9,True
6296,_ZN10w6qzgacqqy10wYEcyaD4foEddiiibb,"w6qzgacqqy::wYEcyaD4fo(double, double, int, int, int, bool, bool)",,0x1fcdc8,784,FUNC,GLOBAL,DEFAULT,9,True
6297,jpeg_alloc_huff_table,jpeg_alloc_huff_table,,0x2a9b00,44,FUNC,GLOBAL,DEFAULT,9,True
6298,_Z17RNG_GenerateBlockP3RNGPhj,"RNG_GenerateBlock(RNG*, unsigned char*, unsigned int)",,0x2cc89c,72,FUNC,GLOBAL,DEFAULT,9,True
6299,_ZN10_WevgakbUu10QY1CEaXgsNE,_WevgakbUu::QY1CEaXgsN,,0x3a08e0,8,OBJECT,GLOBAL,DEFAULT,19,True
6300,_ZN10w6qzgacqqy10tOzbya4JlnERK10C8THgaTQxFb,"w6qzgacqqy::tOzbya4Jln(C8THgaTQxF const&, bool)",,0x1ebbd0,192,FUNC,GLOBAL,DEFAULT,9,True
6301,tt_cmap12_char_index,tt_cmap12_char_index,,0x2658a4,232,FUNC,GLOBAL,DEFAULT,9,True
6302,_ZN10QYZugaRKGu10JLp_IaOh7sE,QYZugaRKGu::JLp_IaOh7s,,0x3a0028,8,OBJECT,GLOBAL,DEFAULT,19,True
6303,_ZN10kyTzgazlOy10MEZRvaYt1pE,kyTzgazlOy::MEZRvaYt1p,,0x3a5678,4,OBJECT,GLOBAL,DEFAULT,19,True
6304,_ZN10BEXWLaNNcXD2Ev,BEXWLaNNcX::~BEXWLaNNcX(),,0x23ae2c,140,FUNC,GLOBAL,DEFAULT,9,True
6305,_ZN10GbMhIaz9yS10eInCMaNyUvEiPiS0_,"GbMhIaz9yS::eInCMaNyUv(int, int*, int*)",,0x1c0ac0,288,FUNC,GLOBAL,DEFAULT,9,True
6306,_ZN10c3fygag7qx10VSoCgaTxVAEv,c3fygag7qx::VSoCgaTxVA(),,0x1dcbd0,44,FUNC,GLOBAL,DEFAULT,9,True
6307,_ZN10G0gxgajWBw10hmHmMaq5HiE,G0gxgajWBw::hmHmMaq5Hi,,0x3a500c,4,OBJECT,GLOBAL,DEFAULT,19,True
6308,_ZN10awDo2aJRkD10nyRxgawF5wEv,awDo2aJRkD::nyRxgawF5w(),,0x1ddeac,40,FUNC,GLOBAL,DEFAULT,9,True
6309,_ZN10CanTfaz6bZ10lgBtMalYvoES_,CanTfaz6bZ::lgBtMalYvo(CanTfaz6bZ),,0xf8e54,116,FUNC,GLOBAL,DEFAULT,9,True
6310,_ZN10fUWH_a_9zmD0Ev,fUWH_a_9zm::~fUWH_a_9zm(),,0x113354,32,FUNC,GLOBAL,DEFAULT,9,True
6311,_ZTV10PO392awP4g,vtable for PO392awP4g,,0x3732d0,64,OBJECT,WEAK,DEFAULT,15,True
6312,unzOpenCurrentFile22,unzOpenCurrentFile22,,0x258f24,8,FUNC,GLOBAL,DEFAULT,9,True
6313,deflateSetDictionary,deflateSetDictionary,,0x28ed08,312,FUNC,GLOBAL,DEFAULT,9,True
6314,_ZN10awDo2aJRkD10sZmCgajXTAEv,awDo2aJRkD::sZmCgajXTA(),,0x1de610,76,FUNC,GLOBAL,DEFAULT,9,True
6315,_ZThn16_N20Kc8uganwOuPropertiesD1Ev,non-virtual thunk to Kc8uganwOuProperties::~Kc8uganwOuProperties(),,0x16a680,8,FUNC,WEAK,DEFAULT,9,True
6316,glGetIntegerv,glGetIntegerv,,0x0,0,FUNC,GLOBAL,DEFAULT,UND,False
6317,_ZN10K7FLgag3II10D_glMaqVvhE,K7FLgag3II::D_glMaqVvh,,0x38e15f,1,OBJECT,GLOBAL,DEFAULT,18,True
6318,_ZN10kyTzgazlOy10d3VXvans1uERK10C8THgaTQxF,kyTzgazlOy::d3VXvans1u(C8THgaTQxF const&),,0x239e3c,212,FUNC,GLOBAL,DEFAULT,9,True
6319,_ZN10W6NzgawMJy10IfIFLaSQHIEP10vuuHgangcF,W6NzgawMJy::IfIFLaSQHI(vuuHgangcF*),,0x180828,136,FUNC,GLOBAL,DEFAULT,9,True
6320,_ZN10W6NzgawMJy10fZVFLa6nTIEv,W6NzgawMJy::fZVFLa6nTI(),,0x180924,4496,FUNC,GLOBAL,DEFAULT,9,True
6321,_ZN10pWihMaQxae10Lpq6fbkQ09EP10G0gxgajWBw,pWihMaQxae::Lpq6fbkQ09(G0gxgajWBw*),,0x2344b8,156,FUNC,GLOBAL,DEFAULT,9,True
6322,_ZN10gId5RaV8_6D1Ev,gId5RaV8_6::~gId5RaV8_6(),,0x249ba4,20,FUNC,WEAK,DEFAULT,9,True
6323,_ZN10oAgxlbdzBJD1Ev,oAgxlbdzBJ::~oAgxlbdzBJ(),,0x245e6c,4,FUNC,GLOBAL,DEFAULT,9,True
6324,_ZN10_thLgaWjoI10j9gLgaw2nIEv,_thLgaWjoI::j9gLgaw2nI(),,0x1cb6bc,220,FUNC,GLOBAL,DEFAULT,9,True
6325,_ZN10w9XxgaJdbx10ihpLga8SuIERK10cXoLgatBuI,w9XxgaJdbx::ihpLga8SuI(cXoLgatBuI const&),,0x1b857c,104,FUNC,GLOBAL,DEFAULT,9,True
6326,_ZN10Ox9zJa6D1X5clearEv,Ox9zJa6D1X::clear(),,0x23d4cc,152,FUNC,GLOBAL,DEFAULT,9,True
6327,yajl_free,yajl_free,,0x2bcba8,88,FUNC,GLOBAL,DEFAULT,9,True
6328,_ZN10v9r4yaCim710j9gLgaw2nIEv,v9r4yaCim7::j9gLgaw2nI(),,0x1c47ec,44,FUNC,GLOBAL,DEFAULT,9,True
6329,_ZN10V8fxgahcBw10C9BV2aJI43ERK10C8THgaTQxFiiii,"V8fxgahcBw::C9BV2aJI43(C8THgaTQxF const&, int, int, int, int)",,0x11a7d8,240,FUNC,GLOBAL,DEFAULT,9,True
6330,_ZN10tJIwIaYe8310i7_MFaJIQLEi,tJIwIaYe83::i7_MFaJIQL(int),,0x23d83c,136,FUNC,GLOBAL,DEFAULT,9,True
6331,ln7yHaeP9fOnln2aNBfC,ln7yHaeP9fOnln2aNBfC,,0x3a3398,8,OBJECT,GLOBAL,DEFAULT,19,True
6332,_ZN10xiYWfajld110stx4GaoMqRERK10C8THgaTQxF,xiYWfajld1::stx4GaoMqR(C8THgaTQxF const&),,0x2084dc,604,FUNC,GLOBAL,DEFAULT,9,True
6333,zlibCompileFlags,zlibCompileFlags,,0x296fcc,12,FUNC,GLOBAL,DEFAULT,9,True
6334,_ZN10wiULgacZUI10Y_J0GaLjeOE,wiULgacZUI::Y_J0GaLjeO,,0x39ff88,8,OBJECT,GLOBAL,DEFAULT,19,True
6335,_ZN10imqXgalNBS6resizeERK10eY2wgaf6pwS2_,"imqXgalNBS::resize(eY2wgaf6pw const&, eY2wgaf6pw const&)",,0x1e4b04,196,FUNC,GLOBAL,DEFAULT,9,True
6336,_Z16fclose_file_funcPvS_,"fclose_file_func(void*, void*)",,0x259160,8,FUNC,GLOBAL,DEFAULT,9,True
6337,_ZN10_thLgaWjoI10vEQGwaHUE6Eb,_thLgaWjoI::vEQGwaHUE6(bool),,0x1cb898,144,FUNC,GLOBAL,DEFAULT,9,True
6338,FT_List_Find,FT_List_Find,,0x25f6f4,44,FUNC,GLOBAL,DEFAULT,9,True
6339,_ZTV10w9XxgaJdbx,vtable for w9XxgaJdbx,,0x377640,888,OBJECT,WEAK,DEFAULT,15,True
6340,_ZTV10SU3JfaCUmR,vtable for SU3JfaCUmR,,0x372ad0,328,OBJECT,WEAK,DEFAULT,15,True
6341,_ZN10N67CMatrxw10ilmTfbBpbZEv,N67CMatrxw::ilmTfbBpbZ(),,0x230198,124,FUNC,GLOBAL,DEFAULT,9,True
6342,VuyBJaHDcZ,VuyBJaHDcZ,,0x3a5818,8,OBJECT,GLOBAL,DEFAULT,19,True
6343,_ZN10AS80gaE4zW10QemSgafklOEv,AS80gaE4zW::QemSgafklO(),,0x1d5104,48,FUNC,GLOBAL,DEFAULT,9,True
6344,_ZN6CyaInt8mp_cmp_dEPNS_6mp_intEj,"CyaInt::mp_cmp_d(CyaInt::mp_int*, unsigned int)",,0x2c6f40,68,FUNC,GLOBAL,DEFAULT,9,True
6345,_ZN10uzvDgataRB10zaQqFaCvbtERK10cXoLgatBuI,uzvDgataRB::zaQqFaCvbt(cXoLgatBuI const&),,0x1b1e0c,168,FUNC,GLOBAL,DEFAULT,9,True
6346,_ZN10OYYKfaPU7RD1Ev,OYYKfaPU7R::~OYYKfaPU7R(),,0x101104,120,FUNC,GLOBAL,DEFAULT,9,True
6347,_ZN10ySrpgaC30p10LlopgaY5YpEv,ySrpgaC30p::LlopgaY5Yp(),,0xf678c,8,FUNC,WEAK,DEFAULT,9,True
6348,_ZN10zW2NgaU4IK10XmPXfa5PW1Ev,zW2NgaU4IK::XmPXfa5PW1(),,0x21b324,136,FUNC,GLOBAL,DEFAULT,9,True
6349,_ZN20LJyzga9PwyPropertiesD1Ev,LJyzga9PwyProperties::~LJyzga9PwyProperties(),,0x10abd4,28,FUNC,WEAK,DEFAULT,9,True
6350,_ZN10eODlJaQ5OL10fAkcNaaWZ_EP10MpGzgariDyi,"eODlJaQ5OL::fAkcNaaWZ_(MpGzgariDy*, int)",,0x241154,1288,FUNC,GLOBAL,DEFAULT,9,True
6351,_ZN10W6NzgawMJy10EBKWwajP1jEP10UbihxaHV9B,W6NzgawMJy::EBKWwajP1j(UbihxaHV9B*),,0x17bed4,176,FUNC,GLOBAL,DEFAULT,9,True
6352,FT_GlyphLoader_CheckSubGlyphs,FT_GlyphLoader_CheckSubGlyphs,,0x25ee08,188,FUNC,GLOBAL,DEFAULT,9,True
6353,_ZN10xiYWfajld110Jq54MaebUUE,xiYWfajld1::Jq54MaebUU,,0x3a4d68,8,OBJECT,GLOBAL,DEFAULT,19,True
6354,_ZTV10GbMhIaz9yS,vtable for GbMhIaz9yS,,0x377e00,904,OBJECT,WEAK,DEFAULT,15,True
6355,_ZN10ZAuvgaUl6u10grEGHaCDumEv,ZAuvgaUl6u::grEGHaCDum(),,0x2051a4,92,FUNC,GLOBAL,DEFAULT,9,True
6356,_ZN10U1slUah2F0C1EP10J7zOgaf09Kj,"U1slUah2F0::U1slUah2F0(J7zOgaf09K*, unsigned int)",,0xeb02c,20,FUNC,GLOBAL,DEFAULT,9,True
6357,_ZN10w6qzgacqqyC1ERK10C8THgaTQxF,w6qzgacqqy::w6qzgacqqy(C8THgaTQxF const&),,0x1eb908,208,FUNC,GLOBAL,DEFAULT,9,True
6358,_ZN10u3cBgayBVz4readEv,u3cBgayBVz::read(),,0x20d614,928,FUNC,GLOBAL,DEFAULT,9,True
6359,_ZN10a7qxJaHqKV10El_hLaR3KoE,a7qxJaHqKV::El_hLaR3Ko,,0x3a0d3c,4,OBJECT,GLOBAL,DEFAULT,19,True
6360,_ZN10MpHWLal8ZW10sumvmbkx_xEdd,"MpHWLal8ZW::sumvmbkx_x(double, double)",,0x1a5d2c,80,FUNC,GLOBAL,DEFAULT,9,True
6361,_ZN10_WevgakbUu10awYAEaJwILEv,_WevgakbUu::awYAEaJwIL(),,0x107798,28,FUNC,GLOBAL,DEFAULT,9,True
6362,_ZN10znLtuaytEfC1ERK10CanTfaz6bZ,znLtuaytEf::znLtuaytEf(CanTfaz6bZ const&),,0x16a758,64,FUNC,GLOBAL,DEFAULT,9,True
6363,_ZN10QYZugaRKGu10AdR2Ia3n0vEv,QYZugaRKGu::AdR2Ia3n0v(),,0xea868,8,FUNC,GLOBAL,DEFAULT,9,True
6364,_ZN10zF9VgaBKxRD2Ev,zF9VgaBKxR::~zF9VgaBKxR(),,0x1a62c4,420,FUNC,GLOBAL,DEFAULT,9,True
6365,_ZN10ZwL1xarB5e10_nXZxaZzJcEv,ZwL1xarB5e::_nXZxaZzJc(),,0x1e7204,96,FUNC,GLOBAL,DEFAULT,9,True
6366,utime@LIBC (2),utime,LIBC (2),0x0,0,FUNC,GLOBAL,DEFAULT,UND,False
6367,_ZN10kyTzgazlOy10RG0RvaPb3pE,kyTzgazlOy::RG0RvaPb3p,,0x3a5688,8,OBJECT,GLOBAL,DEFAULT,19,True
6368,_ZThn16_N20AICTfaebpZPropertiesD0Ev,non-virtual thunk to AICTfaebpZProperties::~AICTfaebpZProperties(),,0x21e554,8,FUNC,WEAK,DEFAULT,9,True
6369,_ZN10yL3_IaDMFt10a5u9TaVLBREi,yL3_IaDMFt::a5u9TaVLBR(int),,0xeba28,8,FUNC,GLOBAL,DEFAULT,9,True
6370,_ZN10_k_Bgam3zA10q2hwgaKNMvERK10cXoLgatBuI,_k_Bgam3zA::q2hwgaKNMv(cXoLgatBuI const&),,0x1c9774,324,FUNC,GLOBAL,DEFAULT,9,True
6371,_ZN10W6NzgawMJy10puS4yahsI7E10RiQ7IaxCcAP10G0gxgajWBw,"W6NzgawMJy::puS4yahsI7(RiQ7IaxCcA, G0gxgajWBw*)",,0x174720,492,FUNC,GLOBAL,DEFAULT,9,True
6372,_ZN6CyaInt24CyaTLSv1_1_client_methodEv,CyaInt::CyaTLSv1_1_client_method(),,0x2d530c,56,FUNC,GLOBAL,DEFAULT,9,True
6373,_ZN10giqpgaXJ_p10iJypgaNP6pEi,giqpgaXJ_p::iJypgaNP6p(int),,0x213328,56,FUNC,WEAK,DEFAULT,9,True
6374,_Z10F9mygaM5wxv,F9mygaM5wx(),,0xf010c,4,FUNC,GLOBAL,DEFAULT,9,True
6375,IoTkgardbmOnln2aNBfC,IoTkgardbmOnln2aNBfC,,0x3a18e8,8,OBJECT,GLOBAL,DEFAULT,19,True
6376,_ZN10_k_Bgam3zAC2Ev,_k_Bgam3zA::_k_Bgam3zA(),,0x1c5548,260,FUNC,GLOBAL,DEFAULT,9,True
6377,_ZN10QYZugaRKGu10rxN_IaKhrtE,QYZugaRKGu::rxN_IaKhrt,,0x389780,4,OBJECT,GLOBAL,DEFAULT,18,True
6378,_ZN10AS80gaE4zW10iAL3ga7DMYERK10C8THgaTQxFS2_jS2_RK10eY2wgaf6pwS5_b,"AS80gaE4zW::iAL3ga7DMY(C8THgaTQxF const&, C8THgaTQxF const&, unsigned int, C8THgaTQxF const&, eY2wgaf6pw const&, eY2wgaf6pw const&, bool)",,0x1d6d40,504,FUNC,GLOBAL,DEFAULT,9,True
6379,_ZN10W6NzgawMJy10rxVOwaK0rdEiiiii,"W6NzgawMJy::rxVOwaK0rd(int, int, int, int, int)",,0x17ba68,884,FUNC,GLOBAL,DEFAULT,9,True
6380,_Z10AHcikboiWGhRK10C8THgaTQxF,"AHcikboiWG(unsigned char, C8THgaTQxF const&)",,0x20e520,132,FUNC,GLOBAL,DEFAULT,9,True
6381,_ZN10w7keKa2nGv10i9EYJapeEhEiib,"w7keKa2nGv::i9EYJapeEh(int, int, bool)",,0x23ad50,200,FUNC,GLOBAL,DEFAULT,9,True
6382,_ZN10LJyzga9Pwy10mainwindowE,LJyzga9Pwy::mainwindow,,0x3a0920,8,OBJECT,GLOBAL,DEFAULT,19,True
6383,_ZN10zF9VgaBKxR10gaFlmbdfQpEv,zF9VgaBKxR::gaFlmbdfQp(),,0x1ac150,196,FUNC,GLOBAL,DEFAULT,9,True
6384,_ZN10dJ10YaC3tX10tIIEga1dSCEP10W6NzgawMJy,dJ10YaC3tX::tIIEga1dSC(W6NzgawMJy*),,0x2481f4,216,FUNC,GLOBAL,DEFAULT,9,True
6385,_ZN10LBgVgaqANQ10YOL7IazQ8zEP10zF9VgaBKxR,LBgVgaqANQ::YOL7IazQ8z(zF9VgaBKxR*),,0x18ab6c,240,FUNC,GLOBAL,DEFAULT,9,True
6386,_ZN10uzN1fatj7510gDNYgaImLTEv,uzN1fatj75::gDNYgaImLT(),,0x10c584,16,FUNC,WEAK,DEFAULT,9,True
6387,_Z10O7rR2aehA0v,O7rR2aehA0(),,0x24856c,48,FUNC,GLOBAL,DEFAULT,9,True
6388,va25uayrHM,va25uayrHM,,0x38dcf0,248,OBJECT,GLOBAL,DEFAULT,18,True
6389,_ZN6CyaInt11DecodeToKeyEPNS_11DecodedCertEi,"CyaInt::DecodeToKey(CyaInt::DecodedCert*, int)",,0x2c2c54,2576,FUNC,GLOBAL,DEFAULT,9,True
6390,_ZN10SU3JfaCUmR10gRTfHauBZ_Eii,"SU3JfaCUmR::gRTfHauBZ_(int, int)",,0x10d77c,60,FUNC,GLOBAL,DEFAULT,9,True
6391,des_test,des_test,,0x254b34,344,FUNC,GLOBAL,DEFAULT,9,True
6392,C3N9BaMJRI,C3N9BaMJRI,,0x38ad40,8,OBJECT,GLOBAL,DEFAULT,18,True
6393,_ZN10C8THgaTQxF10QhxbJaMCjDERK10CanTfaz6bZ,C8THgaTQxF::QhxbJaMCjD(CanTfaz6bZ const&),,0xf37bc,204,FUNC,GLOBAL,DEFAULT,9,True
6394,_ZN10q4yI2aq75TD1Ev,q4yI2aq75T::~q4yI2aq75T(),,0x22f730,64,FUNC,WEAK,DEFAULT,9,True
6395,_ZN10zF9VgaBKxR10MP0FfajjYNEP10W6NzgawMJy,zF9VgaBKxR::MP0FfajjYN(W6NzgawMJy*),,0x1a89fc,484,FUNC,GLOBAL,DEFAULT,9,True
6396,_ZN10W6NzgawMJy10G2nlwaUQBPEv,W6NzgawMJy::G2nlwaUQBP(),,0x1a1160,312,FUNC,GLOBAL,DEFAULT,9,True
6397,_Z10mNHZ0adswrRK10C8THgaTQxFS1_i,"mNHZ0adswr(C8THgaTQxF const&, C8THgaTQxF const&, int)",,0x20db14,684,FUNC,GLOBAL,DEFAULT,9,True
6398,_ZN10zF9VgaBKxR10iUxUgaX7aQEdd,"zF9VgaBKxR::iUxUgaX7aQ(double, double)",,0x1aa0bc,76,FUNC,GLOBAL,DEFAULT,9,True
6399,_ZN10s40xgamwex10OZ5KfaLEeSEP10OYYKfaPU7RPfiS2_S2_b,"s40xgamwex::OZ5KfaLEeS(OYYKfaPU7R*, float*, int, float*, float*, bool)",,0x1056b8,84,FUNC,GLOBAL,DEFAULT,9,True
6400,tt_cmap10_validate,tt_cmap10_validate,,0x262d9c,264,FUNC,GLOBAL,DEFAULT,9,True
6401,_ZN10XCASBayqxt10juVsfa5YWCEii,"XCASBayqxt::juVsfa5YWC(int, int)",,0x1b0f38,52,FUNC,GLOBAL,DEFAULT,9,True
6402,unregister_prng,unregister_prng,,0x255724,172,FUNC,GLOBAL,DEFAULT,9,True
6403,_ZNK10uzvDgataRB7getTextEv,uzvDgataRB::getText() const,,0x1b16cc,48,FUNC,GLOBAL,DEFAULT,9,True
6404,_ZN10mTAogaaEip10tjsRPa5qAeEv,mTAogaaEip::tjsRPa5qAe(),,0x221db0,320,FUNC,GLOBAL,DEFAULT,9,True
6405,jpeg_write_raw_data,jpeg_write_raw_data,,0x2a59e8,328,FUNC,GLOBAL,DEFAULT,9,True
6406,_ZN10QPh5pbnC3yD0Ev,QPh5pbnC3y::~QPh5pbnC3y(),,0xe3804,32,FUNC,GLOBAL,DEFAULT,9,True
6407,_ZN10Kc8uganwOu10iG5UDaaoEbEv,Kc8uganwOu::iG5UDaaoEb(),,0x169c6c,280,FUNC,GLOBAL,DEFAULT,9,True
6408,_ZN10e4ZYfa8PV210a5b2ua0MsJEv,e4ZYfa8PV2::a5b2ua0MsJ(),,0x235a9c,140,FUNC,GLOBAL,DEFAULT,9,True
6409,_ZN10PRPTfaXeAZC1EhRK10CanTfaz6bZ,"PRPTfaXeAZ::PRPTfaXeAZ(unsigned char, CanTfaz6bZ const&)",,0x21b3d0,52,FUNC,GLOBAL,DEFAULT,9,True
6410,_ZN10w9XxgaJdbx10TwTrxark4KERK10cXoLgatBuI,w9XxgaJdbx::TwTrxark4K(cXoLgatBuI const&),,0x1b84bc,104,FUNC,GLOBAL,DEFAULT,9,True
6411,_ZN10IUKzgam4Gy10EEuMgaWopJEv,IUKzgam4Gy::EEuMgaWopJ(),,0xe2470,48,FUNC,GLOBAL,DEFAULT,9,True
6412,_ZN10W6NzgawMJy10yscUwaK5ThEv,W6NzgawMJy::yscUwaK5Th(),,0x17a560,104,FUNC,GLOBAL,DEFAULT,9,True
6413,_ZN10zF9VgaBKxR10Nor8vaCFIEEP10irqhGaERgb,zF9VgaBKxR::Nor8vaCFIE(irqhGaERgb*),,0x1abf30,544,FUNC,GLOBAL,DEFAULT,9,True
6414,_ZN10XoqxgaMPJw10QRm0ga3QVVERK10C8THgaTQxF,XoqxgaMPJw::QRm0ga3QVV(C8THgaTQxF const&),,0x1150f8,76,FUNC,GLOBAL,DEFAULT,9,True
6415,XLC3Ya7dFZ,XLC3Ya7dFZ,,0x392540,64,OBJECT,GLOBAL,DEFAULT,18,True
6416,_ZN10cHovga0n1u10ALhRFaLyrPERK10C8THgaTQxFS2_S2_,"cHovga0n1u::ALhRFaLyrP(C8THgaTQxF const&, C8THgaTQxF const&, C8THgaTQxF const&)",,0xf9df0,264,FUNC,GLOBAL,DEFAULT,9,True
6417,_Z10xqoIGaX9XxPKfS0_Pf,"xqoIGaX9Xx(float const*, float const*, float*)",,0x1e6020,64,FUNC,GLOBAL,DEFAULT,9,True
6418,_ZN10uzvDgataRB10jt2iIafHDTERK10cXoLgatBuI,uzvDgataRB::jt2iIafHDT(cXoLgatBuI const&),,0x1b1aa0,284,FUNC,GLOBAL,DEFAULT,9,True
6419,_Z15jinit_upsamplerP22jpeg_decompress_struct,jinit_upsampler(jpeg_decompress_struct*),,0x29fc9c,640,FUNC,GLOBAL,DEFAULT,9,True
6420,_ZN10fEVMgax6LJC1ERK10C8THgaTQxF,fEVMgax6LJ::fEVMgax6LJ(C8THgaTQxF const&),,0xe1970,172,FUNC,GLOBAL,DEFAULT,9,True
6421,setlocale@LIBC (2),setlocale,LIBC (2),0x0,0,FUNC,GLOBAL,DEFAULT,UND,False
6422,glClientActiveTexture,glClientActiveTexture,,0x0,0,FUNC,GLOBAL,DEFAULT,UND,False
6423,_ZN10uq9xgaUxlx10OJerHac0w9Ev,uq9xgaUxlx::OJerHac0w9(),,0x2015d0,60,FUNC,GLOBAL,DEFAULT,9,True
6424,_ZN20KsGWqbQkZgPropertiesD0Ev,KsGWqbQkZgProperties::~KsGWqbQkZgProperties(),,0x1ca654,56,FUNC,WEAK,DEFAULT,9,True
6425,_ZN10C8THgaTQxF10pRRYgaxVOTEi,C8THgaTQxF::pRRYgaxVOT(int),,0xf4618,168,FUNC,GLOBAL,DEFAULT,9,True
6426,tt_cmap12_get_info,tt_cmap12_get_info,,0x261f68,56,FUNC,GLOBAL,DEFAULT,9,True
6427,inflateSync,inflateSync,,0x2939f4,660,FUNC,GLOBAL,DEFAULT,9,True
6428,_ZN10G0gxgajWBw10nBwpMa214kEv,G0gxgajWBw::nBwpMa214k(),,0x2152a4,20,FUNC,GLOBAL,DEFAULT,9,True
6429,_Z10bAGIlb0qcTP10lGIClbdcbO,bAGIlb0qcT(lGIClbdcbO*),,0x1972e0,308,FUNC,GLOBAL,DEFAULT,9,True
6430,_ZN6CyaInt18CyaSSL_CTX_SetCACbEPNS_10CYASSL_CTXEPFvPhiiE,"CyaInt::CyaSSL_CTX_SetCACb(CyaInt::CYASSL_CTX*, void (*)(unsigned char*, int, int))",,0x2d2a24,20,FUNC,GLOBAL,DEFAULT,9,True
6431,_Z10WCpA2axafNv,WCpA2axafN(),,0x19683c,56,FUNC,GLOBAL,DEFAULT,9,True
6432,_ZN10SU3JfaCUmR10pNXRfaaV_XEiiPKfS1_S1_S1_PKv,"SU3JfaCUmR::pNXRfaaV_X(int, int, float const*, float const*, float const*, float const*, void const*)",,0x10d690,236,FUNC,GLOBAL,DEFAULT,9,True
6433,_ZN10bNZvga2Awv10QoawgaFmGvEPS_,bNZvga2Awv::QoawgaFmGv(bNZvga2Awv*),,0xf0f1c,540,FUNC,GLOBAL,DEFAULT,9,True
6434,_ZThn16_N20dJ10YaC3tXPropertiesD0Ev,non-virtual thunk to dJ10YaC3tXProperties::~dJ10YaC3tXProperties(),,0x2485f8,8,FUNC,WEAK,DEFAULT,9,True
6435,_ZN10W6NzgawMJy10_w0Tway3JhEv,W6NzgawMJy::_w0Tway3Jh(),,0x1771f0,24,FUNC,GLOBAL,DEFAULT,9,True
6436,_ZN6CyaInt24CyaSSL_X509_NAME_onelineEPNS_16CYASSL_X509_NAMEEPci,"CyaInt::CyaSSL_X509_NAME_oneline(CyaInt::CYASSL_X509_NAME*, char*, int)",,0x2d3770,144,FUNC,GLOBAL,DEFAULT,9,True
6437,_ZN10OOmzgapOmyD1Ev,OOmzgapOmy::~OOmzgapOmy(),,0xf0134,104,FUNC,GLOBAL,DEFAULT,9,True
6438,_ZN10uq9xgaUxlx10kxkYYaDTmUEv,uq9xgaUxlx::kxkYYaDTmU(),,0x201b24,16,FUNC,WEAK,DEFAULT,9,True
6439,mNVUZa7dvH,mNVUZa7dvH,,0x391b30,384,OBJECT,GLOBAL,DEFAULT,18,True
6440,_Z10Jdowmbc_Ryd,Jdowmbc_Ry(double),,0x1a5508,120,FUNC,GLOBAL,DEFAULT,9,True
6441,_ZN10fJ8VgaKXwR10JhjWgazQFREv,fJ8VgaKXwR::JhjWgazQFR(),,0x247318,116,FUNC,GLOBAL,DEFAULT,9,True
6442,_ZN10e4ZYfa8PV2D2Ev,e4ZYfa8PV2::~e4ZYfa8PV2(),,0x235b28,208,FUNC,GLOBAL,DEFAULT,9,True
6443,_ZTV10dJ10YaC3tX,vtable for dJ10YaC3tX,,0x37f030,432,OBJECT,WEAK,DEFAULT,15,True
6444,_ZN10G0gxgajWBw10BRcLgaJqkIERK10C8THgaTQxFPS_,"G0gxgajWBw::BRcLgaJqkI(C8THgaTQxF const&, G0gxgajWBw*)",,0x216a1c,72,FUNC,GLOBAL,DEFAULT,9,True
6445,_ZN10eODlJaQ5OL10VkenganG9nEv,eODlJaQ5OL::VkenganG9n(),,0x23e7d0,1132,FUNC,GLOBAL,DEFAULT,9,True
6446,_Z10QSc0faUrN4v,QSc0faUrN4(),,0x21e028,48,FUNC,GLOBAL,DEFAULT,9,True
6447,_fDAFa9DqB,_fDAFa9DqB,,0x3a0750,8,OBJECT,GLOBAL,DEFAULT,19,True
6448,_ZN10_WevgakbUu10qrcBEaM4ULEv,_WevgakbUu::qrcBEaM4UL(),,0x107a14,128,FUNC,GLOBAL,DEFAULT,9,True
6449,_ZN6CyaInt9SendAlertEPNS_6CYASSLEii,"CyaInt::SendAlert(CyaInt::CYASSL*, int, int)",,0x2d7998,732,FUNC,GLOBAL,DEFAULT,9,True
6450,_Z10MXhOkbXIV6PKcm,"MXhOkbXIV6(char const*, unsigned long)",,0x1974b0,516,FUNC,GLOBAL,DEFAULT,9,True
6451,_ZN10W6NzgawMJy10e9VPLalxiRERK10RWahgahP3i,W6NzgawMJy::e9VPLalxiR(RWahgahP3i const&),,0x181f50,148,FUNC,GLOBAL,DEFAULT,9,True
6452,_Z10TO_L1aAs_5v,TO_L1aAs_5(),,0x20db00,20,FUNC,GLOBAL,DEFAULT,9,True
6453,_ZN10oMhmIajzmW10pxczfaO9dIEv,oMhmIajzmW::pxczfaO9dI(),,0x1009a8,4,FUNC,WEAK,DEFAULT,9,True
6454,_Z10Arc4SetKeyP4Arc4PKhj,"Arc4SetKey(Arc4*, unsigned char const*, unsigned int)",,0x2c5e60,340,FUNC,GLOBAL,DEFAULT,9,True
6455,_ZN10awDo2aJRkD10shhCgao9OAEv,awDo2aJRkD::shhCgao9OA(),,0x1de040,52,FUNC,GLOBAL,DEFAULT,9,True
6456,_ZN10e4ZYfa8PV210nXQ0vaE9jyERK10C8THgaTQxFS2_S2_,"e4ZYfa8PV2::nXQ0vaE9jy(C8THgaTQxF const&, C8THgaTQxF const&, C8THgaTQxF const&)",,0x234d2c,108,FUNC,GLOBAL,DEFAULT,9,True
6457,_ZN10ovXCga6FnB10dVsNKaIWdZEPhiiiiiiPKhiiiiPK10NLT0HaSwmE,"ovXCga6FnB::dVsNKaIWdZ(unsigned char*, int, int, int, int, int, int, unsigned char const*, int, int, int, int, NLT0HaSwmE const*)",,0x1528cc,1208,FUNC,GLOBAL,DEFAULT,9,True
6458,_ZN20RZNxgaOF2wPropertiesC2Ev,RZNxgaOF2wProperties::RZNxgaOF2wProperties(),,0x1e1190,184,FUNC,GLOBAL,DEFAULT,9,True
6459,_ZN20awDo2aJRkDPropertiesD1Ev,awDo2aJRkDProperties::~awDo2aJRkDProperties(),,0x1dfcd8,28,FUNC,WEAK,DEFAULT,9,True
6460,_ZN6CyaInt19RsaSSL_VerifyInlineEPhjPS0_PNS_6RsaKeyE,"CyaInt::RsaSSL_VerifyInline(unsigned char*, unsigned int, unsigned char**, CyaInt::RsaKey*)",,0x2cd240,756,FUNC,GLOBAL,DEFAULT,9,True
6461,e4ZYfa8PV2Onln2aNBfC,e4ZYfa8PV2Onln2aNBfC,,0x3a5528,8,OBJECT,GLOBAL,DEFAULT,19,True
6462,cGbTQaar25,cGbTQaar25,,0x3a3548,4,OBJECT,GLOBAL,DEFAULT,19,True
6463,_ZN10N67CMatrxwD1Ev,N67CMatrxw::~N67CMatrxw(),,0x234854,104,FUNC,GLOBAL,DEFAULT,9,True
6464,_ZN20pTy_fadYe4PropertiesD1Ev,pTy_fadYe4Properties::~pTy_fadYe4Properties(),,0x195b90,28,FUNC,WEAK,DEFAULT,9,True
6465,_ZN10mTAogaaEip10FZzOPaCT9bEP10cWWYfaxbT2P10G0gxgajWBwPS3_,"mTAogaaEip::FZzOPaCT9b(cWWYfaxbT2*, G0gxgajWBw*, G0gxgajWBw**)",,0x221998,180,FUNC,GLOBAL,DEFAULT,9,True
6466,DGifOpen,DGifOpen,,0x2baa40,468,FUNC,GLOBAL,DEFAULT,9,True
6467,_ZN10PfQXva4zXuIsE10zYM_faGOq4Ev,PfQXva4zXu<short>::zYM_faGOq4(),,0x1afb4c,8,FUNC,WEAK,DEFAULT,9,True
6468,_ZN10mTAogaaEip10QDHNPahkqbEv,mTAogaaEip::QDHNPahkqb(),,0x221b60,184,FUNC,GLOBAL,DEFAULT,9,True
6469,glViewport,glViewport,,0x0,0,FUNC,GLOBAL,DEFAULT,UND,False
6470,_ZN6CyaInt9mp_mulmodEPNS_6mp_intES1_S1_S1_,"CyaInt::mp_mulmod(CyaInt::mp_int*, CyaInt::mp_int*, CyaInt::mp_int*, CyaInt::mp_int*)",,0x2c9b44,144,FUNC,GLOBAL,DEFAULT,9,True
6471,_Z10By2MgaQLSJv,By2MgaQLSJ(),,0x24fc68,36,FUNC,GLOBAL,DEFAULT,9,True
6472,FT_Stream_ReadFields,FT_Stream_ReadFields,,0x25e670,572,FUNC,GLOBAL,DEFAULT,9,True
6473,_ZN10W6NzgawMJy10MP0FfajjYNEPS_,W6NzgawMJy::MP0FfajjYN(W6NzgawMJy*),,0x184298,468,FUNC,GLOBAL,DEFAULT,9,True
6474,_Z10tFNHGaBosxPKfS0_Pf,"tFNHGaBosx(float const*, float const*, float*)",,0x1e6870,212,FUNC,GLOBAL,DEFAULT,9,True
6475,_ZN10fJ8VgaKXwRC1EP10zF9VgaBKxR,fJ8VgaKXwR::fJ8VgaKXwR(zF9VgaBKxR*),,0x247634,88,FUNC,GLOBAL,DEFAULT,9,True
6476,_ZN10W6NzgawMJy10B_8Swaob0gEiidddP10MpGzgariDy,"W6NzgawMJy::B_8Swaob0g(int, int, double, double, double, MpGzgariDy*)",,0x1a2e38,552,FUNC,GLOBAL,DEFAULT,9,True
6477,_ZN10ieJzgaIFFy10MP0FfajjYNEP10W6NzgawMJy,ieJzgaIFFy::MP0FfajjYN(W6NzgawMJy*),,0x1633f4,756,FUNC,GLOBAL,DEFAULT,9,True
6478,_ZN10W6NzgawMJy10cAoqxa1hPJEv,W6NzgawMJy::cAoqxa1hPJ(),,0x17d0c0,1872,FUNC,GLOBAL,DEFAULT,9,True
6479,_ZN10GbMhIaz9yS10sbRHLalmvKEv,GbMhIaz9yS::sbRHLalmvK(),,0x1c1c74,120,FUNC,GLOBAL,DEFAULT,9,True
6480,_ZN10gqiNgaG64J10CV8GEac7UQEv,gqiNgaG64J::CV8GEac7UQ(),,0xe4134,8,FUNC,WEAK,DEFAULT,9,True
6481,tt_cmap14_variants,tt_cmap14_variants,,0x2657c4,224,FUNC,GLOBAL,DEFAULT,9,True
6482,_ZN10CanTfaz6bZ10mO5aJaYuXCE,CanTfaz6bZ::mO5aJaYuXC,,0x3a06f0,3,OBJECT,GLOBAL,DEFAULT,19,True
6483,_ZN10iHmzga6Hmy10dK35MasLIVE,iHmzga6Hmy::dK35MasLIV,,0x3a3428,8,OBJECT,GLOBAL,DEFAULT,19,True
6484,_ZN10GaA2gaD2MX10O2Wsfa7hYCEi,GaA2gaD2MX::O2Wsfa7hYC(int),,0x16cfc4,88,FUNC,GLOBAL,DEFAULT,9,True
6485,_ZN10KKhLga4xoIC2Ev,KKhLga4xoI::KKhLga4xoI(),,0xeb040,44,FUNC,GLOBAL,DEFAULT,9,True
6486,_ZN10UbihxaHV9BC1ERK10C8THgaTQxF,UbihxaHV9B::UbihxaHV9B(C8THgaTQxF const&),,0x171860,244,FUNC,GLOBAL,DEFAULT,9,True
6487,_ZN10Ox9zJa6D1XD2Ev,Ox9zJa6D1X::~Ox9zJa6D1X(),,0x23bf48,132,FUNC,GLOBAL,DEFAULT,9,True
6488,_Z10NCY8waoC9uv,NCY8waoC9u(),,0x1e7a8c,252,FUNC,GLOBAL,DEFAULT,9,True
6489,_ZN10w9XxgaJdbx10tHHl1ahnSKERK10C8THgaTQxFb,"w9XxgaJdbx::tHHl1ahnSK(C8THgaTQxF const&, bool)",,0x1bace0,956,FUNC,GLOBAL,DEFAULT,9,True
6490,_ZN10zF9VgaBKxR10Aws7mb2BT3Edd,"zF9VgaBKxR::Aws7mb2BT3(double, double)",,0x1aa484,300,FUNC,GLOBAL,DEFAULT,9,True
6491,DGifGetExtension,DGifGetExtension,,0x2bb2c8,216,FUNC,GLOBAL,DEFAULT,9,True
6492,_ZN10G0gxgajWBw10LlNnga37CoEiPS_,"G0gxgajWBw::LlNnga37Co(int, G0gxgajWBw*)",,0x218e3c,184,FUNC,GLOBAL,DEFAULT,9,True
6493,FT_Stream_ReadLong,FT_Stream_ReadLong,,0x25cda4,196,FUNC,GLOBAL,DEFAULT,9,True
6494,_ZN10a7qxJaHqKV10WDrhJanShIEv,a7qxJaHqKV::WDrhJanShI(),,0x15fe14,60,FUNC,GLOBAL,DEFAULT,9,True
6495,_ZN10N67CMatrxw10dOBHMaPpiAERK10C8THgaTQxFRK10CanTfaz6bZP10G0gxgajWBw,"N67CMatrxw::dOBHMaPpiA(C8THgaTQxF const&, CanTfaz6bZ const&, G0gxgajWBw*)",,0x23332c,1464,FUNC,GLOBAL,DEFAULT,9,True
6496,_ZN10K7FLgag3II10M2jjMa_tSfEv,K7FLgag3II::M2jjMa_tSf(),,0x16f3bc,108,FUNC,GLOBAL,DEFAULT,9,True
6497,_ZN10ieJzgaIFFy10rVjVga1mQQERK10C8THgaTQxFS2_P10G0gxgajWBw,"ieJzgaIFFy::rVjVga1mQQ(C8THgaTQxF const&, C8THgaTQxF const&, G0gxgajWBw*)",,0x169074,4,FUNC,WEAK,DEFAULT,9,True
6498,_ZN10MpGzgariDy10rysVgaGDXQEdb,"MpGzgariDy::rysVgaGDXQ(double, bool)",,0x195420,296,FUNC,GLOBAL,DEFAULT,9,True
6499,_ZNK10vuuHgangcF3GetEi,vuuHgangcF::Get(int) const,,0xf78ac,88,FUNC,GLOBAL,DEFAULT,9,True
6500,_ZTV10vuuHgangcF,vtable for vuuHgangcF,,0x371f90,32,OBJECT,WEAK,DEFAULT,15,True
6501,_ZN10_5EhmbQbtmD1Ev,_5EhmbQbtm::~_5EhmbQbtm(),,0x122460,144,FUNC,GLOBAL,DEFAULT,9,True
6502,_ZN10uSjUgask_P10hS36BafSyGEPK10NLT0HaSwmE,uSjUgask_P::hS36BafSyG(NLT0HaSwmE const*),,0x107330,8,FUNC,GLOBAL,DEFAULT,9,True
6503,_ZN10w9XxgaJdbx10Z_6wgaMvtwEb,w9XxgaJdbx::Z_6wgaMvtw(bool),,0x1bd928,480,FUNC,GLOBAL,DEFAULT,9,True
6504,_ZN10W6NzgawMJy10_aK0La2se0Ev,W6NzgawMJy::_aK0La2se0(),,0x17f79c,40,FUNC,WEAK,DEFAULT,9,True
6505,_ZN10FOb5fbmyZ8C2ERK10C8THgaTQxFRK10CanTfaz6bZP10G0gxgajWBw,"FOb5fbmyZ8::FOb5fbmyZ8(C8THgaTQxF const&, CanTfaz6bZ const&, G0gxgajWBw*)",,0x22fe78,428,FUNC,GLOBAL,DEFAULT,9,True
6506,_ZN10K7FLgag3II10gZSXFa7RZUEv,K7FLgag3II::gZSXFa7RZU(),,0x16ee70,1356,FUNC,GLOBAL,DEFAULT,9,True
6507,_ZN10NgNBgaN3oA10nrLqgaDw7qEv,NgNBgaN3oA::nrLqgaDw7q(),,0x236fb0,124,FUNC,GLOBAL,DEFAULT,9,True
6508,_ZN10N67CMatrxw10A2WRfbUh_XERK10C8THgaTQxFP10FOb5fbmyZ8,"N67CMatrxw::A2WRfbUh_X(C8THgaTQxF const&, FOb5fbmyZ8*)",,0x231880,956,FUNC,GLOBAL,DEFAULT,9,True
6509,_ZN10zF9VgaBKxRC1ERK10C8THgaTQxF,zF9VgaBKxR::zF9VgaBKxR(C8THgaTQxF const&),,0x1ad294,2708,FUNC,GLOBAL,DEFAULT,9,True
6510,_ZN20dJ10YaC3tXPropertiesC2Ev,dJ10YaC3tXProperties::dJ10YaC3tXProperties(),,0x2482cc,156,FUNC,GLOBAL,DEFAULT,9,True
6511,_ZN10TZf6gaQ3S_D0Ev,TZf6gaQ3S_::~TZf6gaQ3S_(),,0x10f780,32,FUNC,GLOBAL,DEFAULT,9,True
6512,_ZN6CyaInt21CyaSSL_SetIOReadFlagsEPNS_6CYASSLEi,"CyaInt::CyaSSL_SetIOReadFlags(CyaInt::CYASSL*, int)",,0x2d0e1c,8,FUNC,GLOBAL,DEFAULT,9,True
6513,_ZN10ZPvEDawoHY10P1KwgacbawEv,ZPvEDawoHY::P1Kwgacbaw(),,0x1bfb58,212,FUNC,GLOBAL,DEFAULT,9,True
6514,jSmSvanRlq,jSmSvanRlq,,0x39b0f0,4096,OBJECT,GLOBAL,DEFAULT,18,True
6515,_Z21jinit_1pass_quantizerP22jpeg_decompress_struct,jinit_1pass_quantizer(jpeg_decompress_struct*),,0x2a2f88,1880,FUNC,GLOBAL,DEFAULT,9,True
6516,_ZN6CyaInt22CyaSSL_set_compressionEPNS_6CYASSLE,CyaInt::CyaSSL_set_compression(CyaInt::CYASSL*),,0x2d33dc,8,FUNC,GLOBAL,DEFAULT,9,True
6517,_ZN10vuuHgangcF10B3xXfaLgI1ERK10C8THgaTQxF,vuuHgangcF::B3xXfaLgI1(C8THgaTQxF const&),,0xf7cb8,136,FUNC,GLOBAL,DEFAULT,9,True
6518,_ZN10K7FLgag3II10DoEjMasB8fE,K7FLgag3II::DoEjMasB8f,,0x3a1928,8,OBJECT,GLOBAL,DEFAULT,19,True
6519,_ZN10yL3_IaDMFt10blH8Tao4VQERK10C8THgaTQxFb,"yL3_IaDMFt::blH8Tao4VQ(C8THgaTQxF const&, bool)",,0xebe7c,152,FUNC,GLOBAL,DEFAULT,9,True
6520,_ZN10esKIvakHfi10Qa_NvaTVFmEP10Uo5IvaD9xi,esKIvakHfi::Qa_NvaTVFm(Uo5IvaD9xi*),,0xfc56c,568,FUNC,GLOBAL,DEFAULT,9,True
6521,_ZN10MpGzgariDy10qZtgManQtdERK10CanTfaz6bZPP10G0gxgajWBw,"MpGzgariDy::qZtgManQtd(CanTfaz6bZ const&, G0gxgajWBw**)",,0x19518c,116,FUNC,GLOBAL,DEFAULT,9,True
6522,FT_Vector_Polarize,FT_Vector_Polarize,,0x25d788,492,FUNC,GLOBAL,DEFAULT,9,True
6523,_ZN10StGQIaOlWkD1Ev,StGQIaOlWk::~StGQIaOlWk(),,0x10f568,20,FUNC,GLOBAL,DEFAULT,9,True
6524,deflateTune,deflateTune,,0x28eff0,44,FUNC,GLOBAL,DEFAULT,9,True
6525,_ZN10xiYWfajld110OpJqLanP5vE,xiYWfajld1::OpJqLanP5v,,0x3a4d8a,1,OBJECT,GLOBAL,DEFAULT,19,True
6526,_ZN10AS80gaE4zW10Iv2QgaqJeNEv,AS80gaE4zW::Iv2QgaqJeN(),,0x1d6288,104,FUNC,GLOBAL,DEFAULT,9,True
6527,_ZN10wp1umbbOIxC1EP10MpHWLal8ZWRK10C8THgaTQxF,"wp1umbbOIx::wp1umbbOIx(MpHWLal8ZW*, C8THgaTQxF const&)",,0x1a5a58,76,FUNC,GLOBAL,DEFAULT,9,True
6528,_ZN10w9XxgaJdbx10xLscHaCO5XEv,w9XxgaJdbx::xLscHaCO5X(),,0x1b921c,108,FUNC,GLOBAL,DEFAULT,9,True
6529,ieJzgaIFFyOnln2aNBfC,ieJzgaIFFyOnln2aNBfC,,0x3a0e38,8,OBJECT,GLOBAL,DEFAULT,19,True
6530,_ZN10xiYWfajld110JI4uLahALzEb,xiYWfajld1::JI4uLahALz(bool),,0x208ea0,924,FUNC,GLOBAL,DEFAULT,9,True
6531,FT_Vector_Transform_Scaled,FT_Vector_Transform_Scaled,,0x259644,144,FUNC,GLOBAL,DEFAULT,9,True
6532,G0gxgajWBwOnln2aNBfC,G0gxgajWBwOnln2aNBfC,,0x3a5000,8,OBJECT,GLOBAL,DEFAULT,19,True
6533,_ZN10uzvDgataRB10g3eRMakhpIERK10C8THgaTQxF,uzvDgataRB::g3eRMakhpI(C8THgaTQxF const&),,0x1b171c,300,FUNC,GLOBAL,DEFAULT,9,True
6534,_ZN10v9r4yaCim7C1Ev,v9r4yaCim7::v9r4yaCim7(),,0x1c4878,100,FUNC,GLOBAL,DEFAULT,9,True
6535,_ZN10AS80gaE4zW10ruG0gajmbWEb,AS80gaE4zW::ruG0gajmbW(bool),,0x1d6158,112,FUNC,GLOBAL,DEFAULT,9,True
6536,_ZN10KKhLga4xoI10g6yvgaX89uERK10CanTfaz6bZ,KKhLga4xoI::g6yvgaX89u(CanTfaz6bZ const&),,0xec6ec,180,FUNC,GLOBAL,DEFAULT,9,True
6537,_ZN10Kv6ugas5Mu10UOd6gaBeR_ERK10C8THgaTQxFiS2_,"Kv6ugas5Mu::UOd6gaBeR_(C8THgaTQxF const&, int, C8THgaTQxF const&)",,0x111dd4,108,FUNC,GLOBAL,DEFAULT,9,True
6538,_ZN10psSDxavq9U10_MckYa0mCmEv,psSDxavq9U::_MckYa0mCm(),,0x203820,228,FUNC,GLOBAL,DEFAULT,9,True
6539,_ZN10KsGWqbQkZgC1ERK10C8THgaTQxF,KsGWqbQkZg::KsGWqbQkZg(C8THgaTQxF const&),,0x1ca080,48,FUNC,GLOBAL,DEFAULT,9,True
6540,t6Wb2a9kFs,t6Wb2a9kFs,,0x3a4dd8,8,OBJECT,GLOBAL,DEFAULT,19,True
6541,_Z10hH98Ba5LjIPhS_P10NLT0HaSwmEj,"hH98Ba5LjI(unsigned char*, unsigned char*, NLT0HaSwmE*, unsigned int)",,0x115c9c,48,FUNC,GLOBAL,DEFAULT,9,True
6542,_ZN10D6TlgajP1m10UlzjIa6l4TEv,D6TlgajP1m::UlzjIa6l4T(),,0x21e6f8,80,FUNC,GLOBAL,DEFAULT,9,True
6543,_ZN10ApdygafUoxC2Ev,ApdygafUox::ApdygafUox(),,0x1dd49c,96,FUNC,GLOBAL,DEFAULT,9,True
6544,_ZN10J7zOgaf09KC1ERK10CanTfaz6bZ,J7zOgaf09K::J7zOgaf09K(CanTfaz6bZ const&),,0xeb010,28,FUNC,GLOBAL,DEFAULT,9,True
6545,_ZN10_WevgakbUu10AGADgastVBERK10C8THgaTQxFj,"_WevgakbUu::AGADgastVB(C8THgaTQxF const&, unsigned int)",,0x108a64,176,FUNC,GLOBAL,DEFAULT,9,True
6546,_ZN6CyaInt6mp_subEPNS_6mp_intES1_S1_,"CyaInt::mp_sub(CyaInt::mp_int*, CyaInt::mp_int*, CyaInt::mp_int*)",,0x2c7cc4,140,FUNC,GLOBAL,DEFAULT,9,True
6547,_ZN10N67CMatrxwC2EP10G0gxgajWBw,N67CMatrxw::N67CMatrxw(G0gxgajWBw*),,0x232ec8,244,FUNC,GLOBAL,DEFAULT,9,True
6548,_ZN10NgNBgaN3oAD1Ev,NgNBgaN3oA::~NgNBgaN3oA(),,0x23702c,48,FUNC,GLOBAL,DEFAULT,9,True
6549,G7VSQa6vP5,G7VSQa6vP5,,0x3a3544,4,OBJECT,GLOBAL,DEFAULT,19,True
6550,_ZN10W6NzgawMJy10fZngMa6ModEP10KKhLga4xoI,W6NzgawMJy::fZngMa6Mod(KKhLga4xoI*),,0x1706c4,204,FUNC,GLOBAL,DEFAULT,9,True
6551,ft_mem_strdup,ft_mem_strdup,,0x25f640,84,FUNC,GLOBAL,DEFAULT,9,True
6552,_ZN10xKbb3aMu1h10rMBEgasoMCEv,xKbb3aMu1h::rMBEgasoMC(),,0x11d344,100,FUNC,WEAK,DEFAULT,9,True
6553,find_prng,find_prng,,0x255064,144,FUNC,GLOBAL,DEFAULT,9,True
6554,_ZN10eODlJaQ5OL10Z6dcXaFuUpEiiii,"eODlJaQ5OL::Z6dcXaFuUp(int, int, int, int)",,0x23f9a8,88,FUNC,GLOBAL,DEFAULT,9,True
6555,_ZNK10KsGWqbQkZg10C1MjLa5RfqEv,KsGWqbQkZg::C1MjLa5Rfq() const,,0x1ca620,8,FUNC,WEAK,DEFAULT,9,True
6556,_ZN10awDo2aJRkD10q2hwgaKNMvERK10cXoLgatBuI,awDo2aJRkD::q2hwgaKNMv(cXoLgatBuI const&),,0x1de21c,96,FUNC,GLOBAL,DEFAULT,9,True
6557,_ZN10w6qzgacqqy10fytDxautPUEv,w6qzgacqqy::fytDxautPU(),,0x1ed624,568,FUNC,GLOBAL,DEFAULT,9,True
6558,_ZN10AICTfaebpZD2Ev,AICTfaebpZ::~AICTfaebpZ(),,0x21b6c0,72,FUNC,GLOBAL,DEFAULT,9,True
6559,_ZN10_5EhmbQbtmC2Ev,_5EhmbQbtm::_5EhmbQbtm(),,0x11e160,68,FUNC,GLOBAL,DEFAULT,9,True
6560,_ZN10w6qzgacqqy10jnj8xacVBkERK10C8THgaTQxF,w6qzgacqqy::jnj8xacVBk(C8THgaTQxF const&),,0x1f911c,800,FUNC,GLOBAL,DEFAULT,9,True
6561,_ZN10W6NzgawMJy10oHWpxa6ZqJE,W6NzgawMJy::oHWpxa6ZqJ,,0x3a26c0,1,OBJECT,GLOBAL,DEFAULT,19,True
6562,_ZN20s_YwgafWlwPropertiesD2Ev,s_YwgafWlwProperties::~s_YwgafWlwProperties(),,0x1dc8e4,28,FUNC,WEAK,DEFAULT,9,True
6563,_ZN10W6NzgawMJy10NcfDwaqpD3Ev,W6NzgawMJy::NcfDwaqpD3(),,0x19c3b0,1240,FUNC,GLOBAL,DEFAULT,9,True
6564,_ZN10_thLgaWjoIC2ERK10C8THgaTQxF,_thLgaWjoI::_thLgaWjoI(C8THgaTQxF const&),,0x1cb798,68,FUNC,GLOBAL,DEFAULT,9,True
6565,_ZThn16_N20c3fygag7qxPropertiesD1Ev,non-virtual thunk to c3fygag7qxProperties::~c3fygag7qxProperties(),,0x1ddd54,8,FUNC,WEAK,DEFAULT,9,True
6566,NgNBgaN3oAOnln2aNBfC,NgNBgaN3oAOnln2aNBfC,,0x3a5570,8,OBJECT,GLOBAL,DEFAULT,19,True
6567,_ZN10HtZ2_aJk7E10i_TLfa_IUSEffffb,"HtZ2_aJk7E::i_TLfa_IUS(float, float, float, float, bool)",,0x1061bc,4,FUNC,WEAK,DEFAULT,9,True
6568,_Znwm@LIBC_O (4),operator new(unsigned long),LIBC_O (4),0x0,0,FUNC,GLOBAL,DEFAULT,UND,False
6569,_ZNK10u3cBgayBVz10rIMe1a_A2EEv,u3cBgayBVz::rIMe1a_A2E() const,,0x20c4d8,120,FUNC,GLOBAL,DEFAULT,9,True
6570,_ZN10wiULgacZUI10kZ__fahBC4ERK10C8THgaTQxF,wiULgacZUI::kZ__fahBC4(C8THgaTQxF const&),,0xe85b0,136,FUNC,GLOBAL,DEFAULT,9,True
6571,_ZN10ToQnQaIHFG10Lb8tPayvYVEP10G0gxgajWBw,ToQnQaIHFG::Lb8tPayvYV(G0gxgajWBw*),,0x21f784,152,FUNC,GLOBAL,DEFAULT,9,True
6572,_ZN10NiVAFatPFB10lywAFaA_kBE,NiVAFatPFB::lywAFaA_kB,,0x389968,8,OBJECT,GLOBAL,DEFAULT,18,True
6573,open@LIBC (2),open,LIBC (2),0x0,0,FUNC,GLOBAL,DEFAULT,UND,False
6574,_Z10buDp_aYPa7v,buDp_aYPa7(),,0x10bc68,220,FUNC,GLOBAL,DEFAULT,9,True
6575,_ZN10N67CMatrxw10lhv_fahWb4ERK10C8THgaTQxF,N67CMatrxw::lhv_fahWb4(C8THgaTQxF const&),,0x233070,164,FUNC,GLOBAL,DEFAULT,9,True
6576,_ZN10KKhLga4xoI10Wwg7TaowJPEP10U1slUah2F0,KKhLga4xoI::Wwg7TaowJP(U1slUah2F0*),,0xec484,164,FUNC,GLOBAL,DEFAULT,9,True
6577,_ZN6CyaInt17mp_reduce_is_2k_lEPNS_6mp_intE,CyaInt::mp_reduce_is_2k_l(CyaInt::mp_int*),,0x2c8820,84,FUNC,GLOBAL,DEFAULT,9,True
6578,_ZN10V8fxgahcBw10oYJuDavhtQEiiii,"V8fxgahcBw::oYJuDavhtQ(int, int, int, int)",,0x11ab7c,148,FUNC,GLOBAL,DEFAULT,9,True
6579,af_autofitter_done,af_autofitter_done,,0x277768,216,FUNC,GLOBAL,DEFAULT,9,True
6580,_ZN10_WevgakbUu10HP8Cga81xBERK10C8THgaTQxF,_WevgakbUu::HP8Cga81xB(C8THgaTQxF const&),,0x1087f8,232,FUNC,GLOBAL,DEFAULT,9,True
6581,e3XJqbi8g6,e3XJqbi8g6,,0x38fe20,64,OBJECT,GLOBAL,DEFAULT,18,True
6582,_ZN10MpGzgariDy10v3qmgaznunEv,MpGzgariDy::v3qmgaznun(),,0x18ea5c,8,FUNC,WEAK,DEFAULT,9,True
6583,_Z17adler32_combine64mml,"adler32_combine64(unsigned long, unsigned long, long)",,0x297688,220,FUNC,GLOBAL,DEFAULT,9,True
6584,_ZNK10KsGWqbQkZg10MZ1BgaJhCAERK10qdSBga_dtAb,"KsGWqbQkZg::MZ1BgaJhCA(qdSBga_dtA const&, bool) const",,0x1c9d2c,232,FUNC,GLOBAL,DEFAULT,9,True
6585,_ZN10a7qxJaHqKV10PNRnFaASGqE,a7qxJaHqKV::PNRnFaASGq,,0x3a0d58,8,OBJECT,GLOBAL,DEFAULT,19,True
6586,_Z10ZwR_FarEuXv,ZwR_FarEuX(),,0x25336c,20,FUNC,GLOBAL,DEFAULT,9,True
6587,_ZN6CyaInt10InitSuitesEPNS_6SuitesENS_15ProtocolVersionEhhhhhhi,"CyaInt::InitSuites(CyaInt::Suites*, CyaInt::ProtocolVersion, unsigned char, unsigned char, unsigned char, unsigned char, unsigned char, unsigned char, int)",,0x2d6340,624,FUNC,GLOBAL,DEFAULT,9,True
6588,_ZN10eODlJaQ5OL10yr4wgaUlrwEv,eODlJaQ5OL::yr4wgaUlrw(),,0x241680,120,FUNC,GLOBAL,DEFAULT,9,True
6589,_ZN10zF9VgaBKxR10qTNumbeAwxEidd,"zF9VgaBKxR::qTNumbeAwx(int, double, double)",,0x1a930c,360,FUNC,GLOBAL,DEFAULT,9,True
6590,_ZN10ieJzgaIFFy10DYcNfbKw0TEP10JQknDa08eKb,"ieJzgaIFFy::DYcNfbKw0T(JQknDa08eK*, bool)",,0x160f8c,552,FUNC,GLOBAL,DEFAULT,9,True
6591,_ZN10eODlJaQ5OL10MtfZWaID8dERK10C8THgaTQxF,eODlJaQ5OL::MtfZWaID8d(C8THgaTQxF const&),,0x2409e0,52,FUNC,GLOBAL,DEFAULT,9,True
6592,_ZN10a7qxJaHqKV10gtGCDail9WE,a7qxJaHqKV::gtGCDail9W,,0x38d56c,1,OBJECT,GLOBAL,DEFAULT,18,True
6593,_ZN10XJLBgarMnA10cg0AgacQKzERK10C8THgaTQxFS2_i,"XJLBgarMnA::cg0AgacQKz(C8THgaTQxF const&, C8THgaTQxF const&, int)",,0x20b11c,152,FUNC,GLOBAL,DEFAULT,9,True
6594,_ZN10dJ10YaC3tXC1EP10zF9VgaBKxR,dJ10YaC3tX::dJ10YaC3tX(zF9VgaBKxR*),,0x248370,88,FUNC,GLOBAL,DEFAULT,9,True
6595,_ZN10W6NzgawMJy10bA4tIa0sV1Ev,W6NzgawMJy::bA4tIa0sV1(),,0x17a824,140,FUNC,GLOBAL,DEFAULT,9,True
6596,_ZTV20RZNxgaOF2wProperties,vtable for RZNxgaOF2wProperties,,0x37b010,88,OBJECT,WEAK,DEFAULT,15,True
6597,_ZN10KKhLga4xoI10sZ8vgajaFvEjRK10CanTfaz6bZ,"KKhLga4xoI::sZ8vgajaFv(unsigned int, CanTfaz6bZ const&)",,0xeb50c,320,FUNC,GLOBAL,DEFAULT,9,True
6598,_ZN10N67CMatrxw10Gr_GMaW8MzEv,N67CMatrxw::Gr_GMaW8Mz(),,0x233bf0,732,FUNC,GLOBAL,DEFAULT,9,True
6599,_ZN10uVBvgaZvcvD0Ev,uVBvgaZvcv::~uVBvgaZvcv(),,0xf1980,72,FUNC,WEAK,DEFAULT,9,True
6600,_ZN10w6qzgacqqy10Hbo9xauYvlEP10zF9VgaBKxR,w6qzgacqqy::Hbo9xauYvl(zF9VgaBKxR*),,0x1faed8,700,FUNC,GLOBAL,DEFAULT,9,True
6601,_ZN10mTAogaaEip10gf0MOawPQkEv,mTAogaaEip::gf0MOawPQk(),,0x224270,336,FUNC,GLOBAL,DEFAULT,9,True
6602,_Z16jpeg_huff_decodeP21bitread_working_stateliP13d_derived_tbli,"jpeg_huff_decode(bitread_working_state*, long, int, d_derived_tbl*, int)",,0x2aca3c,360,FUNC,GLOBAL,DEFAULT,9,True
6603,_ZN10AK892aVY8g10Qqi72af7KeEP10K9562aXNAe,AK892aVY8g::Qqi72af7Ke(K9562aXNAe*),,0x11d6b8,284,FUNC,WEAK,DEFAULT,9,True
6604,_ZTV20FY2VgaG6rRProperties,vtable for FY2VgaG6rRProperties,,0x373f70,88,OBJECT,WEAK,DEFAULT,15,True
6605,_ZN10mTAogaaEip6assignEv,mTAogaaEip::assign(),,0x221ef8,664,FUNC,GLOBAL,DEFAULT,9,True
6606,_ZN20e4ZYfa8PV2PropertiesC1Ev,e4ZYfa8PV2Properties::e4ZYfa8PV2Properties(),,0x234eb8,156,FUNC,GLOBAL,DEFAULT,9,True
6607,_ZN10Fcx_gaoydV10ABozCaljo3EP10nenvgaH9_u,Fcx_gaoydV::ABozCaljo3(nenvgaH9_u*),,0x154f38,240,FUNC,GLOBAL,DEFAULT,9,True
6608,_ZTV10PfQXva4zXuIsE,vtable for PfQXva4zXu<short>,,0x375c80,320,OBJECT,WEAK,DEFAULT,15,True
6609,_ZN20J0CfgbmrLhPropertiesD2Ev,J0CfgbmrLhProperties::~J0CfgbmrLhProperties(),,0x168f04,28,FUNC,WEAK,DEFAULT,9,True
6610,_ZN10SYX_HaZ3zD10EP5AFabwPBERK10C8THgaTQxFP10vuuHgangcF,"SYX_HaZ3zD::EP5AFabwPB(C8THgaTQxF const&, vuuHgangcF*)",,0xfaee8,1800,FUNC,GLOBAL,DEFAULT,9,True
6611,_ZThn16_N20MpHWLal8ZWPropertiesD1Ev,non-virtual thunk to MpHWLal8ZWProperties::~MpHWLal8ZWProperties(),,0x1afbb4,8,FUNC,WEAK,DEFAULT,9,True
6612,_ZN10a7qxJaHqKV10rdNNGa00uCE,a7qxJaHqKV::rdNNGa00uC,,0x3a0d50,4,OBJECT,GLOBAL,DEFAULT,19,True
6613,_ZN10u0eyga1eqx10GI_dIaenoPEPKc,u0eyga1eqx::GI_dIaenoP(char const*),,0x1e20e8,136,FUNC,GLOBAL,DEFAULT,9,True
6614,_ZTV10IoTkgardbm,vtable for IoTkgardbm,,0x373e30,320,OBJECT,WEAK,DEFAULT,15,True
6615,_ZN10G0gxgajWBw10CodpMarTPkEd,G0gxgajWBw::CodpMarTPk(double),,0x2152bc,68,FUNC,GLOBAL,DEFAULT,9,True
6616,_ZN10SYX_HaZ3zD10DhDBFatFgCEP10vuuHgangcFb,"SYX_HaZ3zD::DhDBFatFgC(vuuHgangcF*, bool)",,0xfac84,600,FUNC,GLOBAL,DEFAULT,9,True
6617,_ZN10pdnkJaZ8KK10hggpJahiSOERK10C8THgaTQxFff,"pdnkJaZ8KK::hggpJahiSO(C8THgaTQxF const&, float, float)",,0x243410,124,FUNC,GLOBAL,DEFAULT,9,True
6618,_ZN10G0gxgajWBw10sbidMalVNaEv,G0gxgajWBw::sbidMalVNa(),,0x21797c,852,FUNC,GLOBAL,DEFAULT,9,True
6619,_ZN10u0eyga1eqx10_7bwgaqPHvERK10eY2wgaf6pwS2_bb,"u0eyga1eqx::_7bwgaqPHv(eY2wgaf6pw const&, eY2wgaf6pw const&, bool, bool)",,0x1e2b58,2072,FUNC,GLOBAL,DEFAULT,9,True
6620,_ZN6CyaInt9InitMutexEPi,CyaInt::InitMutex(int*),,0x2da154,8,FUNC,GLOBAL,DEFAULT,9,True
6621,_ZNK10ln7yHaeP9f10BmPEvbKPXeEv,ln7yHaeP9f::BmPEvbKPXe() const,,0x1ce718,44,FUNC,GLOBAL,DEFAULT,9,True
6622,_ZN20VGk7faT0MaPropertiesD0Ev,VGk7faT0MaProperties::~VGk7faT0MaProperties(),,0x1e5748,56,FUNC,WEAK,DEFAULT,9,True
6623,_ZN10K7FLgag3II10f4njMafSVfEv,K7FLgag3II::f4njMafSVf(),,0x16f428,608,FUNC,GLOBAL,DEFAULT,9,True
6624,_ZN20v9r4yaCim7PropertiesC1Ev,v9r4yaCim7Properties::v9r4yaCim7Properties(),,0x1c4764,136,FUNC,GLOBAL,DEFAULT,9,True
6625,_ZN6CyaInt22SendCertificateRequestEPNS_6CYASSLE,CyaInt::SendCertificateRequest(CyaInt::CYASSL*),,0x2d74d4,396,FUNC,GLOBAL,DEFAULT,9,True
6626,_ZTV10OYYKfaPU7R,vtable for OYYKfaPU7R,,0x372170,368,OBJECT,WEAK,DEFAULT,15,True
6627,_ZN10w6qzgacqqy10TLpKxa3hF_E,w6qzgacqqy::TLpKxa3hF_,,0x3a3758,8,OBJECT,GLOBAL,DEFAULT,19,True
6628,_ZN10W6NzgawMJy10VE7ywa629_EP10zF9VgaBKxRRK10C8THgaTQxFb,"W6NzgawMJy::VE7ywa629_(zF9VgaBKxR*, C8THgaTQxF const&, bool)",,0x17b4a8,232,FUNC,GLOBAL,DEFAULT,9,True
6629,_ZN10G0gxgajWBw10rVjVga1mQQERK10C8THgaTQxF10RiQ7IaxCcAPS_,"G0gxgajWBw::rVjVga1mQQ(C8THgaTQxF const&, RiQ7IaxCcA, G0gxgajWBw*)",,0x216eec,172,FUNC,GLOBAL,DEFAULT,9,True
6630,_ZN10MpHWLal8ZW10inqvmbbO2xEddi,"MpHWLal8ZW::inqvmbbO2x(double, double, int)",,0x1a5d88,72,FUNC,GLOBAL,DEFAULT,9,True
6631,DGifGetImageDesc,DGifGetImageDesc,,0x2bad1c,1192,FUNC,GLOBAL,DEFAULT,9,True
6632,_ZN10W6NzgawMJy10aJq4Laz5k3E,W6NzgawMJy::aJq4Laz5k3,,0x38e528,4,OBJECT,GLOBAL,DEFAULT,18,True
6633,_ZN6CyaInt10AddSessionEPNS_6CYASSLE,CyaInt::AddSession(CyaInt::CYASSL*),,0x2d31c0,408,FUNC,GLOBAL,DEFAULT,9,True
6634,_ZN10XJLBgarMnA10EQfBga1WXzERK10C8THgaTQxFi,"XJLBgarMnA::EQfBga1WXz(C8THgaTQxF const&, int)",,0x20ac64,20,FUNC,GLOBAL,DEFAULT,9,True
6635,_ZN10ApdygafUoxD2Ev,ApdygafUox::~ApdygafUox(),,0x1ddd9c,20,FUNC,WEAK,DEFAULT,9,True
6636,_Z10O4E6IaOadzRK10C8THgaTQxF,O4E6IaOadz(C8THgaTQxF const&),,0x187a8c,532,FUNC,GLOBAL,DEFAULT,9,True
6637,_ZN10StGQIaOlWkD2Ev,StGQIaOlWk::~StGQIaOlWk(),,0x10f568,20,FUNC,GLOBAL,DEFAULT,9,True
6638,FT_Stream_Seek,FT_Stream_Seek,,0x25c4d8,84,FUNC,GLOBAL,DEFAULT,9,True
6639,_ZN20c3fygag7qxProperties10cmfCgafxNAEv,c3fygag7qxProperties::cmfCgafxNA(),,0x1ddbfc,104,FUNC,GLOBAL,DEFAULT,9,True
6640,FT_Raccess_Get_HeaderInfo,FT_Raccess_Get_HeaderInfo,,0x25c940,764,FUNC,GLOBAL,DEFAULT,9,True
6641,_ZN10G0gxgajWBw10Cu3DMaoyjxEPS_,G0gxgajWBw::Cu3DMaoyjx(G0gxgajWBw*),,0x2197c8,432,FUNC,GLOBAL,DEFAULT,9,True
6642,pTy_fadYe4Onln2aNBfC,pTy_fadYe4Onln2aNBfC,,0x3a28b8,8,OBJECT,GLOBAL,DEFAULT,19,True
6643,_ZN10xiYWfajld110d8iqLauIKvE,xiYWfajld1::d8iqLauIKv,,0x3a4d74,4,OBJECT,GLOBAL,DEFAULT,19,True
6644,_ZN10XJLBgarMnA10GdbBga92TzE,XJLBgarMnA::GdbBga92Tz,,0x3a4da8,1,OBJECT,GLOBAL,DEFAULT,19,True
6645,_ZN10NiVAFatPFB10VlsAFa7shBEv,NiVAFatPFB::VlsAFa7shB(),,0xed5d8,188,FUNC,GLOBAL,DEFAULT,9,True
6646,_ZN10wp1umbbOIx10RYosfaYCvCEiid,"wp1umbbOIx::RYosfaYCvC(int, int, double)",,0x1af958,156,FUNC,GLOBAL,DEFAULT,9,True
6647,find_cipher,find_cipher,,0x254f44,144,FUNC,GLOBAL,DEFAULT,9,True
6648,_ZN10UbihxaHV9BD2Ev,UbihxaHV9B::~UbihxaHV9B(),,0x1719c8,60,FUNC,GLOBAL,DEFAULT,9,True
6649,_Z10WSmgga_Rniv,WSmgga_Rni(),,0x16dba8,48,FUNC,GLOBAL,DEFAULT,9,True
6650,_ZN10eODlJaQ5OL10__VUWaHpvaEiP10G0gxgajWBw,"eODlJaQ5OL::__VUWaHpva(int, G0gxgajWBw*)",,0x24098c,84,FUNC,GLOBAL,DEFAULT,9,True
6651,_ZN10GbMhIaz9yS6resizeERK10eY2wgaf6pwS2_,"GbMhIaz9yS::resize(eY2wgaf6pw const&, eY2wgaf6pw const&)",,0x1c29f8,36,FUNC,GLOBAL,DEFAULT,9,True
6652,_ZN10X7ZxganTcx4pushERK10RWahgahP3i,X7ZxganTcx::push(RWahgahP3i const&),,0x100430,160,FUNC,GLOBAL,DEFAULT,9,True
6653,strncasecmp@LIBC (2),strncasecmp,LIBC (2),0x0,0,FUNC,GLOBAL,DEFAULT,UND,False
6654,_ZThn16_N20EqV_Ka3Vx9PropertiesD1Ev,non-virtual thunk to EqV_Ka3Vx9Properties::~EqV_Ka3Vx9Properties(),,0x1b314c,8,FUNC,WEAK,DEFAULT,9,True
6655,_Z11Arc4ProcessP4Arc4PhPKhj,"Arc4Process(Arc4*, unsigned char*, unsigned char const*, unsigned int)",,0x2c60c0,116,FUNC,GLOBAL,DEFAULT,9,True
6656,_ZN6CyaInt12ValidateDateEPKhhi,"CyaInt::ValidateDate(unsigned char const*, unsigned char, int)",,0x2c2940,788,FUNC,GLOBAL,DEFAULT,9,True
6657,_ZN10QYZugaRKGu10Kut_IawqatE,QYZugaRKGu::Kut_Iawqat,,0x3a0068,8,OBJECT,GLOBAL,DEFAULT,19,True
6658,_ZN10oMhmIajzmW10wgSQgaCg5MEv,oMhmIajzmW::wgSQgaCg5M(),,0x1009b0,4,FUNC,WEAK,DEFAULT,9,True
6659,_ZN20e4ZYfa8PV2PropertiesD2Ev,e4ZYfa8PV2Properties::~e4ZYfa8PV2Properties(),,0x236d18,28,FUNC,WEAK,DEFAULT,9,True
6660,_ZN10zF9VgaBKxR10rVjVga1mQQERK10C8THgaTQxF10RiQ7IaxCcAP10G0gxgajWBw,"zF9VgaBKxR::rVjVga1mQQ(C8THgaTQxF const&, RiQ7IaxCcA, G0gxgajWBw*)",,0x1a6604,304,FUNC,GLOBAL,DEFAULT,9,True
6661,tt_cmap10_class_rec1,tt_cmap10_class_rec1,,0x37fd28,104,OBJECT,GLOBAL,DEFAULT,15,True
6662,_ZN10AS80gaE4zWC1EP10J7zOgaf09K,AS80gaE4zW::AS80gaE4zW(J7zOgaf09K*),,0x1d73cc,280,FUNC,GLOBAL,DEFAULT,9,True
6663,tt_cmap10_char_index,tt_cmap10_char_index,,0x261dcc,112,FUNC,GLOBAL,DEFAULT,9,True
6664,_ZN10G0gxgajWBw10_xWAgaiSGzEv,G0gxgajWBw::_xWAgaiSGz(),,0x213c84,16,FUNC,GLOBAL,DEFAULT,9,True
6665,_ZN10a7qxJaHqKV10XzaCJaWvJZEv,a7qxJaHqKV::XzaCJaWvJZ(),,0x15ff90,328,FUNC,GLOBAL,DEFAULT,9,True
6666,_ZN10xiYWfajld110XfUrLacX4wEb,xiYWfajld1::XfUrLacX4w(bool),,0x20923c,100,FUNC,GLOBAL,DEFAULT,9,True
6667,Lry_xa0Aed,Lry_xa0Aed,,0x3a3660,8,OBJECT,GLOBAL,DEFAULT,19,True
6668,_Z10fjwHkbSNd1v,fjwHkbSNd1(),,0x19acd0,196,FUNC,GLOBAL,DEFAULT,9,True
6669,_Z10J4W2OaDj5yPKc,J4W2OaDj5y(char const*),,0xe45a4,284,FUNC,GLOBAL,DEFAULT,9,True
6670,closedir@LIBC (2),closedir,LIBC (2),0x0,0,FUNC,GLOBAL,DEFAULT,UND,False
6671,_ZN10W6NzgawMJy10skXpwaVwrTEd,W6NzgawMJy::skXpwaVwrT(double),,0x1714a0,260,FUNC,GLOBAL,DEFAULT,9,True
6672,_ZThn16_N20W6NzgawMJyPropertiesD0Ev,non-virtual thunk to W6NzgawMJyProperties::~W6NzgawMJyProperties(),,0x17f938,8,FUNC,WEAK,DEFAULT,9,True
6673,_ZN10ieJzgaIFFy10KgGQfbQaWWEii,"ieJzgaIFFy::KgGQfbQaWW(int, int)",,0x166274,732,FUNC,GLOBAL,DEFAULT,9,True
6674,_Z12yajl_lex_lexP12yajl_lexer_tPKhmPmPS2_S3_,"yajl_lex_lex(yajl_lexer_t*, unsigned char const*, unsigned long, unsigned long*, unsigned char const**, unsigned long*)",,0x2be828,4668,FUNC,GLOBAL,DEFAULT,9,True
6675,_ZN10eODlJaQ5OL10wIsYWaaMtdERK10C8THgaTQxFS2_S2_,"eODlJaQ5OL::wIsYWaaMtd(C8THgaTQxF const&, C8THgaTQxF const&, C8THgaTQxF const&)",,0x2408c8,92,FUNC,GLOBAL,DEFAULT,9,True
6676,_ZTV10vy1JgaKVkH,vtable for vy1JgaKVkH,,0x371c20,32,OBJECT,WEAK,DEFAULT,15,True
6677,_ZN10wiULgacZUI10W3z0fa_X54ERK10C8THgaTQxF,wiULgacZUI::W3z0fa_X54(C8THgaTQxF const&),,0xe79e4,32,FUNC,GLOBAL,DEFAULT,9,True
6678,_ZThn16_N20l8eTfaIl5YPropertiesD0Ev,non-virtual thunk to l8eTfaIl5YProperties::~l8eTfaIl5YProperties(),,0x22c8b4,8,FUNC,WEAK,DEFAULT,9,True
6679,_ZN10vuuHgangcF6AssignEPS_,vuuHgangcF::Assign(vuuHgangcF*),,0xf76c8,200,FUNC,GLOBAL,DEFAULT,9,True
6680,_ZN10K9562aXNAe10Qqi72af7KeEPS_,K9562aXNAe::Qqi72af7Ke(K9562aXNAe*),,0x11d280,8,FUNC,WEAK,DEFAULT,9,True
6681,_ZN10yVOJMa8r9BD1Ev,yVOJMa8r9B::~yVOJMa8r9B(),,0x227828,500,FUNC,GLOBAL,DEFAULT,9,True
6682,_ZN10pWihMaQxaeD2Ev,pWihMaQxae::~pWihMaQxae(),,0x22f860,84,FUNC,GLOBAL,DEFAULT,9,True
6683,_ZN10OYYKfaPU7R10O70xgakzexEfffff,"OYYKfaPU7R::O70xgakzex(float, float, float, float, float)",,0x103f18,212,FUNC,GLOBAL,DEFAULT,9,True
6684,_ZN10IUKzgam4Gy10lodwKaaTIKE,IUKzgam4Gy::lodwKaaTIK,,0x38900c,4,OBJECT,GLOBAL,DEFAULT,18,True
6685,_ZN10Fcx_gaoydV10lvwvCaYX7_EP10nenvgaH9_u,Fcx_gaoydV::lvwvCaYX7_(nenvgaH9_u*),,0x119a04,620,FUNC,GLOBAL,DEFAULT,9,True
6686,_ZN20ieJzgaIFFyPropertiesD1Ev,ieJzgaIFFyProperties::~ieJzgaIFFyProperties(),,0x168f28,28,FUNC,WEAK,DEFAULT,9,True
6687,_ZN10MpHWLal8ZWC1EP10zF9VgaBKxRi,"MpHWLal8ZW::MpHWLal8ZW(zF9VgaBKxR*, int)",,0x1a5b54,472,FUNC,GLOBAL,DEFAULT,9,True
6688,_ZN10SrwA5a7UkjD2Ev,SrwA5a7Ukj::~SrwA5a7Ukj(),,0x11df60,20,FUNC,WEAK,DEFAULT,9,True
6689,_ZN10FY2VgaG6rR10zE8FfaRT3NEv,FY2VgaG6rR::zE8FfaRT3N(),,0x16dc5c,4,FUNC,WEAK,DEFAULT,9,True
6690,_ZNK10w9XxgaJdbx10StGcIaOlhOERK10qdSBga_dtAb,"w9XxgaJdbx::StGcIaOlhO(qdSBga_dtA const&, bool) const",,0x1b931c,168,FUNC,GLOBAL,DEFAULT,9,True
6691,rH1kgaf2im,rH1kgaf2im,,0x3a26d8,8,OBJECT,GLOBAL,DEFAULT,19,True
6692,_ZN10LBgVgaqANQ10MP0FfajjYNEP10W6NzgawMJy,LBgVgaqANQ::MP0FfajjYN(W6NzgawMJy*),,0x18e600,592,FUNC,GLOBAL,DEFAULT,9,True
6693,_ZN10G0gxgajWBw10zjRtMabtJoEv,G0gxgajWBw::zjRtMabtJo(),,0x215d90,176,FUNC,GLOBAL,DEFAULT,9,True
6694,FT_Stream_Skip,FT_Stream_Skip,,0x25c52c,24,FUNC,GLOBAL,DEFAULT,9,True
6695,_ZN20X0HXmbuEQVPropertiesD0Ev,X0HXmbuEQVProperties::~X0HXmbuEQVProperties(),,0x249ee0,56,FUNC,WEAK,DEFAULT,9,True
6696,_ZTV10_HTugbItBu,vtable for _HTugbItBu,,0x373720,320,OBJECT,WEAK,DEFAULT,15,True
6697,DkD5ua5HlM,DkD5ua5HlM,,0x3a0c70,1,OBJECT,GLOBAL,DEFAULT,19,True
6698,_ZN10K7FLgag3II10RofLgaAzmIERK10C8THgaTQxF,K7FLgag3II::RofLgaAzmI(C8THgaTQxF const&),,0x16f790,112,FUNC,GLOBAL,DEFAULT,9,True
6699,_ZN10dJ10YaC3tXD1Ev,dJ10YaC3tX::~dJ10YaC3tX(),,0x248600,52,FUNC,WEAK,DEFAULT,9,True
6700,_ZN10Q8n_Fa6V5W10P1KwgacbawEv,Q8n_Fa6V5W::P1Kwgacbaw(),,0x1cb22c,60,FUNC,GLOBAL,DEFAULT,9,True
6701,_ZN6CyaInt9MakeSSLv3Ev,CyaInt::MakeSSLv3(),,0x2d65f4,8,FUNC,GLOBAL,DEFAULT,9,True
6702,_ZN10LJyzga9Pwy10BbvgHauRu0Ev,LJyzga9Pwy::BbvgHauRu0(),,0x10a610,652,FUNC,GLOBAL,DEFAULT,9,True
6703,_ZN10_thLgaWjoI10LcTxgao36wERK10cXoLgatBuI,_thLgaWjoI::LcTxgao36w(cXoLgatBuI const&),,0x1cb5e8,36,FUNC,GLOBAL,DEFAULT,9,True
6704,_ZN10W6NzgawMJy10CPrDLa90NGEv,W6NzgawMJy::CPrDLa90NG(),,0x17f4a4,80,FUNC,WEAK,DEFAULT,9,True
6705,_ZN10MpGzgariDy10Lm1UgaOLAQEv,MpGzgariDy::Lm1UgaOLAQ(),,0x18e98c,8,FUNC,WEAK,DEFAULT,9,True
6706,_ZN10G0gxgajWBw10qZtgManQtdEjRK10CanTfaz6bZPPS_,"G0gxgajWBw::qZtgManQtd(unsigned int, CanTfaz6bZ const&, G0gxgajWBw**)",,0x213d78,192,FUNC,GLOBAL,DEFAULT,9,True
6707,_ZN10IoTkgardbmC2ERK10C8THgaTQxF,IoTkgardbm::IoTkgardbm(C8THgaTQxF const&),,0x16c59c,132,FUNC,GLOBAL,DEFAULT,9,True
6708,_ZN10AUzMgaePtJ4pushEPf,AUzMgaePtJ::push(float*),,0xff988,108,FUNC,GLOBAL,DEFAULT,9,True
6709,_Z15jcopy_block_rowPA64_sS0_j,"jcopy_block_row(short (*) [64], short (*) [64], unsigned int)",,0x2a5338,20,FUNC,GLOBAL,DEFAULT,9,True
6710,_ZN10zW2NgaU4IK10yNYVfajLn0Ev,zW2NgaU4IK::yNYVfajLn0(),,0x21c948,76,FUNC,GLOBAL,DEFAULT,9,True
6711,_ZN10W6NzgawMJy10ypSkwa7naPEv,W6NzgawMJy::ypSkwa7naP(),,0x19f1a0,464,FUNC,GLOBAL,DEFAULT,9,True
6712,_Z16DetectFridaLoop2bb,"DetectFridaLoop2(bool, bool)",,0x24a1ac,44,FUNC,GLOBAL,DEFAULT,9,True
6713,_ZN10mTAogaaEip10B8wpgaSu5pEP10OV5NOaoBLl,mTAogaaEip::B8wpgaSu5p(OV5NOaoBLl*),,0x225850,228,FUNC,GLOBAL,DEFAULT,9,True
6714,_ZN10ieJzgaIFFy10E16OYa1wCMEv,ieJzgaIFFy::E16OYa1wCM(),,0x1630c0,376,FUNC,GLOBAL,DEFAULT,9,True
6715,_Z23jinit_c_main_controllerP20jpeg_compress_structi,"jinit_c_main_controller(jpeg_compress_struct*, int)",,0x2b2c2c,220,FUNC,GLOBAL,DEFAULT,9,True
6716,_Z10Zw35JaxAIov,Zw35JaxAIo(),,0x10ab08,48,FUNC,GLOBAL,DEFAULT,9,True
6717,_ZN10SU3JfaCUmRC2EP10LJyzga9PwyRK10C8THgaTQxF,"SU3JfaCUmR::SU3JfaCUmR(LJyzga9Pwy*, C8THgaTQxF const&)",,0x10db90,64,FUNC,GLOBAL,DEFAULT,9,True
6718,_ZN10w9XxgaJdbx10s3hB1aCOZXERK10C8THgaTQxF,w9XxgaJdbx::s3hB1aCOZX(C8THgaTQxF const&),,0x1becdc,92,FUNC,GLOBAL,DEFAULT,9,True
6719,_ZTV10uVBvgaZvcv,vtable for uVBvgaZvcv,,0x371e10,48,OBJECT,WEAK,DEFAULT,15,True
6720,_Z10L9BrfaYIQBv,L9BrfaYIQB(),,0x100104,48,FUNC,GLOBAL,DEFAULT,9,True
6721,_ZN10vuuHgangcF6DeleteEi,vuuHgangcF::Delete(int),,0xf6d2c,336,FUNC,GLOBAL,DEFAULT,9,True
6722,FT_Outline_Get_CBox,FT_Outline_Get_CBox,,0x25b990,628,FUNC,GLOBAL,DEFAULT,9,True
6723,glDrawElements,glDrawElements,,0x0,0,FUNC,GLOBAL,DEFAULT,UND,False
6724,_ZN10eODlJaQ5OL10nvvZWa56leERK10C8THgaTQxF,eODlJaQ5OL::nvvZWa56le(C8THgaTQxF const&),,0x240958,52,FUNC,GLOBAL,DEFAULT,9,True
6725,_ZN10ln7yHaeP9f10hioovbY270ERK10C8THgaTQxF,ln7yHaeP9f::hioovbY270(C8THgaTQxF const&),,0x1ce6bc,88,FUNC,GLOBAL,DEFAULT,9,True
6726,_ZN10XJLBgarMnA6acceptEv,XJLBgarMnA::accept(),,0x20a978,268,FUNC,GLOBAL,DEFAULT,9,True
6727,_ZN10NLT0HaSwmE10IAEwCaDL40ERK10dVIHgaIooF,NLT0HaSwmE::IAEwCaDL40(dVIHgaIooF const&),,0x123420,164,FUNC,GLOBAL,DEFAULT,9,True
6728,_ZN10XJLBgarMnA10ptmBgalw2zEv,XJLBgarMnA::ptmBgalw2z(),,0x20ac78,56,FUNC,GLOBAL,DEFAULT,9,True
6729,_ZN10JQknDa08eK10rhRo6anrw_ERK10C8THgaTQxF,JQknDa08eK::rhRo6anrw_(C8THgaTQxF const&),,0x19b07c,500,FUNC,GLOBAL,DEFAULT,9,True
6730,_ZTV10Kc8uganwOu,vtable for Kc8uganwOu,,0x373af0,320,OBJECT,WEAK,DEFAULT,15,True
6731,_ZN6CyaInt14mp_reduce_2k_lEPNS_6mp_intES1_S1_,"CyaInt::mp_reduce_2k_l(CyaInt::mp_int*, CyaInt::mp_int*, CyaInt::mp_int*)",,0x2c9bd4,236,FUNC,GLOBAL,DEFAULT,9,True
6732,_ZN10mTAogaaEip10Z9kTPa5pagEd,mTAogaaEip::Z9kTPa5pag(double),,0x2224e0,288,FUNC,GLOBAL,DEFAULT,9,True
6733,_ZTV10Fcx_gaoydV,vtable for Fcx_gaoydV,,0x373090,32,OBJECT,WEAK,DEFAULT,15,True
6734,_ZN10w9XxgaJdbx10crSnDaspHKEPS_b,"w9XxgaJdbx::crSnDaspHK(w9XxgaJdbx*, bool)",,0x1b8630,408,FUNC,GLOBAL,DEFAULT,9,True
6735,_ZThn16_N20ZPvEDawoHYPropertiesD0Ev,non-virtual thunk to ZPvEDawoHYProperties::~ZPvEDawoHYProperties(),,0x1c0020,8,FUNC,WEAK,DEFAULT,9,True
6736,_ZN10zF9VgaBKxR10sujXlbk0v4Edd,"zF9VgaBKxR::sujXlbk0v4(double, double)",,0x1a8e94,344,FUNC,GLOBAL,DEFAULT,9,True
6737,_Z10vKJuxaK5sNRK10C8THgaTQxF,vKJuxaK5sN(C8THgaTQxF const&),,0x1e8f74,236,FUNC,GLOBAL,DEFAULT,9,True
6738,_ZN10gId5RaV8_610MzWVgaRTlREv,gId5RaV8_6::MzWVgaRTlR(),,0x248e38,3272,FUNC,GLOBAL,DEFAULT,9,True
6739,_ZN10OYYKfaPU7R10hO2RyaTY4WEffffPKhiiffffPK10NLT0HaSwmEbiRK10bagMga8cdJ,"OYYKfaPU7R::hO2RyaTY4W(float, float, float, float, unsigned char const*, int, int, float, float, float, float, NLT0HaSwmE const*, bool, int, bagMga8cdJ const&)",,0x102d14,836,FUNC,GLOBAL,DEFAULT,9,True
6740,_ZN10w6qzgacqqy10bQC6xathbjERK10C8THgaTQxFdd,"w6qzgacqqy::bQC6xathbj(C8THgaTQxF const&, double, double)",,0x1f7c88,1160,FUNC,GLOBAL,DEFAULT,9,True
6741,_ZN10u0eyga1eqxC1Ev,u0eyga1eqx::u0eyga1eqx(),,0x1e1a04,108,FUNC,GLOBAL,DEFAULT,9,True
6742,_ZN10f6WHgaQkAF10nZdzgaknfyERK10C8THgaTQxF,f6WHgaQkAF::nZdzgaknfy(C8THgaTQxF const&),,0xeeb28,188,FUNC,GLOBAL,DEFAULT,9,True
6743,_ZN10uzN1fatj7510xUzYgahPzTEP10Fcx_gaoydVbb,"uzN1fatj75::xUzYgahPzT(Fcx_gaoydV*, bool, bool)",,0x10c518,108,FUNC,GLOBAL,DEFAULT,9,True
6744,_ZN10fUWH_a_9zmD2Ev,fUWH_a_9zm::~fUWH_a_9zm(),,0x1132b0,164,FUNC,GLOBAL,DEFAULT,9,True
6745,_ZN10eODlJaQ5OL10kcRIFa3mlIERK10C8THgaTQxF,eODlJaQ5OL::kcRIFa3mlI(C8THgaTQxF const&),,0x2419d4,4,FUNC,GLOBAL,DEFAULT,9,True
6746,_ZN10KsGWqbQkZg10Txw60ah_5xEv,KsGWqbQkZg::Txw60ah_5x(),,0x1ca604,28,FUNC,WEAK,DEFAULT,9,True
6747,_ZN10EYKlVaL7UR10bdqDgaFFMBERK10eY2wgaf6pw,EYKlVaL7UR::bdqDgaFFMB(eY2wgaf6pw const&),,0x1e041c,132,FUNC,GLOBAL,DEFAULT,9,True
6748,_ZTV20KsGWqbQkZgProperties,vtable for KsGWqbQkZgProperties,,0x378960,88,OBJECT,WEAK,DEFAULT,15,True
6749,_ZN10C2t_vaQTaxC2EP10zF9VgaBKxR,C2t_vaQTax::C2t_vaQTax(zF9VgaBKxR*),,0x24a038,80,FUNC,GLOBAL,DEFAULT,9,True
6750,_ZN10W6NzgawMJy10SbDTwaFAphEv,W6NzgawMJy::SbDTwaFAph(),,0x176338,3400,FUNC,GLOBAL,DEFAULT,9,True
6751,_ZN10SYX_HaZ3zD10HitCFangZCEP10R94BFa3XEC,SYX_HaZ3zD::HitCFangZC(R94BFa3XEC*),,0xfaaac,232,FUNC,GLOBAL,DEFAULT,9,True
6752,_ZN10y3t2LaCUH110McZB7av6y0E,y3t2LaCUH1::McZB7av6y0,,0x3a4e10,8,OBJECT,GLOBAL,DEFAULT,19,True
6753,_ZN10s_YwgafWlw10WtCBgaYZfAERK10eY2wgaf6pw,s_YwgafWlw::WtCBgaYZfA(eY2wgaf6pw const&),,0x1dbad8,8,FUNC,GLOBAL,DEFAULT,9,True
6754,_ZN6CyaInt20mp_unsigned_bin_sizeEPNS_6mp_intE,CyaInt::mp_unsigned_bin_size(CyaInt::mp_int*),,0x2c63ac,52,FUNC,GLOBAL,DEFAULT,9,True
6755,_ZN10zW2NgaU4IK10rjF0faYma5EiRK10C8THgaTQxFj,"zW2NgaU4IK::rjF0faYma5(int, C8THgaTQxF const&, unsigned int)",,0x21dde0,536,FUNC,GLOBAL,DEFAULT,9,True
6756,_ZTV10fJ8VgaKXwR,vtable for fJ8VgaKXwR,,0x37ee20,432,OBJECT,WEAK,DEFAULT,15,True
6757,_ZN10W6NzgawMJy10FxgPwaYwKdEiiiii,"W6NzgawMJy::FxgPwaYwKd(int, int, int, int, int)",,0x17ad68,4,FUNC,GLOBAL,DEFAULT,9,True
6758,_ZN10uK2SHaPVVw10NZoXHaKDAAEbb,"uK2SHaPVVw::NZoXHaKDAA(bool, bool)",,0x20e1a8,336,FUNC,GLOBAL,DEFAULT,9,True
6759,_ZN10Dq2rua2Ece10tIIEga1dSCEP10W6NzgawMJy,Dq2rua2Ece::tIIEga1dSC(W6NzgawMJy*),,0x2467c0,244,FUNC,GLOBAL,DEFAULT,9,True
6760,_ZN10nDIHgaJ9nF10h5cKGa1CuzE,nDIHgaJ9nF::h5cKGa1Cuz,,0x3a0b10,8,OBJECT,GLOBAL,DEFAULT,19,True
6761,ft_smooth_renderer_class1,ft_smooth_renderer_class1,,0x380088,120,OBJECT,GLOBAL,DEFAULT,15,True
6762,_ZN10ohGYZakbFK10hPTMgaJzKJEi,ohGYZakbFK::hPTMgaJzKJ(int),,0xe3b58,136,FUNC,GLOBAL,DEFAULT,9,True
6763,_ZN10EqV_Ka3Vx9D1Ev,EqV_Ka3Vx9::~EqV_Ka3Vx9(),,0x1b3194,116,FUNC,WEAK,DEFAULT,9,True
6764,_ZNK10C8THgaTQxFixEi,C8THgaTQxF::operator[](int) const,,0xf324c,52,FUNC,GLOBAL,DEFAULT,9,True
6765,_ZN10AS80gaE4zW10meOQgaMS1MEv,AS80gaE4zW::meOQgaMS1M(),,0x1d7724,72,FUNC,GLOBAL,DEFAULT,9,True
6766,_ZTV20LJyzga9PwyProperties,vtable for LJyzga9PwyProperties,,0x372650,88,OBJECT,WEAK,DEFAULT,15,True
6767,_Z10VRmuxa2Q9MRK10vEhDgaHsFB,VRmuxa2Q9M(vEhDgaHsFB const&),,0x1e83ac,368,FUNC,GLOBAL,DEFAULT,9,True
6768,_ZN10Fcx_gaoydV10qtm_Kamw48EP10nenvgaH9_u,Fcx_gaoydV::qtm_Kamw48(nenvgaH9_u*),,0x11888c,1880,FUNC,GLOBAL,DEFAULT,9,True
6769,_ZN10giqpgaXJ_p10nn9ogamvMpEi,giqpgaXJ_p::nn9ogamvMp(int),,0x2133d0,104,FUNC,WEAK,DEFAULT,9,True
6770,_ZN10mTAogaaEip10nVJygaSeQxEv,mTAogaaEip::nVJygaSeQx(),,0x224af0,212,FUNC,GLOBAL,DEFAULT,9,True
6771,_ZN10a7qxJaHqKV10vYbZgawG5TE,a7qxJaHqKV::vYbZgawG5T,,0x3a0d6c,4,OBJECT,GLOBAL,DEFAULT,19,True
6772,_ZN20KsGWqbQkZgPropertiesC1Ev,KsGWqbQkZgProperties::KsGWqbQkZgProperties(),,0x1c9f4c,156,FUNC,GLOBAL,DEFAULT,9,True
