name,address,size,family
_ZN10IUKzgam4Gy10HTzYZaBOzKEv,0xe16ec,64,other
_ZN10IUKzgam4Gy10cR7XZakdcKEv,0xe172c,64,other
_ZN10IUKzgam4Gy10NR70Za0dzNEv,0xe176c,60,other
_ZN10IUKzgam4Gy10aVgYFaLQjVEv,0xe1860,144,other
_ZN10IUKzgam4Gy10ssi1Zay8HNEv,0xe18f0,128,other
_ZN10fEVMgax6LJC1ERK10C8THgaTQxF,0xe1970,172,other
_ZN10fEVMgax6LJC2ERK10C8THgaTQxF,0xe1970,172,other
_ZN10IUKzgam4Gy10adFVZaKh7HERK10C8THgaTQxF,0xe1a1c,92,other
_ZN10IUKzgam4Gy10jIWZZaS_ILERK10C8THgaTQxF,0xe1a78,40,other
_ZN10IUKzgam4Gy10IuEZZaAGtLERK10C8THgaTQxF,0xe1aa0,60,other
_ZN10IUKzgam4Gy10rjCcLaYQdkEbb,0xe1adc,160,other
_ZN10IUKzgam4Gy10DaPevaAF4TERK10C8THgaTQxF,0xe1b88,68,other
_ZN10IUKzgam4Gy10wgSQgaCg5MEv,0xe1bcc,20,other
_ZN10IUKzgam4Gy10ZHZxfaHwcHEv,0xe1be0,84,other
_ZN10IUKzgam4Gy10xcTMgag3JJEv,0xe1c34,48,other
_ZN10IUKzgam4Gy10wNLMganPDJEv,0xe1c64,52,other
_ZN10IUKzgam4Gy10oYBkBavyX0Ev,0xe1c98,124,other
_ZN10IUKzgam4Gy10ihMzgaeeIyEv,0xe1d14,96,other
_ZN10IUKzgam4Gy10hPTMgaJzKJEdd,0xe1d74,408,other
_ZN10IUKzgam4Gy10j5OZZa3ACLERK10C8THgaTQxFbbdd,0xe1f34,1328,other
_ZN10IUKzgam4Gy10EEuMgaWopJEv,0xe2470,48,other
_ZN10IUKzgam4Gy10gV9_ZaRXKMERK10C8THgaTQxF,0xe24a0,56,other
_ZN10IUKzgam4Gy10L2mZZa4_eLERK10C8THgaTQxF,0xe24d8,368,other
_ZN10IUKzgam4Gy10zaevgaCxTuERK10C8THgaTQxF,0xe2648,268,other
_ZN10IUKzgam4Gy10_8B_ZagIhMEd,0xe2754,156,other
_ZN10IUKzgam4Gy10fKM_ZaACqMEdd,0xe27f0,256,other
_ZN10IUKzgam4Gy10cRm7faqQOaERK10C8THgaTQxF,0xe28f8,80,other
_ZN10IUKzgam4Gy10cRm7faqQOaERK10C8THgaTQxFd,0xe2948,84,other
_ZN10IUKzgam4Gy10cRm7faqQOaERK10C8THgaTQxFdd,0xe299c,88,other
_ZN10IUKzgam4Gy10ISa_ZaGLVLERK10C8THgaTQxFbdd,0xe2e6c,12,other
_ZN10IUKzgam4Gy10Enx2ZaDHKOERK10C8THgaTQxFdd,0xe2e78,88,other
_ZN10IUKzgam4Gy10dtoMgafckJERK10C8THgaTQxFdd,0xe31ac,612,other
_ZN10IUKzgam4Gy10wgG1Zawa1NERK10C8THgaTQxFf,0xe3410,48,other
_Z10WACL2aR4FWv,0xe3678,76,other
_Z10EOHQ2altX_v,0xe36c4,56,other
_ZN10J7zOgaf09K10py0qgaE4krERK10C8THgaTQxF,0xe370c,4,other
_ZN10J7zOgaf09K10lATwgagnhwEPvRK10C8THgaTQxF,0xe3710,4,other
_ZN10fEVMgax6LJ10pTqwgajeUvEv,0xe3714,16,other
_ZN10fEVMgax6LJ10my_MgaBeQJEv,0xe3724,8,other
_ZN10fEVMgax6LJ10uosMgajvnJEi,0xe372c,4,other
_ZN10fEVMgax6LJ10spDMga7LwJEi,0xe3730,4,other
_ZN10fEVMgax6LJ10ACEMgabNxJEf,0xe3734,4,other
_ZN10fEVMgax6LJ10nQlWHaFZHzERK10V6P7faBscbS2_i,0xe3738,4,other
_ZN10fEVMgax6LJ10ttTHEavhxREv,0xe373c,8,other
_ZN10ohGYZakbFK10xcTMgag3JJEv,0xe3748,32,other
_ZN10ohGYZakbFK10cqUMgaI4KJEii,0xe3768,32,other
_ZN10QPh5pbnC3y10AtwMgawWqJEv,0xe3788,8,other
_ZN10QPh5pbnC3y4loadEv,0xe3790,4,other
_ZN10QPh5pbnC3y10uosMgajvnJEi,0xe3794,8,other
_ZN10QPh5pbnC3y10spDMga7LwJEi,0xe379c,8,other
_ZN10QPh5pbnC3y10pOFMga6MyJEv,0xe37a4,8,other
_ZN10QPh5pbnC3yD1Ev,0xe37ac,88,other
_ZN10QPh5pbnC3yD2Ev,0xe37ac,88,other
_ZN10QPh5pbnC3yD0Ev,0xe3804,32,other
_ZN10ohGYZakbFK4loadEv,0xe3824,36,other
_ZN10ohGYZakbFK10j3HMgatGAJEv,0xe3848,48,other
_ZN10ohGYZakbFK10fXZMgaqJPJEv,0xe3878,180,other
_ZN10QPh5pbnC3y10my_MgaBeQJEv,0xe392c,420,other
_ZN10ohGYZakbFK10wNLMganPDJEv,0xe3ad0,136,other
_ZN10ohGYZakbFK10hPTMgaJzKJEi,0xe3b58,136,other
_ZN10ohGYZakbFK10IWJMga2fCJERK10C8THgaTQxFbi,0xe3be0,480,other
_ZN10QPh5pbnC3y10dtoMgafckJEv,0xe3dc0,676,other
_ZN10ohGYZakbFKC1Ev,0xe4070,40,other
_ZN10ohGYZakbFKC2Ev,0xe4070,40,other
_ZN10QPh5pbnC3yC1ERK10C8THgaTQxF,0xe4098,68,other
_ZN10QPh5pbnC3yC2ERK10C8THgaTQxF,0xe4098,68,other
_ZN10ohGYZakbFK10ngWMganDMJERK10C8THgaTQxF,0xe40dc,48,other
_ZN10gqiNgaG64J10jfRMgatpIJEv,0xe410c,8,other
_ZN10gqiNgaG64J10IWJMga2fCJERK10C8THgaTQxFbi,0xe4114,4,other
_ZN10gqiNgaG64J10EEuMgaWopJEv,0xe4118,4,other
_ZN10gqiNgaG64J10fXZMgaqJPJEv,0xe411c,8,other
_ZN10gqiNgaG64J10wNLMganPDJEv,0xe4124,4,other
_ZN10gqiNgaG64J10xcTMgag3JJEv,0xe4128,4,other
_ZN10gqiNgaG64J10uUwHEa8heREv,0xe412c,8,other
_ZN10gqiNgaG64J10CV8GEac7UQEv,0xe4134,8,other
_ZN10gqiNgaG64J10hPTMgaJzKJEi,0xe413c,4,other
_ZN10gqiNgaG64J10cqUMgaI4KJEii,0xe4140,4,other
_ZN10gqiNgaG64J10Gg4GEaGcRQEi,0xe4144,4,other
_ZN10gqiNgaG64J10UtswgaQzVvEv,0xe4148,8,other
_ZN10gqiNgaG64J10ngWMganDMJERK10C8THgaTQxF,0xe4150,8,other
_ZN10gqiNgaG64J10nQlWHaFZHzERK10V6P7faBscbS2_S2_S2_,0xe4158,4,other
_ZN10QPh5pbnC3y10tDfwgaPLKvEv,0xe415c,8,other
_ZN10QPh5pbnC3y10pTqwgajeUvEv,0xe4164,8,other
_ZN10ohGYZakbFK10jfRMgatpIJEv,0xe416c,8,other
_ZN10ohGYZakbFK10UtswgaQzVvEv,0xe4174,8,other
_ZN10ohGYZakbFKD1Ev,0xe417c,20,other
_ZN10ohGYZakbFKD2Ev,0xe417c,20,other
_ZN10ohGYZakbFKD0Ev,0xe4190,48,other
_ZN10J7zOgaf09KD1Ev,0xe41c0,20,other
_ZN10J7zOgaf09KD2Ev,0xe41c0,20,other
_ZN10J7zOgaf09KD0Ev,0xe41d4,48,other
_ZN7_JNIEnv23CallStaticBooleanMethodEP7_jclassP10_jmethodIDz,0xe4204,140,other
_ZN7_JNIEnv20CallStaticVoidMethodEP7_jclassP10_jmethodIDz,0xe4290,140,other
_ZN10Ztjndb0_dS10GcVldbpK2QERK10C8THgaTQxF,0xe4328,92,other
_ZN10mxJodbLVpT10GcVldbpK2QERK10C8THgaTQxF,0xe4384,204,other
_Z10BulrdbnHCVRK10C8THgaTQxF,0xe4450,156,other
_Z10eaHy7abWNYPKc,0xe44ec,144,other
_Z10fq_0dbL7rpv,0xe457c,40,other
_Z10J4W2OaDj5yPKc,0xe45a4,284,other
_Z10J4W2OaDj5yRK10C8THgaTQxF,0xe46c0,200,other
_Z10ituN2aeffYv,0xe4788,112,other
_ZN10Ztjndb0_dS10Q96mdbXD3RERK10C8THgaTQxFS2_S2_,0xe47f8,888,other
_ZN10Ztjndb0_dS4readEv,0xe4b70,2764,other
_ZN10Ztjndb0_dS10mP6ygaUl9xEv,0xe563c,44,other
_ZN10mxJodbLVpT10dN9sdb4Q8WERK10C8THgaTQxF,0xe5668,344,other
_Z10d9vy7aqFEYPKcS0_,0xe57c0,272,other
_ZN10TGrjdbLUYOD1Ev,0xe58d0,72,other
_ZN10TGrjdbLUYOD2Ev,0xe58d0,72,other
_ZN10TGrjdbLUYOD0Ev,0xe5918,80,other
_ZN10vy1JgaKVkHD1Ev,0xe5968,20,other
_ZN10vy1JgaKVkHD2Ev,0xe5968,20,other
_ZN10vy1JgaKVkHD0Ev,0xe597c,48,other
_ZN10MHEiIauRiT10TogyYaCpryEv,0xe59ac,16,other
_ZN10MHEiIauRiT10TogyYaCpryEi,0xe59bc,136,other
_ZN10MHEiIauRiT10QOvJXarnUREPKviPhj,0xe5a44,212,other
_ZN10MHEiIauRiT10E8yGKaVaqTERK10C8THgaTQxFPhj,0xe5b18,56,other
_ZN10MHEiIauRiT10E8yGKaVaqTEPKviPhj,0xe5b50,96,other
_ZN10MHEiIauRiT10FReiIaT6XSEPKviPhj,0xe5bb0,272,other
_ZN10MHEiIauRiT10FReiIaT6XSERK10C8THgaTQxFPhj,0xe5cc0,108,other
_ZN10MHEiIauRiT10ZCfJXaALGREPKviPhj,0xe5d2c,148,other
_ZN10MHEiIauRiT10H3FyYaR_MyERK10C8THgaTQxFPhj,0xe5dc0,56,other
_ZN10MHEiIauRiT10H3FyYaR_MyEPKviPhj,0xe5df8,96,other
_ZN10MHEiIauRiT10TQ3EYaaR9DEPKviPhj,0xe5e58,280,other
_ZN10MHEiIauRiT10TQ3EYaaR9DERK10C8THgaTQxFPhj,0xe5f70,108,other
_ZN10cHovga0n1u10XKUSGabmOGERK10C8THgaTQxF,0xe5fdc,944,other
_ZN10cHovga0n1u10T5p2FaJzEZERK10C8THgaTQxF,0xe638c,548,other
_Z10WMq3FaR8u_RK10C8THgaTQxF,0xe65b0,120,other
_ZN10cHovga0n1u10thgvgajjVuEPKhPhj,0xe6628,124,other
_ZN10cHovga0n1u10UHr4FaIVl0ERK10C8THgaTQxFS2_,0xe66a4,236,other
_ZN10cHovga0n1u10b2hvgavNWuEPKhPhj,0xe6790,124,other
_ZN10cHovga0n1u10ga33Fadh1_ERK10C8THgaTQxFS2_,0xe680c,236,other
_ZN10cHovga0n1u10AeZ3Fa_7X_ERK10C8THgaTQxF,0xe68f8,92,other
_ZN10cHovga0n1u10oIf7Fa2PI2ERK10C8THgaTQxFS2_,0xe6974,520,other
_ZN10cHovga0n1u10dc16FaRCw2ERK10C8THgaTQxFS2_,0xe6b7c,364,other
_ZN10cHovga0n1u10WfX6Fabts2EP10nenvgaH9_uRK10C8THgaTQxF,0xe6ce8,492,other
_ZN10cHovga0n1u10gLt6FarE31ERK10C8THgaTQxF,0xe6ed4,688,other
_ZN10cHovga0n1u10bwt0faKr04ERK10C8THgaTQxF,0xe7184,420,other
_ZN10cHovga0n1u10wsX0faCDp5ERK10C8THgaTQxFiS2_jRb,0xe7328,716,other
_ZN10cHovga0n1u10cAi0fa7eS4ERK10C8THgaTQxFS2_iS2_,0xe75f4,308,other
_Z10pVp6FaUp01v,0xe7728,60,other
_Z10mYk6FatfX1v,0xe7764,20,other
_ZN10G0gxgajWBw10DGtmMaBAwiEv,0xe7778,8,other
_ZN10G0gxgajWBw10wjnCga8dUAEi,0xe7780,8,other
_ZN10o3AZxayNqc10EgL2xaEnWfEv,0xe7788,44,other
_ZN10G0gxgajWBw10XmPXfa5PW1Ev,0xe77b8,48,other
_ZN10wiULgacZUI10PhVLgaLOVIERK10C8THgaTQxF,0xe7804,100,other
_ZN10wiULgacZUI10e4jIMaevUAERK10C8THgaTQxF,0xe7868,96,other
_ZN10wiULgacZUI10nLULgasmVIERK10C8THgaTQxF,0xe78c8,284,other
_ZN10wiULgacZUI10W3z0fa_X54ERK10C8THgaTQxF,0xe79e4,32,other
_ZN10wiULgacZUI10CFKZJaESyiERK10C8THgaTQxFS2_,0xe7a04,588,crypto-like
_ZN10wiULgacZUI10rIU_fa5jx4ERK10C8THgaTQxF,0xe7c50,96,other
_ZN10wiULgacZUI10saI2JavMTlERK10C8THgaTQxFj,0xe7cb0,112,other
_ZN10wiULgacZUI10ViUvgaHZrvERK10C8THgaTQxFPiPj,0xe7d20,132,other
_ZN10wiULgacZUI10agq_JaaI7iEv,0xe7da4,156,other
_ZN10wiULgacZUI10VBhnLaAqctEv,0xe7e40,172,other
_ZN10wiULgacZUI10_RVvga7htvERK10C8THgaTQxF,0xe7eec,176,other
_ZN10wiULgacZUI10RUnvgavJ0uERK10C8THgaTQxF,0xe7f9c,176,other
_ZN10wiULgacZUI10D1Uvga6AsvERK10C8THgaTQxF,0xe804c,112,other
_ZN10wiULgacZUI10eEjtfaq8gDERK10C8THgaTQxF,0xe80bc,344,other
_ZN10wiULgacZUI10Rr3vga6vAvERK10C8THgaTQxF,0xe8214,328,other
_ZN10wiULgacZUI10TbQ_faGwt4ERK10C8THgaTQxFS2_bb,0xe835c,596,other
_ZN10wiULgacZUI10kZ__fahBC4ERK10C8THgaTQxF,0xe85b0,136,other
_ZN10wiULgacZUI10BGxvgatX8uERK10C8THgaTQxF,0xe8638,344,other
_ZN10wiULgacZUI10Rz3_faQCF4ERK10C8THgaTQxF,0xe8790,352,other
_ZN10wiULgacZUI10QC4ygalv7xERK10C8THgaTQxF,0xe88f0,100,other
_ZN10wiULgacZUI10dIW1JaS_elERK10C8THgaTQxF,0xe8954,132,other
_ZN10wiULgacZUI10SoDvgaHLdvERK10C8THgaTQxF,0xe89d8,232,other
_ZN10wiULgacZUI10VR1DEa2aiOERK10C8THgaTQxF,0xe8ac0,232,other
_ZN10wiULgacZUI10Uv91JaCCqlERK10C8THgaTQxFS2_,0xe8ba8,200,other
_ZN10wiULgacZUI10Yi01JaKSilERK10C8THgaTQxF,0xe8c70,148,other
_ZN10wiULgacZUI10vyv1JaE9SkERK10C8THgaTQxF,0xe8d04,236,other
_ZN10wiULgacZUI10WIOygaAhUxERK10C8THgaTQxF,0xe8df0,304,other
_Z10mw80JaPMzkv,0xe8f20,224,other
_ZN10wiULgacZUI10n_fLga43mIERK10C8THgaTQxF,0xe9000,188,other
_ZN10wiULgacZUI10uBXwKafLkLERK10C8THgaTQxFS2_,0xe90bc,172,other
_ZN10CDPvgaY2nv10Ael5MaUt6UERK10C8THgaTQxF,0xe9194,676,other
_ZN10CDPvgaY2nv10cUqSKaXep2Ev,0xe9438,108,other
_ZN10CDPvgaY2nv10TVu4ManDoUEv,0xe94a4,556,other
_ZN10CDPvgaY2nv10c7PvgaJsovEP10bNZvga2Awv,0xe96d0,1436,other
_ZN10CDPvgaY2nv10mkWQKaPG80Ev,0xe9c6c,260,other
_Z10xhcRKanXm1v,0xe9d70,4,other
_ZN10CDPvgaY2nv10WiJRKaIJO1ERK10C8THgaTQxFS2_b,0xe9d84,1112,other
_ZN10CDPvgaY2nv10N8qRKa3rz1EP10nenvgaH9_uRK10C8THgaTQxFb,0xea1dc,1016,other
_ZN10CDPvgaY2nv10UWDRKakdK1Ev,0xea5d4,632,other
_ZN10QYZugaRKGu10JHX2IaxQ5vEv,0xea860,8,other
_ZN10QYZugaRKGu10AdR2Ia3n0vEv,0xea868,8,other
_ZN10QYZugaRKGu10s322IaCbbwEv,0xea8c8,104,other
_ZN10QYZugaRKGu10I552IasKdwEv,0xea930,52,other
_Z10pi_2Iab17vv,0xea964,284,other
_Z10eOA2IaQzNvv,0xeaa80,56,other
_ZN10KKhLga4xoI10FAaLgaAwiIERK10C8THgaTQxF,0xeaac0,388,other
_ZN10KKhLga4xoI10kEiLgawipIERK10C8THgaTQxF,0xeac60,432,other
_ZN10KKhLga4xoI10tJOiUaYhrZERK10C8THgaTQxF,0xeae20,152,other
_ZN10KKhLga4xoI10g4ouMaaIbpERK10C8THgaTQxF,0xeaeb8,96,other
_ZN10KKhLga4xoI10g4ouMaaIbpERK10CanTfaz6bZ,0xeaf18,140,other
_ZN10KKhLga4xoI10g4ouMaaIbpEPv,0xeafa4,108,other
_ZN10J7zOgaf09KC1ERK10CanTfaz6bZ,0xeb010,28,other
_ZN10J7zOgaf09KC2ERK10CanTfaz6bZ,0xeb010,28,other
_ZN10U1slUah2F0C1EP10J7zOgaf09Kj,0xeb02c,20,other
_ZN10U1slUah2F0C2EP10J7zOgaf09Kj,0xeb02c,20,other
_ZN10KKhLga4xoIC1Ev,0xeb040,44,other
_ZN10KKhLga4xoIC2Ev,0xeb040,44,other
_ZN10KKhLga4xoI5ClearEb,0xeb06c,192,other
_ZN10KKhLga4xoID1Ev,0xeb12c,116,other
_ZN10KKhLga4xoID2Ev,0xeb12c,116,other
_ZN10KKhLga4xoID0Ev,0xeb1a0,32,other
_ZN10KKhLga4xoI10AhL3TaqoMMEP10R_MvgaEQlv,0xeb1c0,20,other
_ZN10KKhLga4xoI10iwP3TaRXPMEP10R_MvgaEQlv,0xeb1d4,76,other
_ZN10KKhLga4xoI10TBCvgay5cvEj,0xeb220,64,other
_ZN10KKhLga4xoI10TBCvgay5cvEjRK10C8THgaTQxF,0xeb260,180,other
_ZN10KKhLga4xoI10TBCvgay5cvEjRK10CanTfaz6bZ,0xeb314,140,other
_ZN10KKhLga4xoI10sZ8vgajaFvEjRK10C8THgaTQxF,0xeb3a0,364,other
_ZN10KKhLga4xoI10sZ8vgajaFvEjRK10CanTfaz6bZ,0xeb50c,320,other
_ZN10KKhLga4xoI10r8HDgaOK0BEP10J7zOgaf09Kj,0xeb64c,120,other
_ZN10KKhLga4xoI10r8HDgaOK0BEP10J7zOgaf09K,0xeb6c4,80,other
_ZN10KKhLga4xoI10mrL7TaCw8PEP10U1slUah2F0,0xeb714,64,other
_ZN10KKhLga4xoI10GmxaEaJGtpEv,0xeb754,304,other
_ZN10KKhLga4xoI9addObjectEP10J7zOgaf09Kj,0xeb884,128,other
_ZN10KKhLga4xoI9addObjectEP10J7zOgaf09KRK10C8THgaTQxF,0xeb904,48,other
_ZN10KKhLga4xoI9addObjectEP10J7zOgaf09KRK10CanTfaz6bZ,0xeb934,48,other
_ZN10KKhLga4xoI9addObjectEP10J7zOgaf09K,0xeb964,64,other
_ZN10NYF9TaOVKRC1ERK10C8THgaTQxFS2_,0xeb9a4,76,other
_ZN10NYF9TaOVKRC2ERK10C8THgaTQxFS2_,0xeb9a4,76,other
_ZN10NYF9TaOVKR10juVsfa5YWCERK10C8THgaTQxF,0xeb9f0,8,other
_ZN10yL3_IaDMFtC1Ev,0xeb9f8,48,other
_ZN10yL3_IaDMFtC2Ev,0xeb9f8,48,other
_ZN10yL3_IaDMFt10a5u9TaVLBREi,0xeba28,8,other
_ZN10yL3_IaDMFt10TBCvgay5cvERK10C8THgaTQxF,0xeba30,176,other
_ZN10yL3_IaDMFt9addObjectEP10NYF9TaOVKR,0xebae0,124,other
_ZN10yL3_IaDMFt10GmxaEaJGtpEv,0xebb5c,352,other
_ZN10yL3_IaDMFt10g6yvgaX89uEP10NYF9TaOVKR,0xebcbc,140,other
_ZN10yL3_IaDMFt10g6yvgaX89uERK10C8THgaTQxF,0xebd48,64,other
_ZN10yL3_IaDMFt5ClearEv,0xebd88,148,other
_ZN10yL3_IaDMFtD1Ev,0xebe1c,64,other
_ZN10yL3_IaDMFtD2Ev,0xebe1c,64,other
_ZN10yL3_IaDMFtD0Ev,0xebe5c,32,other
_ZN10yL3_IaDMFt10blH8Tao4VQERK10C8THgaTQxFb,0xebe7c,152,other
_ZN10yL3_IaDMFt3AddERK10C8THgaTQxF,0xebf14,152,other
_ZN10yL3_IaDMFt10r8HDgaOK0BERK10C8THgaTQxF,0xebfac,32,other
_ZN10yL3_IaDMFt10juVsfa5YWCERK10C8THgaTQxFS2_,0xebfcc,308,other
_ZN10yL3_IaDMFt10xuK9TapJORERK10C8THgaTQxF,0xec100,272,other
_ZN10yL3_IaDMFt10sis3Ha8pwGERK10C8THgaTQxF,0xec210,156,other
_ZN10yL3_IaDMFt6AssignEP10vuuHgangcF,0xec2ac,124,other
_ZN10yL3_IaDMFt10iVjofaNm4yERK10C8THgaTQxF,0xec328,56,other
_ZN10yL3_IaDMFt10gzgLgalynIERK10C8THgaTQxF,0xec360,92,other
_ZN10yL3_IaDMFtC1ERK10C8THgaTQxF,0xec3bc,48,other
_ZN10yL3_IaDMFtC2ERK10C8THgaTQxF,0xec3bc,48,other
_ZN10R_MvgaEQlvD1Ev,0xec3ec,20,other
_ZN10R_MvgaEQlvD2Ev,0xec3ec,20,other
_ZN10R_MvgaEQlv10yq16Ta3OwPEv,0xec400,132,other
_ZN10KKhLga4xoI10Wwg7TaowJPEP10U1slUah2F0,0xec484,164,other
_ZN10KKhLga4xoI10g6yvgaX89uEP10J7zOgaf09Kj,0xec528,72,other
_ZN10KKhLga4xoI10g6yvgaX89uEP10J7zOgaf09KRK10C8THgaTQxF,0xec570,48,other
_ZN10KKhLga4xoI10g6yvgaX89uEP10J7zOgaf09KRK10CanTfaz6bZ,0xec5a0,48,other
_ZN10KKhLga4xoI10g6yvgaX89uEP10J7zOgaf09K,0xec5d0,76,other
_ZN10KKhLga4xoI10g6yvgaX89uERK10C8THgaTQxF,0xec61c,208,other
_ZN10KKhLga4xoI10g6yvgaX89uERK10CanTfaz6bZ,0xec6ec,180,other
_ZN10R_MvgaEQlv10q_90ua70AIEP10KKhLga4xoI,0xec7a0,88,other
_ZN10R_MvgaEQlvC1EP10KKhLga4xoI,0xec7f8,8,other
_ZN10R_MvgaEQlvC2EP10KKhLga4xoI,0xec7f8,8,other
_ZN10R_MvgaEQlv10OGNvgaMpmvEv,0xec800,48,other
_ZN10R_MvgaEQlv10svNvga4fmvEv,0xec830,16,other
_ZN10KKhLga4xoI6AssignEPS_b,0xec840,104,other
_ZN10KKhLga4xoI10VLq7Ta_7RPEP10J7zOgaf09K,0xec8a8,100,other
_ZN10KKhLga4xoI10AotaUajlqSEv,0xec90c,324,other
_ZN10KKhLga4xoI10dL23MaiW0TEv,0xeca50,136,other
_ZN10Zb7cUaSFEU10yq16Ta3OwPEv,0xecad8,128,other
_ZN10Zb7cUaSFEU10q_90ua70AIEP10yL3_IaDMFt,0xecb58,20,other
_ZN10Zb7cUaSFEUC1EP10yL3_IaDMFt,0xecb6c,4,other
_ZN10Zb7cUaSFEUC2EP10yL3_IaDMFt,0xecb6c,4,other
_ZN10Zb7cUaSFEU10OGNvgaMpmvEv,0xecb70,32,other
_ZN10Zb7cUaSFEU10svNvga4fmvEv,0xecb90,16,other
_ZN10yL3_IaDMFt10XEm8Ta8FEQEP10vuuHgangcFRK10C8THgaTQxF,0xecba0,184,other
_ZN10yL3_IaDMFt10SpbdUardIUEv,0xecc58,336,other
_ZN10yL3_IaDMFt10IA7WHax_lAERK10C8THgaTQxF,0xecda8,64,other
_ZN10yL3_IaDMFt10glvHgatZcFEv,0xecde8,440,other
_ZN10NiVAFatPFB10d_cXQa0xq9Ev,0xecfa0,116,other
_ZN10NiVAFatPFB10tDbyKaPonMEb,0xed014,80,other
_ZN10NiVAFatPFB10FWw_Qa_jdcEv,0xed064,84,other
_ZN10NiVAFatPFB10NcxWQawyR8Ev,0xed0d8,716,other
_ZN10NiVAFatPFB10vxNWQaOh48Ev,0xed3a4,156,other
_ZN10NiVAFatPFB10adAWQaE4T8Ev,0xed440,104,other
_ZN10NiVAFatPFB10mzczSarbewERK10C8THgaTQxF,0xed4a8,172,other
_ZN10NiVAFatPFB10d_f_Qa03ZbEv,0xed554,132,other
_ZN10NiVAFatPFB10VlsAFa7shBEv,0xed5d8,188,other
_ZN10NiVAFatPFB10qstsLaCozxEi,0xed6b4,200,other
_Z10ToRQ2aCx4_v,0xed79c,20,other
_ZN10vy1JgaKVkH10oP8REaQ19ZEi,0xed7b0,124,other
_ZN10vy1JgaKVkH3AddEPv,0xed82c,92,other
_ZN10vy1JgaKVkH6InsertEiPv,0xed888,320,other
_ZN10vy1JgaKVkH7ReplaceEiPv,0xed9c8,28,other
_ZNK10vy1JgaKVkH10JtTLgaLhUIEPKv,0xed9e4,80,other
_ZN10vy1JgaKVkH5ClearEv,0xeda34,48,other
_ZN10vy1JgaKVkH6DeleteEi,0xeda64,280,other
_ZN10vy1JgaKVkH6RemoveEPv,0xedb7c,72,other
_ZN10vy1JgaKVkH10F11REa8j4ZEv,0xedbc4,88,other
_ZN10vy1JgaKVkH6AssignEPS_,0xedc1c,116,other
_ZN10vy1JgaKVkH10TF9BgaVKIAEPS_ii,0xedc90,184,other
_ZN10vy1JgaKVkH10TF9BgaVKIAEPS_,0xedd48,20,other
_ZNK10vy1JgaKVkHixEi,0xedd5c,44,other
_ZNK10vy1JgaKVkH10iqwRgaITDNEi,0xedd88,44,other
_ZNK10vy1JgaKVkH10sULREacVQZEi,0xeddb4,44,other
_ZN10vy1JgaKVkH5qsortEPvmmPFiPKvS2_E,0xedde0,4,other
_ZN10vy1JgaKVkH4SortEPFiPKvS1_E,0xedde4,40,other
_ZN10f6WHgaQkAF10irmvgaEu_uERK10C8THgaTQxFP10nenvgaH9_u,0xede48,296,other
_ZN10f6WHgaQkAF10sfhvgaC7VuERK10C8THgaTQxFP10nenvgaH9_u,0xedf70,296,other
_ZN10f6WHgaQkAF10UvhzgawliyERK10C8THgaTQxFiS2_,0xee098,164,other
_ZN10f6WHgaQkAF10FVQvga97ovERK10C8THgaTQxF,0xee13c,84,other
_ZN10f6WHgaQkAF10aVawgaFNGvERK10C8THgaTQxF,0xee190,160,other
_ZN10f6WHgaQkAF10JhXvgaFuuvEP10bNZvga2Awv,0xee230,164,other
_ZN10f6WHgaQkAF10iwUvgaL9rvEP10bNZvga2AwvRK10C8THgaTQxFS4_j,0xee2d4,492,other
_ZN10f6WHgaQkAF10B_ZvgaiMwvERK10C8THgaTQxF,0xee4c0,152,other
_ZN10f6WHgaQkAF10VG5ugaNoMuERK10C8THgaTQxF,0xee558,1488,other
_ZN10f6WHgaQkAF10nZdzgaknfyERK10C8THgaTQxF,0xeeb28,188,other
_ZN10f6WHgaQkAF10twbzgaWidyERK10C8THgaTQxF,0xeebe4,884,other
_ZN10f6WHgaQkAF10IQxvga548uERK10C8THgaTQxF,0xeef58,312,other
_ZN10f6WHgaQkAF10fxivgaycXuERK10C8THgaTQxFb,0xef090,1296,other
_ZN10f6WHgaQkAF10mS9ygaqVbyERK10C8THgaTQxF,0xef5a0,252,other
_ZN10f6WHgaQkAF10pguygap4CxERK10C8THgaTQxFib,0xef69c,568,other
_ZN10f6WHgaQkAF10ZvYygaHw1xERK10C8THgaTQxFi,0xef8d4,680,other
_ZN10f6WHgaQkAF10ztAygaBiIxERK10C8THgaTQxF,0xefb7c,80,other
_ZN10f6WHgaQkAF10iaBygafTIxERK10C8THgaTQxFb,0xefbcc,260,other
_ZN10f6WHgaQkAF10avaygaNrmxERK10C8THgaTQxFbb,0xefcd0,240,other
_ZN10f6WHgaQkAF10BacygayRnxERK10C8THgaTQxFbb,0xefdc0,152,other
_ZN10f6WHgaQkAF10yF4xgaAxhxERK10C8THgaTQxF,0xefe58,32,other
_ZN10f6WHgaQkAF10r3WHgaBiAFERK10C8THgaTQxFb,0xefe78,196,other
_ZN10f6WHgaQkAF10M14xgafRhxEc,0xeff3c,284,other
_Z10bylygaqKvxv,0xf0058,180,other
_Z10F9mygaM5wxv,0xf010c,4,other
_Z10hwJNhbKUrAPKvS0_,0xf0110,36,other
_ZN10OOmzgapOmyD1Ev,0xf0134,104,other
_ZN10OOmzgapOmyD2Ev,0xf0134,104,other
_ZN10OOmzgapOmyD0Ev,0xf019c,32,other
_ZN10H4zIGaBY6xD1Ev,0xf01bc,104,other
_ZN10H4zIGaBY6xD2Ev,0xf01bc,104,other
_ZN10H4zIGaBY6xD0Ev,0xf0224,32,other
_Z10LZwygaImFxPKvS0_,0xf0244,424,other
_ZN10OOmzgapOmyC1ERK10C8THgaTQxF,0xf03ec,172,other
_ZN10OOmzgapOmyC2ERK10C8THgaTQxF,0xf03ec,172,other
_ZN10OOmzgapOmy10V4HBQaVHkSERK10C8THgaTQxF,0xf0498,92,other
_ZN10OOmzgapOmy10wynzgaLqnyERK10C8THgaTQxF,0xf04f4,160,other
_ZN10EXZ0IaPJruD1Ev,0xf0594,84,other
_ZN10EXZ0IaPJruD2Ev,0xf0594,84,other
_ZN10EXZ0IaPJruaSERK10C8THgaTQxF,0xf05e8,240,other
_ZN10H4zIGaBY6xC1EPv,0xf06d8,172,other
_ZN10H4zIGaBY6xC2EPv,0xf06d8,172,other
_ZN10H4zIGaBY6x10V4HBQaVHkSEPv,0xf0784,100,other
_ZN10H4zIGaBY6x10wynzgaLqnyEPvRK10C8THgaTQxF,0xf07e8,132,other
_ZN10uVBvgaZvcvC1ERK10C8THgaTQxF,0xf086c,100,other
_ZN10uVBvgaZvcvC2ERK10C8THgaTQxF,0xf086c,100,other
_ZN10bNZvga2Awv10K0dBQahpWRC1Ev,0xf08d0,52,other
_ZN10bNZvga2Awv10K0dBQahpWRC2Ev,0xf08d0,52,other
_ZN10bNZvga2AwvC1ERK10C8THgaTQxF,0xf0904,96,other
_ZN10bNZvga2AwvC2ERK10C8THgaTQxF,0xf0904,96,other
_Z10XU4ugaHKLuP10bNZvga2AwvS0_,0xf0964,420,other
_ZNK10bNZvga2Awv10DlUjZaW0lcEv,0xf0b08,172,other
_ZN10bNZvga2Awv10EXwEyaPkILEPS_,0xf0bb4,172,other
_ZN10bNZvga2Awv10fcvJQaTRTYEv,0xf0c60,164,other
_ZN10bNZvga2AwvD1Ev,0xf0d04,368,other
_ZN10bNZvga2AwvD2Ev,0xf0d04,368,other
_ZN10bNZvga2AwvD0Ev,0xf0e74,32,other
_ZN10bNZvga2Awv10rEUByaJgvJEv,0xf0e94,136,other
_ZN10bNZvga2Awv10QoawgaFmGvEPS_,0xf0f1c,540,other
_ZN10bNZvga2Awv10Rjyvganu9uEv,0xf1138,184,other
_ZN10bNZvga2Awv10L5bygaBNnxEv,0xf11f0,1480,other
_ZN10bNZvga2Awv10jctF_aXavkEv,0xf17b8,168,other
_ZN10bNZvga2Awv10rGpygapdzxEv,0xf1860,176,other
_Z10dZEN2aa5nYv,0xf1910,48,other
_ZN10uVBvgaZvcvD1Ev,0xf1940,64,other
_ZN10uVBvgaZvcvD2Ev,0xf1940,64,other
_ZN10uVBvgaZvcvD0Ev,0xf1980,72,other
_ZN10nenvgaH9_u5ClearEv,0xf1af8,40,other
_ZN10nenvgaH9_u10PHFwgaxH5vEi,0xf1b20,64,other
_ZN10nenvgaH9_u4readEPvi,0xf1b60,216,other
_ZN10nenvgaH9_u10B3xXfaLgI1ERK10C8THgaTQxF,0xf1c6c,384,other
_ZN10nenvgaH9_u10B3xXfaLgI1ERK10C8THgaTQxFii,0xf1dec,408,other
_ZN10nenvgaH9_u10IA7WHax_lAERK10C8THgaTQxFj,0xf1f84,568,other
_ZN10nenvgaH9_u10HTRlZavX_dEv,0xf21bc,208,other
_ZN10nenvgaH9_u10DOoTHaeudxEv,0xf228c,136,other
_ZN10nenvgaH9_u5writeEPKc,0xf2314,96,other
_ZN10nenvgaH9_u10ASbByaEBUIEP19zlib_filefunc_def_s,0xf2374,92,other
_ZN10C8THgaTQxF5clearEv,0xf23d0,68,other
_ZN10C8THgaTQxF10y_WHgaffAFEv,0xf24b0,116,other
_ZN10C8THgaTQxF10fxNcJaEhnEEv,0xf2524,108,other
_ZN10C8THgaTQxF10PHFwgaxH5vEib,0xf2590,260,other
_ZN10C8THgaTQxF10f7_SgaGITOEPKci,0xf2694,204,other
_ZN10C8THgaTQxFaSERKS_,0xf2760,88,other
_ZN10C8THgaTQxFlsERKS_,0xf27b8,84,other
_ZN10C8THgaTQxFlsEPKc,0xf280c,60,other
_ZN10C8THgaTQxF10bhKcJa1xkEEiiibb,0xf2848,344,other
_ZN10C8THgaTQxFlsEi,0xf29a0,48,other
_ZN10C8THgaTQxF10UzpcJaT72DEjiibb,0xf29d0,284,other
_ZN10C8THgaTQxFlsEj,0xf2aec,48,other
_ZN10C8THgaTQxF10LIscJapM5DEyiibb,0xf2b1c,264,other
_ZN10C8THgaTQxFlsEy,0xf2c24,48,other
_ZN10C8THgaTQxF10b8kcJaso_DEjiibbb,0xf2c54,280,other
_ZN10C8THgaTQxF10YZRbJaV1ADEdiibb,0xf2d6c,1072,other
_ZN10C8THgaTQxFlsEd,0xf31b0,48,other
_ZN10C8THgaTQxFlsEc,0xf31e0,48,other
_ZN10C8THgaTQxFixEi,0xf3210,60,other
_ZNK10C8THgaTQxFixEi,0xf324c,52,other
_ZeqRK10C8THgaTQxFS1_,0xf3280,160,other
_ZeqRK10C8THgaTQxFPKc,0xf3320,172,other
_ZeqPKcRK10C8THgaTQxF,0xf33cc,152,other
_ZneRK10C8THgaTQxFS1_,0xf3464,164,other
_ZneRK10C8THgaTQxFPKc,0xf3508,172,other
_ZnePKcRK10C8THgaTQxF,0xf35b4,156,other
_ZgtRK10C8THgaTQxFS1_,0xf3650,364,other
_ZN10C8THgaTQxF10QhxbJaMCjDERK10CanTfaz6bZ,0xf37bc,204,other
_ZN10C8THgaTQxFaSER10CanTfaz6bZ,0xf3888,48,other
_ZN10C8THgaTQxF10Mripga77TpEbPKcP10ySrpgaC30p,0xf38b8,1332,other
_ZN10C8THgaTQxF10aW8aJaB7ZCEbPKcSt9__va_list,0xf3dec,88,other
_ZN10C8THgaTQxF8snprintfEPciPKcz,0xf3e44,288,other
_ZN10C8THgaTQxF9vsnprintfEPciPKcSt9__va_list,0xf3f64,200,other
_ZN10C8THgaTQxF6formatEbPKcz,0xf402c,160,other
_ZNK10C8THgaTQxF10JtTLgaLhUIEc,0xf40cc,68,other
_ZNK10C8THgaTQxF10JtTLgaLhUIEci,0xf4110,100,other
_ZNK10C8THgaTQxF10JtTLgaLhUIERKS_,0xf4174,248,other
_ZNK10C8THgaTQxF10JtTLgaLhUIERKS_i,0xf426c,268,other
_ZNK10C8THgaTQxF10QgaLgaQfiIEii,0xf4378,264,other
_ZNK10C8THgaTQxF10QgaLgaQfiIEi,0xf4480,76,other
_ZN10C8THgaTQxF7replaceERS_S0_,0xf44cc,332,other
_ZN10C8THgaTQxF10pRRYgaxVOTEi,0xf4618,168,other
_ZNK10C8THgaTQxF10fEtHgarybFERKS_,0xf46c0,116,other
_ZNK10C8THgaTQxF10ziafJafhnGERKS_i,0xf4734,140,other
_ZNK10C8THgaTQxF4endsERKS_,0xf47c0,128,other
_ZNK10C8THgaTQxF5lowerEv,0xf4840,288,other
_ZNK10C8THgaTQxF5upperEv,0xf4960,116,other
_ZNK10C8THgaTQxF10_xFPgaiz4LEv,0xf49d4,308,other
_ZNK10C8THgaTQxF10k4GeJakRYFEv,0xf4b08,160,other
_ZNK10C8THgaTQxF10B_TeJaiJ8FEv,0xf4ba8,176,other
_ZN10C8THgaTQxF10strcasecmpEPKcS1_,0xf4c58,4,other
_ZNK10C8THgaTQxF10nVCrgaSlRrERKS_,0xf4c5c,60,other
_ZNK10C8THgaTQxF10Ven3gakasYERKS_,0xf4c98,108,other
_ZN10C8THgaTQxF11strncasecmpEPKcS1_i,0xf4d04,8,other
_ZNK10C8THgaTQxF10lHgfJa9EsGERKS_,0xf4d0c,112,other
_ZNK10C8THgaTQxF10LYKeJaS70FERKS_,0xf4d7c,128,other
_Z10dkzogaGkhpRK10C8THgaTQxFS1_,0xf4dfc,192,other
_Z10_6WeJaGlbGcRK10C8THgaTQxF,0xf4ebc,100,other
_Z10Msu4gaSeoZRK10C8THgaTQxF,0xf4f20,488,other
_Z10rFoeJatmJFRK10C8THgaTQxF,0xf5108,436,other
_Z10nak8fakACbRK10C8THgaTQxF,0xf52bc,452,other
_Z10WgBeJa1YTFd,0xf5480,120,other
_Z10ooEeJa7AWFRK10C8THgaTQxF,0xf54f8,304,other
_Z10PE7dJa02uFb,0xf5628,100,other
_Z10JKaeJa3ExFRK10C8THgaTQxF,0xf568c,108,other
_Z10a23dJao0rFRK10C8THgaTQxF,0xf56f8,136,other
_Z10R3jeJaVuFFRK10C8THgaTQxF,0xf5780,244,other
_Z10Z1ceJasAzFRK10C8THgaTQxF,0xf5874,388,other
_Z10AOQdJah2fFRK10C8THgaTQxF,0xf59f8,404,other
_Z10Wg1dJa1GpFRK10C8THgaTQxF,0xf5b8c,320,other
_Z10D0xdJaae0ERK10C8THgaTQxF,0xf5ccc,328,other
_Z10nirdJa9zVERK10C8THgaTQxF,0xf5e14,324,other
_Z10FcEdJair5ERK10C8THgaTQxF,0xf5f58,312,other
_Z10UhHdJaQ17ERK10C8THgaTQxF,0xf6090,272,other
_Z10_vLrgaCAYrRK10C8THgaTQxF,0xf61a0,200,other
_Z10mPPrgaOc1rRK10C8THgaTQxF,0xf6268,208,other
_Z10XFciJaZgWIv,0xf6338,56,other
_Z10xj56fa94zav,0xf6370,36,other
_Z10QW5hJagCQIv,0xf6394,88,other
_Z10dZTyga4HYxRK10C8THgaTQxFS1_,0xf63ec,456,other
_Z10OJVhJaibHIdddi,0xf65b4,180,other
_Z10nk67faKWqbdd,0xf6678,144,other
_Z10Z_3hJaGZOIv,0xf6728,96,other
_ZN10ySrpgaC30pD1Ev,0xf6788,4,other
_ZN10ySrpgaC30pD2Ev,0xf6788,4,other
_ZN10ySrpgaC30p10LlopgaY5YpEv,0xf678c,8,other
_ZN10ySrpgaC30p10mgCpgamO9pEv,0xf6794,8,other
_ZN10ySrpgaC30p10tfvpgaJU3pEv,0xf679c,8,other
_ZN10ySrpgaC30p10B8wpgaSu5pEv,0xf67a4,8,other
_ZN10ySrpgaC30p10iJypgaNP6pEi,0xf67ac,8,other
_ZN10ySrpgaC30p10a67ogaLqLpEi,0xf67b4,8,other
_ZN10ySrpgaC30p10nn9ogamvMpEi,0xf67bc,8,other
_ZN10ySrpgaC30p10Ym2oga0BGpEi,0xf67c4,8,other
_ZN10m9DfJatoMG10LlopgaY5YpEv,0xf67cc,60,other
_ZN10m9DfJatoMG10mgCpgamO9pEv,0xf6808,60,other
_ZN10m9DfJatoMG10tfvpgaJU3pEv,0xf6844,60,other
_ZN10m9DfJatoMG10B8wpgaSu5pEv,0xf6880,60,other
_ZN10m9DfJatoMGD1Ev,0xf68bc,4,other
_ZN10m9DfJatoMGD2Ev,0xf68bc,4,other
_ZN10m9DfJatoMGD0Ev,0xf68c0,4,other
_ZN10ySrpgaC30pD0Ev,0xf68c4,4,other
_ZN10vuuHgangcFC1Ev,0xf68f4,52,other
_ZN10vuuHgangcFC2Ev,0xf68f4,52,other
_ZN10vuuHgangcF10oP8REaQ19ZEi,0xf6928,92,other
_ZN10vuuHgangcF3AddERK10CanTfaz6bZ,0xf6984,120,other
_ZN10vuuHgangcF3AddERK10C8THgaTQxF,0xf69fc,68,other
_ZN10vuuHgangcF3AddEPKc,0xf6a40,68,other
_ZN10vuuHgangcF5ClearEv,0xf6a84,136,other
_ZN10vuuHgangcFD1Ev,0xf6b0c,40,other
_ZN10vuuHgangcFD2Ev,0xf6b0c,40,other
_ZN10vuuHgangcFD0Ev,0xf6b34,32,other
_ZNK10vuuHgangcF10Nw0HMaf3DAEv,0xf6b54,96,other
_ZN10vuuHgangcF6InsertEiRK10CanTfaz6bZ,0xf6bb4,320,other
_ZN10vuuHgangcF7ReplaceEiRK10CanTfaz6bZ,0xf6cf4,56,other
_ZN10vuuHgangcF6DeleteEi,0xf6d2c,336,other
_ZNK10vuuHgangcF10JtTLgaLhUIERK10CanTfaz6bZ,0xf6e7c,140,other
_ZN10vuuHgangcF6RemoveERK10CanTfaz6bZ,0xf6f08,72,other
_ZNK10vuuHgangcF10JtTLgaLhUIERK10C8THgaTQxF,0xf6f50,76,other
_ZNK10vuuHgangcF10W2tZ2afUk7ERK10C8THgaTQxF,0xf6f9c,176,other
_ZN10vuuHgangcF10Lt1gLaHRWnERK10C8THgaTQxF,0xf704c,348,other
_ZN10vuuHgangcF10gzgLgalynIERK10C8THgaTQxF,0xf71a8,676,other
_ZN10vuuHgangcFC1ERK10C8THgaTQxFb,0xf744c,56,other
_ZN10vuuHgangcFC2ERK10C8THgaTQxFb,0xf744c,56,other
_ZNK10vuuHgangcF10LzrhKaQOhyEv,0xf7484,292,other
_ZNK10vuuHgangcF10glvHgatZcFEv,0xf75a8,200,other
_ZNK10vuuHgangcFixEi,0xf7670,88,other
_ZN10vuuHgangcF6AssignEPS_,0xf76c8,200,other
_ZN10vuuHgangcF10TF9BgaVKIAEPS_ii,0xf7790,244,other
_ZN10vuuHgangcF3AddEPS_,0xf7884,20,other
_ZN10vuuHgangcF10TF9BgaVKIAEPS_,0xf7898,20,other
_ZNK10vuuHgangcF3GetEi,0xf78ac,88,other
_ZNK10vuuHgangcF10iVjofaNm4yERK10C8THgaTQxF,0xf7904,236,other
_ZN10vuuHgangcF10juVsfa5YWCERK10C8THgaTQxFS2_,0xf79f0,408,other
_ZN10vuuHgangcF10zY3xgaGXgxEP10nenvgaH9_u,0xf7b88,132,other
_ZN10vuuHgangcF10vnZYgaofVTERK10C8THgaTQxF,0xf7c0c,172,other
_ZN10vuuHgangcF10B3xXfaLgI1ERK10C8THgaTQxF,0xf7cb8,136,other
_ZNK10vuuHgangcF10bwoY2aKeq6Ev,0xf7d40,436,other
_ZNK10vuuHgangcF10IA7WHax_lAERK10C8THgaTQxFj,0xf7ef4,524,other
_ZN10vuuHgangcF4SortEv,0xf8100,504,other
_ZN10vuuHgangcF10q316gaulx0ERK10C8THgaTQxFS2_,0xf82f8,972,other
_ZN10vuuHgangcF10IUx02am838ERK10C8THgaTQxF,0xf86c4,264,other
_ZN10zYRMgaG0IJ10v7ptfa1AmDEv,0xf87f0,28,other
_ZN10zYRMgaG0IJ10WzlLKaVLrXEv,0xf897c,56,other
_ZN10zYRMgaG0IJ10Uev7fajUVaEv,0xf89b4,136,other
_ZN10zYRMgaG0IJ10FYcZgaMw6TEv,0xf8a48,56,other
_ZN10zYRMgaG0IJ10iLsLKatOxXEj,0xf8a8c,116,other
_ZN10zYRMgaG0IJ10cjrsLaJAxxEv,0xf8b00,52,other
_Z10B2aLKaPUiXv,0xf8b58,56,other
_ZN10CanTfaz6bZ10uTzSjboOwkEv,0xf8b90,208,other
_Z10P6UL2avFVWv,0xf8c60,4,other
_ZN10CanTfaz6bZ5clearEv,0xf8c64,68,other
_ZN10CanTfaz6bZaSERKS_,0xf8ca8,88,other
_ZN10CanTfaz6bZ10OZpSjbLtokERK10C8THgaTQxF,0xf8d00,224,other
_ZN10CanTfaz6bZ10wsWEEaIN2OERKS_,0xf8de0,116,other
_ZN10CanTfaz6bZ10lgBtMalYvoES_,0xf8e54,116,other
_ZNK10CanTfaz6bZ6EqualsERKS_,0xf8ec8,140,other
_ZNK10CanTfaz6bZ10fEtHgarybFERKS_,0xf8f54,116,other
_ZNK10CanTfaz6bZ10lHgfJa9EsGERKS_,0xf8fc8,200,other
_ZNK10CanTfaz6bZ10Ven3gakasYERKS_,0xf9090,232,other
_ZN10CanTfaz6bZ10gwFWfaPxY0Ev,0xf9178,32,other
_ZN10CanTfaz6bZaSERK10C8THgaTQxF,0xf9198,32,other
_ZN10CanTfaz6bZ9setbufferEPKci,0xf91b8,172,other
_ZN10CanTfaz6bZ10y_WHgaffAFEv,0xf9264,116,other
_ZN10CanTfaz6bZaSEPKc,0xf92d8,56,other
_ZNK10CanTfaz6bZixEi,0xf9310,100,other
_ZN10CanTfaz6bZ3AddERKS_,0xf9374,312,other
_ZN10cHovga0n1u10D855FaUMK1ERK10C8THgaTQxFS2_,0xf94ac,296,other
_ZN10cHovga0n1u10HT05FaBmG1ERK10C8THgaTQxFS2_,0xf95d4,292,other
_ZN10cHovga0n1u10GjD5FacHl1ERK10C8THgaTQxFS2_,0xf96f8,296,other
_ZN10cHovga0n1u10rmy5FaAwh1ERK10C8THgaTQxFS2_S2_,0xf9820,304,other
_ZN10cHovga0n1u10GlN5FaT7t1ERK10C8THgaTQxF,0xf9950,128,other
_ZN10cHovga0n1u10KfmKYaUkCIERK10C8THgaTQxF,0xf99d0,152,other
_ZN10cHovga0n1u10OQfeYa5WBhEPv,0xf9a68,12,other
_ZN10cHovga0n1u10r5NzYabLJzEPvPhS1_i,0xf9a74,28,other
_ZN10cHovga0n1u10ToI5FaIYp1ERK10C8THgaTQxFS2_,0xf9a90,252,other
_ZN10cHovga0n1u10yRzKYaMMNIERK10C8THgaTQxFS2_b,0xf9b8c,244,other
_ZN10cHovga0n1u10ZirdYaFAVgEPv,0xf9c80,12,other
_ZN10cHovga0n1u10wdyzYa5owzEPvPhS1_i,0xf9c8c,28,other
_ZN10cHovga0n1u10eDbEYaGoqDEPvPhS1_i,0xf9ca8,28,other
_ZN10cHovga0n1u10XImRFavJvPERK10C8THgaTQxFS2_S2_,0xf9cc4,300,other
_ZN10cHovga0n1u10ALhRFaLyrPERK10C8THgaTQxFS2_S2_,0xf9df0,264,other
_ZN10cHovga0n1u10AeZ3Fa_7X_EPKhi,0xf9ef8,172,other
_ZN10cHovga0n1u10BlR0faOuk5ERK10C8THgaTQxFPh,0xf9fa4,132,other
_ZN10cHovga0n1u10omxRFarGEPERK10C8THgaTQxF,0xfa028,176,other
_ZN10qjQMgaXCHJ10cWQMgaD8HJEPKc,0xfa0d8,4,other
_ZN10qjQMgaXCHJ10cWQMgaD8HJERK10C8THgaTQxFdddPKc,0xfa0dc,576,other
_Z10NZQXfaKbY1RK10C8THgaTQxF,0xfa31c,44,other
_ZN10qjQMgaXCHJ6printfEPKcz,0xfa348,196,other
_ZN10qjQMgaXCHJ10mc0mLa5MYsEPKcz,0xfa40c,196,other
_ZN10qjQMgaXCHJ10XE6mLa8c3sEPKcz,0xfa4d0,196,other
_ZN10qjQMgaXCHJ10CULmLamVLsEv,0xfa594,100,other
_ZN10qjQMgaXCHJ10c4RmLa65QsEv,0xfa5f8,496,other
_Z10AWPmLa0iPsv,0xfa7e8,68,other
_Z10F8imLaWInsv,0xfa82c,4,other
_ZN10SYX_HaZ3zD6actionERK10C8THgaTQxFS2_S2_d,0xfa830,596,other
_ZN10SYX_HaZ3zD6actionERK10C8THgaTQxFS2_S2_S2_,0xfaa84,4,other
_ZN10SYX_HaZ3zD10ICYxFajCbzEv,0xfaa88,32,other
_ZN10SYX_HaZ3zD10HitCFangZCEP10R94BFa3XEC,0xfaaac,232,other
_ZN10SYX_HaZ3zD10xWTyFaSFYzEv,0xfab94,168,other
_ZN10SYX_HaZ3zD4initEv,0xfac3c,4,other
_ZN10SYX_HaZ3zD10HSPBFaLfrCEv,0xfac40,68,other
_ZN10SYX_HaZ3zD10DhDBFatFgCEP10vuuHgangcFb,0xfac84,600,other
_ZN10SYX_HaZ3zD10EP5AFabwPBERK10C8THgaTQxFP10vuuHgangcF,0xfaee8,1800,other
_Z10LQ8NEa22NWv,0xfb600,64,other
_Z10tz4NEaysKWv,0xfb640,20,other
_Z10c_1EFaUh8EPj,0xfbf50,36,other
_Z10gfBEFaqXLEPj,0xfc174,48,other
_Z10BByIvagJ5hv,0xfc1b0,4,other
_ZN10esKIvakHfiC1Ev,0xfc1b4,268,other
_ZN10esKIvakHfiC2Ev,0xfc1b4,268,other
_ZN10esKIvakHfi5resetEv,0xfc2c0,280,other
_ZN10esKIvakHfiD1Ev,0xfc3d8,48,other
_ZN10esKIvakHfiD2Ev,0xfc3d8,48,other
_ZN10Uo5IvaD9xiC1ERK10C8THgaTQxF,0xfc408,172,other
_ZN10Uo5IvaD9xiC2ERK10C8THgaTQxF,0xfc408,172,other
_ZN10esKIvakHfi10wmbOvaFaQmEv,0xfc4b4,184,other
_ZN10esKIvakHfi10Qa_NvaTVFmEP10Uo5IvaD9xi,0xfc56c,568,other
_ZN10esKIvakHfi10I4VHgaCtzFEb,0xfc7a4,8,other
_ZN10esKIvakHfi10bCpNvaN9amEv,0xfc7ac,300,other
_ZN10esKIvakHfi10_IfAFaEQ6AEP10vuuHgangcF,0xfc8d8,1368,other
_ZN10esKIvakHfi10MD3Pva7FpoERK10C8THgaTQxFb,0xfce40,256,other
_Z10WHwPvaE7Xnv,0xfcf40,44,other
_ZN10esKIvakHfi10qHCNva89lmEv,0xfcf6c,164,other
_ZN10esKIvakHfi10t_gNvaaV3lERK10C8THgaTQxF,0xfd010,84,other
_Z10_EncNahw1_v,0xfd650,20,other
_ZN10IIAnGagvsgC1EPS_iiiib,0xfd664,104,other
_ZN10IIAnGagvsgC2EPS_iiiib,0xfd664,104,other
_ZN10IIAnGagvsg5clearEv,0xfd6cc,116,other
_ZN10IIAnGagvsgD1Ev,0xfd740,20,other
_ZN10IIAnGagvsgD2Ev,0xfd740,20,other
_ZN10IIAnGagvsgD0Ev,0xfd754,32,other
_ZN10IIAnGagvsg9addObjectEPvRK10i7FHgaP2lF,0xfd774,616,other
_ZN10IIAnGagvsg10g6yvgaX89uEPvRK10i7FHgaP2lF,0xfd9dc,388,other
_ZN10IIAnGagvsg10o6cnGa4D8fEPvRK10i7FHgaP2lFS3_,0xfdb60,980,other
_ZN10IIAnGagvsg10tJmrGaSJDjEPFbPvERK10i7FHgaP2lF,0xfdf34,276,other
_ZN10fFOoganeup10N6fLMatanDERK10C8THgaTQxFb,0xfe48c,516,other
_ZN10fFOoganeup10UdQoganyvpERK10C8THgaTQxFb,0xfe690,928,other
_ZN10fFOoganeup10lj6s3aSV5wERK10C8THgaTQxF,0xfee48,480,other
_ZN10fFOoganeup10R27kva4noZERK10C8THgaTQxF,0xff594,200,other
_Z10_slS2abGk1v,0xff65c,400,other
_Z10iaiM1alUe6v,0xff7ec,20,other
_ZN10AUzMgaePtJ10t5AMgadPuJEv,0xff800,40,other
_ZN10AUzMgaePtJ10dGBMgabjvJEv,0xff828,76,other
_ZN10AUzMgaePtJ5clearEv,0xff874,116,other
_ZN10AUzMgaePtJ4pushERK10rizMgadjtJ,0xff8e8,160,other
_ZN10AUzMgaePtJ4pushEPf,0xff988,108,other
_ZN10AUzMgaePtJ4pushEfffff,0xff9f4,160,other
_ZN10AUzMgaePtJ3popEv,0xffa94,104,other
_Z10HnexgaAIzwv,0xffafc,68,other
_ZN10r1dvgaPpTuC1ERK10C8THgaTQxF,0xffb40,88,other
_ZN10r1dvgaPpTuC2ERK10C8THgaTQxF,0xffb40,88,other
_ZN10r1dvgaPpTu10Py4rfa3reCEv,0xffb98,108,other
_ZN10r1dvgaPpTuD1Ev,0xffc04,64,other
_ZN10r1dvgaPpTuD2Ev,0xffc04,64,other
_ZN10r1dvgaPpTuD0Ev,0xffc44,32,other
_ZN10r1dvgaPpTu10wq9rfa1xiCEv,0xffc64,832,other
_ZN10r1dvgaPpTu10L06rfaiwgCEv,0xfffa4,60,other
_ZN10r1dvgaPpTu10zaevgaCxTuERK10C8THgaTQxF,0xfffe0,84,other
_ZN10r1dvgaPpTu10qwJrfaTUWBERK10CanTfaz6bZ,0x100034,208,other
_Z10L9BrfaYIQBv,0x100104,48,other
_ZN10X7ZxganTcx10t5AMgadPuJEv,0x100134,40,other
_ZN10X7ZxganTcx10dGBMgabjvJEv,0x10015c,76,other
_ZN10X7ZxganTcx5clearEv,0x1001a8,116,other
_ZN10X7ZxganTcx10kcIzFa3NEAERK10bagMga8cdJi,0x10021c,152,other
_ZN10X7ZxganTcx10z_mOfamYZUER10bagMga8cdJRi,0x1002b4,380,other
_ZN10X7ZxganTcx4pushERK10RWahgahP3i,0x100430,160,other
_ZN10X7ZxganTcx4pushEPf,0x1004d0,124,other
_ZN10X7ZxganTcx4pushERK10bagMga8cdJi,0x10054c,72,other
_ZN10X7ZxganTcx3popEv,0x100594,104,other
_Z10T6XyFazb1zv,0x1005fc,68,other
_ZN10qsr_gawI8U10OY5TgaPDOPEPhii,0x100640,40,other
_ZN10qsr_gawI8UD1Ev,0x100668,72,other
_ZN10qsr_gawI8UD2Ev,0x100668,72,other
_ZN10qsr_gawI8UD0Ev,0x1006b0,32,other
_ZN10qsr_gawI8U10KQm_ga7P4UEv,0x1006d0,172,other
_ZN10qsr_gawI8U10t_8wfaabvGEiiiiPhii,0x10077c,264,other
_ZN10qsr_gawI8UC1EP10LJyzga9Pwyiiii,0x100884,68,other
_ZN10qsr_gawI8UC2EP10LJyzga9Pwyiiii,0x100884,68,other
_ZN10qsr_gawI8U10PHFwgaxH5vEii,0x1008c8,168,other
_ZN10oMhmIajzmW10aZ9nIa7_WXEv,0x100970,8,other
_ZN10oMhmIajzmW10I3_JfaSFjREP10uSjUgask_Pffffiiii,0x100978,4,other
_ZN10oMhmIajzmW10pNXRfaaV_XEiiPKfS1_S1_S1_PKv,0x10097c,4,other
_ZN10oMhmIajzmW10D8eJfa_lGQEiiPKfS1_S1_S1_PKvii,0x100980,4,other
_ZN10oMhmIajzmW10TVnAfatKdJEiiiPKv,0x100984,4,other
_ZN10oMhmIajzmW10gRTfHauBZ_Eii,0x100988,4,other
_ZN10oMhmIajzmW10arzfHawqI_Ev,0x10098c,4,other
_ZN10oMhmIajzmW10gSNIfakziQEi,0x100990,4,other
_ZN10oMhmIajzmW10DgqIfaJIZPERK10bagMga8cdJ,0x100994,4,other
_ZN10oMhmIajzmW10uwBIfa2a8PEf,0x100998,4,other
_ZN10oMhmIajzmW10EMsIfazP0PEv,0x10099c,8,other
_ZN10oMhmIajzmW10AixzfagDvIEP10MiAzfay9xI,0x1009a4,4,other
_ZN10oMhmIajzmW10pxczfaO9dIEv,0x1009a8,4,other
_ZN10oMhmIajzmW10ARHfHaOvP_Ev,0x1009ac,4,other
_ZN10oMhmIajzmW10wgSQgaCg5MEv,0x1009b0,4,other
_ZN10oMhmIajzmW10CJDIfa019PEv,0x1009b4,80,other
_ZN10oMhmIajzmW10sToJfagyOQEv,0x100a04,80,other
_ZN10oMhmIajzmW10FA8HfaAQKPERK10lKR7faAPdb,0x100a54,4,other
_ZN10oMhmIajzmW10JcBJfasVYQERK10lKR7faAPdb,0x100a58,4,other
_ZN10OYYKfaPU7R10jfS1_azfbEEv,0x100a5c,4,other
_ZN10qsr_gawI8U10s9A_gaFSgVEv,0x100a60,16,other
_ZN10OYYKfaPU7R10okvPKaRYW_Effff,0x100a70,128,other
_ZN10OYYKfaPU7R10eR3LfamR2SEffff,0x100af0,196,other
_ZN10OYYKfaPU7R10NkzLfaflDSEv,0x100bb4,44,other
_ZN10OYYKfaPU7R10alSIfatkmQEiii,0x100be0,4,other
_ZN10OYYKfaPU7R10vSc2MazrtSEffff,0x100be4,72,other
_ZN10OYYKfaPU7R10i_TLfa_IUSEffffb,0x100c2c,824,other
_ZN10OYYKfaPU7R10BbvgHauRu0Eiiii,0x100f70,96,other
_ZN10OYYKfaPU7R10PHFwgaxH5vEii,0x100fd0,84,other
_ZN10OYYKfaPU7RC1EP10LJyzga9Pwyiiii,0x101024,224,other
_ZN10OYYKfaPU7RC2EP10LJyzga9Pwyiiii,0x101024,224,other
_ZN10OYYKfaPU7RD1Ev,0x101104,120,other
_ZN10OYYKfaPU7RD2Ev,0x101104,120,other
_ZN10OYYKfaPU7RD0Ev,0x10117c,32,other
_ZN10OYYKfaPU7R10wk8UYaTCGRERfS0_S0_S0_S0_S0_S0_S0_,0x10119c,516,other
_ZN10OYYKfaPU7R10_wfkVayGEQERfS0_S0_S0_,0x1013a0,784,other
_ZN10OYYKfaPU7R10xH_oVafmEUE10eY2wgaf6pwS0_S0_P10Fcx_gaoydVPS_RK10rizMgadjtJ,0x1016b0,3064,other
_ZN10OYYKfaPU7R10PbT6faC2oaEiPfiRK10C8THgaTQxFS0_b,0x1022b0,1336,other
_ZN10OYYKfaPU7R10OZ5KfaLEeSEPS_PfiS1_S1_b,0x1027e8,620,other
_ZN10OYYKfaPU7R10kIgrVaZFyWERK10C8THgaTQxFiiiiiiiiPKhii,0x102a54,704,other
_ZN10OYYKfaPU7R10hO2RyaTY4WEffffPKhiiffffPK10NLT0HaSwmEbiRK10bagMga8cdJ,0x102d14,836,other
_ZN10OYYKfaPU7R10cXs_ganY9UERK10C8THgaTQxFffffiiii,0x103060,1068,other
_ZN10OYYKfaPU7R10tkhIfaQbSPERK10C8THgaTQxFffffiiiiii,0x10348c,744,other
_ZN10OYYKfaPU7R10nOWKfa445REPS_ffffiiii,0x103774,284,other
_ZN10OYYKfaPU7R10ph8oValALUEfffffRK10bagMga8cdJ,0x103890,1372,other
_ZN10OYYKfaPU7R10f_wpVaXm5UEfffffRK10bagMga8cdJ,0x103dec,300,other
_ZN10OYYKfaPU7R10O70xgakzexEfffff,0x103f18,212,other
_ZN10OYYKfaPU7R10R_xsVaydDXEffffPKhiffffRK10dVIHgaIooFbS4_,0x103fec,808,other
_ZN10OYYKfaPU7R10LvTOfatjqVEP10TZf6gaQ3S_ffPKciiRK10KcKRganuPNb,0x104320,1656,other
_ZN10OYYKfaPU7R10u9WRgaBn_NERK10KcKRganuPNRK10eY2wgaf6pwPKci,0x1049a0,448,other
_ZN10OYYKfaPU7R10nOisVa4qqXERK10C8THgaTQxFi,0x104b68,396,other
_ZN10OYYKfaPU7R4saveERK10C8THgaTQxFi,0x104cf4,68,other
_ZN10OYYKfaPU7R10nynsVawquXERK10C8THgaTQxFi,0x104d38,144,other
_ZN10oMhmIajzmW10t_8wfaabvGEiiiiPhii,0x104dc8,8,other
_ZN10OYYKfaPU7R10OY5TgaPDOPEPhii,0x104dd0,4,other
_ZN10OYYKfaPU7R10KQm_ga7P4UEv,0x104dd4,8,other
_ZN10s40xgamwex10K9tMfaXZoTEPPfS1_S1_PPvi,0x104dec,488,other
_ZN10s40xgamwex10s1TOKaQKq_Ev,0x104fd4,128,other
_ZN10s40xgamwex10PbT6faC2oaEiPfiRK10C8THgaTQxFS0_b,0x105054,900,other
_ZN10s40xgamwex10BbvgHauRu0Eiiii,0x1053d8,232,other
_ZN10s40xgamwex10DS01MaHljSEP10OYYKfaPU7R,0x1054c0,64,other
_ZN10s40xgamwex10rX79KaIi8hEP10OYYKfaPU7RiiiiiiiiPhii,0x105500,136,other
_ZN10s40xgamwex10E5l9KaocuhEP10OYYKfaPU7Rffffiiii,0x105588,304,other
_ZN10s40xgamwex10OZ5KfaLEeSEP10OYYKfaPU7RPfiS2_S2_b,0x1056b8,84,other
_ZN10s40xgamwex10C2xOKaWf8ZEv,0x10570c,108,other
_ZN10s40xgamwex10fbFOKa2fe_ERK10C8THgaTQxFiibb,0x105778,1000,other
_Z10znASKaydx2v,0x105b60,248,other
_ZN10s40xgamwex10rnrCLaqEXFERK10C8THgaTQxFS2_S2_iiiiiiiffibbbiiRK10bagMga8cdJ,0x105c58,1344,other
_ZN10oMhmIajzmW10okvPKaRYW_Effff,0x1061a8,4,other
_ZN10oMhmIajzmW10vSc2MazrtSEffff,0x1061ac,4,other
_ZN10oMhmIajzmW10alSIfatkmQEiii,0x1061b0,4,other
_ZN10HtZ2_aJk7E10cXs_ganY9UERK10C8THgaTQxFffffiiii,0x1061b4,4,other
_ZN10HtZ2_aJk7E10O70xgakzexEfffff,0x1061b8,4,other
_ZN10HtZ2_aJk7E10i_TLfa_IUSEffffb,0x1061bc,4,other
_ZN10HtZ2_aJk7E10nOWKfa445REP10OYYKfaPU7Rffffiiii,0x1061c0,4,other
_ZN10HtZ2_aJk7E10OZ5KfaLEeSEP10OYYKfaPU7RPfiS2_S2_b,0x1061c4,4,other
_ZN10HtZ2_aJk7E10u9WRgaBn_NERK10KcKRganuPNRK10eY2wgaf6pwPKci,0x1061c8,4,other
_ZN10HtZ2_aJk7E10BbvgHauRu0Eiiii,0x1061cc,8,other
_ZN10HtZ2_aJk7E10eR3LfamR2SEffff,0x1061d4,4,other
_ZN10HtZ2_aJk7E10NkzLfaflDSEv,0x1061d8,28,other
_ZN10HtZ2_aJk7ED1Ev,0x1061f4,20,other
_ZN10HtZ2_aJk7ED2Ev,0x1061f4,20,other
_ZN10HtZ2_aJk7ED0Ev,0x106208,48,other
_ZN10oMhmIajzmW10PbT6faC2oaEiPfiRK10C8THgaTQxFS0_b,0x106244,172,other
_ZN10oMhmIajzmW10tkhIfaQbSPERK10C8THgaTQxFffffiiiiii,0x1062f0,456,other
_ZN10oMhmIajzmW10cXs_ganY9UERK10C8THgaTQxFffffiiii,0x1064b8,380,other
_ZN10oMhmIajzmWC1EP10LJyzga9PwyRK10C8THgaTQxF,0x106634,96,other
_ZN10oMhmIajzmWC2EP10LJyzga9PwyRK10C8THgaTQxF,0x106634,96,other
_ZN10oMhmIajzmWD1Ev,0x106694,20,other
_ZN10oMhmIajzmWD2Ev,0x106694,20,other
_ZN10oMhmIajzmWD0Ev,0x1066a8,32,other
_ZN10oMhmIajzmW10FAlmIaAMpWERfS0_S0_S0_,0x1066c8,192,other
_ZN10oMhmIajzmW10KUfmIao_kWEfffffff,0x106788,296,other
_ZN10oMhmIajzmW10QB9uJaBHPTEffff,0x1068b0,476,other
_ZN10oMhmIajzmW10EvASgagkxOEv,0x106a8c,304,other
_ZN10oMhmIajzmW10VdPOfauImVERK10bagMga8cdJi,0x106bbc,228,other
_ZN10oMhmIajzmW10dOgJfaPKHQEv,0x106ca0,88,other
_ZN10oMhmIajzmW10fHamIa3BgWEiPfiP10uSjUgask_PS0_b,0x106cf8,1000,other
_ZN10oMhmIajzmW10bYPlIackZVEiiff,0x1070e0,484,other
_ZN10uSjUgask_P10OY5TgaPDOPEPhii,0x1072cc,76,other
_ZN10uSjUgask_P10P1yYgac5yTEPhii,0x107318,24,other
_ZN10uSjUgask_P10hS36BafSyGEPK10NLT0HaSwmE,0x107330,8,other
_ZN10uSjUgask_PC1EP10LJyzga9PwyRK10C8THgaTQxFiii,0x107338,168,other
_ZN10uSjUgask_PC2EP10LJyzga9PwyRK10C8THgaTQxFiii,0x107338,168,other
_ZN10uSjUgask_P10s9A_gaFSgVEv,0x1073e0,36,other
_ZN10uSjUgask_P10pSeYgan7hTEv,0x107404,224,other
_ZN10uSjUgask_PD1Ev,0x1074e4,48,other
_ZN10uSjUgask_PD2Ev,0x1074e4,48,other
_ZN10uSjUgask_PD0Ev,0x107514,32,other
_ZN10uSjUgask_P10cZhFEa3JlPEv,0x107534,12,other
_ZN10uSjUgask_P10SzGlKaXqRBEi,0x107540,8,other
_ZN10uSjUgask_P10xUzYgahPzTEP10Fcx_gaoydVbb,0x107548,132,other
_ZN10uSjUgask_P10wWFFEaXTFPEP10Fcx_gaoydV,0x1075cc,108,other
_ZN10uSjUgask_P10gnoUnb962IEv,0x107638,212,other
_ZN10uSjUgask_P10KQm_ga7P4UEv,0x10770c,32,other
_ZN10uSjUgask_P10gDNYgaImLTEv,0x10772c,8,other
_ZN10uSjUgask_P10ZWKYgaj6ITEv,0x107734,4,other
_ZN10uSjUgask_P10dplYgaNCnTEv,0x107738,4,other
_ZN10uSjUgask_P10dplYgaNCnTEiiii,0x10773c,32,other
_ZN10uSjUgask_P10AJfYga4QiTEi,0x10775c,4,other
_ZN10_WevgakbUu10bpABEaLeeMEv,0x107760,56,other
_ZN10_WevgakbUu10awYAEaJwILEv,0x107798,28,other
_ZN10_WevgakbUu10dx4OHaCqAtEP10Fcx_gaoydV,0x1077c0,500,other
_ZN10_WevgakbUu10qrcBEaM4ULEv,0x107a14,128,other
_ZN10_WevgakbUu10Ek0Mfa6TQTEv,0x107a94,104,other
_ZN10_WevgakbUu10Jw2MfabKSTEv,0x107afc,104,other
_ZN10_WevgakbUu10dplYgaNCnTEb,0x107c50,164,other
_ZN10_WevgakbUu10ZWKYgaj6ITEv,0x107cf4,176,other
_ZN10_WevgakbUu10mBzFEa1yAPEv,0x107da4,112,other
_ZN10_WevgakbUu10ZpOMfay1FTEv,0x107e14,32,other
_ZN10_WevgakbUu10LMNKfaGuZREv,0x107e34,56,other
_ZN10_WevgakbUu10LwlPfajJOVEv,0x107e6c,56,other
_ZN10_WevgakbUu10AJfYga4QiTEi,0x107ea4,68,other
_ZN10_WevgakbUu10YgmYga3loTEv,0x107ee8,64,other
_ZN10_WevgakbUuD1Ev,0x107f28,88,other
_ZN10_WevgakbUuD2Ev,0x107f28,88,other
_ZN10_WevgakbUuD0Ev,0x107f80,32,other
_ZN10_WevgakbUu10ZpOMfay1FTEiiii,0x107fa0,272,other
_ZN10_WevgakbUu10KVUIGaevoyERK10C8THgaTQxF,0x1080b0,192,other
_ZN10_WevgakbUuC1EP10LJyzga9PwyRK10C8THgaTQxF,0x108170,280,other
_ZN10_WevgakbUuC2EP10LJyzga9PwyRK10C8THgaTQxF,0x108170,280,other
_ZN10_WevgakbUu10vDdFEaX4hPERK10C8THgaTQxF,0x108288,60,other
_ZN10_WevgakbUu10y1VMfa1qMTERK10C8THgaTQxF,0x1082c4,196,other
_ZN10_WevgakbUu10retFEaLcvPERK10CanTfaz6bZ,0x108418,180,other
_ZN10_WevgakbUu10b8REEas9ZOERK10CanTfaz6bZbb,0x1084cc,128,other
_ZN10_WevgakbUu10pgy_gapreVERK10C8THgaTQxFbb,0x10854c,128,other
_ZN10_WevgakbUu10y2FEEaSZPOERK10C8THgaTQxF,0x1085cc,120,other
_ZN10_WevgakbUu10wgSQgaCg5MEv,0x108644,20,other
_ZN10_WevgakbUu10MzWVgaRTlREji,0x108658,404,other
_ZN10_WevgakbUu10HP8Cga81xBERK10C8THgaTQxF,0x1087f8,232,other
_ZN10_WevgakbUu10zaevgaCxTuERK10C8THgaTQxF,0x1088e0,388,other
_ZN10_WevgakbUu10AGADgastVBERK10C8THgaTQxFj,0x108a64,176,other
_ZN10_WevgakbUu10rwYDEa_weOERK10C8THgaTQxFii,0x108b14,128,other
_ZN10_WevgakbUu10zL8DEaKZnOERK10C8THgaTQxFii,0x108b94,196,other
_ZN10_WevgakbUu10iZBDEa9yWNERK10C8THgaTQxFiiii,0x108c58,380,other
_Z10DLwDEaIaSNv,0x108dd4,76,other
_Z10YHYHEaMGBRv,0x108e20,56,other
_ZN10LJyzga9Pwy10B44sIavT40Eb,0x108e58,96,other
_ZN10LJyzga9Pwy10Ud7zgatH_yEii,0x108eb8,20,other
_ZN10LJyzga9Pwy10Ja8sfaGu7CEv,0x108ecc,8,other
_ZN10LJyzga9Pwy10Bg_0gaH_rWEb,0x108ed4,4,other
_ZN10LJyzga9Pwy10cRcoIakqZXEv,0x108ed8,360,other
_ZN10LJyzga9Pwy10OQhoIa5C2XERK10C8THgaTQxFiii,0x109048,100,other
_ZN10LJyzga9Pwy7openURLERK10C8THgaTQxFb,0x1090ac,8,other
_ZN10LJyzga9Pwy10OaKEgaRsTCEv,0x1090b4,88,other
_ZN10LJyzga9Pwy10UIfVJasQMeEiii,0x10910c,8,other
_ZN10LJyzga9Pwy10fOKUJaXZleEP10oMhmIajzmW,0x109114,132,other
_ZN10LJyzga9Pwy10tY0UJauqAeEPS_,0x109198,196,other
_ZN10LJyzga9Pwy10xJOTJa1hzdEv,0x10925c,108,other
_ZN10LJyzga9Pwy10wgSQgaCg5MEv,0x1092c8,136,other
_ZN20LJyzga9PwyPropertiesC1Ev,0x109350,136,other
_ZN20LJyzga9PwyPropertiesC2Ev,0x109350,136,other
_ZN10LJyzga9PwyC1Ev,0x1093d8,300,other
_ZN10LJyzga9PwyC2Ev,0x1093d8,300,other
_ZN10LJyzga9Pwy10zdSsIa8dU0Ev,0x109504,44,other
_ZN10LJyzga9Pwy10sUaPfacNFVEv,0x109530,28,other
_ZN10LJyzga9Pwy10ZQLOfagSjVEv,0x10954c,28,other
_ZN10LJyzga9Pwy10HJ7FJab721Ev,0x109568,452,other
_ZN10LJyzga9Pwy10JbiVJaCVOeEv,0x109738,316,other
_ZN10LJyzga9Pwy10hcWxKa0z9LEv,0x109874,52,other
_ZN10LJyzga9Pwy10MirkGasAOdEi,0x1098a8,24,other
_ZN10LJyzga9Pwy10ImAEJaLcL0Ev,0x1098c0,40,other
_ZN10LJyzga9Pwy10UqYFJapsV1Ev,0x1098e8,108,other
_ZN10LJyzga9Pwy10ggIZgagRwUEv,0x109954,24,other
_ZN10LJyzga9PwyD1Ev,0x10996c,372,other
_ZN10LJyzga9PwyD2Ev,0x10996c,372,other
_ZN10LJyzga9PwyD0Ev,0x109ae0,32,other
_ZN10LJyzga9Pwy10shhCgao9OAEv,0x109b00,52,other
_Z10kjkIJaXHU3v,0x109b34,120,other
_ZN10LJyzga9Pwy10pUAyJa9EIWEiiiiddi,0x109bac,488,other
_ZN10LJyzga9Pwy10SQO2ga9nZXEiffi,0x109d94,368,other
_ZN10LJyzga9Pwy10tfg2gaDhwXEiibi,0x109f04,64,other
_ZN10LJyzga9Pwy10OWk2ga8dAXEfi,0x109f44,32,other
_ZN10LJyzga9Pwy10onKeyEventEiiRK10C8THgaTQxFibb,0x109f64,792,other
_ZN10LJyzga9Pwy10vBgCJaaAOZEv,0x10a27c,4,other
_ZN10LJyzga9Pwy10GDNKJa1mZ5ERiS0_S0_S0_,0x10a280,768,other
_ZN10LJyzga9Pwy10tIIEga1dSCEiiii,0x10a588,80,other
_ZN10LJyzga9Pwy10UNsFJaFQu1Ev,0x10a5d8,4,other
_ZN10LJyzga9Pwy10aTSrJaZM3QEv,0x10a5dc,8,other
_ZN10LJyzga9Pwy10V5p7JaFzRpEv,0x10a5e4,44,other
_ZN10LJyzga9Pwy10BbvgHauRu0Ev,0x10a610,652,other
_ZN10LJyzga9Pwy4initEv,0x10a8a8,24,other
_ZN10LJyzga9Pwy10PHFwgaxH5vEiib,0x10a8c0,420,other
_ZN10LJyzga9Pwy10dtIEgaf1RCEv,0x10aa64,84,other
_Z10L455JaFJKov,0x10aab8,80,other
_Z10Zw35JaxAIov,0x10ab08,48,other
_ZN10G0gxgajWBw10YYTtMa4HLoEb,0x10ab38,4,other
_ZN10LJyzga9Pwy10WLjAga6eazEb,0x10ab3c,4,other
_ZN10LJyzga9Pwy10uhS6JakhopEv,0x10ab40,4,other
_ZN10LJyzga9Pwy10Z0uAgaCIjzEv,0x10ab44,16,other
_ZN10LJyzga9Pwy10VCuoIaqndYEv,0x10ab54,4,other
_ZN10LJyzga9Pwy10aZ9nIa7_WXEv,0x10ab58,8,other
_ZN10LJyzga9Pwy10r9RwgaEagwEb,0x10ab60,4,other
_ZN10LJyzga9Pwy10QF9dxaSKwzEi,0x10ab64,8,other
_ZN10LJyzga9Pwy10UHGEgaCxQCERK10C8THgaTQxF,0x10ab6c,4,other
_ZN10LJyzga9Pwy10aH8zgaTV0yERK10C8THgaTQxF,0x10ab70,4,other
_ZN10LJyzga9Pwy10mR9zgaAU1yEv,0x10ab74,8,other
_ZN10LJyzga9Pwy10ji5BVa_3E4Ev,0x10ab7c,8,other
_ZN10LJyzga9Pwy16setCursorVisibleEb,0x10ab84,4,other
_ZN10LJyzga9Pwy10sbxBValxb4Ev,0x10ab88,8,other
_ZN10LJyzga9Pwy10ib6axa5OXwEb,0x10ab90,4,other
_ZN10LJyzga9Pwy10t9yzgaGbxyEv,0x10ab94,4,other
_ZN10LJyzga9Pwy6UpdateEv,0x10ab98,4,other
_ZN10LJyzga9Pwy10DlLEgaQrUCEi,0x10ab9c,4,other
_ZNK10LJyzga9Pwy10rMBEgasoMCEv,0x10aba0,24,other
_ZN10LJyzga9Pwy10XOUBgaEpvAERK10i7FHgaP2lF,0x10abb8,4,other
_ZNK10LJyzga9Pwy10eyDEganTNCEv,0x10abbc,24,other
_ZN20LJyzga9PwyPropertiesD1Ev,0x10abd4,28,other
_ZN20LJyzga9PwyPropertiesD2Ev,0x10abd4,28,other
_ZThn16_N20LJyzga9PwyPropertiesD1Ev,0x10abf0,8,other
_ZN20LJyzga9PwyPropertiesD0Ev,0x10abf8,56,other
_ZThn16_N20LJyzga9PwyPropertiesD0Ev,0x10ac30,8,other
_ZN10BP3Kfa2PcSD1Ev,0x10ac38,68,other
_ZN10BP3Kfa2PcSD2Ev,0x10ac38,68,other
_ZN10BP3Kfa2PcSD0Ev,0x10ac7c,32,other
_ZN10BP3Kfa2PcS10OY5TgaPDOPEPhii,0x10ac9c,176,other
_ZN10BP3Kfa2PcS10s9A_gaFSgVEv,0x10ad4c,60,other
_ZN10BP3Kfa2PcS10KQm_ga7P4UEv,0x10ad88,152,other
_ZN10BP3Kfa2PcSC1EP10LJyzga9Pwyiiii,0x10ae20,48,other
_ZN10BP3Kfa2PcSC2EP10LJyzga9Pwyiiii,0x10ae20,48,other
_ZN10BP3Kfa2PcS10LMNKfaGuZREv,0x10ae50,64,other
_ZN10BP3Kfa2PcS10LwlPfajJOVEv,0x10ae90,64,other
_ZN10BP3Kfa2PcS10dplYgaNCnTEv,0x10aed0,268,other
_ZN10BP3Kfa2PcS10ZpOMfay1FTEv,0x10afe8,48,other
_ZN10BP3Kfa2PcS10AJfYga4QiTEi,0x10b018,56,other
_ZN10BP3Kfa2PcS10PHFwgaxH5vEii,0x10b050,60,other
_Z10XjYgJatmTHPKhiib,0x10b08c,584,other
_Z10sBkhJa7WbIP10Fcx_gaoydVbb,0x10b2d4,404,other
_ZN10NVxhJah9mI4loadEv,0x10b474,268,other
_ZN10NVxhJah9mIC1ERK10C8THgaTQxF,0x10b580,136,other
_ZN10NVxhJah9mIC2ERK10C8THgaTQxF,0x10b580,136,other
_ZN10NVxhJah9mI10GzohJaFhfIEv,0x10b608,48,other
_ZN10NVxhJah9mID1Ev,0x10b638,52,other
_ZN10NVxhJah9mID2Ev,0x10b638,52,other
_ZN10NVxhJah9mI10wgSQgaCg5MEv,0x10b66c,96,other
_ZN10NVxhJah9mI10WDrhJanShIEv,0x10b6cc,96,other
_ZN10NVxhJah9mI10IFbhJaQq4HEb,0x10b72c,124,other
_ZN10NVxhJah9mI10AJfYga4QiTEv,0x10b7b0,12,other
_ZN10NVxhJah9mI10tIIEga1dSCEffff,0x10b7bc,888,other
_ZN10NVxhJah9mI10tIIEga1dSCEff,0x10bb38,20,other
_ZN10uzN1fatj7510AJfYga4QiTEi,0x10bb4c,276,other
_Z10buDp_aYPa7v,0x10bc68,220,other
_ZN10uzN1fatj7510CSeUgaG7VPERjS0_S0_,0x10bd44,160,other
_ZN10uzN1fatj7510ZWKYgaj6ITEv,0x10bde4,504,other
_ZN10uzN1fatj7510dplYgaNCnTEv,0x10bfe8,192,other
_ZN10uzN1fatj7510dplYgaNCnTEiiii,0x10c0a8,496,other
_ZN10uzN1fatj7510YgmYga3loTEv,0x10c298,160,other
_ZN10uzN1fatj75D1Ev,0x10c338,48,other
_ZN10uzN1fatj75D2Ev,0x10c338,48,other
_ZN10uzN1fatj75D0Ev,0x10c368,32,other
_ZN10uzN1fatj7510OY5TgaPDOPEPhii,0x10c388,56,other
_ZN10uzN1fatj7510P1yYgac5yTEPhii,0x10c3c0,252,other
_ZN10uzN1fatj75C1EP10LJyzga9PwyRK10C8THgaTQxFiii,0x10c4bc,92,other
_ZN10uzN1fatj75C2EP10LJyzga9PwyRK10C8THgaTQxFiii,0x10c4bc,92,other
_ZN10uzN1fatj7510xUzYgahPzTEP10Fcx_gaoydVbb,0x10c518,108,other
_ZN10uzN1fatj7510gDNYgaImLTEv,0x10c584,16,other
_ZN10SU3JfaCUmR10CJDIfa019PEv,0x10c594,44,other
_ZN10SU3JfaCUmR10sToJfagyOQEv,0x10c5c0,44,other
_ZN10SU3JfaCUmR10FA8HfaAQKPERK10lKR7faAPdb,0x10c5ec,48,other
_ZN10SU3JfaCUmR10JcBJfasVYQERK10lKR7faAPdb,0x10c61c,48,other
_ZN10SU3JfaCUmR10NkzLfaflDSEv,0x10c64c,48,other
_ZN10SU3JfaCUmR10OZ5KfaLEeSEP10OYYKfaPU7RPfiS2_S2_b,0x10c67c,4,other
_ZN10SU3JfaCUmR10arzfHawqI_Ev,0x10c680,16,other
_ZN10SU3JfaCUmR10EMsIfazP0PEv,0x10c690,8,other
_ZN10SU3JfaCUmR10AixzfagDvIEP10MiAzfay9xI,0x10c698,4,other
_ZN10SU3JfaCUmR10pxczfaO9dIEv,0x10c69c,4,other
_ZN10SU3JfaCUmR10DgqIfaJIZPERK10bagMga8cdJ,0x10c6a0,20,other
_ZN10SU3JfaCUmR10uwBIfa2a8PEf,0x10c6b4,8,other
_ZN10SU3JfaCUmR10tkhIfaQbSPERK10C8THgaTQxFffffiiiiii,0x10c6bc,1328,other
_ZN10SU3JfaCUmR10eR3LfamR2SEffff,0x10cbec,1164,other
_ZN10SU3JfaCUmR10t_8wfaabvGEiiiiPhii,0x10d084,1320,other
_ZN10SU3JfaCUmR10nOWKfa445REP10OYYKfaPU7Rffffiiii,0x10d5ac,128,other
_ZN10SU3JfaCUmR10BbvgHauRu0Eiiii,0x10d62c,100,other
_ZN10SU3JfaCUmR10pNXRfaaV_XEiiPKfS1_S1_S1_PKv,0x10d690,236,other
_ZN10SU3JfaCUmR10gRTfHauBZ_Eii,0x10d77c,60,other
_ZN10SU3JfaCUmR10gSNIfakziQEi,0x10d7b8,84,other
_ZN10SU3JfaCUmR10I3_JfaSFjREP10uSjUgask_Pffffiiii,0x10d80c,900,other
_ZN10SU3JfaCUmRC1EP10LJyzga9PwyRK10C8THgaTQxF,0x10db90,64,other
_ZN10SU3JfaCUmRC2EP10LJyzga9PwyRK10C8THgaTQxF,0x10db90,64,other
_ZN10SU3JfaCUmR10brKIfarGfQEffff,0x10dbd0,208,other
_ZN10SU3JfaCUmR10i_TLfa_IUSEffffb,0x10dca0,392,other
_ZN10SU3JfaCUmR10LPqgHacbr0Effffffff,0x10de28,248,other
_ZN10SU3JfaCUmR10zipMfafUkTEfffff,0x10df20,448,other
_ZN10SU3JfaCUmR10O70xgakzexEfffff,0x10e0e0,72,other
_ZN10SU3JfaCUmR10klkPfaxJNVEiRK10KcKRganuPNRK10dVIHgaIooFS5_,0x10e128,692,other
_ZN10SU3JfaCUmR10LvTOfatjqVEP10TZf6gaQ3S_iiPKciiRK10KcKRganuPN,0x10e3e0,2892,other
_ZN10SU3JfaCUmR10zBSOfaeypVEP10TZf6gaQ3S_iiPKciiRK10KcKRganuPN,0x10ef34,4,other
_ZN10SU3JfaCUmR10u9WRgaBn_NERK10KcKRganuPNRK10eY2wgaf6pwPKci,0x10ef38,580,other
_ZN10SU3JfaCUmR10YorAfaNFgJEv,0x10f17c,788,other
_ZN10SU3JfaCUmR10alSIfatkmQEiii,0x10f490,60,other
_ZN10SU3JfaCUmR10TVnAfatKdJEiiiPKv,0x10f4cc,72,other
_ZN10SU3JfaCUmR10aZ9nIa7_WXEv,0x10f514,8,other
_ZN10SU3JfaCUmRD1Ev,0x10f51c,20,other
_ZN10SU3JfaCUmRD2Ev,0x10f51c,20,other
_ZN10SU3JfaCUmRD0Ev,0x10f530,48,other
_ZN10StGQIaOlWk10cRcoIakqZXEv,0x10f560,4,other
_ZN10StGQIaOlWk10WLjAga6eazEb,0x10f564,4,other
_ZN10StGQIaOlWkD1Ev,0x10f568,20,other
_ZN10StGQIaOlWkD2Ev,0x10f568,20,other
_ZN10StGQIaOlWkD0Ev,0x10f57c,32,other
_ZN10StGQIaOlWk10OQhoIa5C2XERK10C8THgaTQxFiii,0x10f59c,100,other
_ZN10StGQIaOlWkC1Ev,0x10f600,44,other
_ZN10StGQIaOlWkC2Ev,0x10f600,44,other
_ZN10StGQIaOlWk4initEv,0x10f62c,148,other
_ZN10StGQIaOlWk10aZ9nIa7_WXEv,0x10f6c0,8,other
_ZN10TZf6gaQ3S_D1Ev,0x10f6c8,184,other
_ZN10TZf6gaQ3S_D2Ev,0x10f6c8,184,other
_ZN10TZf6gaQ3S_D0Ev,0x10f780,32,other
_ZN10DFeOfaFXSU10j9gLgaw2nIEv,0x10f7ac,44,other
_ZN10DFeOfaFXSUC1Ev,0x10f7d8,132,other
_ZN10DFeOfaFXSUC2Ev,0x10f7d8,132,other
_ZN10DFeOfaFXSUC1Ej,0x10f85c,136,other
_ZN10DFeOfaFXSUC2Ej,0x10f85c,136,other
_ZN10DFeOfaFXSU10bpABEaLeeMEv,0x10f8e4,44,other
_ZN10DFeOfaFXSUD1Ev,0x10f910,88,other
_ZN10DFeOfaFXSUD2Ev,0x10f910,88,other
_ZN10DFeOfaFXSUD0Ev,0x10f968,32,other
_ZN10DFeOfaFXSU10u6glKaa0vBEP10TZf6gaQ3S_PKhiiiiii,0x10f988,716,other
_ZN10DFeOfaFXSU10u6glKaa0vBEP10TZf6gaQ3S_i,0x10fc54,40,other
_ZN10DFeOfaFXSU10Z1JNfaslsUEv,0x10fc7c,56,other
_ZN10TZf6gaQ3S_C1ERK10C8THgaTQxF,0x10fcb4,188,other
_ZN10TZf6gaQ3S_C2ERK10C8THgaTQxF,0x10fcb4,188,other
_ZN10TZf6gaQ3S_10vg75gavJL_ERi,0x10fd70,44,other
_ZN10TZf6gaQ3S_10T8Jn4a9qAiEi,0x10fd9c,116,other
_ZN10TZf6gaQ3S_10waln4atqfiEv,0x10fe10,72,other
_ZN10TZf6gaQ3S_10fl7q4asNqlEv,0x10fe58,1052,other
_ZN10TZf6gaQ3S_10MdTr4al43lEv,0x110274,240,other
_ZN10TZf6gaQ3S_10AJfYga4QiTEv,0x110364,20,other
_ZN10TZf6gaQ3S_10edf6gaIpS_Ei,0x110378,96,other
_ZN10TZf6gaQ3S_10LYJq4aMh6kEi,0x1103d8,88,other
_ZN10TZf6gaQ3S_10jiiq4a5_JkEi,0x110430,88,other
_ZN10TZf6gaQ3S_10XK8OfabZDVEv,0x110488,52,other
_ZN10TZf6gaQ3S_10rJRNfaQOyUEj,0x1104bc,184,other
_ZN10TZf6gaQ3S_10BWxn4a19piEj,0x110574,440,other
_ZN10TZf6gaQ3S_10dIcr4aMivlEb,0x110738,300,other
_ZN10TZf6gaQ3S_10VhHq4aR13kEv,0x110864,276,other
_ZN10TZf6gaQ3S_10Fm1p4aILvkEv,0x110978,140,other
_ZN10TZf6gaQ3S_10IGa6gaABO_EPKcii,0x110a04,332,other
_ZN10TZf6gaQ3S_10TOL5gaAQs_EPKciib,0x110b50,500,other
_ZN10Kv6ugas5Mu10wgSQgaCg5MEv,0x110d44,20,other
_ZN10Kv6ugas5Mu10kAXG_a9JKlEv,0x110d58,216,other
_ZN10Kv6ugas5Mu10R9Hyfb3LOHERK10C8THgaTQxF,0x110e30,328,other
_ZN10Kv6ugas5Mu10F_uyfbmHDHERK10C8THgaTQxF,0x110f78,220,other
_ZN10Kv6ugas5Mu10zaevgaCxTuERK10C8THgaTQxF,0x111054,624,other
_ZN10Kv6ugas5Mu10OiYIGaAlryERK10KcKRganuPN,0x1112c4,164,other
_ZN10Kv6ugas5Mu10aDqxfbC0JGERK10C8THgaTQxFS2_,0x111368,560,other
_ZN10Kv6ugas5Mu10nT4wfbbJrGERK10C8THgaTQxFiS2_b,0x111598,1104,other
_ZN10Kv6ugas5Mu10ypK5ga7Er_ERK10C8THgaTQxFiS2_,0x1119e8,644,other
_ZN10Kv6ugas5Mu10IGa6gaABO_ERK10C8THgaTQxFiS2_PKci,0x111c6c,144,other
_ZN10Kv6ugas5Mu10edf6gaIpS_ERK10C8THgaTQxFiS2_,0x111cfc,108,other
_ZN10Kv6ugas5Mu10hOb6gaTxP_ERK10C8THgaTQxFiS2_,0x111d68,108,other
_ZN10Kv6ugas5Mu10UOd6gaBeR_ERK10C8THgaTQxFiS2_,0x111dd4,108,other
_ZN10Kv6ugas5Mu10TOL5gaAQs_ERK10C8THgaTQxFiS2_PKcii,0x111e40,116,other
_ZN10Kv6ugas5Mu10zX4IGaKMxyERK10KcKRganuPN,0x111eb4,112,other
_Z10vVWN2a5aDYv,0x111f24,76,other
_ZN10KcKRganuPN10ITyhFawYnlEi,0x11224c,248,other
_ZN10KcKRganuPN10TUthFaDMjlERK10C8THgaTQxF,0x112344,156,other
_Z10ouJhFaaTwlv,0x1123e0,180,other
_Z10IFbhFaQq4kv,0x112494,56,other
_ZN8TUnicode10USeo0aS7_WERK10C8THgaTQxF,0x1124cc,360,other
_ZN8TUnicode18convertUTF8ToLatinEPKc,0x112634,688,other
_ZN8TUnicode10ZbqQgaSEIMERPKc,0x112938,352,other
_ZN8TUnicode10dbu3Ga6_xQEj,0x112a98,1024,other
_ZN8TUnicode10acJjyaUDcuERK10C8THgaTQxF,0x112e98,288,other
_ZN8TUnicode10MRoQgaUwHMEPKci,0x112fb8,352,other
_ZN8TUnicode10BzGLwaAqJaEPKcii,0x113140,216,other
_ZN8TUnicode10JYOLwaQuQaEPKcii,0x113218,132,other
_Z10XCsM1asHn6v,0x11329c,20,other
_ZN10fUWH_a_9zmD1Ev,0x1132b0,164,other
_ZN10fUWH_a_9zmD2Ev,0x1132b0,164,other
_ZN10fUWH_a_9zmD0Ev,0x113354,32,other
_ZN10fUWH_a_9zm10mzcH_arbYlERK10C8THgaTQxF,0x113374,92,other
_ZN10fUWH_a_9zm10kAXG_a9JKlEv,0x1133d0,172,other
_ZN10fUWH_a_9zmC1ERK10C8THgaTQxF,0x11347c,196,other
_ZN10fUWH_a_9zmC2ERK10C8THgaTQxF,0x11347c,196,other
_ZN10fUWH_a_9zm4loadEv,0x113540,840,other
_ZN10fUWH_a_9zm10KBnH_apt6lERK10C8THgaTQxF,0x113888,136,other
_ZN10fUWH_a_9zm10PHFwgaxH5vEi,0x113910,232,other
_Z10RoMN2aAkuYv,0x1139f8,48,other
_ZN10XoqxgaMPJw10py0qgaE4krERK10C8THgaTQxF,0x1144e8,4,other
_ZN20XoqxgaMPJwPropertiesC1Ev,0x114614,184,other
_ZN20XoqxgaMPJwPropertiesC2Ev,0x114614,184,other
_Z10KVUIGaevoyRK10C8THgaTQxF,0x1146cc,196,other
_ZN10XoqxgaMPJw10dx4OHaCqAtERK10C8THgaTQxF,0x114790,200,other
_ZNK10XoqxgaMPJw10t8QCgaQjiBEv,0x11485c,48,other
_ZN10XoqxgaMPJw10BYnJGaCMNyEPKS_,0x11488c,500,other
_ZN10XoqxgaMPJw10j9gLgaw2nIEv,0x114a80,308,other
_ZN10XoqxgaMPJwC1ERK10C8THgaTQxF,0x114bb4,268,other
_ZN10XoqxgaMPJwC2ERK10C8THgaTQxF,0x114bb4,268,other
_Z20XoqxgaMPJwE7Bm2aaHDBRK10C8THgaTQxF,0x114cc4,48,other
_ZN10XoqxgaMPJwC1Ev,0x114cf4,276,other
_ZN10XoqxgaMPJwC2Ev,0x114cf4,276,other
_ZN10XoqxgaMPJwC1ERKS_,0x114e0c,300,other
_ZN10XoqxgaMPJwC2ERKS_,0x114e0c,300,other
_ZNK10XoqxgaMPJw10F2PCgaTohBEv,0x114f3c,52,other
_ZNK10XoqxgaMPJw10GCRCgabJiBEi,0x114f70,144,other
_ZNK10XoqxgaMPJw10IGa6gaABO_EPKci,0x115000,28,other
_ZNK10XoqxgaMPJw10IGa6gaABO_ERK10C8THgaTQxF,0x11501c,56,other
_ZNK10XoqxgaMPJw10hOb6gaTxP_Ev,0x115058,20,other
_ZNK10XoqxgaMPJw10UOd6gaBeR_Ev,0x11506c,20,other
_ZNK10XoqxgaMPJw10edf6gaIpS_Ev,0x115080,20,other
_ZNK10XoqxgaMPJw10zX4IGaKMxyEv,0x115098,8,other
_ZN10XoqxgaMPJw10Dlq4gaQMkZERK10C8THgaTQxF,0x1150a4,80,other
_ZN10XoqxgaMPJw10QRm0ga3QVVERK10C8THgaTQxF,0x1150f8,76,other
_Z10DfuIGaT31xv,0x115148,128,other
_ZN20XoqxgaMPJwPropertiesD1Ev,0x1151c8,28,other
_ZN20XoqxgaMPJwPropertiesD2Ev,0x1151c8,28,other
_ZThn16_N20XoqxgaMPJwPropertiesD1Ev,0x1151e4,8,other
_ZN20XoqxgaMPJwPropertiesD0Ev,0x1151ec,56,other
_ZThn16_N20XoqxgaMPJwPropertiesD0Ev,0x115224,8,other
_ZN10XoqxgaMPJwD1Ev,0x11522c,144,other
_ZN10XoqxgaMPJwD2Ev,0x11522c,144,other
_ZN10XoqxgaMPJwD0Ev,0x1152bc,152,other
_Z10AiE9BagwJIPhj,0x115360,88,other
_ZN10UU64BayqVEC1EiiiiiiiP10NLT0HaSwmE,0x1153b8,44,other
_ZN10UU64BayqVEC2EiiiiiiiP10NLT0HaSwmE,0x1153b8,44,other
_ZN10UU64BayqVED1Ev,0x1153e4,60,other
_ZN10UU64BayqVED2Ev,0x1153e4,60,other
_ZN10Fcx_gaoydV10j9gLgaw2nIEv,0x115420,116,other
_ZN10Fcx_gaoydVC1ERK10C8THgaTQxF,0x115494,52,other
_ZN10Fcx_gaoydVC2ERK10C8THgaTQxF,0x115494,52,other
_ZN10Fcx_gaoydVC1ERKS_,0x1154c8,204,other
_ZN10Fcx_gaoydVC2ERKS_,0x1154c8,204,other
_ZN10Fcx_gaoydV10i2SAEawVDLEv,0x115594,124,other
_ZN10Fcx_gaoydV10MJw7Bag9WGEv,0x115610,228,other
_ZN10Fcx_gaoydVD1Ev,0x1156f4,48,other
_ZN10Fcx_gaoydVD2Ev,0x1156f4,48,other
_ZN10Fcx_gaoydVD0Ev,0x115724,32,other
_ZN10Fcx_gaoydV10hS36BafSyGEP10NLT0HaSwmE,0x115744,64,other
_ZN10Fcx_gaoydV10xyK6BaGMhGEb,0x115784,208,other
_Z10sGhaCakugJPhj,0x115854,52,other
_Z10oFj9Baq9rIPhj,0x115888,88,other
_Z10YIt9BaCCAIPhj,0x1158e0,72,other
_Z10rC_8BaXhbIPhS_j,0x115928,884,other
_Z10hH98Ba5LjIPhS_P10NLT0HaSwmEj,0x115c9c,48,other
_Z10r1P8BaVn2HPhS_P10NLT0HaSwmEj,0x115ccc,80,other
_ZN10Fcx_gaoydV10SzGlKaXqRBENS_10ke4ZKaKaQ8E,0x115d1c,1740,other
_ZN10Fcx_gaoydV10AGADgastVBERK10dVIHgaIooF,0x116400,524,other
_ZNK10Fcx_gaoydV10dp9wIaTwv4EjjR10dVIHgaIooF,0x116620,380,other
_ZN10Fcx_gaoydV10LSrJFaP3QIEjjR10dVIHgaIooF,0x11679c,400,other
_ZN10Fcx_gaoydV10VnW5BaOJBFEv,0x11692c,84,other
_ZN10Fcx_gaoydV10uk8ZKaXCT8EjjbNS_10ke4ZKaKaQ8E,0x116980,748,other
_ZN10Fcx_gaoydVC1EjjbNS_10ke4ZKaKaQ8E,0x116c6c,92,other
_ZN10Fcx_gaoydVC2EjjbNS_10ke4ZKaKaQ8E,0x116c6c,92,other
_ZN10Fcx_gaoydV10fsmvCarv__EP10UU64BayqVEb,0x116cc8,836,other
_ZN10Fcx_gaoydV10au69Ba236IEv,0x11700c,248,other
_ZN10Fcx_gaoydV10EwqaCacWnJEv,0x117104,540,other
_ZN10Fcx_gaoydV10atuEEa6eGOEj,0x117320,352,other
_ZN10Fcx_gaoydV10aSpDEaenMNEv,0x117480,56,other
_ZN10Fcx_gaoydV10qrcBEaM4ULEP10nenvgaH9_uRK10C8THgaTQxF,0x1174b8,504,other
_ZN10Fcx_gaoydV10mW3yCaNV62EP10nenvgaH9_uRK10C8THgaTQxF,0x1176b0,184,other
_ZN10Fcx_gaoydV10u6Rogaa8wpERK10C8THgaTQxF,0x117768,188,other
_ZN10Fcx_gaoydV10ZhezCaPDf3ERK10C8THgaTQxF,0x117824,120,other
_ZN10kM00HafgtE10uvNyZa6fToEP10bNZvga2Awv,0x1178e8,160,other
_ZN10kM00HafgtE10VlZyZade2oERK10C8THgaTQxF,0x117988,392,other
_ZN10kM00HafgtE10hkCXZaERLJEP10nenvgaH9_u,0x117b10,828,other
_ZN10kM00HafgtE4loadEP10bNZvga2Awv,0x117e4c,932,other
_ZN10kM00HafgtE4loadERK10C8THgaTQxF,0x1181f0,124,other
_ZN10kM00HafgtE10Q18AEaddSLERK10C8THgaTQxF,0x11826c,52,other
_ZN10kM00HafgtE10fr50HaBbxEEP10Fcx_gaoydVbibb,0x1182a0,1516,other
_ZN10Fcx_gaoydV10qtm_Kamw48EP10nenvgaH9_u,0x11888c,1880,other
_ZNK10Fcx_gaoydV10dSBZKabtr8EP10lXCVKawn54P10WfGVKaba84P10QIbWKaotz5,0x118fe4,376,other
_ZNK10Fcx_gaoydV10fmlYKaoAn7EP10nenvgaH9_u,0x11915c,2216,other
_ZN10Fcx_gaoydV10lvwvCaYX7_EP10nenvgaH9_u,0x119a04,620,other
_ZNK10Fcx_gaoydV10Cp3yCabu62EP10nenvgaH9_ui,0x119c70,1480,other
_ZN10EbOa3arQHh10rMBEgasoMCEv,0x11a238,80,other
_ZN10EbOa3arQHhC1EP10V8fxgahcBwRK10eY2wgaf6pwRK10C8THgaTQxF,0x11a31c,124,other
_ZN10EbOa3arQHhC2EP10V8fxgahcBwRK10eY2wgaf6pwRK10C8THgaTQxF,0x11a31c,124,other
_ZN10zfJa3aJGDhC1EP10V8fxgahcBwRK10eY2wgaf6pwRK10i7FHgaP2lFRK10C8THgaTQxF,0x11a398,156,other
_ZN10zfJa3aJGDhC2EP10V8fxgahcBwRK10eY2wgaf6pwRK10i7FHgaP2lFRK10C8THgaTQxF,0x11a398,156,other
_ZN10AK892aVY8gC1EP10V8fxgahcBwRK10i7FHgaP2lFS4_RK10C8THgaTQxF,0x11a434,164,other
_ZN10AK892aVY8gC2EP10V8fxgahcBwRK10i7FHgaP2lFS4_RK10C8THgaTQxF,0x11a434,164,other
_ZN20V8fxgahcBwPropertiesC1Ev,0x11a4d8,184,other
_ZN20V8fxgahcBwPropertiesC2Ev,0x11a4d8,184,other
_ZN10V8fxgahcBw10j9gLgaw2nIEv,0x11a590,188,other
_ZN10V8fxgahcBwC1ERK10C8THgaTQxF,0x11a64c,104,other
_ZN10V8fxgahcBwC2ERK10C8THgaTQxF,0x11a64c,104,other
_ZN10V8fxgahcBwC1ERK10C8THgaTQxFb,0x11a6b4,104,other
_ZN10V8fxgahcBwC2ERK10C8THgaTQxFb,0x11a6b4,104,other
_ZN10V8fxgahcBw10UBUW2aFea5Ev,0x11a71c,56,other
_ZN10V8fxgahcBw10PHFwgaxH5vEii,0x11a754,132,other
_ZN10V8fxgahcBw10C9BV2aJI43ERK10C8THgaTQxFiiii,0x11a7d8,240,other
_ZN10V8fxgahcBw10lAtT2agvh2Ev,0x11a8c8,124,other
_ZN10V8fxgahcBwD1Ev,0x11a958,164,other
_ZN10V8fxgahcBwD2Ev,0x11a958,164,other
_ZN10V8fxgahcBwD0Ev,0x11a9fc,32,other
_ZN10V8fxgahcBw10ANaU2arHS2EP10K9562aXNAe,0x11aa1c,60,other
_ZN10V8fxgahcBw10km8T2anEQ2EP10K9562aXNAe,0x11aa58,292,other
_ZN10V8fxgahcBw10oYJuDavhtQEiiii,0x11ab7c,148,other
_ZN10V8fxgahcBw10n3TvDaxMrREv,0x11ac14,28,other
_ZN10V8fxgahcBw10kRVv2ayhtJEPS_,0x11ac34,132,other
_ZN10V8fxgahcBw10cXs_ganY9UEiiRK10C8THgaTQxF,0x11acb8,84,other
_ZN10V8fxgahcBw10DtxuDaFMiQEiiiiRK10C8THgaTQxFiiii,0x11ad10,124,other
_ZN10V8fxgahcBw10SFcuDa_g1PEiiRK10C8THgaTQxFiiii,0x11ad98,104,other
_ZN10V8fxgahcBw10RPFT2aiOr2Eiiii,0x11ae04,340,other
_ZN10eHD62a2_be10kCI62aW8feEv,0x11af58,36,other
_ZN10V8fxgahcBw10gNKT2a1Yv2Ev,0x11af7c,120,other
_ZN10V8fxgahcBw10py0qgaE4krERK10C8THgaTQxF,0x11aff4,40,other
_ZN10V8fxgahcBw10aTwwDa4gZREv,0x11b01c,96,other
_ZN10V8fxgahcBw10tIIEga1dSCEiif,0x11b07c,152,other
_ZN10V8fxgahcBw10W_4S2aJPX1ERK10eY2wgaf6pwS2_S2_fRK10dVIHgaIooF,0x11b114,232,other
_ZN10xKbb3aMu1h10kCI62aW8feEv,0x11b200,40,other
_ZN10V8fxgahcBw10cghT2ac861EiiiiRK10C8THgaTQxFiiii,0x11b228,464,other
_ZN10AK892aVY8g10kCI62aW8feEv,0x11b3f8,156,other
_ZN10V8fxgahcBw10VlzU2admc3Eiiiiiiii,0x11b494,312,other
_ZN10V8fxgahcBw10eDPU2aA2p3EiiRK10C8THgaTQxFiiiiii,0x11b5cc,1720,other
_ZN10V8fxgahcBw10qm0S2azVT1EiiRK10C8THgaTQxF,0x11bc84,236,other
_ZN10EbOa3arQHh10kCI62aW8feEv,0x11bd70,100,other
_ZN10V8fxgahcBw10LlAS2aYbx1EiiRK10C8THgaTQxFiiii,0x11bdd4,284,other
_ZN10zfJa3aJGDh10kCI62aW8feEv,0x11bef0,124,other
_ZN10V8fxgahcBw10qNCS2ahfz1ERK10eY2wgaf6pwS2_fRK10dVIHgaIooF,0x11bf6c,216,other
_ZN10m0ka3aUhjh10kCI62aW8feEv,0x11c048,36,other
_ZN10V8fxgahcBw10zOaX2aaIo5ERK10KcKRganuPNRK10eY2wgaf6pwRK10C8THgaTQxF,0x11c06c,112,other
_ZN10PO392awP4g10kCI62aW8feEv,0x11c0dc,20,other
_ZN10V8fxgahcBw10HQbxDa4zxSEiiRK10C8THgaTQxFS2_,0x11c0f0,660,other
_ZN10V8fxgahcBw10JwSRLabuWSEiiP10FY2VgaG6rR,0x11c388,520,other
_ZN10V8fxgahcBw10g8kyDaDovTERK10C8THgaTQxFi,0x11c5f8,64,other
_ZN10V8fxgahcBw10SEXU2a9Nw3ERK10C8THgaTQxFi,0x11c724,100,other
_ZN10V8fxgahcBw10kVqLgaVfwIEv,0x11c834,76,other
_ZN10xKbb3aMu1hC1EP10V8fxgahcBwRK10eY2wgaf6pwS4_S4_f,0x11c880,276,other
_ZN10xKbb3aMu1hC2EP10V8fxgahcBwRK10eY2wgaf6pwS4_S4_f,0x11c880,276,other
_ZN10V8fxgahcBw10KUfmIao_kWERK10eY2wgaf6pwS2_S2_f,0x11c998,100,other
_ZN10m0ka3aUhjhC1EP10V8fxgahcBwRK10eY2wgaf6pwS4_f,0x11ca40,260,other
_ZN10m0ka3aUhjhC2EP10V8fxgahcBwRK10eY2wgaf6pwS4_f,0x11ca40,260,other
_ZN10V8fxgahcBw10O70xgakzexERK10eY2wgaf6pwS2_f,0x11cb48,84,other
_ZN10PO392awP4gC1EP10V8fxgahcBwRK10eY2wgaf6pwRK10C8THgaTQxF,0x11cbd4,380,other
_ZN10PO392awP4gC2EP10V8fxgahcBwRK10eY2wgaf6pwRK10C8THgaTQxF,0x11cbd4,380,other
_ZN10V8fxgahcBw10u9WRgaBn_NEiiRK10C8THgaTQxF,0x11cd54,84,other
_ZN10V8fxgahcBw10rz5wgawiswEP10XoqxgaMPJw,0x11cdb0,168,other
_ZN10V8fxgahcBw10Z_6wgaMvtwEb,0x11ce98,176,other
_Z10NB2M1asOS6v,0x11cf4c,64,other
_ZN10V8fxgahcBw10guGxDa8lXSEiiiiRK10C8THgaTQxF,0x11cf8c,540,other
_ZN10V8fxgahcBw10VV_wDapynSERK10C8THgaTQxFi,0x11d1ac,208,other
_ZN10K9562aXNAe10Qqi72af7KeEPS_,0x11d280,8,other
_ZN10eHD62a2_be10Qqi72af7KeEP10K9562aXNAe,0x11d288,144,other
_ZN10eHD62a2_be10rMBEgasoMCEv,0x11d318,44,other
_ZN10xKbb3aMu1h10rMBEgasoMCEv,0x11d344,100,other
_ZN10zfJa3aJGDh10rMBEgasoMCEv,0x11d3a8,44,other
_ZN10AK892aVY8g10rMBEgasoMCEv,0x11d3d4,44,other
_ZN10m0ka3aUhjh10rMBEgasoMCEv,0x11d400,100,other
_ZN10PO392awP4g10rMBEgasoMCEv,0x11d464,24,other
_ZN10m0ka3aUhjhD1Ev,0x11d47c,4,other
_ZN10m0ka3aUhjhD2Ev,0x11d47c,4,other
_ZN10xKbb3aMu1hD1Ev,0x11d480,4,other
_ZN10xKbb3aMu1hD2Ev,0x11d480,4,other
_ZN10eHD62a2_beD1Ev,0x11d484,4,other
_ZN10eHD62a2_beD2Ev,0x11d484,4,other
_ZN10PO392awP4gD1Ev,0x11d488,68,other
_ZN10PO392awP4gD2Ev,0x11d488,68,other
_ZN20V8fxgahcBwPropertiesD1Ev,0x11d4cc,28,other
_ZN20V8fxgahcBwPropertiesD2Ev,0x11d4cc,28,other
_ZThn16_N20V8fxgahcBwPropertiesD1Ev,0x11d4e8,8,other
_ZN20V8fxgahcBwPropertiesD0Ev,0x11d4f0,56,other
_ZThn16_N20V8fxgahcBwPropertiesD0Ev,0x11d528,8,other
_ZN10m0ka3aUhjhD0Ev,0x11d530,4,other
_ZN10xKbb3aMu1hD0Ev,0x11d534,4,other
_ZN10eHD62a2_beD0Ev,0x11d538,4,other
_ZN10PO392awP4gD0Ev,0x11d53c,76,other
_ZN10eHD62a2_be5cloneEP10V8fxgahcBw,0x11d588,100,other
_ZN10AK892aVY8gD1Ev,0x11d5ec,20,other
_ZN10AK892aVY8gD2Ev,0x11d5ec,20,other
_ZN10AK892aVY8gD0Ev,0x11d600,48,other
_ZN10zfJa3aJGDhD1Ev,0x11d630,20,other
_ZN10zfJa3aJGDhD2Ev,0x11d630,20,other
_ZN10zfJa3aJGDhD0Ev,0x11d644,48,other
_ZN10EbOa3arQHhD1Ev,0x11d674,20,other
_ZN10EbOa3arQHhD2Ev,0x11d674,20,other
_ZN10EbOa3arQHhD0Ev,0x11d688,48,other
_ZN10AK892aVY8g10Qqi72af7KeEP10K9562aXNAe,0x11d6b8,284,other
_ZN10zfJa3aJGDh10Qqi72af7KeEP10K9562aXNAe,0x11d7d4,244,other
_ZN10EbOa3arQHh10Qqi72af7KeEP10K9562aXNAe,0x11d8c8,164,other
_ZN10EbOa3arQHh5cloneEP10V8fxgahcBw,0x11d96c,104,other
_ZN10zfJa3aJGDh5cloneEP10V8fxgahcBw,0x11d9d4,108,other
_ZN10AK892aVY8g5cloneEP10V8fxgahcBw,0x11da40,108,other
_ZN10xKbb3aMu1h5cloneEP10V8fxgahcBw,0x11daac,84,other
_ZN10m0ka3aUhjh5cloneEP10V8fxgahcBw,0x11db00,80,other
_ZN10PO392awP4g5cloneEP10V8fxgahcBw,0x11db50,68,other
_ZN10nDIHgaJ9nF10uW3JGaPVmzEc,0x11db94,76,other
_ZN10nDIHgaJ9nF10z8_2gaQJ8XERK10C8THgaTQxF,0x11dbe0,280,other
_ZN10nDIHgaJ9nF10JCdjIae4MTEv,0x11dcf8,304,other
_ZN10nDIHgaJ9nF10aAzHga5xgFERK10C8THgaTQxFR10dVIHgaIooF,0x11de28,312,other
_ZN10SrwA5a7UkjD1Ev,0x11df60,20,other
_ZN10SrwA5a7UkjD2Ev,0x11df60,20,other
_ZN10SrwA5a7UkjD0Ev,0x11df74,48,other
_ZN10n_rGfa49jO10AlAembTbTjEP10nenvgaH9_u,0x11dfa4,140,other
_ZN10n_rGfa49jOC1Ev,0x11e030,148,other
_ZN10n_rGfa49jOC2Ev,0x11e030,148,other
_ZN10FZpembCtKjC1Ev,0x11e0c4,104,other
_ZN10FZpembCtKjC2Ev,0x11e0c4,104,other
_ZN10FZpembCtKj10oJUhmbNkGmEv,0x11e12c,52,other
_ZN10_5EhmbQbtmC1Ev,0x11e160,68,other
_ZN10_5EhmbQbtmC2Ev,0x11e160,68,other
_Z10NxfkmbbHEoPh,0x11e1a4,36,other
_Z10rW_jmbMyroiPh,0x11e1c8,32,other
_Z10WhSplbShnDiiii,0x11e1e8,104,other
_Z10MvXplboGrDiiii,0x11e250,128,other
_ZN10_5EhmbQbtm10yVYfmb2R2kEP10FZpembCtKj,0x11e2d0,16324,other
_ZN10_5EhmbQbtm10ieWgmbCBRlEv,0x122294,308,other
_ZN10n_rGfa49jOD1Ev,0x1223c8,76,other
_ZN10n_rGfa49jOD2Ev,0x1223c8,76,other
_ZN10n_rGfa49jOD0Ev,0x122414,32,other
_ZN10FZpembCtKjD1Ev,0x122434,44,other
_ZN10FZpembCtKjD2Ev,0x122434,44,other
_ZN10_5EhmbQbtmD1Ev,0x122460,144,other
_ZN10_5EhmbQbtmD2Ev,0x122460,144,other
_ZN10_5EhmbQbtmD0Ev,0x1224f0,32,other
_ZN10_5EhmbQbtm10IBFembnCXjEv,0x122510,3128,other
_ZN10n_rGfa49jO10ieWgmbCBRlEv,0x123148,8,other
_ZN10n_rGfa49jO10IBFembnCXjEv,0x123150,8,other
_ZN10NLT0HaSwmED1Ev,0x123158,76,other
_ZN10NLT0HaSwmED2Ev,0x123158,76,other
_ZN10NLT0HaSwmED0Ev,0x1231a4,32,other
_ZN10NLT0HaSwmEC1Ev,0x1231c4,84,other
_ZN10NLT0HaSwmEC2Ev,0x1231c4,84,other
_ZN10NLT0HaSwmE10hS36BafSyGERKS_,0x123218,68,other
_ZN10NLT0HaSwmEC1ERKS_,0x12325c,80,other
_ZN10NLT0HaSwmEC2ERKS_,0x12325c,80,other
_ZN10NLT0HaSwmE10dVp6BaIp0FENS_10QnXO1aPzt8E,0x1232ac,156,other
_ZN10NLT0HaSwmE10IAEwCaDL40Ei,0x123348,216,other
_ZN10NLT0HaSwmE10IAEwCaDL40ERK10dVIHgaIooF,0x123420,164,other
_ZN10ovXCga6FnB10MgI_gaSRmVEi,0x1234c8,36,other
_ZN10ovXCga6FnB10qz81gavPpXEi,0x1234ec,36,other
_ZN10ovXCga6FnB10cXs_ganY9UEPhiiiiiiPKhiiffffPK10NLT0HaSwmEbbiRK10bagMga8cdJ,0x123510,167956,other
_ZN10ovXCga6FnB10L3bJKaPLDVEPhiiiiPKhiiiiii,0x14c53c,648,other
_ZN10ovXCga6FnB10rJ9IKaWNBVEPhiiiiiiPKhiiiiiRK10dVIHgaIooFbS5_,0x14c7c4,4492,other
_ZN10ovXCga6FnB10i_TLfa_IUSEPhiiiiiiRK10bagMga8cdJb,0x14d950,2384,other
_ZN10ovXCga6FnB10O70xgakzexEPhiiffffRK10bagMga8cdJ,0x14e2a4,5928,other
_ZN10ovXCga6FnB10kgVNKaqNBZEPhii10eY2wgaf6pwS1_S1_RK10bagMga8cdJ,0x14f9d4,2748,other
_ZN10ovXCga6FnB10gK1NKav4HZEPhii10eY2wgaf6pwS1_S1_PKhiiPK10NLT0HaSwmEiiRK10rizMgadjtJ,0x150494,8196,other
_ZN10ovXCga6FnB10JycNKaYa0YEPhiiiiiiPKhiiiiPK10NLT0HaSwmE,0x152498,1076,other
_ZN10ovXCga6FnB10dVsNKaIWdZEPhiiiiiiPKhiiiiPK10NLT0HaSwmE,0x1528cc,1208,other
_ZN10EYMwkbFObT10BVRwkbbZfTEPhiii,0x152d90,120,other
_ZN10EYMwkbFObT10IfDwkbSD3SEPhiii,0x152e08,316,other
_ZN10EYMwkbFObT10CD4vkb3vBSEPhiii,0x152f44,112,other
_ZN10EYMwkbFObT10x_PAkbemBWEPhiii,0x152fb4,612,other
_ZN10EYMwkbFObT10SXUAkb8wFWEPhiii,0x153218,476,other
_ZN10EYMwkbFObT10GgGAkbGatWEPhiii,0x1533f4,352,other
_ZN10Fcx_gaoydV10rQbvCaJzR_EP10nenvgaH9_ub,0x153578,1840,other
_ZN10Fcx_gaoydV10xWJuCaYft_EP10nenvgaH9_u,0x153dd0,524,other
_ZNK10Fcx_gaoydV10BFUyCaJhZ2EP10nenvgaH9_u,0x153fdc,480,other
_Z10eY1M1algS6v,0x1541bc,20,other
sb3q7afinS,0x1541d0,188,other
TjMq7avg8R,0x15428c,84,other
WXgq7a6SIR,0x1542e0,276,other
vuJM7anTB9,0x1543f4,2876,other
_ZN10Fcx_gaoydV10ABozCaljo3EP10nenvgaH9_u,0x154f38,240,other
_Z10nRx0IaB53tP10ydogJa7ZoH,0x156298,144,other
_Z10EdG0Iad8auP10ydogJa7ZoHP10_KlgJakVmHi,0x156328,412,other
_Z10Et7_IaAUItP10vU0fJafn5G,0x1564c4,128,other
_Z10wkl0IaZyUt10WJMgJaqCJHP10ydogJa7ZoHS1_P10vU0fJafn5G,0x156544,11568,other
_Z10lfB0IaBX6tP10ydogJa7ZoHP10vU0fJafn5G,0x15928c,56,other
_Z10aitCvaXfZcv,0x15de64,44,other
_Z10xfmhFaNkdlv,0x15de90,56,other
_ZN10oJlO1aTTY710l3aU1apVScEv,0x15df04,520,other
_ZN10oJlO1aTTY710CxvRIaV8ClEv,0x15e10c,792,other
_ZN10oJlO1aTTY710l0PQ1aTm39Ev,0x15e430,248,other
_ZN10oJlO1aTTY710wgSQgaCg5MEv,0x15e528,24,other
_ZN10oJlO1aTTY7D1Ev,0x15e540,48,other
_ZN10oJlO1aTTY7D2Ev,0x15e540,48,other
_ZN10oJlO1aTTY710bA4tIa0sV1Ev,0x15e570,104,other
_ZN10oJlO1aTTY7C1Ev,0x15e5d8,196,other
_ZN10oJlO1aTTY7C2Ev,0x15e5d8,196,other
_ZN10oJlO1aTTY710ejCrIaRQQ_Ev,0x15e69c,100,other
_ZN10oJlO1aTTY710eITC1aNtkZEiiRK10C8THgaTQxFi,0x15e700,340,other
_ZN10oJlO1aTTY710wH0C1akcrZERK10cXoLgatBuI,0x15e854,620,other
_ZN10oJlO1aTTY710rhBC1ahZ4YERK10cXoLgatBuI,0x15eac0,64,other
_ZN10oJlO1aTTY710rDZB1aTszYERK10cXoLgatBuIb,0x15eb00,164,other
_ZN10oJlO1aTTY710DdHB1acZjYEibih,0x15eba4,1004,other
_ZN10oJlO1aTTY710SenF1ahaq0Ev,0x15ef90,4,other
_ZN10oJlO1aTTY710wk4TLaTfNUEv,0x15ef94,576,other
_Z10TsjL2a4ZpWv,0x15f1d8,164,other
_Z10H0oQ2aeFH_v,0x15f27c,4,other
_ZN10oJlO1aTTY710xPV6ua4frNERK10C8THgaTQxF,0x15f280,432,other
_ZN10oJlO1aTTY710e9W7IarniAERK10C8THgaTQxF,0x15f430,584,other
_ZN10a7qxJaHqKV10HDMiLa2wppE10C8THgaTQxF,0x15f724,4,other
_ZN10a7qxJaHqKV10AqkCDa_NRWEPKc,0x15f728,284,other
_ZN10a7qxJaHqKV10PoR0MayxkREb,0x15f844,544,other
_ZN10a7qxJaHqKV10OkcCDaa_KWERK10C8THgaTQxFb,0x15fa64,244,other
_ZN10a7qxJaHqKV10wcvxJa9RNVERK10C8THgaTQxFb,0x15fb60,152,other
_ZN10a7qxJaHqKV10lmyxJaowQVEb,0x15fbf8,176,other
_ZN10a7qxJaHqKV10QJRFDakPPZEj,0x15fca8,148,other
_ZN10a7qxJaHqKV10wgSQgaCg5MEbb,0x15fd3c,176,other
_ZN10a7qxJaHqKV10EGmFDaCHpZEv,0x15fdec,40,other
_ZN10a7qxJaHqKV10WDrhJanShIEv,0x15fe14,60,other
_ZN10a7qxJaHqKV10ejCrIaRQQ_Ev,0x15fe50,52,other
_ZN10a7qxJaHqKV10bA4tIa0sV1Ev,0x15fe84,24,other
_ZN10a7qxJaHqKV10HYZJJaOKi5EPvii,0x15fe9c,244,other
_ZN10a7qxJaHqKV10XzaCJaWvJZEv,0x15ff90,328,other
_ZN10a7qxJaHqKV10mz2gKarMXxEv,0x1600d8,420,other
_ZN10a7qxJaHqKV10LV3BJalVDZEb,0x16027c,236,other
_ZN10a7qxJaHqKV10OJmJJacKM4Ev,0x160368,64,other
_ZN10a7qxJaHqKV10rm2hIauBNSEv,0x1603a8,16,other
_ZN10a7qxJaHqKV10kLSgIapGOREb,0x1603bc,52,other
_ZN10a7qxJaHqKV10LvYNBatwEpEv,0x1603f4,100,other
_ZN10a7qxJaHqKV10XPp3GaoluQEv,0x160458,164,other
_Z10RtvFDaN5wZv,0x160508,56,other
_ZN10ieJzgaIFFy10bE03Iat9ZwEv,0x1607d8,132,other
_ZN10ieJzgaIFFy10iZDhga9esjEd,0x16085c,28,other
_ZN10ieJzgaIFFy10gtHggaibFiEP10W6NzgawMJy,0x160878,136,other
_ZN10ieJzgaIFFy10JhjWgazQFREv,0x160904,136,other
_ZN10ieJzgaIFFy10ex97IaxDtAEv,0x16098c,8,other
_ZN10J0CfgbmrLhD1Ev,0x1609c0,68,other
_ZN10J0CfgbmrLhD2Ev,0x1609c0,68,other
_ZN10J0CfgbmrLhD0Ev,0x160a04,32,other
_ZN10ieJzgaIFFy10Mh6WpbIUkrERK10C8THgaTQxF,0x160a24,44,other
_ZN10J0CfgbmrLh10JGEjIaHQ8TEd,0x160a80,112,other
_ZN10J0CfgbmrLh10Cu3DMaoyjxEP10G0gxgajWBw,0x160af0,240,other
_ZN10_HTugbItBu10JGEjIaHQ8TEd,0x160d20,148,other
_ZN10_HTugbItBu10m6pngaXzjoERK10CanTfaz6bZ,0x160dc0,108,other
_ZN10ieJzgaIFFy10rVjVga1mQQERK10C8THgaTQxF10RiQ7IaxCcAP10G0gxgajWBw,0x160e2c,352,other
_ZN10ieJzgaIFFy10DYcNfbKw0TEP10JQknDa08eKb,0x160f8c,552,other
_ZN10ieJzgaIFFy10U0VggaxqRiEv,0x1611b4,256,other
_ZN10ieJzgaIFFy10al7gganN0iEP10W6NzgawMJyRK10qdSBga_dtA,0x1612c0,208,other
_ZN10ieJzgaIFFy10afFcHakjgYERK10C8THgaTQxF,0x161390,212,other
_ZN10ieJzgaIFFy10cuc8IaZ6vAEb,0x161464,80,other
_ZN10ieJzgaIFFy10yizVgakj2QEdb,0x1614e8,36,other
_ZN10ieJzgaIFFy10rysVgaGDXQEdb,0x16150c,36,other
_ZN20J0CfgbmrLhPropertiesC1Ev,0x1615d4,144,other
_ZN20J0CfgbmrLhPropertiesC2Ev,0x1615d4,144,other
_ZN10J0CfgbmrLhC1EP10ieJzgaIFFyib,0x161664,188,other
_ZN10J0CfgbmrLhC2EP10ieJzgaIFFyib,0x161664,188,other
_ZN10J0CfgbmrLh10cuc8IaZ6vAEb,0x161720,64,other
_ZN10ieJzgaIFFy10imRIfblvlQEv,0x161760,400,other
_ZN20ieJzgaIFFyPropertiesC1Ev,0x1618f0,176,other
_ZN20ieJzgaIFFyPropertiesC2Ev,0x1618f0,176,other
_ZN10_HTugbItBuC1EP10ieJzgaIFFyi,0x1619a0,132,other
_ZN10_HTugbItBuC2EP10ieJzgaIFFyi,0x1619a0,132,other
_ZN10ieJzgaIFFyC1EP10zF9VgaBKxR,0x161a24,1836,other
_ZN10ieJzgaIFFyC2EP10zF9VgaBKxR,0x161a24,1836,other
_ZN10ieJzgaIFFy10_6vGpbGDndEib,0x162150,408,other
_ZN10ieJzgaIFFy10kJMk5aJB55Ev,0x1622e8,116,other
_ZN10ieJzgaIFFy10ndEIfbXraQEv,0x16235c,504,other
_ZN10ieJzgaIFFy10koBNSa93kIEv,0x162554,1796,other
_ZNK10ieJzgaIFFy10dp9wIaTwv4Ei,0x162c60,104,other
_ZNK10ieJzgaIFFy10QLHYkbVqGfEi,0x162cd0,820,other
_ZN10ieJzgaIFFy10LSrJFaP3QIEii,0x163010,88,other
_ZN10ieJzgaIFFy10wnLBgbvtnAEv,0x163068,88,other
_ZN10ieJzgaIFFy10E16OYa1wCMEv,0x1630c0,376,other
_ZN10ieJzgaIFFy10oyT6Laxlp5EP10W6NzgawMJy,0x16323c,288,other
_ZN10ieJzgaIFFy10kWm6LaLUY4EP10W6NzgawMJy,0x16335c,152,other
_ZN10ieJzgaIFFy10MP0FfajjYNEP10W6NzgawMJy,0x1633f4,756,other
_ZN10ieJzgaIFFy10Q8KcHachlYEbbiRK10C8THgaTQxF,0x1636f0,268,other
_ZN10ieJzgaIFFy10b6SzgaMYNyEbi,0x1637fc,204,other
_ZN10ieJzgaIFFy10jWUt9aKvMAEv,0x1638c8,172,other
_ZN10ieJzgaIFFy10xYNcHayEnYEv,0x163974,156,other
_ZN10ieJzgaIFFy10eHoSJa2nncERK10C8THgaTQxFS2_b,0x163a10,2880,other
_ZN10ieJzgaIFFy10eHoSJa2nncERK10C8THgaTQxF,0x164550,48,other
_ZN10ieJzgaIFFy10eJaeabJDxdEi,0x164580,160,other
_ZN10ieJzgaIFFy10eHoSJa2nncERK10C8THgaTQxFS2_,0x164624,8,other
_ZN10J0CfgbmrLh10m6pngaXzjoERK10CanTfaz6bZ,0x16462c,948,other
_ZN10ieJzgaIFFy10p_Jzga6iGyEv,0x1649e0,356,other
_ZN10ieJzgaIFFy10M5XOFaCauNEv,0x164b44,220,other
_ZN10ieJzgaIFFy10oPxJfbQ3VQEP10_rQq6alKb1,0x164c20,236,other
_ZN10ieJzgaIFFy10Y32cXa7bBqERK10C8THgaTQxF,0x164d0c,444,other
_ZN10ieJzgaIFFy10f6EMfbWbyTEP10JQknDa08eK,0x164ec8,152,other
_ZN10ieJzgaIFFy10TfRVga8phREP10JQknDa08eKffiP10W6NzgawMJy,0x164f60,2124,other
_ZN10ieJzgaIFFy10xB2RJacO4bEP10W6NzgawMJy,0x1657c0,732,other
_ZN10ieJzgaIFFy10tIIEga1dSCEP10W6NzgawMJy,0x165aa0,1220,other
_ZN10ieJzgaIFFy10I0cMfbfzaTEii,0x165f70,772,other
_ZN10ieJzgaIFFy10KgGQfbQaWWEii,0x166274,732,other
_ZN10ieJzgaIFFy10KgGQfbQaWWEiiii,0x166550,956,other
_ZN10ieJzgaIFFy8setFrameEi,0x16690c,7068,other
_ZN10ieJzgaIFFy10zE8FfaRT3NEv,0x1684b0,1452,other
_ZN10ieJzgaIFFy10j1qzgbHlqyEv,0x168a5c,64,other
_ZN10ieJzgaIFFy10e9W7IarniAERK10C8THgaTQxFb,0x168a9c,92,other
_ZN10ieJzgaIFFyD1Ev,0x168af8,592,other
_ZN10ieJzgaIFFyD2Ev,0x168af8,592,other
_ZN10ieJzgaIFFyD0Ev,0x168d48,32,other
_ZN10ieJzgaIFFy10S_m2KazYBbEP10W6NzgawMJy,0x168d68,260,other
_Z10DgXP2aJtj_v,0x168e6c,96,other
_ZNK10FY2VgaG6rR10Qi2VgaCyrREv,0x168ecc,8,other
_ZNK10FY2VgaG6rR10qCgWga1ADREv,0x168ed4,8,other
_ZN10FY2VgaG6rR10QL5FfaVs1NEP10MpGzgariDy,0x168edc,8,other
_ZN10ieJzgaIFFy10SCanwany6QEv,0x168ee4,4,other
_ZN10ieJzgaIFFy10eGQmwacWPQEi,0x168ee8,4,other
_ZN10ieJzgaIFFy10QVSqwakPdUEv,0x168eec,4,other
_ZN10ieJzgaIFFy10JX6VLaUsvWEv,0x168ef0,8,other
_ZN10ieJzgaIFFy10sgdTJasM3cEi,0x168ef8,8,other
_ZN10ieJzgaIFFy10rGmrwapHDUEv,0x168f00,4,other
_ZN20J0CfgbmrLhPropertiesD1Ev,0x168f04,28,other
_ZN20J0CfgbmrLhPropertiesD2Ev,0x168f04,28,other
_ZThn16_N20J0CfgbmrLhPropertiesD1Ev,0x168f20,8,other
_ZN20ieJzgaIFFyPropertiesD1Ev,0x168f28,28,other
_ZN20ieJzgaIFFyPropertiesD2Ev,0x168f28,28,other
_ZThn16_N20ieJzgaIFFyPropertiesD1Ev,0x168f44,8,other
_ZN20J0CfgbmrLhPropertiesD0Ev,0x168f4c,56,other
_ZThn16_N20J0CfgbmrLhPropertiesD0Ev,0x168f84,8,other
_ZN20ieJzgaIFFyPropertiesD0Ev,0x168f8c,56,other
_ZThn16_N20ieJzgaIFFyPropertiesD0Ev,0x168fc4,8,other
_ZN10ieJzgaIFFy10rVjVga1mQQE10RiQ7IaxCcA,0x168fcc,100,other
_ZN10_HTugbItBuD1Ev,0x169030,20,other
_ZN10_HTugbItBuD2Ev,0x169030,20,other
_ZN10_HTugbItBuD0Ev,0x169044,48,other
_ZN10ieJzgaIFFy10rVjVga1mQQERK10C8THgaTQxFS2_P10G0gxgajWBw,0x169074,4,other
_ZN10ieJzgaIFFy10rVjVga1mQQERK10C8THgaTQxF,0x169078,88,other
_ZN10Kc8uganwOu10XmPXfa5PW1Ev,0x169198,136,other
_ZN20Kc8uganwOuPropertiesC1Ev,0x169220,156,other
_ZN20Kc8uganwOuPropertiesC2Ev,0x169220,156,other
_ZN10Kc8uganwOu5clearEv,0x1692bc,428,other
_ZN10Kc8uganwOuD1Ev,0x169468,260,other
_ZN10Kc8uganwOuD2Ev,0x169468,260,other
_ZN10Kc8uganwOuD0Ev,0x16956c,32,other
_Z10VhYyIbLk15R10i7FHgaP2lFRbP10JQknDa08eKii,0x16958c,344,other
_ZN10Kc8uganwOu10mRCUDaAifbEv,0x1696e4,328,other
_ZN10Kc8uganwOu10M5XOFaCauNEi,0x16982c,124,other
_ZN10Kc8uganwOu10OZLUDaFZmbEP10ieJzgaIFFy,0x1698a8,8,other
_ZN10Kc8uganwOu10gyhUDavnYaEP10ieJzgaIFFy,0x1698b0,8,other
_Z10Xw8xIbvNk5RK10C8THgaTQxF,0x1698b8,172,other
_ZN10Kc8uganwOu10pH_0fadms5Ev,0x169964,520,other
_ZN10Kc8uganwOu10NiGdgazc7fERK10C8THgaTQxF,0x169b6c,256,other
_ZN10Kc8uganwOu10iG5UDaaoEbEv,0x169c6c,280,other
_ZN10Kc8uganwOuC1ERK10C8THgaTQxF,0x169d84,756,other
_ZN10Kc8uganwOuC2ERK10C8THgaTQxF,0x169d84,756,other
_ZN10Kc8uganwOu10fv05uaS1FMEiRK10C8THgaTQxF,0x16a078,156,other
_ZN10Kc8uganwOu10N2CgLa0sBnEv,0x16a114,20,other
_ZN10Kc8uganwOu10jlavgawjQuERK10C8THgaTQxF,0x16a128,52,other
_ZN10Kc8uganwOu10HuavgazrQuERK10C8THgaTQxFb,0x16a15c,724,other
_Z10Q8WTDa6mGav,0x16a5f0,48,other
_Z10sb6TDalPOav,0x16a620,68,other
_ZN20Kc8uganwOuPropertiesD1Ev,0x16a664,28,other
_ZN20Kc8uganwOuPropertiesD2Ev,0x16a664,28,other
_ZThn16_N20Kc8uganwOuPropertiesD1Ev,0x16a680,8,other
_ZN20Kc8uganwOuPropertiesD0Ev,0x16a688,56,other
_ZThn16_N20Kc8uganwOuPropertiesD0Ev,0x16a6c0,8,other
_ZN20znLtuaytEfPropertiesC1Ev,0x16a6c8,144,other
_ZN20znLtuaytEfPropertiesC2Ev,0x16a6c8,144,other
_ZN10znLtuaytEfC1ERK10CanTfaz6bZ,0x16a758,64,other
_ZN10znLtuaytEfC2ERK10CanTfaz6bZ,0x16a758,64,other
_ZN10znLtuaytEf10HHw5Mav7fVERK10CanTfaz6bZ,0x16a798,132,other
_ZN10znLtuaytEf4sendEv,0x16a81c,448,other
_ZN10znLtuaytEf10JGEjIaHQ8TEd,0x16a9dc,68,other
_ZN10znLtuaytEf10tFC5OaB8kBEd,0x16aa20,4,other
_ZN10znLtuaytEf10m6pngaXzjoERK10CanTfaz6bZ,0x16aa24,96,other
_ZN10znLtuaytEf10YpS5OaxoyBERK10C8THgaTQxF,0x16aa84,68,other
_ZN10znLtuaytEf10Cu3DMaoyjxEP10G0gxgajWBw,0x16aac8,32,other
_ZN10znLtuaytEf10IS1sMaMb2nEid,0x16aae8,108,other
_ZN10znLtuaytEf10VBZsMaAr_nEiRK10C8THgaTQxF,0x16ab54,152,other
_ZN10znLtuaytEf10F2BxMaZCTrEiP10G0gxgajWBw,0x16abec,96,other
_ZN10znLtuaytEf10EtbngaAg7nEi,0x16ac4c,68,other
_ZN10znLtuaytEf10krOlgaG2XmEid,0x16ac90,116,other
_ZN10znLtuaytEf10E453HaEJ3GEiRK10CanTfaz6bZ,0x16ad04,116,other
_ZN10znLtuaytEf10M4msgaG1tsEiP10G0gxgajWBw,0x16ad78,116,other
_ZN20znLtuaytEfPropertiesD1Ev,0x16adec,28,other
_ZN20znLtuaytEfPropertiesD2Ev,0x16adec,28,other
_ZThn16_N20znLtuaytEfPropertiesD1Ev,0x16ae08,8,other
_ZN20znLtuaytEfPropertiesD0Ev,0x16ae10,56,other
_ZThn16_N20znLtuaytEfPropertiesD0Ev,0x16ae48,8,other
_ZN10znLtuaytEfD1Ev,0x16ae50,20,other
_ZN10znLtuaytEfD2Ev,0x16ae50,20,other
_ZN10znLtuaytEfD0Ev,0x16ae64,48,other
_ZN10ZOPBLaGcrF10CpPVLahSfWEP10W6NzgawMJy,0x16ae94,352,other
_ZN10ZOPBLaGcrF10rB9VDacHxcERK10C8THgaTQxF,0x16aff4,84,other
_ZN10ZOPBLaGcrF10MghWDaS8DcEP10C8THgaTQxFS1_S1_Pi,0x16b048,464,other
_ZN10ZOPBLaGcrF10I0MBLafRoFEP10vuuHgangcFRK10C8THgaTQxFS4_S4_S4_ibi,0x16b218,1028,other
_ZN10ZOPBLaGcrF10wMcdvaxmJSERK10C8THgaTQxFi,0x16b61c,208,other
_ZN10ZOPBLaGcrF10HzPhvaG_BWERK10C8THgaTQxFi,0x16b6ec,148,other
_ZN10s_viIa9wbT10P_JiIaCjnTEv,0x16b780,200,other
_ZN10s_viIa9wbT10zKdiIaUaXSEv,0x16b848,700,other
_ZN10s_viIa9wbT10cU8hIaX5SSEv,0x16bb04,980,other
_ZN10s_viIa9wbT10PFnhIaXweSEv,0x16bed8,168,other
_ZN10s_viIa9wbT10CGXgIauPSREv,0x16bf80,300,other
_ZN10s_viIa9wbT10HG5gIazo_RERK10C8THgaTQxFS2_b,0x16c0ac,412,other
_ZN10s_viIa9wbT10OeukIad3QUEi,0x16c248,344,other
_ZN10s_viIa9wbT10Q1JjIajldUEv,0x16c3a0,296,other
_ZN20IoTkgardbmPropertiesC1Ev,0x16c500,156,other
_ZN20IoTkgardbmPropertiesC2Ev,0x16c500,156,other
_ZN10IoTkgardbmC1ERK10C8THgaTQxF,0x16c59c,132,other
_ZN10IoTkgardbmC2ERK10C8THgaTQxF,0x16c59c,132,other
_ZN10IoTkgardbmC1Eiii,0x16c620,156,other
_ZN10IoTkgardbmC2Eiii,0x16c620,156,other
_ZN10IoTkgardbm10R4DkgaLkZlEi,0x16c6bc,56,other
_ZN10GaA2gaD2MX10DP9jga4SzlEv,0x16c6f4,172,other
_ZN10GaA2gaD2MX10V9okga1MMlEi,0x16c7a0,160,other
_ZN10GaA2gaD2MX10HhFpfaxlcAERK10C8THgaTQxF,0x16c864,376,other
_ZN10GaA2gaD2MX10xiDpfajGaAEi,0x16c9dc,20,other
_ZN10GaA2gaD2MX10_lcpfac0OzEv,0x16c9f0,52,other
_ZN10GaA2gaD2MX10wyepfaLRQzEv,0x16ca24,52,other
_ZN10GaA2gaD2MX10Hf7ofaRIKzEv,0x16ca58,52,other
_ZN10GaA2gaD2MX10LK9ofa5OMzEib,0x16ca8c,60,other
_ZN10GaA2gaD2MX10Jxipfa7cUzEb,0x16cac8,228,other
_ZN10GaA2gaD2MX10MU1ofaqdGzEib,0x16cbac,32,other
_ZN10GaA2gaD2MX10f53ofa52HzEv,0x16cbcc,4,other
_ZN10GaA2gaD2MX10nMXofaiUBzEib,0x16cbd0,92,other
_ZN10GaA2gaD2MX10lUAofa5EizEv,0x16cc2c,36,other
_ZN10GaA2gaD2MX10dT2jga71tlEv,0x16cc50,112,other
_ZN10GaA2gaD2MX10Bg7jgaHJxlEv,0x16ccc0,24,other
_ZN10GaA2gaD2MX10WmPkgaZP7lEii,0x16ccd8,160,other
_ZN10GaA2gaD2MX10WmPkgaZP7lEi,0x16cd7c,156,other
_ZN10GaA2gaD2MX10usJkgaAR2lEiii,0x16ce18,424,other
_ZN10GaA2gaD2MX10O2Wsfa7hYCEi,0x16cfc4,88,other
_ZN10GaA2gaD2MX10byZsfako_CEib,0x16d01c,176,other
_ZN10GaA2gaD2MX10byZsfako_CEiib,0x16d0cc,32,other
_ZN10GaA2gaD2MX10MQ0sfa9j1CEPK10ik3sfaFp3C,0x16d0ec,64,other
_ZN10GaA2gaD2MX10ovysfa6DDCEf,0x16d12c,68,other
_Z10x3PsfaBpSCv,0x16d174,144,other
_Z10QJIsfakfMCv,0x16d204,92,other
_ZN20IoTkgardbmPropertiesD1Ev,0x16d260,28,other
_ZN20IoTkgardbmPropertiesD2Ev,0x16d260,28,other
_ZThn16_N20IoTkgardbmPropertiesD1Ev,0x16d27c,8,other
_ZN20IoTkgardbmPropertiesD0Ev,0x16d284,56,other
_ZThn16_N20IoTkgardbmPropertiesD0Ev,0x16d2bc,8,other
_ZN10IoTkgardbmD1Ev,0x16d2c4,20,other
_ZN10IoTkgardbmD2Ev,0x16d2c4,20,other
_ZN10IoTkgardbmD0Ev,0x16d2d8,48,other
_ZN10FY2VgaG6rR10gtHggaibFiEP10W6NzgawMJy,0x16d4a0,56,other
_ZN10FY2VgaG6rR10gkQVgaDDgREv,0x16d540,84,other
_Z10sdJdgaWE9fP10W6NzgawMJyfffb,0x16d594,264,other
_ZN10FY2VgaG6rR10al7gganN0iEP10W6NzgawMJyRK10qdSBga_dtA,0x16d6a8,176,other
_ZN10UmnigaXg4jC1Ev,0x16d758,40,other
_ZN10UmnigaXg4jC2Ev,0x16d758,40,other
_ZN20FY2VgaG6rRPropertiesC1Ev,0x16d780,156,other
_ZN20FY2VgaG6rRPropertiesC2Ev,0x16d780,156,other
_ZN10FY2VgaG6rRC1EP10zF9VgaBKxR,0x16d81c,252,other
_ZN10FY2VgaG6rRC2EP10zF9VgaBKxR,0x16d81c,252,other
_ZN10FY2VgaG6rR10aw1ggaJTWiEv,0x16d918,44,other
_ZN10FY2VgaG6rR10xXWggaOcSiEP10rizMgadjtJ,0x16d944,100,other
_ZN10FY2VgaG6rR10Eb3ggariYiEv,0x16d9a8,44,other
_ZN10FY2VgaG6rRD1Ev,0x16d9d4,56,other
_ZN10FY2VgaG6rRD2Ev,0x16d9d4,56,other
_ZN10FY2VgaG6rRD0Ev,0x16da0c,32,other
_ZN10FY2VgaG6rR10ZdZggas7TiEP10RWahgahP3i,0x16da2c,100,other
_ZN10FY2VgaG6rR10b34ggalSZiEP10W6NzgawMJy,0x16da90,128,other
_ZN10FY2VgaG6rR10dmKggagCHiEv,0x16db10,152,other
_Z10WSmgga_Rniv,0x16dba8,48,other
_ZN10FY2VgaG6rR10JhjWgazQFREv,0x16dbd8,20,other
_ZN10FY2VgaG6rR10MP0FfajjYNEP10W6NzgawMJy,0x16dbec,4,other
_ZN10FY2VgaG6rR10tIIEga1dSCEP10W6NzgawMJy,0x16dbf0,4,other
_ZN10FY2VgaG6rR10yizVgakj2QEdb,0x16dbf4,28,other
_ZN10FY2VgaG6rR10rysVgaGDXQEdb,0x16dc10,28,other
_ZN10FY2VgaG6rR10iZDhga9esjEd,0x16dc2c,20,other
_ZN10FY2VgaG6rR10U0VggaxqRiEv,0x16dc40,28,other
_ZN10FY2VgaG6rR10zE8FfaRT3NEv,0x16dc5c,4,other
_ZN20FY2VgaG6rRPropertiesD1Ev,0x16dc60,28,other
_ZN20FY2VgaG6rRPropertiesD2Ev,0x16dc60,28,other
_ZThn16_N20FY2VgaG6rRPropertiesD1Ev,0x16dc7c,8,other
_ZN20FY2VgaG6rRPropertiesD0Ev,0x16dc84,56,other
_ZThn16_N20FY2VgaG6rRPropertiesD0Ev,0x16dcbc,8,other
_ZN10K7FLgag3II10Jl9dNa1tw1Ev,0x16e130,88,other
_ZN10K7FLgag3II10I3gjMaMYPfEv,0x16e188,3304,other
_ZN10K7FLgag3II10gZSXFa7RZUEv,0x16ee70,1356,other
_ZN10K7FLgag3II10M2jjMa_tSfEv,0x16f3bc,108,other
_ZN10K7FLgag3II10f4njMafSVfEv,0x16f428,608,other
_ZN10K7FLgag3II10WCYiMaxCzfERK10C8THgaTQxF,0x16f688,152,other
_ZN10K7FLgag3II10rq3iMaRuEfEv,0x16f720,112,other
_ZN10K7FLgag3II10RofLgaAzmIERK10C8THgaTQxF,0x16f790,112,other
_ZN10K7FLgag3II10Ij0iMakTBfERK10C8THgaTQxF,0x16f800,480,other
_ZN10K7FLgag3II10rWDnMaMcvjEv,0x16f9e0,112,other
_ZN10K7FLgag3II10Q1GLgadPJIERK10C8THgaTQxF,0x16fa50,112,other
_ZN10K7FLgag3II10odHnMaSYxjEv,0x16fac0,156,other
_Z10YyjnMac4djv,0x16fb5c,460,other
_Z10wAqnMalZjjv,0x16fd28,20,other
_ZN10W6NzgawMJy10SCanwany6QEv,0x1702a0,12,other
_ZN10W6NzgawMJy10QVSqwakPdUEv,0x1702ac,32,other
_ZN10W6NzgawMJy10rGmrwapHDUEv,0x1702cc,12,other
_ZN10W6NzgawMJy10sgdTJasM3cEi,0x1702d8,64,other
_ZN10W6NzgawMJy10QL5FfaVs1NEP10MpGzgariDy,0x170318,28,other
_ZN10W6NzgawMJy10fZngMa6ModEP10KKhLga4xoI,0x1706c4,204,other
_ZN10W6NzgawMJy10eGQmwacWPQEi,0x170790,56,other
_ZN10W6NzgawMJy10gkQVgaDDgREv,0x1708dc,116,other
_ZN10W6NzgawMJy10mLApwaxx8SEi,0x170ac4,168,other
_ZN10W6NzgawMJy10xjHpwa92dTEi,0x170b6c,204,other
_ZN10W6NzgawMJy10kCBtwaWfwWEi,0x170c38,204,other
_ZN10W6NzgawMJy10Bu_owanbESEi,0x170d04,204,other
_ZN10W6NzgawMJy10tA8owaoQLSEi,0x170dd0,204,other
_ZN10W6NzgawMJy10Cd4pwa59xTEi,0x170e9c,204,other
_ZN10W6NzgawMJy10CavpwaFQ3SEi,0x170f68,204,other
_ZN10W6NzgawMJy10KRDtwaS8xWEi,0x171034,204,other
_ZN10W6NzgawMJy10uScpwasrPSEi,0x171100,204,other
_ZN10W6NzgawMJy10grzpwawq7SEi,0x1711cc,204,other
_ZN10W6NzgawMJy10skXpwaVwrTEd,0x1714a0,260,other
_Z10JFbWwaLqzjb,0x1717fc,100,other
_ZN10UbihxaHV9BC1ERK10C8THgaTQxF,0x171860,244,other
_ZN10UbihxaHV9BC2ERK10C8THgaTQxF,0x171860,244,other
_ZN10UbihxaHV9BC1ERK10C8THgaTQxFS2_P10G0gxgajWBw,0x171954,116,other
_ZN10UbihxaHV9BC2ERK10C8THgaTQxFS2_P10G0gxgajWBw,0x171954,116,other
_ZN10UbihxaHV9BD1Ev,0x1719c8,60,other
_ZN10UbihxaHV9BD2Ev,0x1719c8,60,other
_ZN20W6NzgawMJyPropertiesC1Ev,0x171a04,176,other
_ZN20W6NzgawMJyPropertiesC2Ev,0x171a04,176,other
_ZN10W6NzgawMJy10FrkOwa0OXcEv,0x171ab4,124,other
_ZN10W6NzgawMJy10ww_vwaZcxYEii,0x171b30,188,other
_ZN10W6NzgawMJy10wOIPwa7i7dEv,0x171bf8,468,other
_ZN10W6NzgawMJy10ejCrIaRQQ_Ev,0x171dcc,124,other
_ZN10W6NzgawMJy10A4Y6yaA_t9Ev,0x171e48,148,other
_ZN10W6NzgawMJy10HcdQwaqJxeEv,0x171ee8,108,other
_ZN10W6NzgawMJy10XIgRLavGqSEv,0x171f54,140,other
_ZN10W6NzgawMJy10FwdRLad_nSEv,0x171fe8,220,other
_ZN10W6NzgawMJy10MKZNwa6yFcEv,0x1720d0,820,other
_ZN10W6NzgawMJy10NgRNwaNqycEv,0x172404,792,other
_ZN10W6NzgawMJy10qZtvwahQ5XEi,0x17271c,104,other
_ZN10W6NzgawMJy10S8CvwaeydYEi,0x172784,92,other
_ZN10W6NzgawMJy10KcGULan7hVEii,0x1727e0,116,other
_ZN10W6NzgawMJy10HbDSwauAzgEi,0x172854,236,other
_ZN10W6NzgawMJy10GpIOwafZgdEdd,0x172940,448,other
_ZN10W6NzgawMJy10VWzOwalR9cEv,0x172b10,296,other
_ZN10W6NzgawMJy10avURwaT8XfEP10LBgVgaqANQ,0x172c48,64,other
_ZN10W6NzgawMJy10W20Rwa9u3fEP10LBgVgaqANQ,0x172c88,228,other
_ZN10W6NzgawMJy10JNAzwauzy0Ev,0x172d6c,96,other
_ZN10W6NzgawMJy10NUTlxaxE1FEv,0x172dcc,172,other
_ZN10W6NzgawMJy10ac5QwaUZgfEv,0x172e78,404,other
_ZN10W6NzgawMJy10q2MCwaESe3Ev,0x17300c,48,crypto-like
_ZN10W6NzgawMJy10ilACwavb42Ev,0x17303c,364,other
_ZN10W6NzgawMJy10BViCwabxQ2Ev,0x1731a8,1588,other
_ZN10W6NzgawMJy10rTbmwafChQEv,0x173800,816,other
_ZN10W6NzgawMJy10zuAUwaljdiEv,0x173b30,220,other
_ZN10W6NzgawMJy10a7yUwaH9biEv,0x173c0c,248,other
_ZN10W6NzgawMJy10CEsUwaUI6hERK10C8THgaTQxF,0x173d10,484,other
_ZN10W6NzgawMJy10PC4TwakvNhEv,0x173ef8,52,other
_ZN10W6NzgawMJyD1Ev,0x173f30,852,other
_ZN10W6NzgawMJyD2Ev,0x173f30,852,other
_ZN10W6NzgawMJyD0Ev,0x174284,32,other
_ZN10W6NzgawMJy10k1oSwaOFngERK10C8THgaTQxFbb,0x1742a4,1148,other
_ZN10W6NzgawMJy10puS4yahsI7E10RiQ7IaxCcAP10G0gxgajWBw,0x174720,492,other
_ZN10W6NzgawMJy10b9PRwaiuUfEv,0x17490c,184,other
_ZN10W6NzgawMJy10puS4yahsI7E10RiQ7IaxCcARK10C8THgaTQxF,0x1749c4,128,other
_ZN10W6NzgawMJy10puS4yahsI7E10RiQ7IaxCcA,0x174a44,8,other
_ZN10W6NzgawMJy10gsXUwamDwiEc,0x174afc,148,other
_ZN10W6NzgawMJy10l3mlwav0APEv,0x174b94,168,other
_ZN10W6NzgawMJy10SfMlxa1cWFEv,0x174c3c,216,other
_ZN10W6NzgawMJy10BaNlxaEZWFEv,0x174d14,176,other
_ZN10W6NzgawMJy10SbtRwaFaBfEv,0x174dc4,220,other
_ZN10W6NzgawMJy10tIVCxa19lUEb,0x174ea0,140,other
_ZN10W6NzgawMJy10N2Fqxa6Z2JEv,0x174f2c,220,other
_ZN10W6NzgawMJy10P10qwaiulUEv,0x175008,432,other
_ZN10W6NzgawMJy10fAkcNaaWZ_Ei,0x1751b8,3668,other
_ZN10W6NzgawMJy10heI7IaBP5zEi,0x176030,28,other
_ZN10W6NzgawMJy10wOb7Ia7xFzEi,0x17604c,28,other
_ZN10W6NzgawMJy10mCJDwaYZ13Ev,0x176068,480,other
_ZN10W6NzgawMJy10EoAmwateCQEv,0x176248,12,other
_ZN10W6NzgawMJy10li5qwa13oUEv,0x1762b0,12,other
_ZN10W6NzgawMJy10b7tmwaIXwQEb,0x1762bc,32,other
_ZN10W6NzgawMJy10CC0_Ga77CNERK10C8THgaTQxF,0x1762dc,80,other
_ZN10W6NzgawMJy10uzbpKatlOEEv,0x17632c,12,other
_ZN10W6NzgawMJy10SbDTwaFAphEv,0x176338,3400,other
_ZN10W6NzgawMJy10LtSTwaHrChEv,0x177088,360,other
_ZN10W6NzgawMJy10_w0Tway3JhEv,0x1771f0,24,other
_ZN10W6NzgawMJy10pJwTwaO8jhEv,0x177208,256,other
_ZN10W6NzgawMJy10rshTwaxi7gEbb,0x177308,476,other
_ZN10W6NzgawMJy10Q3v7IaUAWzERK10C8THgaTQxF,0x1774e4,3344,other
_ZN10W6NzgawMJy10qFpnwascjREv,0x178200,252,other
_ZN10W6NzgawMJy10salcLavq_jEv,0x1782fc,1324,other
_ZN10W6NzgawMJy10xmonwaG6hREv,0x178828,232,other
_ZN10W6NzgawMJy10daxnwaawpREi,0x178910,348,other
_ZN10W6NzgawMJy10eO1mwaW7ZQEi,0x178a6c,8,other
_ZN10W6NzgawMJyC1Ei,0x178a74,4208,other
_ZN10W6NzgawMJyC2Ei,0x178a74,4208,other
_ZN10W6NzgawMJy10fPzXwaNKJkERK10C8THgaTQxF,0x179af8,192,other
_ZN10W6NzgawMJy10p5bXwa9MpkEi,0x179bb8,540,other
_ZN10W6NzgawMJy10CrD_faSNi4ERK10C8THgaTQxFS2_,0x179dd4,284,other
_ZN10W6NzgawMJy10gFHXwailQkERK10C8THgaTQxF,0x179ef0,40,other
_ZN10W6NzgawMJy10MhGXwaIbPkEP10pTy_fadYe4,0x179f18,216,other
_ZN10W6NzgawMJy10l8D0yaIn93Edddd,0x179ff0,532,other
_ZN10W6NzgawMJy10mRc5yauq_7EddRK10C8THgaTQxFP10G0gxgajWBwP10MpGzgariDyb,0x17a204,860,other
_ZN10W6NzgawMJy10yscUwaK5ThEv,0x17a560,104,other
_ZN10W6NzgawMJy10q5I4LagyA3Ev,0x17a5c8,424,other
_ZN10W6NzgawMJy10skVnwaVQJREi,0x17a778,20,other
_ZN10W6NzgawMJy10IARPwaDHeeEi,0x17a78c,152,other
_ZN10W6NzgawMJy10bA4tIa0sV1Ev,0x17a824,140,other
_ZN10W6NzgawMJy10duEPwa5F3dEiii,0x17a8b0,508,other
_ZN10W6NzgawMJy10buiPwa39LdEiiiii,0x17aaac,700,other
_ZN10W6NzgawMJy10FxgPwaYwKdEiiiii,0x17ad68,4,other
_ZN10W6NzgawMJy10h4TTLabNDUEv,0x17ad6c,256,other
_ZN10W6NzgawMJy10lPmPwaNOPdEv,0x17ae78,724,other
_ZN10W6NzgawMJy10lLMOwawDkdEiiiii,0x17b158,160,other
_ZN10W6NzgawMJy10NJ_ywaho3_EP10zF9VgaBKxRRK10C8THgaTQxF,0x17b1f8,688,other
_ZN10W6NzgawMJy10VE7ywa629_EP10zF9VgaBKxRRK10C8THgaTQxFb,0x17b4a8,232,other
_ZN10W6NzgawMJy10L4ADwaFOV3EP10zF9VgaBKxRRK10C8THgaTQxFb,0x17b590,676,other
_ZN10W6NzgawMJy10kfJowaAGpSEP10zF9VgaBKxRiiiiiPib,0x17b834,564,other
_ZN10W6NzgawMJy10rxVOwaK0rdEiiiii,0x17ba68,884,other
_ZN10W6NzgawMJy10vQoWwaNvKjEv,0x17bddc,248,other
_ZN10W6NzgawMJy10EBKWwajP1jEP10UbihxaHV9B,0x17bed4,176,other
_ZN10W6NzgawMJy10fbFOKa2fe_ERK10C8THgaTQxFiiib,0x17bf84,192,other
_ZN10W6NzgawMJy10fbFOKa2fe_ERK10C8THgaTQxFidddiib,0x17c044,400,other
_ZN10W6NzgawMJy10WQDqwad80TE10l2uqwaFJUT,0x17c1d4,336,other
_ZN10W6NzgawMJy10QoIhLaFYvoEb,0x17c3e8,1028,other
_ZN10W6NzgawMJy10dFumxafpxGERK10C8THgaTQxFb,0x17c7f8,1280,other
_ZN10W6NzgawMJy10XqHzwam9D0ERK10C8THgaTQxFb,0x17cd00,960,other
_ZN10W6NzgawMJy10cAoqxa1hPJEv,0x17d0c0,1872,other
_Z10FTQVwat6gjv,0x17d810,68,other
_Z10JvPVwarXfjv,0x17d854,120,other
_ZN10W6NzgawMJy10CxvRIaV8ClEv,0x17d8cc,5140,other
_ZN10W6NzgawMJy10rVjVga1mQQERK10C8THgaTQxF10RiQ7IaxCcAP10G0gxgajWBw,0x17ece0,160,other
_ZN10W6NzgawMJy10yizVgakj2QEdb,0x17ed80,320,other
_ZN10W6NzgawMJy10rysVgaGDXQEdb,0x17eec0,320,other
_ZN10W6NzgawMJy10iZDhga9esjEd,0x17f000,312,other
_ZN10W6NzgawMJy10e9W7IarniAERK10C8THgaTQxFb,0x17f138,144,other
_ZN10W6NzgawMJy10cPsmwaERvQERK10C8THgaTQxF,0x17f1c8,112,other
_ZN10W6NzgawMJy10afFcHakjgYERK10C8THgaTQxF,0x17f238,112,other
_ZN10W6NzgawMJy10zE8FfaRT3NEv,0x17f2a8,204,other
_ZN10W6NzgawMJy10HTp1IavoOuEv,0x17f374,8,other
_ZNK10W6NzgawMJy10Qi2VgaCyrREv,0x17f37c,72,other
_ZNK10W6NzgawMJy10qCgWga1ADREv,0x17f3c4,72,other
_ZN10W6NzgawMJy10Lm1UgaOLAQEv,0x17f40c,72,other
_ZN10W6NzgawMJy10BwUDLa39aHEv,0x17f454,80,other
_ZN10W6NzgawMJy10CPrDLa90NGEv,0x17f4a4,80,other
_ZN10W6NzgawMJy10c8FDLaz3ZGEv,0x17f4f4,80,other
_ZN10W6NzgawMJy10bzl1LagLK0Ev,0x17f544,80,other
_ZN10W6NzgawMJy10m410Lagmu0Ev,0x17f594,80,other
_ZN10W6NzgawMJy10BBd0Lag3N_Ev,0x17f5e4,80,other
_ZN10W6NzgawMJy10mFbtwaoqaWEv,0x17f634,80,other
_ZN10W6NzgawMJy10DuT_Lapiw_Ev,0x17f684,80,other
_ZN10W6NzgawMJy10EYG_LaFLl_Ev,0x17f6d4,80,other
_ZN10W6NzgawMJy10Bp9swagx8VEv,0x17f724,80,other
_ZN10W6NzgawMJy10sSM0LawJg0Ev,0x17f774,40,other
_ZN10W6NzgawMJy10_aK0La2se0Ev,0x17f79c,40,other
_ZN10W6NzgawMJy10v3qmgaznunEv,0x17f7c4,80,other
_ZN10W6NzgawMJy10YXBswaeyGVEv,0x17f814,40,other
_ZN10W6NzgawMJy10pLeswaA1mVEv,0x17f83c,40,other
_ZN10W6NzgawMJy10d2dswarqmVEv,0x17f864,40,other
_ZN10W6NzgawMJy10GfKrwaWwXUEv,0x17f88c,40,other
_ZN10W6NzgawMJy10ZORrwaAT2UEv,0x17f8b4,40,other
_ZN20W6NzgawMJyPropertiesD1Ev,0x17f8dc,28,other
_ZN20W6NzgawMJyPropertiesD2Ev,0x17f8dc,28,other
_ZThn16_N20W6NzgawMJyPropertiesD1Ev,0x17f8f8,8,other
_ZN20W6NzgawMJyPropertiesD0Ev,0x17f900,56,other
_ZThn16_N20W6NzgawMJyPropertiesD0Ev,0x17f938,8,other
_ZN10W6NzgawMJy10iUOZLa2qCZEb,0x17f940,108,other
_ZN10W6NzgawMJy10rgGswaraKVEb,0x17f9ac,108,other
_ZN10W6NzgawMJy10PeaZLa8d4YEb,0x17fa18,108,other
_ZN10W6NzgawMJy10iKOswaDiRVEb,0x17fa84,108,other
_ZN10W6NzgawMJy10FZLZLawZzZEb,0x17faf0,108,other
_ZN10W6NzgawMJy10IOtYLapHuYEb,0x17fb5c,108,other
_ZN10W6NzgawMJy10Gd3lMafkaiEb,0x17fbc8,124,other
_ZN10W6NzgawMJy10K2iswaYDqVEi,0x17fc44,168,other
_Z10lRS1LatLb1PKvS0_,0x17fcf0,116,other
_ZN10W6NzgawMJy10vMdDLawcCGEiiiii,0x17fddc,644,other
_ZN10W6NzgawMJy10jZKyLaa8QCEiii,0x180060,20,other
_ZN10W6NzgawMJy10GruyLa1dDCEiiiff,0x180074,176,other
_ZN10W6NzgawMJy10TfRVga8phREiff,0x180130,12,other
_ZN10W6NzgawMJy10KxxyLa2PFCEiff,0x18013c,56,other
_ZN10W6NzgawMJy10kuDCLacQ6FERK10C8THgaTQxFffbiiiif,0x180178,356,other
_ZN10W6NzgawMJy10iR4BLawHEFERK10C8THgaTQxFiiiP10vuuHgangcF,0x1802e8,892,other
_ZN10W6NzgawMJy10rnrCLaqEXFERK10C8THgaTQxFffibP10vuuHgangcF,0x18066c,436,other
_ZN10W6NzgawMJy10IfIFLaSQHIEP10vuuHgangcF,0x180828,136,other
_ZN10W6NzgawMJy10dyM3LassN2Ev,0x1808b0,116,other
_ZN10W6NzgawMJy10fZVFLa6nTIEv,0x180924,4496,other
_ZN10W6NzgawMJy10kcA6La3384EP10vy1JgaKVkHdd,0x181ae0,164,other
_ZN10W6NzgawMJy10Km15LaNLG4Ev,0x181b84,152,other
_ZN10W6NzgawMJy10IHt7LaqBU5Ev,0x181c1c,56,other
_ZN10W6NzgawMJy10WTcxIaQsy4ERK10rizMgadjtJ,0x181c54,148,other
_ZN10W6NzgawMJy10WTcxIaQsy4Efffff,0x181ce8,168,other
_ZN10W6NzgawMJy10WTcxIaQsy4EP10FY2VgaG6rRfff,0x181d90,116,other
_ZN10W6NzgawMJy10rhkxIahGE4Ev,0x181e04,100,other
_ZN10W6NzgawMJy10uc76LadGB5Ev,0x181e68,56,other
_ZN10W6NzgawMJy10BSw7LaFgX5EP10FY2VgaG6rR,0x181ea0,176,other
_ZN10W6NzgawMJy10e9VPLalxiRERK10RWahgahP3i,0x181f50,148,other
_ZN10W6NzgawMJy10S4C6LaMub5Ev,0x181fe4,100,other
_ZN10W6NzgawMJy10Ujp7LaqVQ5Ev,0x182048,172,other
_ZN10W6NzgawMJy10pqj6LaVXV4Eb,0x1820f4,1416,other
_ZN10W6NzgawMJy10JwSRLabuWSEP10FY2VgaG6rR,0x182680,380,other
_ZN10W6NzgawMJy10Z4XwfaZ9kGERdS0_,0x1827fc,80,other
_ZN10W6NzgawMJy10PucQLaH7wREPdS0_,0x18284c,4,other
_ZN10W6NzgawMJy10xZarJauRtQEi,0x182850,104,other
_ZN10W6NzgawMJy10cLorJahrFQEii,0x1828c0,184,other
_ZN10W6NzgawMJy10vxkULaOT_UEv,0x182980,68,other
_ZN10W6NzgawMJy10jtrULalJ5UEv,0x1829c4,108,other
_ZN10W6NzgawMJy10sqrSLaYGpTEP10vy1JgaKVkH,0x182a30,656,other
_ZN10W6NzgawMJy10LV3BJalVDZEbP10vy1JgaKVkH,0x182cc8,604,other
_ZN10W6NzgawMJy10jHD2Ka7_PbEiii,0x182f50,136,other
_ZN10W6NzgawMJy10LDP6Kac3lfEiiii,0x182fdc,888,other
_ZN10W6NzgawMJy10qrmVLaGuSVEv,0x183360,512,other
_ZN10W6NzgawMJy10eCYULaKBxVEv,0x183568,520,other
_ZN10W6NzgawMJy10yow6KahS5eERK10C8THgaTQxFii,0x183778,1344,other
_ZN10W6NzgawMJy10CoHZLal7vZEv,0x183cbc,312,other
_ZN10W6NzgawMJy10dXySLao0vTEP10vy1JgaKVkH,0x183df4,360,other
_ZN10W6NzgawMJy10wk4TLaTfNUEv,0x183f70,808,other
_ZN10W6NzgawMJy10MP0FfajjYNEPS_,0x184298,468,other
_ZN10W6NzgawMJy10tIIEga1dSCEPS_,0x18446c,2216,other
_ZN10LBgVgaqANQ10py0qgaE4krERK10C8THgaTQxF,0x18501c,12,other
_ZN10LBgVgaqANQ10ex97IaxDtAEv,0x185028,20,other
_ZN10LBgVgaqANQ10Hqi8Iac7AAEv,0x1850c0,104,other
_ZN10LBgVgaqANQ10rVjVga1mQQERK10C8THgaTQxFS2_P10G0gxgajWBw,0x1856d4,4,other
_ZN10LBgVgaqANQ10rVjVga1mQQERK10C8THgaTQxF,0x1856d8,88,other
_ZN10LBgVgaqANQD1Ev,0x185730,668,other
_ZN10LBgVgaqANQD2Ev,0x185730,668,other
_ZN10LBgVgaqANQD0Ev,0x1859cc,32,other
_ZN10LBgVgaqANQ10XmPXfa5PW1Ev,0x1859ec,1572,other
_ZN10LBgVgaqANQ10U0VggaxqRiEv,0x186010,888,other
_ZN10LBgVgaqANQ10cuc8IaZ6vAEb,0x186894,148,other
_ZN10LBgVgaqANQ10VfWAgaaDGzEv,0x186928,116,other
_Z10JtTLgaLhUIiaRK10C8THgaTQxF,0x187910,136,other
_Z10Ez46IaDszzRK10C8THgaTQxF,0x187998,244,other
_Z10O4E6IaOadzRK10C8THgaTQxF,0x187a8c,532,other
_Z10fbB6Ia8T9yRK10C8THgaTQxFbP10W6NzgawMJy,0x187ca0,940,other
_Z10XbR6IaQmnzRK10C8THgaTQxFP10W6NzgawMJy,0x18804c,580,other
_ZN20LBgVgaqANQPropertiesC1Ev,0x188290,176,other
_ZN20LBgVgaqANQPropertiesC2Ev,0x188290,176,other
_ZN10LBgVgaqANQC1Ei,0x188340,604,other
_ZN10LBgVgaqANQC2Ei,0x188340,604,other
_ZN10LBgVgaqANQ10rhe4IahDaxEv,0x18859c,240,other
_ZN10LBgVgaqANQ10pIS3IaYDSwEv,0x18868c,72,other
_ZN10LBgVgaqANQ10JhjWgazQFREv,0x188e58,168,other
_ZN10LBgVgaqANQ10gtHggaibFiEP10W6NzgawMJy,0x188f00,200,other
_ZN10LBgVgaqANQ10bE03Iat9ZwEv,0x188fcc,368,other
_ZN10LBgVgaqANQ10_xWAgaiSGzEv,0x189148,608,other
_ZN10LBgVgaqANQ10UHr3IaIVvwEdd,0x189858,600,other
_ZN10LBgVgaqANQ10jMH3IakrJwERK10C8THgaTQxF,0x189ab0,116,other
_ZN10LBgVgaqANQ10n_u3Ia4GywERK10C8THgaTQxF,0x189b88,48,other
_ZN10LBgVgaqANQ10mrK3IaCGLwEb,0x189c78,92,other
_ZN10LBgVgaqANQ10QLaVga0FIQEdd,0x189ec0,368,other
_ZN10LBgVgaqANQ10FQ9UgaXTHQEddddb,0x18a038,1600,other
_ZN10LBgVgaqANQ10Lkz7IadlZzEv,0x18a678,572,other
_ZN10LBgVgaqANQ10heI7IaBP5zEi,0x18a90c,304,other
_ZN10LBgVgaqANQ10wOb7Ia7xFzEi,0x18aa3c,304,other
_ZN10LBgVgaqANQ10YOL7IazQ8zEP10zF9VgaBKxR,0x18ab6c,240,other
_ZN10LBgVgaqANQ10SgT7IaS6eAEPdS0_,0x18ac5c,92,other
_ZN10LBgVgaqANQ10R247Ia4RpAEi,0x18acb8,116,other
_ZN10LBgVgaqANQ10pcZ7Ia85jAEP10ieJzgaIFFy,0x18ad2c,64,other
_ZN10LBgVgaqANQ10pVC7Ia_l1zEv,0x18adbc,36,other
_ZN10LBgVgaqANQ10gyr7IapNSzEv,0x18ade0,36,other
_ZN10LBgVgaqANQ10CGk7IaA0MzEP10W6NzgawMJydddd,0x18ae04,1140,other
_ZN10LBgVgaqANQ10hNV6Ia8drzEv,0x18b288,88,other
_ZN10LBgVgaqANQ10W9g1Ia82GuEb,0x18b3b0,316,other
_ZN10LBgVgaqANQ10Q3v7IaUAWzERK10C8THgaTQxF,0x18b4ec,5400,other
_ZN10LBgVgaqANQ10aQS6IasKozEv,0x18ca28,1992,other
_ZN10LBgVgaqANQ10nXn7IayLPzEdddiddb,0x18d200,856,other
_ZN10LBgVgaqANQ10Xf76Ia6IBzEddd,0x18d578,676,other
_ZN10LBgVgaqANQ10Lva7IatsEzEi,0x18d828,972,other
_ZN10LBgVgaqANQ10xOk4Iae7fxEPS_,0x18dfc0,192,other
_Z10EfL6IaOmizv,0x18e080,48,other
_ZN10LBgVgaqANQ10zE8FfaRT3NEv,0x18e0b0,88,other
_ZN10LBgVgaqANQ10yizVgakj2QEdb,0x18e108,4,other
_ZN10LBgVgaqANQ10rysVgaGDXQEdb,0x18e10c,4,other
_ZN10LBgVgaqANQ10tIIEga1dSCEP10W6NzgawMJy,0x18e110,1252,other
_ZN10LBgVgaqANQ10MP0FfajjYNEP10W6NzgawMJy,0x18e600,592,other
_ZN10LBgVgaqANQ10rVjVga1mQQERK10C8THgaTQxF10RiQ7IaxCcAP10G0gxgajWBw,0x18e850,72,other
_ZN10LBgVgaqANQ10rVjVga1mQQE10RiQ7IaxCcA,0x18e898,200,other
_ZN10LBgVgaqANQ10e9W7IarniAERK10C8THgaTQxFb,0x18e960,44,other
_ZN10MpGzgariDy10Lm1UgaOLAQEv,0x18e98c,8,other
_ZN10MpGzgariDy10skXpwaVwrTEd,0x18e994,8,other
_ZN10MpGzgariDy10BwUDLa39aHEv,0x18e99c,8,other
_ZN10MpGzgariDy10Cd4pwa59xTEi,0x18e9a4,8,other
_ZN10MpGzgariDy10CPrDLa90NGEv,0x18e9ac,8,other
_ZN10MpGzgariDy10mLApwaxx8SEi,0x18e9b4,8,other
_ZN10MpGzgariDy10c8FDLaz3ZGEv,0x18e9bc,8,other
_ZN10MpGzgariDy10grzpwawq7SEi,0x18e9c4,8,other
_ZN10MpGzgariDy10bzl1LagLK0Ev,0x18e9cc,8,other
_ZN10MpGzgariDy10xjHpwa92dTEi,0x18e9d4,8,other
_ZN10MpGzgariDy10m410Lagmu0Ev,0x18e9dc,8,other
_ZN10MpGzgariDy10uScpwasrPSEi,0x18e9e4,8,other
_ZN10MpGzgariDy10BBd0Lag3N_Ev,0x18e9ec,8,other
_ZN10MpGzgariDy10CavpwaFQ3SEi,0x18e9f4,8,other
_ZN10MpGzgariDy10mFbtwaoqaWEv,0x18e9fc,8,other
_ZN10MpGzgariDy10Bu_owanbESEi,0x18ea04,8,other
_ZN10MpGzgariDy10DuT_Lapiw_Ev,0x18ea0c,8,other
_ZN10MpGzgariDy10tA8owaoQLSEi,0x18ea14,8,other
_ZN10MpGzgariDy10EYG_LaFLl_Ev,0x18ea1c,8,other
_ZN10MpGzgariDy10KRDtwaS8xWEi,0x18ea24,8,other
_ZN10MpGzgariDy10Bp9swagx8VEv,0x18ea2c,8,other
_ZN10MpGzgariDy10kCBtwaWfwWEi,0x18ea34,8,other
_ZN10MpGzgariDy10sSM0LawJg0Ev,0x18ea3c,8,other
_ZN10MpGzgariDy10rgGswaraKVEb,0x18ea44,8,other
_ZN10MpGzgariDy10_aK0La2se0Ev,0x18ea4c,8,other
_ZN10MpGzgariDy10iKOswaDiRVEb,0x18ea54,8,other
_ZN10MpGzgariDy10v3qmgaznunEv,0x18ea5c,8,other
_ZN10MpGzgariDy10K2iswaYDqVEi,0x18ea64,8,other
_ZN10MpGzgariDy10YXBswaeyGVEv,0x18ea6c,8,other
_ZN10MpGzgariDy10pLeswaA1mVEv,0x18ea74,8,other
_ZN10MpGzgariDy10iUOZLa2qCZEb,0x18ea7c,8,other
_ZN10MpGzgariDy10d2dswarqmVEv,0x18ea84,8,other
_ZN10MpGzgariDy10IOtYLapHuYEb,0x18ea8c,8,other
_ZN10MpGzgariDy10GfKrwaWwXUEv,0x18ea94,8,other
_ZN10MpGzgariDy10FZLZLawZzZEb,0x18ea9c,8,other
_ZN10MpGzgariDy10ZORrwaAT2UEv,0x18eaa4,8,other
_ZN10MpGzgariDy10PeaZLa8d4YEb,0x18eaac,8,other
_ZN10LBgVgaqANQ10HTp1IavoOuEv,0x18eab4,8,other
_ZN10PfQXva4zXuIdE10zYM_faGOq4Ev,0x18eabc,8,other
_ZN10PfQXva4zXuIdE10MFApgaUs8pEi,0x18eac4,40,other
_ZN10PfQXva4zXuIdE10IS1sMaMb2nEid,0x18eaec,28,other
_ZN10PfQXva4zXuIdE10VBZsMaAr_nEiRK10C8THgaTQxF,0x18eb08,64,other
_ZN20LBgVgaqANQPropertiesD1Ev,0x18eb48,28,other
_ZN20LBgVgaqANQPropertiesD2Ev,0x18eb48,28,other
_ZThn16_N20LBgVgaqANQPropertiesD1Ev,0x18eb64,8,other
_ZN20LBgVgaqANQPropertiesD0Ev,0x18eb6c,56,other
_ZThn16_N20LBgVgaqANQPropertiesD0Ev,0x18eba4,8,other
_ZN10PfQXva4zXuIdE10J89mga585nEi,0x18ebac,88,other
_ZN10PfQXva4zXuIdE10VkenganG9nEv,0x18ec04,164,other
_ZN10PfQXva4zXuIdE10m6pngaXzjoERK10CanTfaz6bZ,0x18eca8,208,other
_ZN10PfQXva4zXuIdED1Ev,0x18ed78,20,other
_ZN10PfQXva4zXuIdED2Ev,0x18ed78,20,other
_ZN10PfQXva4zXuIdED0Ev,0x18ed8c,48,other
_ZN10MpGzgariDy10Gd3lMafkaiEb,0x18edbc,8,other
_ZN10MpGzgariDy10CxvRIaV8ClEv,0x18f2f8,44,other
_ZN10MpGzgariDy10XmPXfa5PW1Ev,0x18f804,100,other
_ZN10MpGzgariDy10Hqi8Iac7AAEv,0x18f868,88,other
_ZN10MpGzgariDy10cPsmwaERvQERK10C8THgaTQxF,0x18f8c0,104,other
_ZN10MpGzgariDy10Mh6WpbIUkrERK10C8THgaTQxF,0x18f928,284,other
_Z10LyAgLa_mznv,0x18fc7c,108,other
_Z10OBUwqbzeiWi,0x18fce8,476,other
_Z10MXe4Ka2bbdi,0x18fed0,864,other
_Z10v2vBqbJza_i,0x190238,36,other
_Z10D5YAqbt0IZi,0x19025c,40,other
_ZN20MpGzgariDyPropertiesC1Ev,0x190284,176,other
_ZN20MpGzgariDyPropertiesC2Ev,0x190284,176,other
_ZN10MpGzgariDy10rnVBqbkTv_Ev,0x190334,1012,other
_ZN10MpGzgariDyC1Ei,0x190730,240,other
_ZN10MpGzgariDyC2Ei,0x190730,240,other
_ZN10MpGzgariDy10hsVGqbnXI3EP10W6NzgawMJy,0x190820,60,other
_ZN10MpGzgariDy10N__GqbACN3EP10W6NzgawMJy,0x19085c,988,other
_ZN10MpGzgariDy10oOa2La5Hr1EPiS0_,0x190c40,316,other
_ZN10MpGzgariDy10Z3L_Ya82pWEv,0x190d7c,280,other
_ZN10MpGzgariDy10DhEtLazvyyEv,0x190e94,52,other
_ZN10MpGzgariDy10NmjSZaQUiFEv,0x190ed0,44,other
_ZN10MpGzgariDy10hsb1mbnfCZEv,0x190efc,160,other
_ZN10MpGzgariDy10GdB4Ya9Vt_Ev,0x190f9c,124,other
_ZN10MpGzgariDy6detachEv,0x191018,132,other
_ZN10MpGzgariDy10rzX2vaqJ5zEP10LBgVgaqANQ,0x19109c,596,other
_ZN10MpGzgariDy10gKXPpbBSjlEv,0x191330,480,other
_ZN10MpGzgariDy10AAoSpbvinnEv,0x191510,152,other
_ZN10MpGzgariDy10ljzVpbYj2pEv,0x1915a8,608,other
_ZN10MpGzgariDy10Vfw4Ka4KpdEP10W6NzgawMJy,0x191808,500,other
_ZN10MpGzgariDy10tIIEga1dSCEP10W6NzgawMJy,0x1919fc,2900,other
_ZN10MpGzgariDy10Zb7rwaMFgVEv,0x192558,64,other
_ZN10MpGzgariDyD1Ev,0x192598,488,other
_ZN10MpGzgariDyD2Ev,0x192598,488,other
_ZN10MpGzgariDyD0Ev,0x192780,32,other
_ZN10MpGzgariDy10zyGwKaIp6KERK10C8THgaTQxF,0x1927a0,804,other
_ZN10MpGzgariDy10Q3v7IaUAWzERK10C8THgaTQxF,0x192ac8,7444,other
_ZN10MpGzgariDy10UwflwasGuPEi,0x1947f8,604,other
_ZN10MpGzgariDy10yn9_RaxvK2ERK10C8THgaTQxF,0x194a54,1728,other
_Z10HFtL2aJzyWv,0x195118,68,other
_Z10O36P2aSys_v,0x19515c,48,other
_ZN10MpGzgariDy10qZtgManQtdERK10CanTfaz6bZPP10G0gxgajWBw,0x19518c,116,other
_ZN10MpGzgariDy10qZtgManQtdEjRK10CanTfaz6bZPP10G0gxgajWBw,0x195200,124,other
_ZN10MpGzgariDy10Zl6EMabYbyEP10vy1JgaKVkH,0x19527c,108,other
_ZN10MpGzgariDy10yizVgakj2QEdb,0x1952e8,296,other
_ZN10MpGzgariDy10rysVgaGDXQEdb,0x195420,296,other
_ZN10MpGzgariDy10cuc8IaZ6vAEb,0x195558,4,other
_ZN10MpGzgariDy10MP0FfajjYNEP10W6NzgawMJy,0x19555c,220,other
_ZN10MpGzgariDy10HTp1IavoOuEv,0x195638,8,other
_ZN20MpGzgariDyPropertiesD1Ev,0x195640,28,other
_ZN20MpGzgariDyPropertiesD2Ev,0x195640,28,other
_ZThn16_N20MpGzgariDyPropertiesD1Ev,0x19565c,8,other
_ZN20MpGzgariDyPropertiesD0Ev,0x195664,56,other
_ZThn16_N20MpGzgariDyPropertiesD0Ev,0x19569c,8,other
_ZN10pTy_fadYe4D1Ev,0x1956ac,20,other
_ZN10pTy_fadYe4D2Ev,0x1956ac,20,other
_ZN10pTy_fadYe4D0Ev,0x1956c0,32,other
_ZN20pTy_fadYe4PropertiesC1Ev,0x1956e0,248,other
_ZN20pTy_fadYe4PropertiesC2Ev,0x1956e0,248,other
_ZN10pTy_fadYe4C1ERK10C8THgaTQxF,0x1957d8,120,other
_ZN10pTy_fadYe4C2ERK10C8THgaTQxF,0x1957d8,120,other
_ZN10pTy_fadYe410b6gbZaS_54EiRK10C8THgaTQxFj,0x195850,436,other
_ZN10pTy_fadYe410FPQaZa62J4ERK10C8THgaTQxFiS2_,0x195a04,348,other
_Z10IDoQ2a9kH_v,0x195b60,48,other
_ZN20pTy_fadYe4PropertiesD1Ev,0x195b90,28,other
_ZN20pTy_fadYe4PropertiesD2Ev,0x195b90,28,other
_ZThn16_N20pTy_fadYe4PropertiesD1Ev,0x195bac,8,other
_ZN20pTy_fadYe4PropertiesD0Ev,0x195bb4,56,other
_ZThn16_N20pTy_fadYe4PropertiesD0Ev,0x195bec,8,other
_ZN10X7DzgannBy10d6yhIaO8nSERK10C8THgaTQxF,0x195c58,676,other
_ZN10X7DzgannBy10uMPt_avaIaEv,0x195efc,1032,other
_ZN10X7DzgannBy10B0yx_a83QdERK10C8THgaTQxF,0x196304,356,other
_ZN10X7DzgannBy10bN_t_aXqRaEv,0x1964e0,112,other
_ZN10X7DzgannBy10RAkfLaGWvmEv,0x196550,4,other
_ZN10X7DzgannBy10CC0_Ga77CNERK10C8THgaTQxF,0x196554,396,other
_ZN10X7DzgannBy10zmjt_aCUgaEv,0x1966e4,200,other
_Z10eW0K2aFoaWv,0x1967ac,144,other
_Z10WCpA2axafNv,0x19683c,56,other
_ZN10X7DzgannBy10lKhx_aAxCdEv,0x196874,1496,other
_ZN10X7DzgannBy10SX_x_a8zdeEv,0x196e4c,132,other
_ZN10X7DzgannBy10pvFzga7wCyERK10C8THgaTQxF,0x196ed0,552,other
_Z10KxDJlb2S_TP10lGIClbdcbO,0x1970f8,136,other
_Z10vUXIkb9_q2v,0x197180,16,other
_Z10H4QKkbBg13v,0x197190,16,other
_Z10ozPJkbt_92v,0x1971a0,16,other
_Z10RB7Ikbw0z2v,0x1971b0,16,other
_Z10E8SIkb0_m2v,0x1971c0,16,other
_Z10OEJIkb50e2i,0x1971d0,16,other
_Z10cdCKkbMLP3P7__sFILE,0x1971e0,16,other
_Z10ylUJkbL0d3P7__sFILE,0x1971f0,16,other
_Z10X8YGkbd3L0v,0x197200,16,other
_Z10EhKGkbAyz0i,0x197210,16,other
_Z10mDuKlbInJUm,0x197220,4,other
_Z10Sx3llbgBaAP7__sFILEi,0x197224,184,other
_Z10JAGOlbyrfYPvm,0x1972dc,4,other
_Z10bAGIlb0qcTP10lGIClbdcbO,0x1972e0,308,other
_Z10VI_Okbznw7Pcm,0x197414,156,other
_Z10MXhOkbXIV6PKcm,0x1974b0,516,other
_Z10eUsOkbTV36PKc,0x1976b4,36,other
_Z10RdYPkbqhk8P10lGIClbdcbO,0x1976d8,328,other
_Z10GDrLlb1RwVP7__sFILE,0x197820,428,other
_Z10Qe7BkbfIGXP10Kc8uganwOu,0x1979cc,12768,other
_Z10_lwOlbcQ6XPv,0x19abac,4,other
_Z10obPllbbGYzP10lGIClbdcbO,0x19abb0,116,other
_Z10YRoPkb5wR7v,0x19ac24,172,other
_Z10fjwHkbSNd1v,0x19acd0,196,other
_Z10G1OLZa9xQzP10Kc8uganwOuRK10C8THgaTQxF,0x19ad94,456,other
_ZN10QYZugaRKGu10RzQ_IaWQttEv,0x19af5c,16,other
_ZN10JQknDa08eKC1Ei,0x19af6c,156,other
_ZN10JQknDa08eKC2Ei,0x19af6c,156,other
_ZN10JQknDa08eKD1Ev,0x19b008,116,other
_ZN10JQknDa08eKD2Ev,0x19b008,116,other
_ZN10JQknDa08eK10rhRo6anrw_ERK10C8THgaTQxF,0x19b07c,500,other
_ZN10xqXr6a2B71C1Ev,0x19b270,112,other
_ZN10xqXr6a2B71C2Ev,0x19b270,112,other
_ZN10xqXr6a2B71D1Ev,0x19b2e0,256,other
_ZN10xqXr6a2B71D2Ev,0x19b2e0,256,other
_ZN10k3yv6au694C1Ev,0x19b3e0,52,other
_ZN10k3yv6au694C2Ev,0x19b3e0,52,other
_ZN10k3yv6au694D1Ev,0x19b414,40,other
_ZN10k3yv6au694D2Ev,0x19b414,40,other
_ZN10k3yv6au69410BOAv6acAb5ERK10C8THgaTQxFPS0_,0x19b43c,344,other
_ZN10k3yv6au69410Pq9u6akyP4ERK10C8THgaTQxF,0x19b594,184,other
_ZN10VxSu6advA4C1Ei,0x19b64c,112,other
_ZN10VxSu6advA4C2Ei,0x19b64c,112,other
_ZN10VxSu6advA4D1Ev,0x19b6bc,240,other
_ZN10VxSu6advA4D2Ev,0x19b6bc,240,other
_ZN10VxSu6advA410COWt6aj5N3EiRK10C8THgaTQxFPP10k3yv6au694S5_,0x19b7ac,232,other
_ZN10ekaB5aBiTj10bTlB5a501jERK10C8THgaTQxF,0x19b894,168,other
_ZN10ekaB5aBiTj10N6pA5anAfjEi,0x19b93c,44,other
_ZN10IMzlIaJILV10q3OrAauz0gEv,0x19b968,20,other
_ZN10IMzlIaJILV10sbcxKalSxLEv,0x19b97c,236,other
_ZN10IMzlIaJILV10NwtlIafsGVEv,0x19ba68,160,other
_ZN10IMzlIaJILV10vRZrAaJE9gERK10C8THgaTQxF,0x19bb08,404,other
_ZN10IMzlIaJILV10YWcrAaivvgERK10C8THgaTQxFd,0x19bc9c,4,other
_ZN10IMzlIaJILV10mnwJAalRUvERK10C8THgaTQxF,0x19bca0,4,other
_ZN10IMzlIaJILV10k3mJAao0MvERK10C8THgaTQxF,0x19bca4,4,other
_ZN10IMzlIaJILV10joBCva234cERK10C8THgaTQxFS2_S2_,0x19bca8,4,other
_ZN10IMzlIaJILV10UmUIAa21nvERK10C8THgaTQxFS2_S2_S2_,0x19bcac,4,other
_ZN10IMzlIaJILV10NQ6BvaanGcERK10C8THgaTQxFS2_S2_,0x19bcb0,28,other
_ZN10IMzlIaJILV10XMBIAaYo8uERK10C8THgaTQxF,0x19bccc,4,other
_ZN10IMzlIaJILV10LlLIAaYrgvERK10C8THgaTQxF,0x19bcd0,88,other
_ZN10IMzlIaJILV10iMltAajWiiERK10C8THgaTQxF,0x19bd28,4,other
_ZN10IMzlIaJILV10WzcJAa0bEvERK10C8THgaTQxF,0x19bd2c,672,other
_ZN10IMzlIaJILV10_j2hwawzNMERK10C8THgaTQxFbbb,0x19bfcc,132,other
_Z10MbML2az9NWv,0x19c050,100,other
_ZN10W6NzgawMJy10y79Cwa47y3Ev,0x19c0b8,372,other
_ZN10W6NzgawMJy10cw2CwaFJs3Ei,0x19c22c,388,other
_ZN10W6NzgawMJy10NcfDwaqpD3Ev,0x19c3b0,1240,other
_ZN10W6NzgawMJy10EV5BwaeBF2Ev,0x19c898,188,other
_ZN10W6NzgawMJy10VNJBwaM8l2Ev,0x19c954,748,other
_ZN10W6NzgawMJy10hPIBwaJjl2Ev,0x19cc50,632,other
_ZN10W6NzgawMJy10fKQBwaAZr2Ev,0x19ced8,524,other
_ZN10W6NzgawMJy10YNimwaJqnQEv,0x19d0f0,260,other
_ZN10W6NzgawMJy10UimBwaAn21Ev,0x19d1f4,596,other
_ZN10W6NzgawMJy10dEEBwavOh2Ev,0x19d448,936,other
_ZN10W6NzgawMJy10RIGCwapy92Ei,0x19d7f8,5436,other
_ZN10W6NzgawMJy10UwflwasGuPEv,0x19ed60,360,other
_ZN10W6NzgawMJy10Zw0kwax3hPEv,0x19eec8,720,other
_ZN10W6NzgawMJy10ypSkwa7naPEv,0x19f1a0,464,other
_ZN10W6NzgawMJy10QGFkwaIG_OEib,0x19f370,4,other
_ZN10W6NzgawMJy10IFrkwaQTOOEv,0x19f374,1052,other
_ZN10W6NzgawMJy10NGqkwaF3NOEv,0x19f798,212,other
_ZN10W6NzgawMJy10rWWjwaSboOEv,0x19f86c,300,other
_ZN10W6NzgawMJy10Mw3jwaeAuOEv,0x19f998,8,other
_ZN10W6NzgawMJy10ifslwaynFPEi,0x19f9a0,1452,other
_ZN10W6NzgawMJy10_mPlwa8PYPEv,0x19ff4c,352,other
_ZN10W6NzgawMJy10zUXlwad04PEv,0x1a00ac,240,other
_ZN10W6NzgawMJy10TqFCwaot82Ei,0x1a019c,1440,other
_ZN10W6NzgawMJy10YhwQwaOMNeEdd,0x1a073c,264,other
_ZN10W6NzgawMJy10kiUQwa6Y6eEv,0x1a0844,460,other
_ZN10W6NzgawMJy10wupQwai3HeEv,0x1a0a10,532,other
_ZN10W6NzgawMJy10nYLSwauYGgEv,0x1a0c24,1316,other
_ZN10W6NzgawMJy10G2nlwaUQBPEv,0x1a1160,312,other
_ZN10W6NzgawMJy10YUZWwaCHekEdb,0x1a1298,944,other
_ZN10W6NzgawMJy10zwkXwa7SwkEd,0x1a1648,8,other
_ZN10W6NzgawMJy10UbLlwaHjVPEi,0x1a1650,2420,other
_ZN10W6NzgawMJy10HOmDwaoOJ3Ei,0x1a1fc4,2196,other
_ZN10W6NzgawMJy10lbhSwa83ggEv,0x1a2858,260,other
_ZN10W6NzgawMJy10i6lowaZc6RERK10C8THgaTQxF,0x1a295c,136,other
_ZN10W6NzgawMJy10KVuowaeDdSERK10C8THgaTQxF,0x1a29e4,136,other
_ZN10W6NzgawMJy10t6QUga9hrQEv,0x1a2a6c,500,other
_ZN10W6NzgawMJy10iPzUgaQKcQEdddRK10C8THgaTQxFP10MpGzgariDy,0x1a2c60,472,other
_ZN10W6NzgawMJy10B_8Swaob0gEiidddP10MpGzgariDy,0x1a2e38,552,other
_ZN10W6NzgawMJy10zkxQwa1EOeEv,0x1a3060,636,other
_ZN10W6NzgawMJy10jdLQwaNk_eEv,0x1a32dc,564,other
_ZN10W6NzgawMJy10K9DWwaRoXjEdddb,0x1a3510,472,other
_ZN10W6NzgawMJy10k_sowa7_bSERK10C8THgaTQxF,0x1a36e8,312,other
_ZN10AeOgLaUSKnD1Ev,0x1a3920,68,other
_ZN10AeOgLaUSKnD2Ev,0x1a3920,68,other
_ZN10AeOgLaUSKnD0Ev,0x1a3964,32,other
_ZN20AeOgLaUSKnPropertiesC1Ev,0x1a3984,156,other
_ZN20AeOgLaUSKnPropertiesC2Ev,0x1a3984,156,other
_ZN10AeOgLaUSKnC1EP10zF9VgaBKxR,0x1a3a20,120,other
_ZN10AeOgLaUSKnC2EP10zF9VgaBKxR,0x1a3a20,120,other
_ZN10AeOgLaUSKn10MzWVgaRTlREv,0x1a3a98,1924,other
_ZN10AeOgLaUSKn10nws0JaQB_jEv,0x1a4288,556,other
_Z10BNW4Jas4Lnv,0x1a44b4,68,other
_ZN20AeOgLaUSKnPropertiesD1Ev,0x1a44f8,28,other
_ZN20AeOgLaUSKnPropertiesD2Ev,0x1a44f8,28,other
_ZThn16_N20AeOgLaUSKnPropertiesD1Ev,0x1a4514,8,other
_ZN20AeOgLaUSKnPropertiesD0Ev,0x1a451c,56,other
_ZThn16_N20AeOgLaUSKnPropertiesD0Ev,0x1a4554,8,other
_ZN10zF9VgaBKxR10py0qgaE4krERK10C8THgaTQxF,0x1a469c,4,other
_ZN10MpHWLal8ZWD1Ev,0x1a4904,60,other
_ZN10MpHWLal8ZWD2Ev,0x1a4904,60,other
_ZN10MpHWLal8ZWD0Ev,0x1a4940,32,other
_Z10OEizxa5ijRRK10C8THgaTQxF,0x1a4fbc,216,other
_Z10x_WogaefBpRK10CanTfaz6bZP10vuuHgangcF,0x1a5094,48,other
_Z10zanmvaw6q_RK10C8THgaTQxF,0x1a50c4,104,other
_ZN20yO8PSaf1tKPropertiesC1Ev,0x1a512c,156,other
_ZN20yO8PSaf1tKPropertiesC2Ev,0x1a512c,156,other
_ZN10yO8PSaf1tKC1Ev,0x1a51c8,136,other
_ZN10yO8PSaf1tKC2Ev,0x1a51c8,136,other
_ZN10yO8PSaf1tK6AssignEP10vuuHgangcF,0x1a5250,620,other
_ZN10yO8PSaf1tK6AssignERK10C8THgaTQxF,0x1a54bc,76,other
_Z10Jdowmbc_Ryd,0x1a5508,120,other
_ZN10yO8PSaf1tK10kI9vmbZMFyEv,0x1a5580,1164,other
_ZN10yWBvmbTwcyC1EP10zF9VgaBKxRRK10C8THgaTQxF,0x1a5a0c,76,other
_ZN10yWBvmbTwcyC2EP10zF9VgaBKxRRK10C8THgaTQxF,0x1a5a0c,76,other
_ZN10wp1umbbOIxC1EP10MpHWLal8ZWRK10C8THgaTQxF,0x1a5a58,76,other
_ZN10wp1umbbOIxC2EP10MpHWLal8ZWRK10C8THgaTQxF,0x1a5a58,76,other
_ZN20MpHWLal8ZWPropertiesC1Ev,0x1a5aa4,176,other
_ZN20MpHWLal8ZWPropertiesC2Ev,0x1a5aa4,176,other
_ZN10MpHWLal8ZWC1EP10zF9VgaBKxRi,0x1a5b54,472,other
_ZN10MpHWLal8ZWC2EP10zF9VgaBKxRi,0x1a5b54,472,other
_ZN10MpHWLal8ZW10sumvmbkx_xEdd,0x1a5d2c,80,other
_ZN10MpHWLal8ZW10inqvmbbO2xEddi,0x1a5d88,72,other
_ZN20zF9VgaBKxRPropertiesC1Ev,0x1a5dd8,176,other
_ZN20zF9VgaBKxRPropertiesC2Ev,0x1a5dd8,176,other
_ZN10zF9VgaBKxR10YkZNSaqdFIEv,0x1a5e88,164,other
_ZN10zF9VgaBKxR10JmaKmbSksKEv,0x1a5f2c,36,other
_ZN10zF9VgaBKxR10xruYmbNdvWEv,0x1a5f50,580,other
_ZN10zF9VgaBKxR5ClearEv,0x1a6194,304,other
_ZN10zF9VgaBKxRD1Ev,0x1a62c4,420,other
_ZN10zF9VgaBKxRD2Ev,0x1a62c4,420,other
_ZN10zF9VgaBKxRD0Ev,0x1a6468,32,other
_ZN10zF9VgaBKxR10SDVXmbj60VEP10W6NzgawMJy,0x1a6488,356,other
_ZN10zF9VgaBKxR10jOmXmbVNyVEv,0x1a65ec,24,other
_ZN10zF9VgaBKxR10rVjVga1mQQERK10C8THgaTQxF10RiQ7IaxCcAP10G0gxgajWBw,0x1a6604,304,other
_ZN10zF9VgaBKxR10MAEygaHLLxEv,0x1a6734,124,other
_ZN10zF9VgaBKxR10WTKB_aQ3mhERK10C8THgaTQxFb,0x1a67b0,512,other
_Z10cgLSRainGWRK10C8THgaTQxF,0x1a69b0,592,other
_ZN10zF9VgaBKxR10DXk2RaUeA4Ej,0x1a6c00,2600,other
_ZN10zF9VgaBKxR10A5XWmbqadVEP10nenvgaH9_u,0x1a7628,172,other
_ZN10zF9VgaBKxR10XSpWmbVnLUEP10nenvgaH9_ub,0x1a76d4,204,other
_ZN10zF9VgaBKxR10TEaWmbaAyUEP10nenvgaH9_ub,0x1a77a0,544,other
_ZN10zF9VgaBKxR10LLeWmbQ1BUEP10nenvgaH9_ub,0x1a79c0,576,other
_ZN10zF9VgaBKxR10wKa3lbREhaEP10nenvgaH9_u,0x1a7c08,352,other
_ZN10zF9VgaBKxR10w8A3lbNRDaERK10C8THgaTQxFS2_ii,0x1a7d68,756,other
_ZN10zF9VgaBKxR10XYdUlb3mV1Eii,0x1a805c,320,other
_ZN10zF9VgaBKxR10ViCJmbBQZJERK10C8THgaTQxF,0x1a819c,1392,other
_ZN10zF9VgaBKxR10hctSlb0ar0EP10W6NzgawMJyb,0x1a870c,752,other
_ZN10zF9VgaBKxR10MP0FfajjYNEP10W6NzgawMJy,0x1a89fc,484,other
_ZN10zF9VgaBKxR10b9PRwaiuUfERK10C8THgaTQxFiiii,0x1a8be0,692,other
_ZN10zF9VgaBKxR10sujXlbk0v4Edd,0x1a8e94,344,other
_ZN10zF9VgaBKxR10sumvmbkx_xEdd,0x1a8ff8,308,other
_ZN10yWBvmbTwcy10RpmsfaqttCEii,0x1a9138,76,other
_ZN10yWBvmbTwcy10TPtsfaqIzCEii,0x1a9184,108,other
_ZN10zF9VgaBKxR10QLaVga0FIQEdd,0x1a91f0,208,other
_ZN10zF9VgaBKxR10H2TRJaVLXbEdd,0x1a92cc,64,other
_ZN10zF9VgaBKxR10qTNumbeAwxEidd,0x1a930c,360,other
_ZN10wp1umbbOIx10RpmsfaqttCEii,0x1a9480,112,other
_ZN10wp1umbbOIx10TPtsfaqIzCEii,0x1a94f0,152,other
_ZN10zF9VgaBKxR10inqvmbbO2xEddi,0x1a9588,276,other
_ZN10yWBvmbTwcy10RYosfaYCvCEiid,0x1a96a8,88,other
_ZN10yWBvmbTwcy10IrrsfaYHxCEiiRK10C8THgaTQxF,0x1a9708,100,other
_ZN10zF9VgaBKxR10fGa0lbdBL7Edd,0x1a976c,500,other
_ZN10zF9VgaBKxR10FQ9UgaXTHQEddddb,0x1a9960,584,other
_ZN10zF9VgaBKxR10X074yaumW7EP10vy1JgaKVkHddddb,0x1a9c2c,560,other
_ZN10zF9VgaBKxR10l8D0yaIn93Eddddb,0x1a9ef8,452,other
_ZN10zF9VgaBKxR10iUxUgaX7aQEdd,0x1aa0bc,76,other
_ZN10zF9VgaBKxR10rnM7uaqj9NEdddd,0x1aa110,228,other
_ZN10zF9VgaBKxR10hzR0YamGkXEdd,0x1aa1f4,304,other
_ZN10zF9VgaBKxR10JMT6mbKxp3Edd,0x1aa348,304,other
_ZN10zF9VgaBKxR10Aws7mb2BT3Edd,0x1aa484,300,other
_ZN10zF9VgaBKxR10WCi0YarhSWEdddd,0x1aa5bc,472,other
_ZN10zF9VgaBKxR10bHOZlbUfC6Eddddb,0x1aa794,396,other
_ZN10zF9VgaBKxR10WPE2mbnYQ_Edddd,0x1aa928,460,other
_ZN10zF9VgaBKxR10CGk7IaA0MzEddb,0x1aab3c,204,other
_ZN10zF9VgaBKxR10WcnQZaF8FDEddb,0x1aac08,124,other
_ZN10zF9VgaBKxR10YreVgajMLQEdd,0x1aac84,160,other
_ZN10zF9VgaBKxR10sWe3YaTalZEddb,0x1aad24,56,other
_ZN10zF9VgaBKxR10fITlvaUt1ZEddiib,0x1aad5c,872,other
_ZN10zF9VgaBKxR10sgHUgas0iQEddi,0x1ab0c4,332,other
_ZN10zF9VgaBKxR10jNU8Raao69EddiibbRK10C8THgaTQxF,0x1ab210,560,other
_ZN10zF9VgaBKxR10I0rmmbfbvqEv,0x1ab518,336,other
_ZN10zF9VgaBKxR10FFdmmbN6iqEv,0x1ab668,864,other
_ZN10zF9VgaBKxR10uOqlmbbaEpEv,0x1ab9c8,148,other
_ZN10zF9VgaBKxR10X9ulmb3PHpEv,0x1aba5c,140,other
_ZN10zF9VgaBKxR10cBflmbYJupEv,0x1abae8,140,other
_ZN10zF9VgaBKxR10AiIkmbgT1oEv,0x1abb74,140,other
_ZN10zF9VgaBKxR10zE8FfaRT3NEv,0x1abc00,516,other
_ZN10zF9VgaBKxR10XbvombQRdsEiii,0x1abe04,272,other
_ZN10zF9VgaBKxR10Nor8vaCFIEEP10irqhGaERgb,0x1abf30,544,other
_ZN10zF9VgaBKxR10gaFlmbdfQpEv,0x1ac150,196,other
_ZN10zF9VgaBKxR10tMaombuGXrEdddii,0x1ac214,2072,other
_ZN10zF9VgaBKxR10S99RRa49aWEddiiP10MpGzgariDy,0x1aca2c,448,other
_ZN10zF9VgaBKxR10INQAvaz1BbEddiiiP10MpGzgariDy,0x1acde4,548,other
_ZN10zF9VgaBKxR10mCJDwaYZ13Ev,0x1ad008,284,other
_Z10Ga8KmbJugLP10W6NzgawMJyRK10C8THgaTQxF,0x1ad124,368,other
_ZN10zF9VgaBKxRC1ERK10C8THgaTQxF,0x1ad294,2708,other
_ZN10zF9VgaBKxRC2ERK10C8THgaTQxF,0x1ad294,2708,other
_Z10B0Ozga8wKyP10W6NzgawMJyRK10C8THgaTQxFb,0x1add28,852,other
_Z10sFYSSauERMRK10C8THgaTQxFb,0x1ae07c,348,other
_ZN10zF9VgaBKxR10LiM2RarfX4EPiS0_,0x1ae1d8,532,other
_ZN10zF9VgaBKxR10rRAVgazC3QEi,0x1ae3ec,408,other
_ZN10zF9VgaBKxR10VicXmbBYpVEv,0x1ae584,4,other
_ZN10zF9VgaBKxR10uLrpmbFY0sEv,0x1ae588,4,other
_ZN10zF9VgaBKxR10oYnmmbvMrqEv,0x1ae58c,140,other
_ZN10zF9VgaBKxR10oKl4SaJUgXEdddddddbRK10C8THgaTQxFS2_S2_b,0x1ae618,668,other
_ZN10zF9VgaBKxR10H5MrmbrVZuEiiidddd,0x1ae984,376,other
_ZN10zF9VgaBKxR10onw9RanRCaEiiiidddb,0x1aeafc,276,other
_ZN10zF9VgaBKxR10c4R5Ra65x7Eddii,0x1aec10,508,other
_ZN10zF9VgaBKxR10cdq8RaGFH9Eddb,0x1aee18,444,other
_ZN10zF9VgaBKxR10f3PQRajp3UEddb,0x1aefe0,444,other
_ZN10zF9VgaBKxR10MuuCmbyg_DEi,0x1af1a8,244,other
_ZN10zF9VgaBKxR10GGiB_ayk_gEv,0x1af2a0,1272,other
_ZN10zF9VgaBKxR10E3RumbO5zxEiddib,0x1af798,436,other
_ZN10wp1umbbOIx10RYosfaYCvCEiid,0x1af958,156,other
_ZN10wp1umbbOIx10IrrsfaYHxCEiiRK10C8THgaTQxF,0x1afa00,168,other
_Z10IbIA2aBNuNv,0x1afaa8,124,other
_ZN10zeksfaZDrC10RpmsfaqttCEii,0x1afb24,8,other
_ZN10zeksfaZDrC10TPtsfaqIzCEii,0x1afb2c,12,other
_ZN10zeksfaZDrC10tjwsfa_NBCEii,0x1afb38,8,other
_ZN10zeksfaZDrC10RYosfaYCvCEiid,0x1afb40,4,other
_ZN10zeksfaZDrC10IrrsfaYHxCEiiRK10C8THgaTQxF,0x1afb44,4,other
_ZN10zeksfaZDrC10Vs0rfa6_aCEiiP10G0gxgajWBw,0x1afb48,4,other
_ZN10PfQXva4zXuIsE10zYM_faGOq4Ev,0x1afb4c,8,other
_ZN10PfQXva4zXuIsE10IS1sMaMb2nEid,0x1afb54,32,other
_ZN20yO8PSaf1tKPropertiesD1Ev,0x1afb74,28,other
_ZN20yO8PSaf1tKPropertiesD2Ev,0x1afb74,28,other
_ZThn16_N20yO8PSaf1tKPropertiesD1Ev,0x1afb90,8,other
_ZN20MpHWLal8ZWPropertiesD1Ev,0x1afb98,28,other
_ZN20MpHWLal8ZWPropertiesD2Ev,0x1afb98,28,other
_ZThn16_N20MpHWLal8ZWPropertiesD1Ev,0x1afbb4,8,other
_ZN20zF9VgaBKxRPropertiesD1Ev,0x1afbbc,28,other
_ZN20zF9VgaBKxRPropertiesD2Ev,0x1afbbc,28,other
_ZThn16_N20zF9VgaBKxRPropertiesD1Ev,0x1afbd8,8,other
_ZN20yO8PSaf1tKPropertiesD0Ev,0x1afbe0,56,other
_ZThn16_N20yO8PSaf1tKPropertiesD0Ev,0x1afc18,8,other
_ZN20MpHWLal8ZWPropertiesD0Ev,0x1afc20,56,other
_ZThn16_N20MpHWLal8ZWPropertiesD0Ev,0x1afc58,8,other
_ZN20zF9VgaBKxRPropertiesD0Ev,0x1afc60,56,other
_ZThn16_N20zF9VgaBKxRPropertiesD0Ev,0x1afc98,8,other
_ZN10PfQXva4zXuIsE10VBZsMaAr_nEiRK10C8THgaTQxF,0x1afca0,64,other
_ZN10PfQXva4zXuIsED1Ev,0x1afce0,20,other
_ZN10PfQXva4zXuIsED2Ev,0x1afce0,20,other
_ZN10PfQXva4zXuIsED0Ev,0x1afcf4,48,other
_ZN10zeksfaZDrCD1Ev,0x1afd24,20,other
_ZN10zeksfaZDrCD2Ev,0x1afd24,20,other
_ZN10zeksfaZDrCD0Ev,0x1afd38,48,other
_ZN10wp1umbbOIxD1Ev,0x1afd68,20,other
_ZN10wp1umbbOIxD2Ev,0x1afd68,20,other
_ZN10wp1umbbOIxD0Ev,0x1afd7c,48,other
_ZN10yWBvmbTwcyD1Ev,0x1afdac,20,other
_ZN10yWBvmbTwcyD2Ev,0x1afdac,20,other
_ZN10yWBvmbTwcyD0Ev,0x1afdc0,48,other
_ZN10yO8PSaf1tKD1Ev,0x1afdf0,64,other
_ZN10yO8PSaf1tKD2Ev,0x1afdf0,64,other
_ZN10yO8PSaf1tKD0Ev,0x1afe30,72,other
_ZN10PfQXva4zXuIsE10J89mga585nEi,0x1afe78,88,other
_ZN10PfQXva4zXuIsE10m6pngaXzjoERK10CanTfaz6bZ,0x1afed0,208,other
_ZN10PfQXva4zXuIsE10VkenganG9nEv,0x1affa0,164,other
_ZN10PfQXva4zXuIsE10MFApgaUs8pEi,0x1b0044,44,other
_ZN10_YTgFa6HPk10py0qgaE4krERK10C8THgaTQxF,0x1b010c,52,other
_ZN10_YTgFa6HPk10bdqDgaFFMBERK10eY2wgaf6pw,0x1b0140,1184,other
_ZN20_YTgFa6HPkPropertiesC1Ev,0x1b05e8,176,other
_ZN20_YTgFa6HPkPropertiesC2Ev,0x1b05e8,176,other
_ZN10_YTgFa6HPk10j9gLgaw2nIEv,0x1b0698,80,other
_ZN10_YTgFa6HPkC1ERK10C8THgaTQxF,0x1b06e8,72,other
_ZN10_YTgFa6HPkC2ERK10C8THgaTQxF,0x1b06e8,72,other
_Z20_YTgFa6HPkE7Bm2aaHDBRK10C8THgaTQxF,0x1b0730,48,other
_ZN10_YTgFa6HPkC1Ev,0x1b0760,124,other
_ZN10_YTgFa6HPkC2Ev,0x1b0760,124,other
_ZN10_YTgFa6HPk10dx4OHaCqAtERK10C8THgaTQxFi,0x1b07dc,152,other
_Z10MtSkFaOraov,0x1b0890,128,other
_ZN10w9XxgaJdbx10Txw60ah_5xEv,0x1b0910,28,other
_ZN10w9XxgaJdbx10nEbx1azpxUERK10eY2wgaf6pw,0x1b092c,12,other
_ZN10w9XxgaJdbx10XDCwLai72AERK10cXoLgatBuI,0x1b0938,8,other
_ZNK10w9XxgaJdbx10H7iLgadIpIEv,0x1b0940,48,other
_ZNK10w9XxgaJdbx10sryA1aIAmXEv,0x1b0970,48,other
_ZN10w9XxgaJdbx10JCFhCaeDtPEv,0x1b09a0,28,other
_ZN10w9XxgaJdbx10pqxXgaPJHSEv,0x1b09bc,4,other
_ZN10w9XxgaJdbx10jAiwga8eNvERK10cXoLgatBuI,0x1b09c0,4,other
_ZN10w9XxgaJdbx10mZ4rxajOeLERK10cXoLgatBuI,0x1b09c4,4,other
_ZN10w9XxgaJdbx10tyYrxaCy8KERK10cXoLgatBuI,0x1b09c8,4,other
_ZN10w9XxgaJdbx10MaCBgaJJfAEb,0x1b09cc,8,other
_ZNK10w9XxgaJdbx10C1MjLa5RfqEv,0x1b09d4,8,other
_ZNK10w9XxgaJdbx10jKok1ayqMJEv,0x1b09dc,8,other
_ZN20_YTgFa6HPkPropertiesD1Ev,0x1b09e4,28,other
_ZN20_YTgFa6HPkPropertiesD2Ev,0x1b09e4,28,other
_ZThn16_N20_YTgFa6HPkPropertiesD1Ev,0x1b0a00,8,other
_ZN20_YTgFa6HPkPropertiesD0Ev,0x1b0a08,56,other
_ZThn16_N20_YTgFa6HPkPropertiesD0Ev,0x1b0a40,8,other
_ZN10_YTgFa6HPkD1Ev,0x1b0a48,92,other
_ZN10_YTgFa6HPkD2Ev,0x1b0a48,92,other
_ZN10_YTgFa6HPkD0Ev,0x1b0aa4,100,other
_ZNK10w9XxgaJdbx10vfRA1aFpCXEv,0x1b0b08,80,other
_ZN20XCASBayqxtPropertiesC1Ev,0x1b0c04,176,other
_ZN20XCASBayqxtPropertiesC2Ev,0x1b0c04,176,other
_ZN10XCASBayqxt10j9gLgaw2nIEv,0x1b0cb4,72,other
_ZN10XCASBayqxtC1ERK10C8THgaTQxF,0x1b0cfc,80,other
_ZN10XCASBayqxtC2ERK10C8THgaTQxF,0x1b0cfc,80,other
_Z20XCASBayqxtE7Bm2aaHDBRK10C8THgaTQxF,0x1b0d4c,48,other
_ZN10XCASBayqxtC1Ev,0x1b0d7c,132,other
_ZN10XCASBayqxtC2Ev,0x1b0d7c,132,other
_ZN10XCASBayqxt10dx4OHaCqAtERK10C8THgaTQxF,0x1b0e00,120,other
_ZN10XCASBayqxt10F3eHXaJh_PEb,0x1b0e7c,32,other
_ZN10XCASBayqxt10Ek0Mfa6TQTEv,0x1b0ea0,76,other
_ZN10XCASBayqxt10Jw2MfabKSTEv,0x1b0eec,76,other
_ZN10XCASBayqxt10juVsfa5YWCEii,0x1b0f38,52,other
_Z10nXgA2ayS7Mv,0x1b0f70,128,other
_ZN10XCASBayqxt10P1KwgacbawEv,0x1b0ff0,64,other
_ZN10XCASBayqxt10py0qgaE4krERK10C8THgaTQxF,0x1b1030,52,other
_ZN10XCASBayqxt10bdqDgaFFMBERK10eY2wgaf6pw,0x1b1064,752,other
_ZN20XCASBayqxtPropertiesD1Ev,0x1b1354,28,other
_ZN20XCASBayqxtPropertiesD2Ev,0x1b1354,28,other
_ZThn16_N20XCASBayqxtPropertiesD1Ev,0x1b1370,8,other
_ZN20XCASBayqxtPropertiesD0Ev,0x1b1378,56,other
_ZThn16_N20XCASBayqxtPropertiesD0Ev,0x1b13b0,8,other
_ZN10XCASBayqxtD1Ev,0x1b13b8,52,other
_ZN10XCASBayqxtD2Ev,0x1b13b8,52,other
_ZN10XCASBayqxtD0Ev,0x1b13ec,60,other
_ZN20uzvDgataRBPropertiesC1Ev,0x1b14f8,176,other
_ZN20uzvDgataRBPropertiesC2Ev,0x1b14f8,176,other
_ZN10uzvDgataRB10j9gLgaw2nIEv,0x1b15a8,64,other
_ZN10uzvDgataRBC1Ev,0x1b15e8,104,other
_ZN10uzvDgataRBC2Ev,0x1b15e8,104,other
_ZN10uzvDgataRBC1ERK10C8THgaTQxF,0x1b1650,52,other
_ZN10uzvDgataRBC2ERK10C8THgaTQxF,0x1b1650,52,other
_ZN10uzvDgataRB10QDeNMahW1EEv,0x1b1684,8,other
_ZN10uzvDgataRB10u8XMMaRcOEEb,0x1b1690,12,other
_ZN10uzvDgataRB10AceLgadzlIERK10C8THgaTQxF,0x1b16a0,40,other
_ZNK10uzvDgataRB7getTextEv,0x1b16cc,48,other
_ZN10uzvDgataRB10g3eRMakhpIERK10C8THgaTQxF,0x1b171c,300,other
_Z10skbQMaP8vHv,0x1b1848,48,other
_ZN10uzvDgataRB10PuTQMaHi6HERK10cXoLgatBuIb,0x1b1878,188,other
_ZN10uzvDgataRB10q2hwgaKNMvERK10cXoLgatBuI,0x1b1934,364,other
_ZN10uzvDgataRB10jt2iIafHDTERK10cXoLgatBuI,0x1b1aa0,284,other
_ZN10uzvDgataRB10oWWiIaPbyTERK10cXoLgatBuI,0x1b1bbc,76,other
_ZN10uzvDgataRB10LcTxgao36wERK10cXoLgatBuI,0x1b1c08,104,other
_ZN10uzvDgataRB10ihpLga8SuIERK10cXoLgatBuI,0x1b1c70,412,other
_ZN10uzvDgataRB10zaQqFaCvbtERK10cXoLgatBuI,0x1b1e0c,168,other
_ZN10uzvDgataRB10_pyQMazzPHEv,0x1b1eb4,272,other
_ZN10uzvDgataRB10lATwgagnhwEPvRK10C8THgaTQxF,0x1b1fc4,236,other
_ZN20uzvDgataRBPropertiesD1Ev,0x1b20b0,28,other
_ZN20uzvDgataRBPropertiesD2Ev,0x1b20b0,28,other
_ZThn16_N20uzvDgataRBPropertiesD1Ev,0x1b20cc,8,other
_ZN20uzvDgataRBPropertiesD0Ev,0x1b20d4,56,other
_ZThn16_N20uzvDgataRBPropertiesD0Ev,0x1b210c,8,other
_ZN10uzvDgataRBD1Ev,0x1b2114,52,other
_ZN10uzvDgataRBD2Ev,0x1b2114,52,other
_ZN10uzvDgataRBD0Ev,0x1b2148,60,other
_ZN10EqV_Ka3Vx910lATwgagnhwEPvRK10C8THgaTQxF,0x1b21d8,96,other
_ZN10EqV_Ka3Vx910pqxXgaPJHSEv,0x1b2238,64,other
_ZN20EqV_Ka3Vx9PropertiesC1Ev,0x1b2278,176,other
_ZN20EqV_Ka3Vx9PropertiesC2Ev,0x1b2278,176,other
_ZN10EqV_Ka3Vx910j9gLgaw2nIEv,0x1b2328,180,other
_ZN10EqV_Ka3Vx9C1ERK10C8THgaTQxF,0x1b23dc,60,other
_ZN10EqV_Ka3Vx9C2ERK10C8THgaTQxF,0x1b23dc,60,other
_Z20EqV_Ka3Vx9E7Bm2aaHDBRK10C8THgaTQxF,0x1b2418,48,other
_ZN10EqV_Ka3Vx9C1Ev,0x1b2448,112,other
_ZN10EqV_Ka3Vx9C2Ev,0x1b2448,112,other
_ZN10EqV_Ka3Vx910r1SwgaPUgwEii,0x1b24b8,560,other
_ZN10EqV_Ka3Vx910SeNfIah2TQERK10C8THgaTQxFRK10eY2wgaf6pwiRK10dVIHgaIooFP10XoqxgaMPJw,0x1b26ec,304,other
_ZN10EqV_Ka3Vx910KHqDgay4MBERK10i7FHgaP2lF,0x1b281c,788,other
_ZN10EqV_Ka3Vx910ZCBDgaugWBERK10eY2wgaf6pw,0x1b2b34,1104,other
_ZN10EqV_Ka3Vx910bdqDgaFFMBERK10eY2wgaf6pw,0x1b2f88,296,other
_Z10nQK_KaF0o9v,0x1b30b0,128,other
_ZN20EqV_Ka3Vx9PropertiesD1Ev,0x1b3130,28,other
_ZN20EqV_Ka3Vx9PropertiesD2Ev,0x1b3130,28,other
_ZThn16_N20EqV_Ka3Vx9PropertiesD1Ev,0x1b314c,8,other
_ZN20EqV_Ka3Vx9PropertiesD0Ev,0x1b3154,56,other
_ZThn16_N20EqV_Ka3Vx9PropertiesD0Ev,0x1b318c,8,other
_ZN10EqV_Ka3Vx9D1Ev,0x1b3194,116,other
_ZN10EqV_Ka3Vx9D2Ev,0x1b3194,116,other
_ZN10EqV_Ka3Vx9D0Ev,0x1b3208,124,other
_ZN10SsrLga3IwI10gdghIaQf8REP10G0gxgajWBw,0x1b32a4,268,other
_ZN10SsrLga3IwIC1EP10LJyzga9Pwy,0x1b33b0,368,other
_ZN10SsrLga3IwIC2EP10LJyzga9Pwy,0x1b33b0,368,other
_ZN10SsrLga3IwI10UU7IJaygA4EP10LJyzga9Pwy,0x1b3520,16,other
_ZN10SsrLga3IwI10Qd3UBapkCvEP10w9XxgaJdbx,0x1b3530,152,other
_ZN10SsrLga3IwI10LqTUBaaftvEj,0x1b35c8,244,other
_ZN10SsrLga3IwI10jY8XBaq9cyEP10w9XxgaJdbx,0x1b36bc,36,other
_ZN10SsrLga3IwI10N8iYBa3IlyEv,0x1b36e0,4,other
_ZN10SsrLga3IwI10j38Dwaneo4ERK10eY2wgaf6pwi,0x1b36e4,60,other
_ZN10SsrLga3IwI10i2GxgaCPXwEi,0x1b3720,96,other
_ZN10SsrLga3IwI10GQSrFa3K3tEi,0x1b3780,48,other
_ZN10SsrLga3IwI10Qf84ua_yWLEi,0x1b37b0,48,other
_ZN10SsrLga3IwI10IMiLgaDppIEv,0x1b37e0,184,other
_ZN10SsrLga3IwI10ogeQMauCyHEv,0x1b3898,188,other
_ZN10SsrLga3IwI10fdfZgaPp8TERK10eY2wgaf6pw,0x1b3954,100,other
_ZN10SsrLga3IwI10naQKJaqv05ERK10eY2wgaf6pwP10vuuHgangcF,0x1b39b8,316,other
_ZN10SsrLga3IwI10vIdIBa38OkEv,0x1b3af4,56,other
_ZN10SsrLga3IwI10FSUHBaDsykEv,0x1b3b2c,56,other
_ZN10SsrLga3IwI10EcH7JanY4pEv,0x1b3b64,152,other
_ZN10SsrLga3IwI10joSJJa2mc5Ev,0x1b3bfc,216,other
_ZN10SsrLga3IwI10dB0IJaZ6t4Ev,0x1b3cd4,184,other
_ZN10SsrLga3IwID1Ev,0x1b3d8c,280,other
_ZN10SsrLga3IwID2Ev,0x1b3d8c,280,other
_ZN10SsrLga3IwID0Ev,0x1b3ea4,32,other
_ZN10SsrLga3IwI10DNKOLaoZiQERK10C8THgaTQxFf,0x1b3ec4,132,other
_ZN10SsrLga3IwI10JvGgIarnEREb,0x1b3f48,192,other
_ZN10SsrLga3IwI10C1tJBa_SSlEP10w9XxgaJdbxRK10cXoLgatBuI,0x1b4040,128,other
_ZN10SsrLga3IwI10jfmeIazkHPEiP10w9XxgaJdbx,0x1b40c0,180,other
_ZN10SsrLga3IwI10h7VYBaIvSyERK10C8THgaTQxF10eY2wgaf6pw,0x1b4174,936,other
_ZN10SsrLga3IwI10joJcIa8NjOERK10C8THgaTQxFf,0x1b451c,168,other
_ZN10SsrLga3IwI10JUDJBatb0lEP10w9XxgaJdbxRK10cXoLgatBuI,0x1b45c4,164,other
_ZN10SsrLga3IwI10r0QZBa4cEzERK10cXoLgatBuI,0x1b4668,376,other
_ZN10SsrLga3IwI10IvaJBaksClEv,0x1b47e0,128,other
_ZN10SsrLga3IwI10vzwZBaA0mzERK10cXoLgatBuI,0x1b4860,164,other
_ZN10SsrLga3IwI10StjCgaU_QAEiP10w9XxgaJdbx,0x1b4904,216,other
_ZN10SsrLga3IwI10f1DBgaDhhAERK10cXoLgatBuIi,0x1b49dc,1080,other
_ZN10SsrLga3IwI10MQ0sfa9j1CEPK10ik3sfaFp3C,0x1b4e14,1824,other
_ZN10SsrLga3IwI10IH4hIaqzPSEP10w9XxgaJdbx,0x1b5534,356,other
_ZN10SsrLga3IwI10QOjCgarhRAEP10w9XxgaJdbx,0x1b56f8,408,other
_ZN10SsrLga3IwI10QOjCgarhRAEv,0x1b5890,52,other
_ZN10SsrLga3IwI10cdlhIaGscSEv,0x1b5924,476,other
_ZN10SsrLga3IwI10Y_y7JaF3YpEb,0x1b5b00,320,other
_ZN10SsrLga3IwI10YuBgIaK9zREP10w9XxgaJdbx,0x1b5c40,184,other
_ZN10SsrLga3IwI10buvQMa35MHERK10C8THgaTQxFPK10cXoLgatBuI,0x1b5f4c,96,other
_Z10nIrOBaWV2pv,0x1b5fb0,92,other
_Z10jzBOBaodbqv,0x1b600c,20,other
_ZN10SsrLga3IwI10shhCgao9OAEv,0x1b6020,144,other
_ZN10SsrLga3IwI10QsYBgaWtyAEP10w9XxgaJdbx,0x1b60b0,228,other
_ZN10SsrLga3IwI10lATwgagnhwEPvRK10C8THgaTQxF,0x1b6194,136,other
_ZNK10SsrLga3IwI10H7iLgadIpIEv,0x1b621c,48,other
_ZNK10SsrLga3IwI10sryA1aIAmXEv,0x1b624c,60,other
_ZNK10SsrLga3IwI10jKok1ayqMJEv,0x1b6288,8,other
_ZNK10SsrLga3IwI10vfRA1aFpCXEv,0x1b6290,88,other
_ZN20hsuDgateQBPropertiesC1Ev,0x1b62e8,136,other
_ZN20hsuDgateQBPropertiesC2Ev,0x1b62e8,136,other
_ZN10hsuDgateQB10j9gLgaw2nIEv,0x1b6370,92,other
_ZN10hsuDgateQBC1ERK10C8THgaTQxF,0x1b63cc,48,other
_ZN10hsuDgateQBC2ERK10C8THgaTQxF,0x1b63cc,48,other
_Z20hsuDgateQBE7Bm2aaHDBRK10C8THgaTQxF,0x1b63fc,48,other
_ZN10hsuDgateQBC1Ev,0x1b642c,100,other
_ZN10hsuDgateQBC2Ev,0x1b642c,100,other
_ZN10hsuDgateQB10KHqDgay4MBERK10i7FHgaP2lF,0x1b6490,760,other
_ZN10hsuDgateQB10ZCBDgaugWBERK10eY2wgaf6pw,0x1b678c,732,other
_ZN10hsuDgateQB10bdqDgaFFMBERK10eY2wgaf6pw,0x1b6a6c,132,other
_Z10LHSCgazDjBv,0x1b6af0,128,other
_ZN20hsuDgateQBPropertiesD1Ev,0x1b6b70,28,other
_ZN20hsuDgateQBPropertiesD2Ev,0x1b6b70,28,other
_ZThn16_N20hsuDgateQBPropertiesD1Ev,0x1b6b8c,8,other
_ZN20hsuDgateQBPropertiesD0Ev,0x1b6b94,56,other
_ZThn16_N20hsuDgateQBPropertiesD0Ev,0x1b6bcc,8,other
_ZN10hsuDgateQBD1Ev,0x1b6bd4,52,other
_ZN10hsuDgateQBD2Ev,0x1b6bd4,52,other
_ZN10hsuDgateQBD0Ev,0x1b6c08,60,other
_Z10Zw3R_axA5uPKvS0_,0x1b7034,68,other
_ZN10w9XxgaJdbx10lY_j1asArJEPS_,0x1b7078,4,other
_ZN10w9XxgaJdbx10bANwga6jcwERK10eY2wgaf6pwS2_,0x1b707c,468,other
_ZN10w9XxgaJdbx10xoMZFagkAWERK10eY2wgaf6pw,0x1b7250,320,other
_ZN10w9XxgaJdbx10C_bEDapIqYERK10ik3sfaFp3C,0x1b7390,8,other
_ZN10w9XxgaJdbx10qnwBgapRaAERK10cXoLgatBuI,0x1b7398,40,other
_ZN10w9XxgaJdbx10SQO2ga9nZXERK10cXoLgatBuI,0x1b73c0,4,other
_ZN10w9XxgaJdbx10Xuxl1aJNJKERK10cXoLgatBuI,0x1b73c4,32,other
_ZN10w9XxgaJdbx10zaQqFaCvbtERK10cXoLgatBuI,0x1b73e4,60,other
_ZN10w9XxgaJdbx10_VJw1aAf9TEv,0x1b7420,40,other
_ZN10w9XxgaJdbx10_crxLaDvKBEPjS0_,0x1b7448,20,other
_ZN10w9XxgaJdbx10P1Iz1aivFWERK10eY2wgaf6pwS2_,0x1b7c70,124,other
_ZN10w9XxgaJdbx10Y4ak1aSWAJEv,0x1b7cec,100,other
_ZN10w9XxgaJdbx10shhCgao9OAEv,0x1b7d50,96,other
_ZN10w9XxgaJdbx10JuyKBaBDMmEv,0x1b7db0,264,other
_ZN10w9XxgaJdbx10xV7Kwa7ggaEv,0x1b7eb8,132,other
_ZN10w9XxgaJdbx10fK5BgaArFAEv,0x1b7f3c,132,other
_ZN10w9XxgaJdbx10qgnIBawbXkEv,0x1b7fc0,132,other
_ZN10w9XxgaJdbx10VSoCgaTxVAEv,0x1b8044,164,other
_ZN10w9XxgaJdbx10kpGWHa_hZzEb,0x1b80e8,248,other
_ZN10w9XxgaJdbx10_pyQMazzPHEv,0x1b81e0,140,other
_ZN10w9XxgaJdbx10PuTQMaHi6HERK10cXoLgatBuIb,0x1b82f4,156,other
_ZN10w9XxgaJdbx10roWBgagKwAEv,0x1b8390,196,other
_ZN10w9XxgaJdbx10bvLrxaOzYKERK10cXoLgatBuI,0x1b8454,104,other
_ZN10w9XxgaJdbx10TwTrxark4KERK10cXoLgatBuI,0x1b84bc,104,other
_ZN10w9XxgaJdbx10QsYBgaWtyAEPS_,0x1b8524,88,other
_ZN10w9XxgaJdbx10ihpLga8SuIERK10cXoLgatBuI,0x1b857c,104,other
_ZN10w9XxgaJdbx10crSnDaspHKEPS_b,0x1b8630,408,other
_ZN10w9XxgaJdbx10DzwnDaI0oKEPS_b,0x1b87c8,404,other
_ZN10w9XxgaJdbx10VMYBgaWKyAEv,0x1b895c,296,other
_ZN10w9XxgaJdbx10RCz0BasA5AEb,0x1b8a84,288,other
_ZN10cXoLgatBuI10lHUsfa3iWCEii,0x1b8ba4,160,other
_ZN20w9XxgaJdbxPropertiesC1Ev,0x1b8c44,184,other
_ZN20w9XxgaJdbxPropertiesC2Ev,0x1b8c44,184,other
_ZN10w9XxgaJdbx10j9gLgaw2nIEv,0x1b8cfc,620,other
_ZN10w9XxgaJdbxC1ERK10C8THgaTQxF,0x1b8f68,216,other
_ZN10w9XxgaJdbxC2ERK10C8THgaTQxF,0x1b8f68,216,other
_Z20w9XxgaJdbxE7Bm2aaHDBRK10C8THgaTQxF,0x1b9040,48,other
_ZN10w9XxgaJdbxC1Ev,0x1b9070,224,other
_ZN10w9XxgaJdbxC2Ev,0x1b9070,224,other
_ZN10w9XxgaJdbx10kTJA1aedwXEPS_,0x1b9150,48,other
_ZN10w9XxgaJdbx10kZdPBahnIqEPS_,0x1b9180,32,other
_ZN10w9XxgaJdbx10a00aHaIsTWEv,0x1b91a0,120,other
_ZN10w9XxgaJdbx10xLscHaCO5XEv,0x1b921c,108,other
_ZN10w9XxgaJdbx10Uk7z1agN_WEv,0x1b928c,104,other
_ZN10w9XxgaJdbx10OxhA1acn8WEv,0x1b92f8,32,other
_ZNK10w9XxgaJdbx10StGcIaOlhOERK10qdSBga_dtAb,0x1b931c,168,other
_ZNK10w9XxgaJdbx10MZ1BgaJhCAERK10qdSBga_dtAb,0x1b93c4,80,other
_ZN10w9XxgaJdbx10_fjt2afPgHERK10eY2wgaf6pw,0x1b9414,164,other
_ZN10w9XxgaJdbx10dL5l1aiscLERK10eY2wgaf6pw,0x1b94b8,152,other
_ZN10w9XxgaJdbx10H6xm1ahjALERK10i7FHgaP2lF,0x1b9550,256,other
_ZN10w9XxgaJdbx10e2Ij1ayvcJEv,0x1b9650,120,other
_ZN10w9XxgaJdbx10KPrj1ab1YIEv,0x1b96c8,108,other
_ZN10w9XxgaJdbx10D6WJBajlgmERK10eY2wgaf6pwi,0x1b9738,1020,other
_ZNK10w9XxgaJdbx10M6G60amTeyEv,0x1b9b34,124,other
_ZNK10w9XxgaJdbx10gLqu2ar7cIERK10qdSBga_dtAbb,0x1b9bb0,200,other
_ZNK10w9XxgaJdbx10eVxz1aJ8vWERK10qdSBga_dtAbb,0x1b9c78,144,other
_ZN10w9XxgaJdbx10uBSqKa9xdGERK10i7FHgaP2lFibbb,0x1b9d08,2272,other
_ZN10w9XxgaJdbx10cTX60a6ZsyERK10eY2wgaf6pw,0x1ba5e8,260,other
_ZN10w9XxgaJdbx10R5d60aHtRxERK10i7FHgaP2lF,0x1ba6ec,748,other
_ZN10w9XxgaJdbx10X7PggattMiERK10vEhDgaHsFB,0x1ba9dc,360,other
_ZN10w9XxgaJdbx10tK0KBaIeanEv,0x1bab44,16,other
_ZN10w9XxgaJdbx10MC7h1ah1RHEv,0x1bab54,140,other
_ZN10w9XxgaJdbx5sleepEv,0x1babe0,124,other
_ZN10w9XxgaJdbx10l7cPgaSEHLEP10iHmzga6Hmy,0x1bac5c,132,other
_ZN10w9XxgaJdbx10tHHl1ahnSKERK10C8THgaTQxFb,0x1bace0,956,other
_ZN10w9XxgaJdbx10JzLQMaID_HEi,0x1bb0e4,84,other
_ZN10w9XxgaJdbx10jfmeIazkHPEi,0x1bb13c,64,other
_ZN10w9XxgaJdbx10StjCgaU_QAEv,0x1bb180,136,other
_ZN10w9XxgaJdbx10StjCgaU_QAEi,0x1bb20c,104,other
_ZN10w9XxgaJdbx10nImZBaWIezERK10C8THgaTQxFRK10cXoLgatBuI,0x1bb278,36,other
_ZN10w9XxgaJdbx10LcTxgao36wERK10cXoLgatBuI,0x1bb29c,168,other
_ZN10w9XxgaJdbx10Xahm1a_3lLEv,0x1bb344,332,other
_ZN10w9XxgaJdbx10z1lDgaX8IBEv,0x1bb494,68,other
_ZN10w9XxgaJdbx10bdqDgaFFMBERK10eY2wgaf6pw,0x1bb4dc,392,other
_ZN10w9XxgaJdbx10cf_l1asZ6KEv,0x1bb664,172,other
_ZN10w9XxgaJdbx10p0Qh1aXcDHEv,0x1bb710,140,other
_ZNK10w9XxgaJdbx10j5rxga3eLwEv,0x1bb79c,100,other
_ZN10w9XxgaJdbx10JTxWHaD7RzEv,0x1bb800,100,other
_ZN10w9XxgaJdbx10rp5Bga09EAEv,0x1bb868,140,other
_ZN10w9XxgaJdbxD1Ev,0x1bb8f4,340,other
_ZN10w9XxgaJdbxD2Ev,0x1bb8f4,340,other
_ZN10w9XxgaJdbxD0Ev,0x1bba48,32,other
_ZN10w9XxgaJdbx10bRaLgajKiIERK10vEhDgaHsFBb,0x1bba68,324,other
_ZN10w9XxgaJdbx10bRaLgajKiIEb,0x1bbbac,100,other
_ZN10w9XxgaJdbx9addObjectEPS_,0x1bbc38,308,other
_ZN10w9XxgaJdbx10g6yvgaX89uEPS_,0x1bbd6c,264,other
_ZN10w9XxgaJdbx6resizeERK10eY2wgaf6pwS2_,0x1bbe74,584,other
_ZN10w9XxgaJdbx10TQ6yHaan9fEv,0x1bc0bc,192,other
_ZN10w9XxgaJdbx10qzTj1apmlJEv,0x1bc180,212,other
_ZN10w9XxgaJdbx10cKrj1axXYIEv,0x1bc268,244,other
_ZN10w9XxgaJdbx10ur760aKSByERK10eY2wgaf6pw,0x1bc3f0,1284,other
_ZN10w9XxgaJdbx10X8gMBad2doERK10eY2wgaf6pw,0x1bc900,440,other
_ZN10w9XxgaJdbx10ZBTi1aEovIEb,0x1bcab8,116,other
_ZN10w9XxgaJdbx10OIFwLasI5AEv,0x1bcb30,352,other
_ZN10w9XxgaJdbx10umViIaxSwTERK10cXoLgatBuI,0x1bcc90,836,other
_ZN10w9XxgaJdbx10jt2iIafHDTERK10cXoLgatBuI,0x1bcfd4,204,other
_ZN10w9XxgaJdbx10oWWiIaPbyTERK10cXoLgatBuI,0x1bd0a0,200,other
_ZN10w9XxgaJdbx10M7nLgaiVtIEv,0x1bd168,140,other
_ZN10w9XxgaJdbx10QsYBgaWtyAEv,0x1bd1f4,256,other
_ZN10w9XxgaJdbx10q2hwgaKNMvERK10cXoLgatBuI,0x1bd334,728,other
_ZN10w9XxgaJdbx10_cuhIaD1jSEv,0x1bd60c,80,other
_ZN10w9XxgaJdbx10Q6UOBawFrqEb,0x1bd65c,16,other
_ZN10w9XxgaJdbx10py0qgaE4krERK10C8THgaTQxF,0x1bd66c,148,other
_ZN10w9XxgaJdbx10lATwgagnhwEPvRK10C8THgaTQxF,0x1bd700,196,other
_ZN10w9XxgaJdbx10rz5wgawiswEP10XoqxgaMPJw,0x1bd7c4,356,other
_ZN10w9XxgaJdbx10Z_6wgaMvtwEb,0x1bd928,480,other
_ZN10w9XxgaJdbx10kxKMBaJLCoEb,0x1bdb08,856,other
_ZN10w9XxgaJdbx10P1KwgacbawEv,0x1bde60,1000,other
_ZN10w9XxgaJdbx10wXgCgaHSOAEv,0x1be248,112,other
_ZN10w9XxgaJdbx10r9RwgaEagwEb,0x1be2b8,224,other
_ZN10w9XxgaJdbx10VsKgya0HHrEb,0x1be398,92,other
_ZN10w9XxgaJdbx10Ai9WDagrndEP10XoqxgaMPJwRK10eY2wgaf6pwPKciRK10dVIHgaIooF,0x1be3f8,376,other
_ZN10w9XxgaJdbx10jMgDgakJEBEP10XoqxgaMPJwRK10eY2wgaf6pwS4_RK10C8THgaTQxFRK10dVIHgaIooFb,0x1be574,1016,other
_ZN10w9XxgaJdbx10Ai9WDagrndEP10XoqxgaMPJwRK10eY2wgaf6pwRK10C8THgaTQxFRK10dVIHgaIooF,0x1be970,44,other
_ZN10w9XxgaJdbx10kAX50afKCxEv,0x1be99c,76,other
_ZN10w9XxgaJdbx10LSrJFaP3QIERK10bagMga8cdJ,0x1be9e8,44,other
_ZN10w9XxgaJdbx10pONIFa0viIEf,0x1bea8c,64,other
_ZN10w9XxgaJdbx10oDVIFaK5oIEf,0x1bead0,64,other
_ZN10w9XxgaJdbx10EFcJFaGgEIEf,0x1beb14,64,other
_ZN10w9XxgaJdbx10S0OSgapxJOEf,0x1beb58,64,other
_ZN10w9XxgaJdbx10B3qB1aLn6XEi,0x1beb9c,64,other
_ZN10w9XxgaJdbx10u1zrJaSVOQEf,0x1bebe0,40,other
_ZN10w9XxgaJdbx10S_JIFaFjfIERK10eY2wgaf6pw,0x1bec0c,72,other
_ZNK10w9XxgaJdbx10D97A1aKtRXEv,0x1bec90,44,other
_ZN10w9XxgaJdbx10s3hB1aCOZXERK10C8THgaTQxF,0x1becdc,92,other
_Z10pmIP2asW6Zv,0x1bed3c,92,other
_Z10lHYz2a9FSMv,0x1bed98,128,other
_ZN10w9XxgaJdbx10Igp60aIS_xERK10eY2wgaf6pw,0x1bee18,1544,other
_ZN10w9XxgaJdbx10xlDDgaQIXBERK10eY2wgaf6pw,0x1bf420,808,other
_ZN20w9XxgaJdbxPropertiesD1Ev,0x1bf748,28,other
_ZN20w9XxgaJdbxPropertiesD2Ev,0x1bf748,28,other
_ZThn16_N20w9XxgaJdbxPropertiesD1Ev,0x1bf764,8,other
_ZN20w9XxgaJdbxPropertiesD0Ev,0x1bf76c,56,other
_ZThn16_N20w9XxgaJdbxPropertiesD0Ev,0x1bf7a4,8,other
_ZN10ZPvEDawoHYD1Ev,0x1bf7bc,116,other
_ZN10ZPvEDawoHYD2Ev,0x1bf7bc,116,other
_ZN10ZPvEDawoHYD0Ev,0x1bf830,32,other
_ZN10ZPvEDawoHY10jAiwga8eNvERK10cXoLgatBuI,0x1bf850,40,other
_ZN10ZPvEDawoHY10mZ4rxajOeLERK10cXoLgatBuI,0x1bf878,40,other
_ZN10ZPvEDawoHY10pqxXgaPJHSEv,0x1bf8a0,8,other
_ZN10ZPvEDawoHY10bdqDgaFFMBERK10eY2wgaf6pw,0x1bf8a8,76,other
_ZN20ZPvEDawoHYPropertiesC1Ev,0x1bf8f4,156,other
_ZN20ZPvEDawoHYPropertiesC2Ev,0x1bf8f4,156,other
_ZN10ZPvEDawoHY10j9gLgaw2nIEv,0x1bf990,132,other
_ZN10ZPvEDawoHYC1Ev,0x1bfa14,100,other
_ZN10ZPvEDawoHYC2Ev,0x1bfa14,100,other
_ZN10ZPvEDawoHYC1ERK10C8THgaTQxF,0x1bfa78,48,other
_ZN10ZPvEDawoHYC2ERK10C8THgaTQxF,0x1bfa78,48,other
_Z20ZPvEDawoHYE7Bm2aaHDBRK10C8THgaTQxF,0x1bfaa8,48,other
_Z10gTHIDa4wd1v,0x1bfad8,128,other
_ZN10ZPvEDawoHY10P1KwgacbawEv,0x1bfb58,212,other
_ZN10ZPvEDawoHY10ihpLga8SuIERK10cXoLgatBuI,0x1bfc2c,104,other
_ZN10ZPvEDawoHY10zaQqFaCvbtERK10cXoLgatBuI,0x1bfc94,88,other
_ZN10ZPvEDawoHY10q2hwgaKNMvERK10cXoLgatBuI,0x1bfcec,88,other
_ZN10ZPvEDawoHY10LcTxgao36wERK10cXoLgatBuI,0x1bfd44,80,other
_ZN10ZPvEDawoHY10bvLrxaOzYKERK10cXoLgatBuI,0x1bfd94,108,other
_ZN10ZPvEDawoHY10TwTrxark4KERK10cXoLgatBuI,0x1bfe00,108,other
_ZN10ZPvEDawoHY10C_bEDapIqYERK10ik3sfaFp3C,0x1bfe6c,104,other
_ZN10ZPvEDawoHY10SQO2ga9nZXERK10cXoLgatBuI,0x1bfed4,56,other
_ZN10ZPvEDawoHY6resizeERK10eY2wgaf6pwS2_,0x1bff0c,184,other
_ZN20ZPvEDawoHYPropertiesD1Ev,0x1bffc4,28,other
_ZN20ZPvEDawoHYPropertiesD2Ev,0x1bffc4,28,other
_ZThn16_N20ZPvEDawoHYPropertiesD1Ev,0x1bffe0,8,other
_ZN20ZPvEDawoHYPropertiesD0Ev,0x1bffe8,56,other
_ZThn16_N20ZPvEDawoHYPropertiesD0Ev,0x1c0020,8,other
_ZN10GbMhIaz9yS10Ud7zgatH_yEi,0x1c00e8,80,other
_ZN10GbMhIaz9ySD1Ev,0x1c0278,148,other
_ZN10GbMhIaz9ySD2Ev,0x1c0278,148,other
_ZN10GbMhIaz9ySD0Ev,0x1c030c,32,other
_ZN10GbMhIaz9yS10bdqDgaFFMBERK10eY2wgaf6pw,0x1c032c,244,other
_ZN10GbMhIaz9yS10XDCwLai72AERK10cXoLgatBuI,0x1c0420,272,other
_ZN10GbMhIaz9yS10jAiwga8eNvERK10cXoLgatBuI,0x1c0530,340,other
_ZN20GbMhIaz9ySPropertiesC1Ev,0x1c0684,176,other
_ZN20GbMhIaz9ySPropertiesC2Ev,0x1c0684,176,other
_ZN10GbMhIaz9yS10j9gLgaw2nIEv,0x1c0734,180,other
_ZN10GbMhIaz9ySC1ERK10C8THgaTQxF,0x1c07e8,60,other
_ZN10GbMhIaz9ySC2ERK10C8THgaTQxF,0x1c07e8,60,other
_Z20GbMhIaz9ySE7Bm2aaHDBRK10C8THgaTQxF,0x1c0824,48,other
_ZN10GbMhIaz9ySC1Ev,0x1c0854,112,other
_ZN10GbMhIaz9ySC2Ev,0x1c0854,112,other
_ZNK10GbMhIaz9yS10mK1ILaB4uLEv,0x1c08c4,8,other
_ZNK10GbMhIaz9yS7getTextEPcj,0x1c08cc,56,other
_ZN10GbMhIaz9yS10Bi2wManyprEP10vuuHgangcF,0x1c0904,52,other
_ZN10GbMhIaz9yS10wEiPgaIiMLEb,0x1c0938,36,other
_ZN10GbMhIaz9yS10hPGGLaJDwJEii,0x1c0960,348,other
_ZN10GbMhIaz9yS10eInCMaNyUvEiPiS0_,0x1c0ac0,288,other
_ZN10GbMhIaz9yS10GGGLLaEwJNEiR10eY2wgaf6pwS1_R10dVIHgaIooF,0x1c0be0,364,other
_ZN10GbMhIaz9yS10ripMLa7TkOEv,0x1c0d4c,164,other
_ZN10GbMhIaz9yS10c9LILap7gLEv,0x1c0df0,280,other
_ZN10GbMhIaz9yS10pqxXgaPJHSEv,0x1c0f08,76,other
_ZN10GbMhIaz9yS10EMYBMazKyvEv,0x1c0f54,40,other
_ZN10GbMhIaz9yS10quuLLaigzNEv,0x1c0f80,104,other
_ZN10GbMhIaz9yS7getLineEi,0x1c0fe8,156,other
_ZN10GbMhIaz9yS10F1EBMa87hvEv,0x1c10a4,32,other
_ZN10GbMhIaz9yS10pwIBMaY3kvEv,0x1c10c8,156,other
_ZN10GbMhIaz9yS10cwbLLaFijNEjj,0x1c11ac,188,other
_ZNK10GbMhIaz9yS10IJUMLaclLOEv,0x1c1268,8,other
_ZN10GbMhIaz9yS10vsRpGaBAmiEPKcjjbbb,0x1c1270,480,other
_ZN10GbMhIaz9yS10BoUxMaq37rEPKcjb,0x1c1450,64,other
_ZN10GbMhIaz9yS10oYkJLavfLLEjjbb,0x1c14fc,240,other
_ZN10GbMhIaz9yS10eiXxMa0uasEv,0x1c15ec,20,other
_ZN10GbMhIaz9yS10tnZGLasfMJEii,0x1c1604,112,other
_ZNK10GbMhIaz9yS10JdGCMai88vERK10C8THgaTQxFii,0x1c1678,572,other
_ZN10GbMhIaz9yS10i3bILasLNKERK10C8THgaTQxFS2_i,0x1c18c4,404,other
_ZN10GbMhIaz9yS10mWVKLaNl5MEv,0x1c1a5c,76,other
_ZN10GbMhIaz9yS10WYpILa2sZKERK10C8THgaTQxF,0x1c1aa8,456,other
_ZN10GbMhIaz9yS10sbRHLalmvKEv,0x1c1c74,120,other
_ZN10GbMhIaz9yS10AceLgadzlIEPKcj,0x1c1cf0,304,other
_ZN10GbMhIaz9yS10A0NHLadHsKEi,0x1c1fdc,168,other
_ZN10GbMhIaz9yS10KeeHLa9AZJEi,0x1c2088,128,other
_ZN10GbMhIaz9yS10MeKxLabw_BEb,0x1c210c,344,other
_ZN10GbMhIaz9yS10AbhQgat4AMEv,0x1c2264,256,other
_ZN10GbMhIaz9yS10vpuGLa4bmJEv,0x1c2364,224,other
_ZN10GbMhIaz9yS10ckNxLaz61BEv,0x1c2448,28,other
_ZN10GbMhIaz9yS10elBHLax1hKEv,0x1c2464,136,other
_ZN10GbMhIaz9yS10sM2OLatXyQEi,0x1c24f0,152,other
_ZN10GbMhIaz9yS10MI_OLaknwQEi,0x1c2588,140,other
_Z10OuTwLaGihBv,0x1c2614,128,other
_ZN10GbMhIaz9yS10FzqwMaKYTqEP10vuuHgangcF,0x1c284c,208,other
_ZN10GbMhIaz9yS10P1KwgacbawEv,0x1c2960,116,other
_ZN10GbMhIaz9yS10wXgCgaHSOAEv,0x1c29d4,36,other
_ZN10GbMhIaz9yS6resizeERK10eY2wgaf6pwS2_,0x1c29f8,36,other
_ZN10GbMhIaz9yS10bANwga6jcwERK10eY2wgaf6pwS2_,0x1c2a1c,32,other
_ZN10GbMhIaz9yS10ihpLga8SuIERK10cXoLgatBuI,0x1c2a3c,156,other
_ZN10GbMhIaz9yS10q2hwgaKNMvERK10cXoLgatBuI,0x1c2ad8,776,other
_ZN10GbMhIaz9yS10SQO2ga9nZXERK10cXoLgatBuI,0x1c2de0,256,other
_ZN10GbMhIaz9yS10umViIaxSwTERK10cXoLgatBuI,0x1c2ee0,580,other
_ZN10GbMhIaz9yS10LcTxgao36wERK10cXoLgatBuI,0x1c3124,740,other
_ZN10GbMhIaz9yS10_crxLaDvKBEPjS0_,0x1c3408,224,other
_ZN10GbMhIaz9yS10rz5wgawiswEP10XoqxgaMPJw,0x1c34e8,48,other
_ZN10GbMhIaz9yS10Z_6wgaMvtwEb,0x1c3518,96,other
_ZN10GbMhIaz9yS10OIFwLasI5AEv,0x1c3578,56,other
_ZN10GbMhIaz9yS10py0qgaE4krERK10C8THgaTQxF,0x1c35b0,76,other
_ZN10GbMhIaz9yS10lATwgagnhwEPvRK10C8THgaTQxF,0x1c35fc,260,other
_ZN20GbMhIaz9ySPropertiesD1Ev,0x1c4700,28,other
_ZN20GbMhIaz9ySPropertiesD2Ev,0x1c4700,28,other
_ZThn16_N20GbMhIaz9ySPropertiesD1Ev,0x1c471c,8,other
_ZN20GbMhIaz9ySPropertiesD0Ev,0x1c4724,56,other
_ZThn16_N20GbMhIaz9ySPropertiesD0Ev,0x1c475c,8,other
_ZN20v9r4yaCim7PropertiesC1Ev,0x1c4764,136,other
_ZN20v9r4yaCim7PropertiesC2Ev,0x1c4764,136,other
_ZN10v9r4yaCim710j9gLgaw2nIEv,0x1c47ec,44,other
_ZN10v9r4yaCim7C1ERK10C8THgaTQxF,0x1c4818,48,other
_ZN10v9r4yaCim7C2ERK10C8THgaTQxF,0x1c4818,48,other
_Z20v9r4yaCim7E7Bm2aaHDBRK10C8THgaTQxF,0x1c4848,48,other
_ZN10v9r4yaCim7C1Ev,0x1c4878,100,other
_ZN10v9r4yaCim7C2Ev,0x1c4878,100,other
_Z10MqJ4yahQA7v,0x1c48dc,128,other
_ZN20v9r4yaCim7PropertiesD1Ev,0x1c495c,28,other
_ZN20v9r4yaCim7PropertiesD2Ev,0x1c495c,28,other
_ZThn16_N20v9r4yaCim7PropertiesD1Ev,0x1c4978,8,other
_ZN20v9r4yaCim7PropertiesD0Ev,0x1c4980,56,other
_ZThn16_N20v9r4yaCim7PropertiesD0Ev,0x1c49b8,8,other
_ZN10v9r4yaCim7D1Ev,0x1c49c0,52,other
_ZN10v9r4yaCim7D2Ev,0x1c49c0,52,other
_ZN10v9r4yaCim7D0Ev,0x1c49f4,60,other
_ZN10_k_Bgam3zA10jSoJabhxODEv,0x1c4b64,160,other
_ZN10_k_Bgam3zA10xlDDgaQIXBERK10eY2wgaf6pw,0x1c4c04,660,other
_ZN10_k_Bgam3zA10sO3Kab3OcFEv,0x1c4ed4,1000,other
_ZN20_k_Bgam3zAPropertiesC1Ev,0x1c52bc,176,other
_ZN20_k_Bgam3zAPropertiesC2Ev,0x1c52bc,176,other
_ZN10_k_Bgam3zA10j9gLgaw2nIEv,0x1c536c,220,other
_ZN10_k_Bgam3zAC1ERK10C8THgaTQxF,0x1c5448,208,other
_ZN10_k_Bgam3zAC2ERK10C8THgaTQxF,0x1c5448,208,other
_Z20_k_Bgam3zAE7Bm2aaHDBRK10C8THgaTQxF,0x1c5518,48,other
_ZN10_k_Bgam3zAC1Ev,0x1c5548,260,other
_ZN10_k_Bgam3zAC2Ev,0x1c5548,260,other
_ZN10_k_Bgam3zA10hScaEafrcpEv,0x1c564c,188,other
_ZN10_k_Bgam3zA10dhuxLa94MBEv,0x1c5708,188,other
_ZN10_k_Bgam3zA10VNOBgaGlqAEv,0x1c57c4,256,other
_ZN10_k_Bgam3zA10D4RKabD61EEv,0x1c58c4,384,other
_ZN10_k_Bgam3zA10RFn3AaTwsNEv,0x1c5a44,924,other
_ZN10_k_Bgam3zA10Gf_bIaWZHNEv,0x1c5f48,712,other
_ZN10_k_Bgam3zA10pqxXgaPJHSEv,0x1c6210,232,other
_ZN10_k_Bgam3zA10UBrxbbzQKjEii,0x1c62f8,304,other
_ZN10_k_Bgam3zA10qKVxbbLb9jEii,0x1c6478,20,other
_ZN10_k_Bgam3zA10usNLLaAdPNE10i7FHgaP2lF,0x1c6490,160,other
_ZN10_k_Bgam3zA10evncIaXn1NERK10eY2wgaf6pwi,0x1c655c,572,other
_ZN10_k_Bgam3zA10IAewabxTJsEv,0x1c6798,8,other
_ZN10_k_Bgam3zA10AQ1vabY9ysEv,0x1c67a0,32,other
_ZN10_k_Bgam3zA20becomeFirstResponderEv,0x1c67c0,36,other
_ZN10_k_Bgam3zA10FN8NLaq0NPENS_6RegionEf,0x1c67e4,512,other
_ZN10_k_Bgam3zA10bvLrxaOzYKERK10cXoLgatBuI,0x1c69e4,164,other
_ZN10_k_Bgam3zA10TwTrxark4KERK10cXoLgatBuI,0x1c6a88,184,other
_ZN10_k_Bgam3zA10dJWBgaC0wAEb,0x1c6b40,340,other
_ZN10_k_Bgam3zA10sqrSLaYGpTERK10i7FHgaP2lF,0x1c6c94,844,other
_ZN10_k_Bgam3zA10KHqDgay4MBERK10i7FHgaP2lF,0x1c6fe4,2304,other
_ZN10_k_Bgam3zA10BG6BabzeGxERK10eY2wgaf6pw,0x1c78e8,2584,other
_ZN10_k_Bgam3zA10xXcCabIvLxERK10eY2wgaf6pw,0x1c8300,2580,other
_ZN10_k_Bgam3zA10vYZBabCKzxERK10eY2wgaf6pw,0x1c8d14,360,other
_ZN10_k_Bgam3zA10ZCBDgaugWBERK10eY2wgaf6pw,0x1c8e7c,284,other
_ZN10_k_Bgam3zA10bdqDgaFFMBERK10eY2wgaf6pw,0x1c8f98,524,other
_ZN10_k_Bgam3zA10UPw0able3SENS_6RegionE,0x1c91a4,8,other
_Z10sWvz2aNtuMv,0x1c91ac,128,other
_ZN10_k_Bgam3zA6resizeERK10eY2wgaf6pwS2_,0x1c922c,44,other
_ZN10_k_Bgam3zA10lY_j1asArJEP10w9XxgaJdbx,0x1c9258,32,other
_ZN10_k_Bgam3zA10P1KwgacbawEv,0x1c9278,92,other
_ZNK10_k_Bgam3zA10eVxz1aJ8vWERK10qdSBga_dtAbb,0x1c92d4,104,other
_ZNK10_k_Bgam3zA10MZ1BgaJhCAERK10qdSBga_dtAb,0x1c933c,112,other
_ZN10_k_Bgam3zA9addObjectEP10w9XxgaJdbx,0x1c93ac,72,other
_ZN10_k_Bgam3zA10D6WJBajlgmERK10eY2wgaf6pwi,0x1c93f4,688,other
_ZN10_k_Bgam3zA10ihpLga8SuIERK10cXoLgatBuI,0x1c96a4,208,other
_ZN10_k_Bgam3zA10q2hwgaKNMvERK10cXoLgatBuI,0x1c9774,324,other
_ZN10_k_Bgam3zA10LcTxgao36wERK10cXoLgatBuI,0x1c98b8,72,other
_ZN10_k_Bgam3zA10umViIaxSwTERK10cXoLgatBuI,0x1c9900,384,other
_ZN10_k_Bgam3zA10py0qgaE4krERK10C8THgaTQxF,0x1c9a80,124,other
_ZN10_k_Bgam3zA10JuyKBaBDMmEv,0x1c9afc,28,other
_ZNK10_k_Bgam3zA10C1MjLa5RfqEv,0x1c9b18,8,other
_ZN20_k_Bgam3zAPropertiesD1Ev,0x1c9b20,28,other
_ZN20_k_Bgam3zAPropertiesD2Ev,0x1c9b20,28,other
_ZThn16_N20_k_Bgam3zAPropertiesD1Ev,0x1c9b3c,8,other
_ZN20_k_Bgam3zAPropertiesD0Ev,0x1c9b44,56,other
_ZThn16_N20_k_Bgam3zAPropertiesD0Ev,0x1c9b7c,8,other
_ZN10_k_Bgam3zAD1Ev,0x1c9b84,52,other
_ZN10_k_Bgam3zAD2Ev,0x1c9b84,52,other
_ZN10_k_Bgam3zAD0Ev,0x1c9bb8,60,other
_ZNK10KsGWqbQkZg10MZ1BgaJhCAERK10qdSBga_dtAb,0x1c9d2c,232,other
_ZNK10KsGWqbQkZg10eVxz1aJ8vWERK10qdSBga_dtAbb,0x1c9e14,312,other
_ZN20KsGWqbQkZgPropertiesC1Ev,0x1c9f4c,156,other
_ZN20KsGWqbQkZgPropertiesC2Ev,0x1c9f4c,156,other
_ZN10KsGWqbQkZg10j9gLgaw2nIEv,0x1c9fe8,52,other
_ZN10KsGWqbQkZgC1Ev,0x1ca01c,100,other
_ZN10KsGWqbQkZgC2Ev,0x1ca01c,100,other
_ZN10KsGWqbQkZgC1ERK10C8THgaTQxF,0x1ca080,48,other
_ZN10KsGWqbQkZgC2ERK10C8THgaTQxF,0x1ca080,48,other
_Z20KsGWqbQkZgE7Bm2aaHDBRK10C8THgaTQxF,0x1ca0b0,48,other
_Z10dJGz2aIyDMv,0x1ca0e0,128,other
_ZN10KsGWqbQkZg10xlDDgaQIXBERK10eY2wgaf6pw,0x1ca160,1156,other
_ZN10KsGWqbQkZg10JCFhCaeDtPEv,0x1ca5e4,4,other
_ZN10KsGWqbQkZg10JuyKBaBDMmEv,0x1ca5e8,28,other
_ZN10KsGWqbQkZg10Txw60ah_5xEv,0x1ca604,28,other
_ZNK10KsGWqbQkZg10C1MjLa5RfqEv,0x1ca620,8,other
_ZNK10KsGWqbQkZg10jKok1ayqMJEv,0x1ca628,8,other
_ZN20KsGWqbQkZgPropertiesD1Ev,0x1ca630,28,other
_ZN20KsGWqbQkZgPropertiesD2Ev,0x1ca630,28,other
_ZThn16_N20KsGWqbQkZgPropertiesD1Ev,0x1ca64c,8,other
_ZN20KsGWqbQkZgPropertiesD0Ev,0x1ca654,56,other
_ZThn16_N20KsGWqbQkZgPropertiesD0Ev,0x1ca68c,8,other
_ZN10KsGWqbQkZgD1Ev,0x1ca694,20,other
_ZN10KsGWqbQkZgD2Ev,0x1ca694,20,other
_ZN10KsGWqbQkZgD0Ev,0x1ca6a8,48,other
_ZN20Q8n_Fa6V5WPropertiesC1Ev,0x1ca73c,176,other
_ZN20Q8n_Fa6V5WPropertiesC2Ev,0x1ca73c,176,other
_ZN10Q8n_Fa6V5W10j9gLgaw2nIEv,0x1ca7ec,44,other
_ZN10Q8n_Fa6V5WC1Ev,0x1ca818,104,other
_ZN10Q8n_Fa6V5WC2Ev,0x1ca818,104,other
_ZN10Q8n_Fa6V5WC1ERK10C8THgaTQxF,0x1ca880,52,other
_ZN10Q8n_Fa6V5WC2ERK10C8THgaTQxF,0x1ca880,52,other
_Z20Q8n_Fa6V5WE7Bm2aaHDBRK10C8THgaTQxF,0x1ca8b4,48,other
_ZN10Q8n_Fa6V5W10AabLgaD0iIEv,0x1ca8e4,768,other
_ZN10Q8n_Fa6V5W10AceLgadzlIERK10C8THgaTQxF,0x1cabe4,352,other
_ZN10Q8n_Fa6V5W10KHqDgay4MBERK10i7FHgaP2lF,0x1cad44,364,other
_ZN10Q8n_Fa6V5W10ZCBDgaugWBERK10eY2wgaf6pw,0x1caeb4,400,other
_ZN10Q8n_Fa6V5W10bdqDgaFFMBERK10eY2wgaf6pw,0x1cb048,292,other
_Z10m08YFaUb3Vv,0x1cb16c,128,other
_ZN10Q8n_Fa6V5W10xoMZFagkAWERK10eY2wgaf6pw,0x1cb1ec,64,other
_ZN10Q8n_Fa6V5W10P1KwgacbawEv,0x1cb22c,60,other
_ZN10Q8n_Fa6V5W10lATwgagnhwEPvRK10C8THgaTQxF,0x1cb268,244,other
_ZN10Q8n_Fa6V5W10cH35gaVII_Ev,0x1cb35c,24,other
_ZN20Q8n_Fa6V5WPropertiesD1Ev,0x1cb374,28,other
_ZN20Q8n_Fa6V5WPropertiesD2Ev,0x1cb374,28,other
_ZThn16_N20Q8n_Fa6V5WPropertiesD1Ev,0x1cb390,8,other
_ZN20Q8n_Fa6V5WPropertiesD0Ev,0x1cb398,56,other
_ZThn16_N20Q8n_Fa6V5WPropertiesD0Ev,0x1cb3d0,8,other
_ZN10Q8n_Fa6V5W7getTextEv,0x1cb3d8,48,other
_ZN10Q8n_Fa6V5WD1Ev,0x1cb408,52,other
_ZN10Q8n_Fa6V5WD2Ev,0x1cb408,52,other
_ZN10Q8n_Fa6V5WD0Ev,0x1cb43c,60,other
_ZN10_thLgaWjoID1Ev,0x1cb52c,116,other
_ZN10_thLgaWjoID2Ev,0x1cb52c,116,other
_ZN10_thLgaWjoID0Ev,0x1cb5a0,32,other
_ZN10_thLgaWjoI10lq9KgaLxhIERK10C8THgaTQxF,0x1cb5c0,4,other
_ZN10_thLgaWjoI10bANwga6jcwERK10eY2wgaf6pwS2_,0x1cb5c4,36,other
_ZN10_thLgaWjoI10LcTxgao36wERK10cXoLgatBuI,0x1cb5e8,36,other
_ZN20_thLgaWjoIPropertiesC1Ev,0x1cb60c,176,other
_ZN20_thLgaWjoIPropertiesC2Ev,0x1cb60c,176,other
_ZN10_thLgaWjoI10j9gLgaw2nIEv,0x1cb6bc,220,other
_ZN10_thLgaWjoIC1ERK10C8THgaTQxF,0x1cb798,68,other
_ZN10_thLgaWjoIC2ERK10C8THgaTQxF,0x1cb798,68,other
_Z20_thLgaWjoIE7Bm2aaHDBRK10C8THgaTQxF,0x1cb7dc,48,other
_ZN10_thLgaWjoIC1Ev,0x1cb80c,120,other
_ZN10_thLgaWjoIC2Ev,0x1cb80c,120,other
_ZN10_thLgaWjoI10JCHGwakjx6Ev,0x1cb884,16,other
_ZN10_thLgaWjoI10vEQGwaHUE6Eb,0x1cb898,144,other
_ZN10_thLgaWjoI10nOlGwa4Xe6Ev,0x1cb92c,48,other
_ZN10_thLgaWjoI10AqDGwa_Mt6ERK10C8THgaTQxF,0x1cb97c,96,other
_ZN10_thLgaWjoI10GALHwaBEq7Ei,0x1cb9e0,104,other
_ZN10_thLgaWjoI10b_bLgaTHjIERK10C8THgaTQxFb,0x1cba4c,224,other
_ZN10_thLgaWjoI10M7nLgaiVtIEv,0x1cbb2c,96,other
_ZN10_thLgaWjoI10j38Dwaneo4ERK10eY2wgaf6pw,0x1cbb8c,380,other
_ZN10_thLgaWjoI10firEwa1zD4Ei,0x1cbd08,52,other
_ZN10_thLgaWjoI10F1pSga8voOEii,0x1cbd3c,96,other
_ZN10_thLgaWjoI10AceLgadzlIERK10C8THgaTQxF,0x1cbda0,60,other
_ZN10_thLgaWjoI10q2hwgaKNMvERK10cXoLgatBuI,0x1cbddc,420,other
_ZN10_thLgaWjoI10umViIaxSwTERK10cXoLgatBuI,0x1cbf80,288,other
_ZN10_thLgaWjoI10sM2OLatXyQEi,0x1cc0a0,164,other
_ZN10_thLgaWjoI10MI_OLaknwQEi,0x1cc144,164,other
_ZN10_thLgaWjoI10K3vEwaOAH4Ev,0x1cc1e8,96,other
_ZN10_thLgaWjoI10D1IGwa0uy6Ev,0x1cc248,164,other
_ZN10_thLgaWjoI10b44Gwa5SR6Ev,0x1cc2f0,884,other
_ZN10_thLgaWjoI10xu5Dwapel4Ev,0x1cc664,176,other
_ZN10_thLgaWjoI10mu3Dwa8xj4Ev,0x1cc714,204,other
_ZN10_thLgaWjoI10cKbLgaxujIERK10C8THgaTQxFb,0x1cc7e0,304,other
_ZN10_thLgaWjoI10j__Hwa6BD7Eb,0x1cc954,48,other
_ZN10_thLgaWjoI10UKgHwa8H06Eb,0x1cc984,476,other
_ZN10_thLgaWjoI10pqxXgaPJHSEv,0x1ccb60,448,other
_ZN10_thLgaWjoI10u9WRgaBn_NERK10i7FHgaP2lFbRK10dVIHgaIooFS5_S5_S5_,0x1ccd20,2584,other
_ZN10_thLgaWjoI10KHqDgay4MBERK10i7FHgaP2lF,0x1cd73c,964,other
_ZN10_thLgaWjoI10ZCBDgaugWBERK10eY2wgaf6pw,0x1cdb04,1436,other
_ZN10_thLgaWjoI10bdqDgaFFMBERK10eY2wgaf6pw,0x1ce0a8,132,other
_ZN10_thLgaWjoI10zv4pGahpyiEv,0x1ce12c,40,other
_Z10bmxKwakGL9v,0x1ce154,152,other
_ZN10_thLgaWjoI10xoMZFagkAWERK10eY2wgaf6pw,0x1ce1ec,32,other
_ZN20_thLgaWjoIPropertiesD1Ev,0x1ce20c,28,other
_ZN20_thLgaWjoIPropertiesD2Ev,0x1ce20c,28,other
_ZThn16_N20_thLgaWjoIPropertiesD1Ev,0x1ce228,8,other
_ZN20_thLgaWjoIPropertiesD0Ev,0x1ce230,56,other
_ZThn16_N20_thLgaWjoIPropertiesD0Ev,0x1ce268,8,other
_ZN10ln7yHaeP9fD1Ev,0x1ce354,100,other
_ZN10ln7yHaeP9fD2Ev,0x1ce354,100,other
_ZN10ln7yHaeP9fD0Ev,0x1ce3b8,32,other
_ZN20ln7yHaeP9fPropertiesC1Ev,0x1ce3d8,156,other
_ZN20ln7yHaeP9fPropertiesC2Ev,0x1ce3d8,156,other
_ZN10ln7yHaeP9f10TdfzHamqggEi,0x1ce474,252,other
_ZN10ln7yHaeP9fC1EP10w9XxgaJdbx,0x1ce570,224,other
_ZN10ln7yHaeP9fC2EP10w9XxgaJdbx,0x1ce570,224,other
_ZNK10ln7yHaeP9f10YzMZ_a2tABEv,0x1ce654,72,other
_ZN10ln7yHaeP9f10hioovbY270ERK10C8THgaTQxF,0x1ce6bc,88,other
_ZNK10ln7yHaeP9f10BmPEvbKPXeEv,0x1ce718,44,other
_ZN10ln7yHaeP9f10xQ9DvbVToeERK10C8THgaTQxF,0x1ce764,92,other
_ZN10ln7yHaeP9f10S0OSgapxJOEf,0x1ce7c4,132,other
_ZN10ln7yHaeP9f10GhIUvbwSjsEv,0x1ce84c,156,other
_ZN10ln7yHaeP9f10u1zrJaSVOQEf,0x1ce8e8,132,other
_ZN10ln7yHaeP9f10Hj3TvbdpMrEv,0x1ce970,156,other
_ZNK10ln7yHaeP9f10rMBEgasoMCEv,0x1cea0c,116,other
_ZN10ln7yHaeP9f10XOUBgaEpvAERK10i7FHgaP2lF,0x1ceabc,148,other
_ZN10ln7yHaeP9f10BxyTvbUFlrEv,0x1ceb8c,216,other
_ZN10ln7yHaeP9f10lOeTvb234qEf,0x1cec64,664,other
_ZNK10ln7yHaeP9f10rMsVvbsPXsEv,0x1cef08,192,other
_ZN10ln7yHaeP9f10MzWVgaRTlREv,0x1cefd0,484,other
_ZN10ln7yHaeP9f10tIIEga1dSCEP10w9XxgaJdbxRK10eY2wgaf6pw,0x1cf1c0,3524,other
_ZN10ln7yHaeP9f10qI2W_aZThzEd,0x1cffa0,116,other
_Z10gSSP2akMf_v,0x1d0014,196,other
_Z10YtsC2a_zYOv,0x1d00d8,48,other
_ZN20ln7yHaeP9fPropertiesD1Ev,0x1d0108,28,other
_ZN20ln7yHaeP9fPropertiesD2Ev,0x1d0108,28,other
_ZThn16_N20ln7yHaeP9fPropertiesD1Ev,0x1d0124,8,other
_ZN20ln7yHaeP9fPropertiesD0Ev,0x1d012c,56,other
_ZThn16_N20ln7yHaeP9fPropertiesD0Ev,0x1d0164,8,other
_ZN10mytSgavtrO10yEdX_aQ5qzERK10i7FHgaP2lFP10XoqxgaMPJw,0x1d016c,1912,other
_ZN10mytSgavtrO10NpgWTamqDFERK10C8THgaTQxFRK10i7FHgaP2lFRK10vEhDgaHsFBbRK10eY2wgaf6pwf,0x1d08e8,312,other
_ZN10mytSgavtrO10zvuSgahhsOERK10C8THgaTQxFRK10vEhDgaHsFBbRK10eY2wgaf6pwf,0x1d0a20,184,other
_ZN10mytSgavtrO10JoAgIasezRERK10i7FHgaP2lFP10iHmzga6HmyRK10C8THgaTQxFiib,0x1d0ad8,1760,other
_ZN10iHmzga6Hmy10KC06Mal8vWERK10C8THgaTQxFS2_,0x1d11b8,264,other
_ZN10iHmzga6Hmy10dp9wIaTwv4Ei,0x1d12c0,396,other
_ZN10iHmzga6Hmy10lnI6MaeXfWERK10C8THgaTQxF,0x1d144c,372,other
_ZN10iHmzga6Hmy10WPynNanVq9Ev,0x1d15c0,472,other
_ZN10iHmzga6Hmy10ZUFnNaJSw9Ev,0x1d1798,536,other
_ZN10iHmzga6Hmy10kYBnNalyt9Ev,0x1d19b0,216,other
_ZN10iHmzga6Hmy10_BfnNaLKa9Ev,0x1d1a88,304,other
_ZN10iHmzga6Hmy10aulnNaXGf9Ev,0x1d1bb8,304,other
_ZN10iHmzga6Hmy10bqh7MaHgKWEv,0x1d1ce8,476,other
_ZN10iHmzga6Hmy10Hco7MakZPWEv,0x1d1ec4,216,other
_ZN10iHmzga6Hmy10D_05MaqsGVEv,0x1d1f9c,144,other
_ZN10iHmzga6HmyC1ERK10C8THgaTQxF,0x1d202c,168,other
_ZN10iHmzga6HmyC2ERK10C8THgaTQxF,0x1d202c,168,other
_ZN10iHmzga6Hmy10tfk6MaDEWVEP10XoqxgaMPJwRK10C8THgaTQxF,0x1d20d4,568,other
_ZN10iHmzga6Hmy10IoU6Mar3pWEP10XoqxgaMPJwRK10C8THgaTQxFS4_,0x1d230c,1132,other
_ZN10iHmzga6Hmy10T__fIaGC4QERK10C8THgaTQxF,0x1d277c,1460,other
_ZN10iHmzga6Hmy10roWBgagKwAERK10C8THgaTQxF,0x1d2d30,140,other
_ZN10iHmzga6Hmy10YcH5MaBYoVERK10C8THgaTQxF,0x1d2dbc,160,other
_ZN10iHmzga6Hmy10zaevgaCxTuERK10C8THgaTQxF,0x1d2e5c,100,other
_Z10R5X5MaHaDVv,0x1d2ec0,48,other
_ZN10iHmzga6HmyD1Ev,0x1d2ef0,132,other
_ZN10iHmzga6HmyD2Ev,0x1d2ef0,132,other
_ZN10iHmzga6HmyD0Ev,0x1d2f74,32,other
_ZN10QpvgIav2uR10Bh5fIar38QD1Ev,0x1d2fa4,112,other
_ZN10QpvgIav2uR10Bh5fIar38QD2Ev,0x1d2fa4,112,other
_ZN10QpvgIav2uR10Bh5fIar38QD0Ev,0x1d3014,120,other
_ZN10Fkb1ga78BWC1Ev,0x1d308c,16,other
_ZN10Fkb1ga78BWC2Ev,0x1d308c,16,other
_ZN10Fkb1ga78BW5clearEv,0x1d309c,136,other
_ZN10Fkb1ga78BWD1Ev,0x1d3124,32,other
_ZN10Fkb1ga78BWD2Ev,0x1d3124,32,other
_ZN10Fkb1ga78BW10QjQ0gasDjWERK10C8THgaTQxF,0x1d3144,152,other
_ZN10Fkb1ga78BW10QjQ0gasDjWEi,0x1d31dc,68,other
_ZN10Fkb1ga78BW10H8bTga3P2OERK10C8THgaTQxF,0x1d3220,1672,other
_Z10wq8xjb1Hk3v,0x1d38a8,276,other
_ZN10D2x4gaXfrZ10PurTgaBKfPEPKciPi,0x1d39bc,352,other
_ZN10D2x4gaXfrZ10w56pTagAAeEv,0x1d3b1c,448,other
_ZN10D2x4gaXfrZ10aQcTgasp3OERK10C8THgaTQxF,0x1d3cdc,84,other
_ZN10D2x4gaXfrZ10J7dwMafvJqEv,0x1d3d30,52,other
_ZN10Qw3xjbiAg3D1Ev,0x1d3d64,64,other
_ZN10Qw3xjbiAg3D2Ev,0x1d3d64,64,other
_ZN10Qw3xjbiAg3D0Ev,0x1d3da4,72,other
_ZN10J7J0ga9peWD1Ev,0x1d3dec,20,other
_ZN10J7J0ga9peWD2Ev,0x1d3dec,20,other
_ZN10J7J0ga9peWD0Ev,0x1d3e00,48,other
_ZN10S2m6gab0Y_5clearEv,0x1d3e3c,88,other
_ZN10S2m6gab0Y_C1EP10AS80gaE4zW,0x1d3e94,12,other
_ZN10S2m6gab0Y_C2EP10AS80gaE4zW,0x1d3e94,12,other
_ZN10S2m6gab0Y_10AceLgadzlIERK10C8THgaTQxF,0x1d3ea0,40,other
_ZN10S2m6gab0Y_10Vqz6gakq8_Eji,0x1d3ec8,12,other
_ZN10S2m6gab0Y_10Cpq6gahQ0_Ei,0x1d3ed4,8,other
_ZNK10S2m6gab0Y_10zwr6ga1L1_Ev,0x1d3edc,8,other
_ZNK10S2m6gab0Y_10sVs6ga2W2_Ev,0x1d3ee4,8,other
_ZNK10S2m6gab0Y_10EWu6gaZD4_Ev,0x1d3eec,16,other
_ZNK10S2m6gab0Y_10PU25gaz3H_Ev,0x1d3efc,32,other
_ZNK10S2m6gab0Y_7getTextEv,0x1d3f1c,44,other
_ZNK10S2m6gab0Y_10cH35gaVII_Ev,0x1d3f48,40,other
_ZN10t545gajUJ_C1EPS_,0x1d3f70,492,other
_ZN10t545gajUJ_C2EPS_,0x1d3f70,492,other
_ZN10t545gajUJ_10Dlq4gaQMkZERK10C8THgaTQxFi,0x1d4160,172,other
_ZN10t545gajUJ_10QRm0ga3QVVERK10C8THgaTQxF,0x1d420c,92,other
_ZN10t545gajUJ_10IGa6gaABO_EPKci,0x1d4268,104,other
_ZN10t545gajUJ_10IGa6gaABO_ERK10C8THgaTQxF,0x1d42d0,40,other
_ZN10t545gajUJ_10TOL5gaAQs_EPKciib,0x1d42f8,128,other
_ZN10ezH5gajgp_C1EPS_,0x1d4378,116,other
_ZN10ezH5gajgp_C2EPS_,0x1d4378,116,other
_ZN10oSV5gamiB_C1EPS_,0x1d43ec,48,other
_ZN10oSV5gamiB_C2EPS_,0x1d43ec,48,other
_ZN10WcQ5gaFxw_C1EP10J7zOgaf09K,0x1d441c,80,other
_ZN10WcQ5gaFxw_C2EP10J7zOgaf09K,0x1d441c,80,other
_ZN10AS80gaE4zW10pMwQgakbOMEv,0x1d446c,24,other
_ZN10AS80gaE4zW10v6zQga5ZQMERK10eY2wgaf6pw,0x1d4484,412,other
_ZN10AS80gaE4zW10v7cQgaWExMERK10eY2wgaf6pw,0x1d4620,348,other
_ZN10AS80gaE4zW10LslQgaXFEMEiRiS0_iR10dVIHgaIooF,0x1d477c,468,other
_ZN10AS80gaE4zW10cQ2PgaA_oMERK10C8THgaTQxFb,0x1d4954,180,other
_ZN10AS80gaE4zW10pYV2gaqn4XEv,0x1d4a08,216,other
_ZN10AS80gaE4zW10ieCTgaCMoPEc,0x1d4ae0,720,other
_ZN10AS80gaE4zW10fv7SgaYVZOEPKcibb,0x1d4db0,460,other
_ZN10AS80gaE4zW10S0OSgapxJOEf,0x1d4f7c,84,other
_ZN10AS80gaE4zW10FOVQgamf8MEv,0x1d4fd0,20,other
_ZN10AS80gaE4zW10rz5wgawiswEP10XoqxgaMPJw,0x1d4fe4,24,other
_ZN10AS80gaE4zW10l7cPgaSEHLEP10iHmzga6Hmy,0x1d4ffc,24,other
_ZN10AS80gaE4zW10ZMSSgaUHMOEb,0x1d5014,28,other
_ZN10AS80gaE4zW10f8IPgawA7LEi,0x1d5030,24,other
_ZN10AS80gaE4zW10wEiPgaIiMLEbP10vuuHgangcF,0x1d5048,12,other
_ZN10AS80gaE4zW10JNHPgaAs6LERK10eY2wgaf6pw,0x1d5054,60,other
_ZN10AS80gaE4zW10F1pSga8voOEbjj,0x1d5090,16,other
_ZN10AS80gaE4zW10c3jSgagujOEv,0x1d50a0,8,other
_ZN10AS80gaE4zW10FZjPgaCqNLEb,0x1d50a8,92,other
_ZN10AS80gaE4zW10QemSgafklOEv,0x1d5104,48,other
_ZN10AS80gaE4zW10bHkPgaU0NLERK10C8THgaTQxF,0x1d5134,128,other
_ZN10AS80gaE4zW10qVfSga0_fOEbjjP10S2m6gab0Y_P10HyIQgaQ5XMRK10eY2wgaf6pw,0x1d51b4,1016,other
_ZN10AS80gaE4zW10qwnSgaTomOERK10eY2wgaf6pw,0x1d55b0,1960,other
_ZN10AS80gaE4zW10eyB0gatc7VEv,0x1d5d5c,56,other
_ZN10AS80gaE4zW10DHUQgarj7MEv,0x1d5d94,80,other
_ZN10AS80gaE4zW10Rov0gaA11VERK10C8THgaTQxF,0x1d5de4,168,other
_ZN10AS80gaE4zW10boE3gaVAGYEv,0x1d5e8c,72,other
_ZN10AS80gaE4zW10TdfRgasqpNEv,0x1d5ed4,16,other
_ZN10AS80gaE4zW10eKQ2gatZ_XEv,0x1d5ee4,68,other
_ZN10AS80gaE4zW10N80Qga3zdNEv,0x1d5f28,68,other
_ZN10AS80gaE4zW10g3mRgak0vNEv,0x1d5f6c,12,other
_ZN10AS80gaE4zW10BPX6ga8Ws0Eii,0x1d5f78,20,other
_ZN10AS80gaE4zW10sf1SgaCFUOEi,0x1d5f8c,36,other
_ZN10AS80gaE4zW10Ga_QgaJVbNEv,0x1d5fb0,52,other
_ZN10AS80gaE4zW10HmU6gaQ1p0Ei,0x1d5fe4,136,other
_ZN10AS80gaE4zW10EGlRgaCRuNEv,0x1d606c,8,other
_ZN10AS80gaE4zW10dd62gaNQdYERK10C8THgaTQxF,0x1d6074,144,other
_ZN10AS80gaE4zW10OZOQgaFv2MEv,0x1d6104,72,other
_ZN10AS80gaE4zW10XBgRgaCAqNEv,0x1d614c,12,other
_ZN10AS80gaE4zW10ruG0gajmbWEb,0x1d6158,112,other
_ZN10AS80gaE4zW10vtlTgaxGaPERK10C8THgaTQxF,0x1d61c8,96,other
_ZN10AS80gaE4zW10bdV0gaLKnWERK10C8THgaTQxF,0x1d6228,96,other
_ZN10AS80gaE4zW10Iv2QgaqJeNEv,0x1d6288,104,other
_ZN10AS80gaE4zW10uWkRgaPduNEv,0x1d62f0,8,other
_ZN10AS80gaE4zW10XIBPgavl1LEv,0x1d62f8,68,other
_ZN10AS80gaE4zW10iIEPgaRR3LEv,0x1d633c,92,other
_ZN10AS80gaE4zW10KxsPga8CULEjjbRK10C8THgaTQxF,0x1d6398,188,other
_ZN10AS80gaE4zW10yjzTga4jmPEPKc,0x1d6454,240,other
_ZN10AS80gaE4zW10ZPYOgawNuLEP10S2m6gab0Y_j,0x1d6544,1124,other
_ZN10AS80gaE4zW10jNXQga4U9MEv,0x1d69a8,72,other
_ZN10AS80gaE4zW10In6QgaHZhNEv,0x1d69f0,16,other
_ZN10AS80gaE4zW10piVPga5OhMEv,0x1d6a00,108,other
_ZN10AS80gaE4zW10tOW2gaa54XEj,0x1d6a6c,396,other
_ZN10AS80gaE4zW10QWwPgaakYLEP10WcQ5gaFxw_j,0x1d6bf8,328,other
_ZN10AS80gaE4zW10iAL3ga7DMYERK10C8THgaTQxFS2_jS2_RK10eY2wgaf6pwS5_b,0x1d6d40,504,other
_ZN10AS80gaE4zW10K_93gax16YEv,0x1d6f38,340,other
_ZN10AS80gaE4zW10vL76gaA8B0Ev,0x1d708c,92,other
_ZN10AS80gaE4zW10stV3gauYUYEiRK10C8THgaTQxF,0x1d70e8,88,other
_ZN10AS80gaE4zW10sTFTgagRrPEcb,0x1d7140,448,other
_ZN10AS80gaE4zW10GQYQga3NaNEv,0x1d7300,60,other
_ZN10AS80gaE4zW10PSMQgaNJ0MEv,0x1d733c,132,other
_ZN10AS80gaE4zW10EmhRgaNdrNEv,0x1d73c0,12,other
_ZN10AS80gaE4zWC1EP10J7zOgaf09K,0x1d73cc,280,other
_ZN10AS80gaE4zWC2EP10J7zOgaf09K,0x1d73cc,280,other
_ZN10AS80gaE4zW10xR54gaFxUZEv,0x1d74e4,96,other
_ZN10AS80gaE4zW10yc14gabDQZEb,0x1d7544,100,other
_ZN10AS80gaE4zW10Hg3QgaHmfNEv,0x1d75a8,72,other
_ZN10AS80gaE4zW10NDTQga8p6MEv,0x1d75f0,88,other
_ZN10AS80gaE4zW10wgSQgaCg5MEv,0x1d7648,48,other
_ZN10AS80gaE4zWD1Ev,0x1d7678,92,other
_ZN10AS80gaE4zWD2Ev,0x1d7678,92,other
_ZN10WcQ5gaFxw_D1Ev,0x1d76d4,80,other
_ZN10WcQ5gaFxw_D2Ev,0x1d76d4,80,other
_ZN10AS80gaE4zW10meOQgaMS1MEv,0x1d7724,72,other
_ZN10AS80gaE4zW10wCbPga7nGLEv,0x1d776c,1144,other
_ZN10AS80gaE4zW10AbhQgat4AMEv,0x1d7bec,436,other
_ZN10AS80gaE4zW10dsgQgajsAMERK10eY2wgaf6pw,0x1d7da0,656,other
_ZN10AS80gaE4zW10AceLgadzlIEPcj,0x1d8030,56,other
_ZN10AS80gaE4zW10sCQ4gaYSGZEPKcjjRK10C8THgaTQxFS4_,0x1d8068,1548,other
_ZN10AS80gaE4zW10WkA0gaib6VEv,0x1d8678,76,other
_ZN10AS80gaE4zW10VSd4gaThaZEi,0x1d86c4,336,other
_ZN10AS80gaE4zW10ol73gaBN4YEi,0x1d8820,132,other
_ZN10AS80gaE4zW10xDk3gaZYpYEi,0x1d88a4,60,other
_ZN10AS80gaE4zW10x690ga76AWEP10Fkb1ga78BWP10J7J0ga9peWi,0x1d88e0,8812,other
_ZN10s_YwgafWlw10PHFwgaxH5vERK10eY2wgaf6pw,0x1dab64,92,other
_ZN10s_YwgafWlw10XolwgaMCPvERK10eY2wgaf6pw,0x1dabc0,4,other
_ZN10s_YwgafWlw10EpjwgajXNvERK10eY2wgaf6pw,0x1dabc4,152,other
_ZN10s_YwgafWlw10PbVb4aCJD8ERK10eY2wgaf6pwS2_S2_,0x1dac5c,432,other
_ZN10s_YwgafWlw10YUeb4aI937ERK10eY2wgaf6pwS2_S2_S2_,0x1dae10,176,other
_ZN10s_YwgafWlw10_7bwgaqPHvERK10eY2wgaf6pwS2_bb,0x1daec0,268,other
_ZN20s_YwgafWlwPropertiesC1Ev,0x1dafcc,156,other
_ZN20s_YwgafWlwPropertiesC2Ev,0x1dafcc,156,other
_ZN10s_YwgafWlw10j9gLgaw2nIEv,0x1db068,152,other
_ZN10s_YwgafWlwC1ERK10C8THgaTQxF,0x1db100,80,other
_ZN10s_YwgafWlwC2ERK10C8THgaTQxF,0x1db100,80,other
_Z20s_YwgafWlwE7Bm2aaHDBRK10C8THgaTQxF,0x1db150,48,other
_ZN10s_YwgafWlwC1Ev,0x1db180,132,other
_ZN10s_YwgafWlwC2Ev,0x1db180,132,other
_ZN10s_YwgafWlw10kF183as0c6ERiS0_,0x1db204,20,other
_ZN10s_YwgafWlw10tFVc4aB7t9Eb,0x1db218,104,other
_ZN10s_YwgafWlw10TcL93aCkP6ERK10eY2wgaf6pw,0x1db284,192,other
_ZN10s_YwgafWlw10epfc4aOzV8ERK10eY2wgaf6pw,0x1db344,148,other
_ZN10s_YwgafWlw10bdqDgaFFMBERK10eY2wgaf6pw,0x1db3d8,1088,other
_ZN10s_YwgafWlw10qWhCgaLHPAEv,0x1db818,104,other
_ZN10s_YwgafWlw10cWRxgaDZ5wEv,0x1db880,88,other
_ZN10s_YwgafWlwD1Ev,0x1db8d8,72,other
_ZN10s_YwgafWlwD2Ev,0x1db8d8,72,other
_ZN10s_YwgafWlwD0Ev,0x1db920,32,other
_ZN10s_YwgafWlw10yFqc4aG238ERK10eY2wgaf6pw,0x1db940,124,other
_ZN10s_YwgafWlw10KR3BgaYRDAEv,0x1db9bc,52,other
_ZN10s_YwgafWlw10CNDc4an5e9ERK10eY2wgaf6pwb,0x1db9f0,232,other
_ZN10s_YwgafWlw10WtCBgaYZfAERK10eY2wgaf6pw,0x1dbad8,8,other
_ZN10s_YwgafWlw10iIX93aRQZ6ERK10eY2wgaf6pw,0x1dbae0,356,other
_ZN10s_YwgafWlw10O09b4al2Q8ERK10eY2wgaf6pw,0x1dbc44,240,other
_ZN10s_YwgafWlw10jAiwga8eNvERK10cXoLgatBuI,0x1dbd34,208,other
_ZN10s_YwgafWlw10v0Ib4a8tt8ERK10cXoLgatBuI,0x1dbe04,320,other
_ZN10s_YwgafWlw10Ite93aENn6ERK10eY2wgaf6pw,0x1dbf44,392,other
_Z10csoz2aoboMv,0x1dc0cc,128,other
_ZN10s_YwgafWlw10q2hwgaKNMvERK10cXoLgatBuI,0x1dc14c,112,other
_ZN10s_YwgafWlw10LcTxgao36wERK10cXoLgatBuI,0x1dc1bc,104,other
_ZN10s_YwgafWlw10jt2iIafHDTERK10cXoLgatBuI,0x1dc224,172,other
_ZN10s_YwgafWlw10oWWiIaPbyTERK10cXoLgatBuI,0x1dc2d0,160,other
_ZN10s_YwgafWlw10umViIaxSwTERK10cXoLgatBuI,0x1dc370,132,other
_ZN10s_YwgafWlw10SQO2ga9nZXERK10cXoLgatBuI,0x1dc3f4,132,other
_ZN10s_YwgafWlw10ihpLga8SuIERK10cXoLgatBuI,0x1dc478,1128,other
_ZN10s_YwgafWlw10mYcwgatwIvEv,0x1dc8e0,4,other
_ZN20s_YwgafWlwPropertiesD1Ev,0x1dc8e4,28,other
_ZN20s_YwgafWlwPropertiesD2Ev,0x1dc8e4,28,other
_ZThn16_N20s_YwgafWlwPropertiesD1Ev,0x1dc900,8,other
_ZN20s_YwgafWlwPropertiesD0Ev,0x1dc908,56,other
_ZThn16_N20s_YwgafWlwPropertiesD0Ev,0x1dc940,8,other
_ZN10ApdygafUox10EpjwgajXNvERK10eY2wgaf6pw,0x1dc948,44,other
_ZN10c3fygag7qx10wjnCga8dUAEi,0x1dc9fc,84,other
_ZN10c3fygag7qx10MaCBgaJJfAEb,0x1dca50,88,other
_ZN10c3fygag7qxD1Ev,0x1dcb30,128,other
_ZN10c3fygag7qxD2Ev,0x1dcb30,128,other
_ZN10c3fygag7qxD0Ev,0x1dcbb0,32,other
_ZN10c3fygag7qx10VSoCgaTxVAEv,0x1dcbd0,44,other
_ZN10c3fygag7qx10wXgCgaHSOAEv,0x1dcbfc,44,other
_ZN10c3fygag7qx10shhCgao9OAEv,0x1dcc28,48,other
_ZN10c3fygag7qx10x1txgaVSMwEP10w9XxgaJdbxRK10eY2wgaf6pwb,0x1dcda8,732,other
_ZN10c3fygag7qx10nyRxgawF5wEv,0x1dd084,452,other
_ZN10c3fygag7qx10jAiwga8eNvERK10cXoLgatBuI,0x1dd248,156,other
_ZN10ApdygafUoxC1Ev,0x1dd49c,96,other
_ZN10ApdygafUoxC2Ev,0x1dd49c,96,other
_ZN10ApdygafUoxC1ERK10C8THgaTQxF,0x1dd4fc,48,other
_ZN10ApdygafUoxC2ERK10C8THgaTQxF,0x1dd4fc,48,other
_ZN10ApdygafUoxC1EP10c3fygag7qx,0x1dd52c,100,other
_ZN10ApdygafUoxC2EP10c3fygag7qx,0x1dd52c,100,other
_ZN10c3fygag7qx10sZmCgajXTAEv,0x1dd590,436,other
_ZN20c3fygag7qxPropertiesC1Ev,0x1dd744,176,other
_ZN20c3fygag7qxPropertiesC2Ev,0x1dd744,176,other
_ZN10c3fygag7qx10j9gLgaw2nIEv,0x1dd7f4,100,other
_ZN10c3fygag7qxC1ERK10C8THgaTQxF,0x1dd858,48,other
_ZN10c3fygag7qxC2ERK10C8THgaTQxF,0x1dd858,48,other
_Z20c3fygag7qxE7Bm2aaHDBRK10C8THgaTQxF,0x1dd888,48,other
_ZN10c3fygag7qxC1Ev,0x1dd8b8,100,other
_ZN10c3fygag7qxC2Ev,0x1dd8b8,100,other
_Z10BeyBga0pcAv,0x1dd91c,128,other
_ZN10ApdygafUox10ihpLga8SuIERK10cXoLgatBuI,0x1dd99c,136,other
_ZN10ApdygafUox10q2hwgaKNMvERK10cXoLgatBuI,0x1dda24,48,other
_ZN10ApdygafUox10LcTxgao36wERK10cXoLgatBuI,0x1dda54,56,other
_ZN10ApdygafUox10_7bwgaqPHvERK10eY2wgaf6pwS2_bb,0x1dda8c,368,other
_ZN20c3fygag7qxProperties10cmfCgafxNAEv,0x1ddbfc,104,other
_ZN10c3fygag7qx10q2hwgaKNMvERK10cXoLgatBuI,0x1ddc64,184,other
_ZN10u0eyga1eqx10EWwjob4j23ERK10eY2wgaf6pw,0x1ddd1c,12,other
_ZN10u0eyga1eqx10H8ZnobYTN7ER10eY2wgaf6pw,0x1ddd28,12,other
_ZN10c3fygag7qx10JEhyga0ssxEi,0x1ddd34,4,other
_ZN20c3fygag7qxPropertiesD1Ev,0x1ddd38,28,other
_ZN20c3fygag7qxPropertiesD2Ev,0x1ddd38,28,other
_ZThn16_N20c3fygag7qxPropertiesD1Ev,0x1ddd54,8,other
_ZN20c3fygag7qxPropertiesD0Ev,0x1ddd5c,56,other
_ZThn16_N20c3fygag7qxPropertiesD0Ev,0x1ddd94,8,other
_ZN10ApdygafUoxD1Ev,0x1ddd9c,20,other
_ZN10ApdygafUoxD2Ev,0x1ddd9c,20,other
_ZN10ApdygafUoxD0Ev,0x1dddb0,48,other
_ZN10awDo2aJRkD10wjnCga8dUAEi,0x1dde80,44,other
_ZN10awDo2aJRkD10nyRxgawF5wEv,0x1ddeac,40,other
_ZN10SyVo2a61zDD1Ev,0x1ddee0,32,other
_ZN10SyVo2a61zDD2Ev,0x1ddee0,32,other
_ZN10SyVo2a61zDD0Ev,0x1ddf00,32,other
_ZN10awDo2aJRkDD1Ev,0x1ddf60,148,other
_ZN10awDo2aJRkDD2Ev,0x1ddf60,148,other
_ZN10awDo2aJRkDD0Ev,0x1ddff4,32,other
_ZN10awDo2aJRkD10wXgCgaHSOAEv,0x1de014,44,other
_ZN10awDo2aJRkD10shhCgao9OAEv,0x1de040,52,other
_ZN10awDo2aJRkD10oWWiIaPbyTERK10cXoLgatBuI,0x1de074,52,other
_ZN10awDo2aJRkD10lATwgagnhwEPvRK10C8THgaTQxF,0x1de0a8,96,other
_ZN10awDo2aJRkD10OIFwLasI5AEv,0x1de108,56,other
_ZN10awDo2aJRkD10_pyQMazzPHEv,0x1de140,220,other
_ZN10awDo2aJRkD10q2hwgaKNMvERK10cXoLgatBuI,0x1de21c,96,other
_ZN10awDo2aJRkD10ihpLga8SuIERK10cXoLgatBuI,0x1de27c,264,other
_ZN10awDo2aJRkD10pqxXgaPJHSEv,0x1de384,64,other
_ZN10awDo2aJRkD10jt2iIafHDTERK10cXoLgatBuI,0x1de438,228,other
_ZN10SyVo2a61zDC1Ev,0x1de51c,96,other
_ZN10SyVo2a61zDC2Ev,0x1de51c,96,other
_ZN10SyVo2a61zDC1ERK10C8THgaTQxF,0x1de57c,48,other
_ZN10SyVo2a61zDC2ERK10C8THgaTQxF,0x1de57c,48,other
_ZN10SyVo2a61zDC1EP10awDo2aJRkD,0x1de5ac,100,other
_ZN10SyVo2a61zDC2EP10awDo2aJRkD,0x1de5ac,100,other
_ZN10awDo2aJRkD10sZmCgajXTAEv,0x1de610,76,other
_ZN20awDo2aJRkDPropertiesC1Ev,0x1de65c,176,other
_ZN20awDo2aJRkDPropertiesC2Ev,0x1de65c,176,other
_ZN10awDo2aJRkD10j9gLgaw2nIEv,0x1de70c,172,other
_ZN10awDo2aJRkDC1ERK10C8THgaTQxF,0x1de7b8,100,other
_ZN10awDo2aJRkDC2ERK10C8THgaTQxF,0x1de7b8,100,other
_Z20awDo2aJRkDE7Bm2aaHDBRK10C8THgaTQxF,0x1de81c,48,other
_ZN10awDo2aJRkDC1Ev,0x1de84c,152,other
_ZN10awDo2aJRkDC2Ev,0x1de84c,152,other
_ZN10awDo2aJRkD10r1SwgaPUgwEii,0x1de8e4,560,other
_ZN10awDo2aJRkD10JEhyga0ssxEi,0x1deb14,480,other
_ZN10SyVo2a61zD10JEhyga0ssxEi,0x1decf4,16,other
_ZN10awDo2aJRkD10vdJs2a4EMGEi,0x1ded04,64,other
_ZN10awDo2aJRkD10w7fs2a2aoGERK10C8THgaTQxF,0x1ded48,92,other
_ZN10awDo2aJRkD10SeNfIah2TQERK10eY2wgaf6pwiiRK10dVIHgaIooF,0x1dee04,696,other
_ZN10awDo2aJRkD10KHqDgay4MBERK10i7FHgaP2lF,0x1df0bc,844,other
_ZN10awDo2aJRkD10ZCBDgaugWBERK10eY2wgaf6pw,0x1df40c,1368,other
_ZN10awDo2aJRkD10bdqDgaFFMBERK10eY2wgaf6pw,0x1df968,132,other
_Z10VzPt2aU_HHv,0x1df9ec,128,other
_ZN10SyVo2a61zD10q2hwgaKNMvERK10cXoLgatBuI,0x1dfa6c,176,other
_ZN10SyVo2a61zD10jAiwga8eNvERK10cXoLgatBuI,0x1dfb1c,164,other
_ZN10SyVo2a61zD10nyRxgawF5wEv,0x1dfbc0,176,other
_ZN20awDo2aJRkDProperties10cmfCgafxNAEv,0x1dfc70,104,other
_ZN20awDo2aJRkDPropertiesD1Ev,0x1dfcd8,28,other
_ZN20awDo2aJRkDPropertiesD2Ev,0x1dfcd8,28,other
_ZThn16_N20awDo2aJRkDPropertiesD1Ev,0x1dfcf4,8,other
_ZN20awDo2aJRkDPropertiesD0Ev,0x1dfcfc,56,other
_ZThn16_N20awDo2aJRkDPropertiesD0Ev,0x1dfd34,8,other
_ZN20EYKlVaL7URPropertiesC1Ev,0x1dfd44,156,other
_ZN20EYKlVaL7URPropertiesC2Ev,0x1dfd44,156,other
_ZN10EYKlVaL7UR10j9gLgaw2nIEv,0x1dfde0,44,other
_ZN10EYKlVaL7URC1ERK10C8THgaTQxF,0x1dfe0c,48,other
_ZN10EYKlVaL7URC2ERK10C8THgaTQxF,0x1dfe0c,48,other
_Z20EYKlVaL7URE7Bm2aaHDBRK10C8THgaTQxF,0x1dfe3c,48,other
_ZN10EYKlVaL7URC1Ev,0x1dfe6c,100,other
_ZN10EYKlVaL7URC2Ev,0x1dfe6c,100,other
_ZN10EYKlVaL7UR10pw0kVaS2hREf,0x1dfed0,68,other
_ZN10EYKlVaL7UR10KHqDgay4MBERK10i7FHgaP2lF,0x1dff18,228,other
_ZN10EYKlVaL7UR10ZCBDgaugWBERK10eY2wgaf6pw,0x1dfffc,1052,other
_ZN10EYKlVaL7UR10bdqDgaFFMBERK10eY2wgaf6pw,0x1e041c,132,other
_Z10qoWy2a9J_Lv,0x1e04a0,128,other
_ZN20EYKlVaL7URPropertiesD1Ev,0x1e0520,28,other
_ZN20EYKlVaL7URPropertiesD2Ev,0x1e0520,28,other
_ZThn16_N20EYKlVaL7URPropertiesD1Ev,0x1e053c,8,other
_ZN20EYKlVaL7URPropertiesD0Ev,0x1e0544,56,other
_ZThn16_N20EYKlVaL7URPropertiesD0Ev,0x1e057c,8,other
_ZN10EYKlVaL7URD1Ev,0x1e0584,20,other
_ZN10EYKlVaL7URD2Ev,0x1e0584,20,other
_ZN10EYKlVaL7URD0Ev,0x1e0598,48,other
_ZN10u0eyga1eqx10tJLRHaSLQvEiPKc,0x1e07c0,36,other
_ZN10RZNxgaOF2wD1Ev,0x1e0970,116,other
_ZN10RZNxgaOF2wD2Ev,0x1e0970,116,other
_ZN10RZNxgaOF2wD0Ev,0x1e09e4,32,other
_ZN10u0eyga1eqxD1Ev,0x1e0ddc,68,other
_ZN10u0eyga1eqxD2Ev,0x1e0ddc,68,other
_ZN10u0eyga1eqxD0Ev,0x1e0e20,32,other
_ZN10u0eyga1eqx10_btRHaTaBvEi,0x1e0e40,224,other
_ZN10RZNxgaOF2w10lATwgagnhwEPvRK10C8THgaTQxF,0x1e0f48,32,other
_Z10XOySQayUv5PKvS0_,0x1e0f68,552,other
_ZN20RZNxgaOF2wPropertiesC1Ev,0x1e1190,184,other
_ZN20RZNxgaOF2wPropertiesC2Ev,0x1e1190,184,other
_ZN10RZNxgaOF2wC1EP10u0eyga1eqx,0x1e1248,224,other
_ZN10RZNxgaOF2wC2EP10u0eyga1eqx,0x1e1248,224,other
_ZN10RZNxgaOF2w10r1SwgaPUgwEii,0x1e1328,532,other
_ZN10u0eyga1eqx10vxYRHaUx0vEiPKci,0x1e153c,376,other
_ZN10RZNxgaOF2w10rz5wgawiswEP10XoqxgaMPJw,0x1e16b4,52,other
_ZN10RZNxgaOF2w10Z_6wgaMvtwEb,0x1e1728,152,other
_ZN20u0eyga1eqxPropertiesC1Ev,0x1e17c4,176,other
_ZN20u0eyga1eqxPropertiesC2Ev,0x1e17c4,176,other
_ZN10u0eyga1eqx10j9gLgaw2nIEv,0x1e1874,296,other
_ZN10u0eyga1eqxC1ERK10C8THgaTQxF,0x1e199c,56,other
_ZN10u0eyga1eqxC2ERK10C8THgaTQxF,0x1e199c,56,other
_Z20u0eyga1eqxE7Bm2aaHDBRK10C8THgaTQxF,0x1e19d4,48,other
_ZN10u0eyga1eqxC1Ev,0x1e1a04,108,other
_ZN10u0eyga1eqxC2Ev,0x1e1a04,108,other
_ZN10u0eyga1eqx10UudwgaGYIvEP10RZNxgaOF2w,0x1e1a70,88,other
_ZN10u0eyga1eqx10nzZwgampmwEPKc,0x1e1b30,368,other
_ZN10u0eyga1eqx10PHFwgaxH5vERK10eY2wgaf6pw,0x1e1ca0,496,other
_ZN10u0eyga1eqx10qdnRHa_8vvEi,0x1e1e90,128,other
_ZN10u0eyga1eqx10NNcPQaynH2EiPKc,0x1e1fd4,232,other
_ZN10u0eyga1eqx10GI_dIaenoPEPKc,0x1e20e8,136,other
_ZN10u0eyga1eqx5clearEv,0x1e21f8,168,other
_ZN10u0eyga1eqx4sortEv,0x1e22b0,436,other
_ZN10u0eyga1eqx4sortEib,0x1e2478,28,other
_ZN10u0eyga1eqx10_ThCQaUFPSEib,0x1e2494,28,other
_ZN10u0eyga1eqx10ynlCgaxBSAEv,0x1e24b0,12,other
_ZN10u0eyga1eqx10n1ASHaRLxwEi,0x1e24c0,64,crypto-like
_ZN10u0eyga1eqx10FKXQHaUS9uEv,0x1e252c,76,other
_ZN10u0eyga1eqx10EpjwgajXNvERK10eY2wgaf6pw,0x1e257c,204,other
_ZN10u0eyga1eqx10XolwgaMCPvERK10eY2wgaf6pw,0x1e2648,204,other
_ZN10u0eyga1eqx10ZwPTQarYz6Eib,0x1e2714,124,other
_ZN10u0eyga1eqx10qGsQHaiKKuEi,0x1e2794,40,other
_ZN10u0eyga1eqx10AZyTQax2l6Ei,0x1e28f4,64,other
_ZN10u0eyga1eqx10mYcwgatwIvEv,0x1e2934,304,other
_ZN10u0eyga1eqx10pqxXgaPJHSEv,0x1e2a64,244,other
_ZN10u0eyga1eqx10_7bwgaqPHvERK10eY2wgaf6pwS2_bb,0x1e2b58,2072,other
_ZN10u0eyga1eqx10OOARHavAHvEi,0x1e3378,48,other
_ZN10u0eyga1eqx10V_zQHaCUQuEv,0x1e33b8,116,other
_ZN10u0eyga1eqx10wZer2andxFEv,0x1e3480,84,other
_ZN10u0eyga1eqx10_jHwgaC36vEi,0x1e34d4,12,other
_ZN10u0eyga1eqx10KSHwgaIw7vEv,0x1e34e0,8,other
_ZN10u0eyga1eqx10r1SwgaPUgwEii,0x1e34e8,328,other
_Z10DS5y2aHy8Lv,0x1e3634,156,other
_ZN10u0eyga1eqx10P1KwgacbawEv,0x1e3a20,72,other
_ZN10u0eyga1eqx6resizeERK10eY2wgaf6pwS2_,0x1e3a68,156,other
_ZN10u0eyga1eqx10bANwga6jcwERK10eY2wgaf6pwS2_,0x1e3b04,144,other
_ZN10u0eyga1eqx10ihpLga8SuIERK10cXoLgatBuI,0x1e3b94,428,other
_ZN10u0eyga1eqx10jAiwga8eNvERK10cXoLgatBuI,0x1e3d40,284,other
_ZN20RZNxgaOF2wPropertiesD1Ev,0x1e3e5c,28,other
_ZN20RZNxgaOF2wPropertiesD2Ev,0x1e3e5c,28,other
_ZThn16_N20RZNxgaOF2wPropertiesD1Ev,0x1e3e78,8,other
_ZN20u0eyga1eqxPropertiesD1Ev,0x1e3e80,28,other
_ZN20u0eyga1eqxPropertiesD2Ev,0x1e3e80,28,other
_ZThn16_N20u0eyga1eqxPropertiesD1Ev,0x1e3e9c,8,other
_ZN20RZNxgaOF2wPropertiesD0Ev,0x1e3ea4,56,other
_ZThn16_N20RZNxgaOF2wPropertiesD0Ev,0x1e3edc,8,other
_ZN20u0eyga1eqxPropertiesD0Ev,0x1e3ee4,56,other
_ZThn16_N20u0eyga1eqxPropertiesD0Ev,0x1e3f1c,8,other
_ZN10imqXgalNBS10pqxXgaPJHSEv,0x1e42a0,8,other
_ZN10imqXgalNBS10bdqDgaFFMBERK10eY2wgaf6pw,0x1e42a8,232,other
_ZN20imqXgalNBSPropertiesC1Ev,0x1e47a0,176,other
_ZN20imqXgalNBSPropertiesC2Ev,0x1e47a0,176,other
_ZN10imqXgalNBS10j9gLgaw2nIEv,0x1e4850,352,other
_ZN10imqXgalNBSC1ERK10C8THgaTQxF,0x1e49b0,56,other
_ZN10imqXgalNBSC2ERK10C8THgaTQxF,0x1e49b0,56,other
_Z20imqXgalNBSE7Bm2aaHDBRK10C8THgaTQxF,0x1e49e8,48,other
_ZN10imqXgalNBSC1Ev,0x1e4a18,108,other
_ZN10imqXgalNBSC2Ev,0x1e4a18,108,other
_Z10WzyXga0HISv,0x1e4a84,128,other
_ZN10imqXgalNBS6resizeERK10eY2wgaf6pwS2_,0x1e4b04,196,other
_ZN10imqXgalNBS10lATwgagnhwEPvRK10C8THgaTQxF,0x1e4bc8,96,other
_ZN20imqXgalNBSPropertiesD1Ev,0x1e4c28,28,other
_ZN20imqXgalNBSPropertiesD2Ev,0x1e4c28,28,other
_ZThn16_N20imqXgalNBSPropertiesD1Ev,0x1e4c44,8,other
_ZN20imqXgalNBSPropertiesD0Ev,0x1e4c4c,56,other
_ZThn16_N20imqXgalNBSPropertiesD0Ev,0x1e4c84,8,other
_ZN10imqXgalNBSD1Ev,0x1e4c8c,84,other
_ZN10imqXgalNBSD2Ev,0x1e4c8c,84,other
_ZN10imqXgalNBSD0Ev,0x1e4ce0,92,other
_ZN10VGk7faT0Ma10bdqDgaFFMBERK10eY2wgaf6pw,0x1e4d98,484,other
_ZN20VGk7faT0MaPropertiesC1Ev,0x1e500c,240,other
_ZN20VGk7faT0MaPropertiesC2Ev,0x1e500c,240,other
_ZN10VGk7faT0Ma10j9gLgaw2nIEv,0x1e50fc,332,other
_ZN10VGk7faT0MaC1ERK10C8THgaTQxF,0x1e5248,64,other
_ZN10VGk7faT0MaC2ERK10C8THgaTQxF,0x1e5248,64,other
_Z20VGk7faT0MaE7Bm2aaHDBRK10C8THgaTQxF,0x1e5288,48,other
_ZN10VGk7faT0MaC1Ev,0x1e52b8,116,other
_ZN10VGk7faT0MaC2Ev,0x1e52b8,116,other
_ZN10VGk7faT0Ma10tgzpnbth7iEv,0x1e532c,264,other
_ZN10VGk7faT0Ma10pqxXgaPJHSEv,0x1e5444,128,other
_Z10AbDy2anAKLv,0x1e54c4,128,other
_ZN20VGk7faT0MaProperties10cmfCgafxNAEv,0x1e5544,104,other
_ZN10VGk7faT0Ma10Y4ak1aSWAJEv,0x1e55ac,32,other
_ZN10VGk7faT0Ma10lATwgagnhwEPvRK10C8THgaTQxF,0x1e55cc,96,other
_ZN10VGk7faT0Ma10D6WJBajlgmERK10eY2wgaf6pwi,0x1e562c,164,other
_ZN10VGk7faT0MaD1Ev,0x1e56d0,84,other
_ZN10VGk7faT0MaD2Ev,0x1e56d0,84,other
_ZN20VGk7faT0MaPropertiesD1Ev,0x1e5724,28,other
_ZN20VGk7faT0MaPropertiesD2Ev,0x1e5724,28,other
_ZThn16_N20VGk7faT0MaPropertiesD1Ev,0x1e5740,8,other
_ZN20VGk7faT0MaPropertiesD0Ev,0x1e5748,56,other
_ZThn16_N20VGk7faT0MaPropertiesD0Ev,0x1e5780,8,other
_ZN10VGk7faT0MaD0Ev,0x1e5788,92,other
_ZN10VGEwBaTQ4aD1Ev,0x1e584c,72,other
_ZN10VGEwBaTQ4aD2Ev,0x1e584c,72,other
_ZN10VGEwBaTQ4aD0Ev,0x1e5894,32,other
_ZN20VGEwBaTQ4aPropertiesC1Ev,0x1e58b4,156,other
_ZN20VGEwBaTQ4aPropertiesC2Ev,0x1e58b4,156,other
_ZN10VGEwBaTQ4a10j9gLgaw2nIEv,0x1e5950,68,other
_ZN10VGEwBaTQ4aC1Ev,0x1e5994,108,other
_ZN10VGEwBaTQ4aC2Ev,0x1e5994,108,other
_ZN10VGEwBaTQ4aC1ERK10C8THgaTQxF,0x1e5a00,56,other
_ZN10VGEwBaTQ4aC2ERK10C8THgaTQxF,0x1e5a00,56,other
_Z20VGEwBaTQ4aE7Bm2aaHDBRK10C8THgaTQxF,0x1e5a38,48,other
_ZN10VGEwBaTQ4a10CLDwBaH33aEb,0x1e5a68,28,other
_ZN10VGEwBaTQ4a10AceLgadzlIERK10C8THgaTQxF,0x1e5a88,100,other
_ZN10VGEwBaTQ4a10r2FXxaFZOaERK10C8THgaTQxF,0x1e5af0,212,other
_Z10e7lTBaFdbuv,0x1e5bc8,128,other
_ZN10VGEwBaTQ4a6resizeERK10eY2wgaf6pwS2_,0x1e5c48,84,other
_ZN10VGEwBaTQ4a10r9RwgaEagwEb,0x1e5c9c,72,other
_ZN20VGEwBaTQ4aPropertiesD1Ev,0x1e5ce4,28,other
_ZN20VGEwBaTQ4aPropertiesD2Ev,0x1e5ce4,28,other
_ZThn16_N20VGEwBaTQ4aPropertiesD1Ev,0x1e5d00,8,other
_ZN20VGEwBaTQ4aPropertiesD0Ev,0x1e5d08,56,other
_ZThn16_N20VGEwBaTQ4aPropertiesD0Ev,0x1e5d40,8,other
_Z10hBiIGa2fTxPf,0x1e5d48,76,other
_Z10No9HGaCwLxPKfPf,0x1e5d94,652,other
_Z10xqoIGaX9XxPKfS0_Pf,0x1e6020,64,other
_Z10FlZHGaYdCxPf,0x1e6060,100,other
_Z10GKUHGaVlyxPfPKf,0x1e60c4,196,other
_Z10py7HGaEYJxPf,0x1e6188,548,other
_Z10HW2HGa14FxPKf,0x1e63ac,76,other
_Z10qnVHGajTyxPf,0x1e63f8,308,other
_Z10EtEHGaGFkxPKfS0_Pf,0x1e652c,836,other
_Z10tFNHGaBosxPKfS0_Pf,0x1e6870,212,other
_ZNK10lKR7faAPdb10JHnaKarylsEPf,0x1e6948,132,other
_ZN10lKR7faAPdb10tQ0eKaRjfwEPf,0x1e69cc,132,other
_ZN10lKR7faAPdb10xegqIaRgIZEffffff,0x1e6a50,204,other
_ZN10lKR7faAPdb10iYxaKajbusEff,0x1e6b1c,44,other
_ZN10lKR7faAPdb10F21aKaZkUsEffffff,0x1e6b48,224,other
_ZNK10lKR7faAPdb10n73OfaU4zVEfff,0x1e6c28,204,other
_ZNK10lKR7faAPdb5scaleEfff,0x1e6cf4,124,other
_ZNK10lKR7faAPdb10OJjqIaidLZEffff,0x1e6d70,564,other
_ZNK10lKR7faAPdb10gqDJfaGM_QEPK10rizMgadjtJb,0x1e6fb8,308,other
_ZN10Vx2_xajLEd10z7s3xa56wgEi,0x1e7158,8,other
_ZN10Vx2_xajLEd10_nXZxaZzJcEv,0x1e7160,164,other
_ZN10ZwL1xarB5e10_nXZxaZzJcEv,0x1e7204,96,other
_Z10G7G3fa6TI7dd,0x1e7264,152,other
_Z10AvN6Faigk2ii,0x1e7310,96,other
_ZN20o3AZxayNqcPropertiesC1Ev,0x1e7370,176,other
_ZN20o3AZxayNqcPropertiesC2Ev,0x1e7370,176,other
_ZN10o3AZxayNqc10j9gLgaw2nIEv,0x1e7420,36,other
_ZN10o3AZxayNqcC1ERK10C8THgaTQxF,0x1e7444,48,other
_ZN10o3AZxayNqcC2ERK10C8THgaTQxF,0x1e7444,48,other
_ZN10o3AZxayNqcC1Ev,0x1e7474,100,other
_ZN10o3AZxayNqcC2Ev,0x1e7474,100,other
_ZN10o3AZxayNqc10z7s3xa56wgEv,0x1e74d8,64,other
_ZN20Vx2_xajLEdPropertiesC1Ev,0x1e7518,136,other
_ZN20Vx2_xajLEdPropertiesC2Ev,0x1e7518,136,other
_ZN10Vx2_xajLEd10j9gLgaw2nIEi,0x1e75a0,64,other
_ZN10Vx2_xajLEdC1ERK10C8THgaTQxF,0x1e75e0,80,other
_ZN10Vx2_xajLEdC2ERK10C8THgaTQxF,0x1e75e0,80,other
_Z20Vx2_xajLEdE7Bm2aaHDBRK10C8THgaTQxF,0x1e7630,48,other
_ZN10Vx2_xajLEdC1Ev,0x1e7660,132,other
_ZN10Vx2_xajLEdC2Ev,0x1e7660,132,other
_ZN10Vx2_xajLEdC1Ei,0x1e76e4,108,other
_ZN10Vx2_xajLEdC2Ei,0x1e76e4,108,other
_ZN10ZwL1xarB5e10z7s3xa56wgEi,0x1e7750,208,other
_ZN20ZwL1xarB5ePropertiesC1Ev,0x1e7820,136,other
_ZN20ZwL1xarB5ePropertiesC2Ev,0x1e7820,136,other
_ZN10ZwL1xarB5e10j9gLgaw2nIEi,0x1e78a8,64,other
_ZN10ZwL1xarB5eC1ERK10C8THgaTQxF,0x1e78e8,80,other
_ZN10ZwL1xarB5eC2ERK10C8THgaTQxF,0x1e78e8,80,other
_Z20ZwL1xarB5eE7Bm2aaHDBRK10C8THgaTQxF,0x1e7938,48,other
_ZN10ZwL1xarB5eC1Ev,0x1e7968,132,other
_ZN10ZwL1xarB5eC2Ev,0x1e7968,132,other
_ZN10ZwL1xarB5eC1Ei,0x1e79ec,108,other
_ZN10ZwL1xarB5eC2Ei,0x1e79ec,108,other
_Z10Byh1xaKnHev,0x1e7a58,52,other
_Z10NCY8waoC9uv,0x1e7a8c,252,other
_ZN20o3AZxayNqcPropertiesD1Ev,0x1e7b88,28,other
_ZN20o3AZxayNqcPropertiesD2Ev,0x1e7b88,28,other
_ZThn16_N20o3AZxayNqcPropertiesD1Ev,0x1e7ba4,8,other
_ZN20Vx2_xajLEdPropertiesD1Ev,0x1e7bac,28,other
_ZN20Vx2_xajLEdPropertiesD2Ev,0x1e7bac,28,other
_ZThn16_N20Vx2_xajLEdPropertiesD1Ev,0x1e7bc8,8,other
_ZN20ZwL1xarB5ePropertiesD1Ev,0x1e7bd0,28,other
_ZN20ZwL1xarB5ePropertiesD2Ev,0x1e7bd0,28,other
_ZThn16_N20ZwL1xarB5ePropertiesD1Ev,0x1e7bec,8,other
_ZN20o3AZxayNqcPropertiesD0Ev,0x1e7bf4,56,other
_ZThn16_N20o3AZxayNqcPropertiesD0Ev,0x1e7c2c,8,other
_ZN20Vx2_xajLEdPropertiesD0Ev,0x1e7c34,56,other
_ZThn16_N20Vx2_xajLEdPropertiesD0Ev,0x1e7c6c,8,other
_ZN20ZwL1xarB5ePropertiesD0Ev,0x1e7c74,56,other
_ZThn16_N20ZwL1xarB5ePropertiesD0Ev,0x1e7cac,8,other
_ZN10Vx2_xajLEdD1Ev,0x1e7cb4,20,other
_ZN10Vx2_xajLEdD2Ev,0x1e7cb4,20,other
_ZN10Vx2_xajLEdD0Ev,0x1e7cc8,48,other
_ZN10ZwL1xarB5eD1Ev,0x1e7cf8,20,other
_ZN10ZwL1xarB5eD2Ev,0x1e7cf8,20,other
_ZN10ZwL1xarB5eD0Ev,0x1e7d0c,48,other
_Z10wC1CGa7YrtRK10dVIHgaIooF,0x1e7d40,128,other
_Z10tuOuxal5wNRK10bagMga8cdJ,0x1e7dc0,176,other
_Z10J3suHaT3ecRK10eY2wgaf6pw,0x1e7e70,152,other
_Z10mZquxajjdNRK10qdSBga_dtA,0x1e7f08,316,other
_Z10UUTiJaEEvJRK10V6P7faBscb,0x1e8050,504,other
_Z10gikvHa2GYcRK10i7FHgaP2lF,0x1e8250,348,other
_Z10VRmuxa2Q9MRK10vEhDgaHsFB,0x1e83ac,368,other
_Z10gxQtxazOIMRK10GYj6faHpW9,0x1e851c,692,other
_Z10Me7jJabIxKRK10nulqJa9GMP,0x1e87d8,848,other
_Z10Q9LCGaX7dtRK10C8THgaTQxF,0x1e8b30,420,other
_Z10H2fMgaV6cJRK10C8THgaTQxF,0x1e8cd4,452,other
_Z10FICuHajbncRK10C8THgaTQxF,0x1e8e9c,216,other
_Z10vKJuxaK5sNRK10C8THgaTQxF,0x1e8f74,236,other
_Z10UvriJawL7IRK10C8THgaTQxF,0x1e9060,288,other
_Z10jVGHgaOImFRK10C8THgaTQxF,0x1e9180,320,other
_Z10yUduxaij2MRK10C8THgaTQxF,0x1e92c0,340,other
_Z10uLkuxaF47MRK10C8THgaTQxF,0x1e9414,356,other
_Z10MAFjJaBB9JRK10C8THgaTQxF,0x1e9578,476,other
_ZN10rizMgadjtJ10waxLfatwBSEv,0x1e9754,44,other
_ZN10rizMgadjtJC1Ev,0x1e9780,4,other
_ZN10rizMgadjtJC2Ev,0x1e9780,4,other
_ZN10rizMgadjtJ10kQK7faC07aEPf,0x1e9784,60,other
_ZN10rizMgadjtJ10kQK7faC07aEPfS0_,0x1e97c0,64,other
_ZN10rizMgadjtJ10Vdl1HautKEERK10vEhDgaHsFBS2_,0x1e9800,104,other
_ZN10rizMgadjtJ10FzM7JaEt9pERK10qdSBga_dtAS2_S2_S2_S2_S2_,0x1e9868,636,other
_ZNK10rizMgadjtJ10Ei6bKaqVNtEv,0x1e9ae4,28,other
_ZNK10rizMgadjtJ10oGncKagx1tEv,0x1e9b00,32,other
_ZNK10rizMgadjtJ10R1cPfaeAHVEv,0x1e9b20,132,other
_ZNK10rizMgadjtJ10WbfPfaPoJVEv,0x1e9ba4,96,other
_ZNK10rizMgadjtJ10IJsxIacNL4Ev,0x1e9c04,68,other
_ZNK10rizMgadjtJ10ZdVKJayL45Ev,0x1e9c48,16,other
_ZN10rizMgadjtJ10O8hNfaaT4TEfff,0x1e9c58,164,other
_ZN10rizMgadjtJ10bcVzIaPJP6ERKS_,0x1e9cfc,136,other
_ZN10rizMgadjtJ10LV0wIafoo4Eff,0x1e9d84,64,other
_ZN10rizMgadjtJ10dv5QLaQehSEf,0x1e9dc4,56,other
_ZN10rizMgadjtJ10TyJlIa1WTVERKS_,0x1e9dfc,192,other
_ZNK10rizMgadjtJ9transformERfS0_,0x1e9ebc,76,other
_ZNK10rizMgadjtJ9transformERK10qdSBga_dtA,0x1e9f08,104,other
_ZN10_79OJaq8E910HuhPJazkL9ERKS_S1_f,0x1e9f70,168,other
_ZN10RWahgahP3i10waxLfatwBSEv,0x1ea018,52,other
_ZN10RWahgahP3iC1Ev,0x1ea04c,4,other
_ZN10RWahgahP3iC2Ev,0x1ea04c,4,other
_ZN10RWahgahP3iC1ERK10_79OJaq8E9,0x1ea050,96,other
_ZN10RWahgahP3iC2ERK10_79OJaq8E9,0x1ea050,96,other
_ZN10RWahgahP3i10_hfzFaWtgAERK10bagMga8cdJi,0x1ea0b4,356,other
_ZN10RWahgahP3i10bcVzIaPJP6ERKS_,0x1ea21c,392,other
_ZNK10RWahgahP3i9transformER10bagMga8cdJ,0x1ea3a4,308,other
_ZNK10RWahgahP3i10UZ9_JaR0KjEv,0x1ea4d8,208,other
_ZN10RWahgahP3i10BgF_JaBkkjERK10C8THgaTQxF,0x1ea5ac,456,other
_ZN10i7FHgaP2lF10FwfGfa7F9NERKS_,0x1ea778,108,other
_ZN10vEhDgaHsFB10FwfGfa7F9NERKS_,0x1ea7e4,124,other
_ZN10tIiGfa7lcO10FwfGfa7F9NERKS_,0x1ea860,124,other
_ZN10e3mhxao0dCC1Ev,0x1ea8dc,8,other
_ZN10e3mhxao0dCC2Ev,0x1ea8dc,8,other
_ZN10e3mhxao0dC5clearEv,0x1ea8e4,108,other
_ZN10e3mhxao0dCD1Ev,0x1ea950,4,other
_ZN10e3mhxao0dCD2Ev,0x1ea950,4,other
_ZN10e3mhxao0dC10nhHKJaj1T5Ev,0x1ea954,32,other
_ZN10e3mhxao0dC10rMBEgasoMCEv,0x1ea974,252,other
_ZN10e3mhxao0dC10UVfnEao0aAERK10vEhDgaHsFB,0x1eaa70,692,other
_ZNK10nulqJa9GMP10UKOr_a8i08ERK10V6P7faBscbS2_PfPS0_,0x1ead24,384,other
_ZNK10nulqJa9GMP10UKOr_a8i08ERK10V6P7faBscbS2_,0x1eaea4,48,other
_ZNK10nulqJa9GMP10Jumr_aBxD8ERK10V6P7faBscbRK10lKR7faAPdb,0x1eaed4,1176,other
_ZN10w6qzgacqqyD1Ev,0x1eb36c,84,other
_ZN10w6qzgacqqyD2Ev,0x1eb36c,84,other
_ZN10w6qzgacqqyD0Ev,0x1eb3c0,32,other
_ZN10w6qzgacqqy10IRaIxaWKMYEv,0x1eb3e0,372,other
_ZN10w6qzgacqqy5resetEv,0x1eb554,948,other
_ZN10w6qzgacqqyC1ERK10C8THgaTQxF,0x1eb908,208,other
_ZN10w6qzgacqqyC2ERK10C8THgaTQxF,0x1eb908,208,other
_ZN10w6qzgacqqy10IaubyaF_gnEi,0x1eb9d8,132,other
_ZN10w6qzgacqqy10XpPbyaCSynERK10C8THgaTQxFb,0x1eba5c,192,other
_ZN10w6qzgacqqy10x2BbyaRCnnEi,0x1ebb1c,132,other
_ZN10w6qzgacqqy10GkJpga8KfqEi,0x1ebba0,48,other
_ZN10w6qzgacqqy10tOzbya4JlnERK10C8THgaTQxFb,0x1ebbd0,192,other
_ZN10w6qzgacqqy10EpdlgadUsmERK10C8THgaTQxFb,0x1ebc90,72,other
_ZN10w6qzgacqqy10eHq4xaX3khEP10MpGzgariDy,0x1ebcd8,408,other
_ZN10w6qzgacqqy10hh84xa7zWhEi,0x1ebe70,264,other
_ZN10w6qzgacqqy10t5lDxajcJUEhRK10C8THgaTQxF,0x1ebf78,252,other
_ZN10w6qzgacqqy10FyYDxaOyeVEiRK10C8THgaTQxF,0x1ec074,64,other
_ZN10w6qzgacqqy10H8bTga3P2OEhRK10C8THgaTQxF,0x1ec0b4,152,other
_ZN10w6qzgacqqy10vRBuLaJsmzEv,0x1ec14c,244,other
_ZN10w6qzgacqqy10Z0p5xaCvaiEi,0x1ec240,84,other
_Z10fe9Vxaznx9v,0x1ec294,532,other
_ZN10IiAFxau9AWC1ERK10C8THgaTQxFS2_,0x1ec4a8,64,other
_ZN10IiAFxau9AWC2ERK10C8THgaTQxFS2_,0x1ec4a8,64,other
_ZN10IiAFxau9AWC1ERK10C8THgaTQxF,0x1ec4e8,132,other
_ZN10IiAFxau9AWC2ERK10C8THgaTQxF,0x1ec4e8,132,other
_ZN10w6qzgacqqy10MiD5xayGliERK10C8THgaTQxF,0x1ec56c,156,other
_ZN10w6qzgacqqy10LPjGHaiidmERK10C8THgaTQxF,0x1ec608,316,other
_ZN10w6qzgacqqy10cSVWxagibaEv,0x1ec744,84,other
_ZN10w6qzgacqqy10vK2WxaKVhaEv,0x1ec798,52,other
_ZN10w6qzgacqqy10mFyWxauMS9Ev,0x1ec7cc,96,other
_ZN10w6qzgacqqy10pov5xa80eiEv,0x1ec82c,36,other
_ZN10w6qzgacqqy10OJerHac0w9Ev,0x1ec850,88,other
_ZN10w6qzgacqqy10Mgx5xaSBgiERK10C8THgaTQxF,0x1ec8a8,332,other
_ZN10w6qzgacqqy10Kl9qHa2ts9ERK10C8THgaTQxF,0x1ec9f4,424,other
_ZN10w6qzgacqqy10LG05xaDbGiEv,0x1ecb9c,272,other
_ZN10w6qzgacqqy10Yh24xaUxRhEv,0x1eccac,212,other
_ZN10w6qzgacqqy10pp04xaZXPhERK10C8THgaTQxF,0x1ecd80,368,other
_ZN10w6qzgacqqy10x3v4xaHAphERK10C8THgaTQxF,0x1ecef0,340,other
_ZN10w6qzgacqqy10Y5N4xaILEhERK10C8THgaTQxF,0x1ed044,176,other
_ZN10w6qzgacqqy10HLi4xaSoehERK10C8THgaTQxF,0x1ed0f4,976,other
_ZN10w6qzgacqqy10xIp4xabfkhERK10C8THgaTQxF,0x1ed4c4,352,other
_ZN10w6qzgacqqy10fytDxautPUEv,0x1ed624,568,other
_ZN10w6qzgacqqy10hpnuLaXiazEv,0x1ed85c,376,other
_Z10YvswSaABVtRK10C8THgaTQxF,0x1edb80,28,other
_Z10A8ZxSaRTcvRK10C8THgaTQxF,0x1f2754,164,other
_Z10X8wxSadvPuRK10C8THgaTQxF,0x1f30b0,232,other
_Z10n4py_ahyzeP10w6qzgacqqyPii,0x1f6334,84,other
_ZN20w6qzgacqqyPropertiesC1Ev,0x1f6450,164,other
_ZN20w6qzgacqqyPropertiesC2Ev,0x1f6450,164,other
_Z10BPGB2a8DjOv,0x1f64f4,68,other
_ZN20w6qzgacqqyPropertiesD1Ev,0x1f7648,28,other
_ZN20w6qzgacqqyPropertiesD2Ev,0x1f7648,28,other
_ZThn16_N20w6qzgacqqyPropertiesD1Ev,0x1f7664,8,other
_ZN20w6qzgacqqyPropertiesD0Ev,0x1f766c,56,other
_ZThn16_N20w6qzgacqqyPropertiesD0Ev,0x1f76a4,8,other
_ZN10w6qzgacqqy10jQQHxaB3uYEddRK10C8THgaTQxF,0x1f76b0,688,other
_ZN10w6qzgacqqy10hh7HxadKJYEddRK10C8THgaTQxFj,0x1f7968,788,other
_ZN10w6qzgacqqy10bQC6xathbjERK10C8THgaTQxFdd,0x1f7c88,1160,other
_ZN10w6qzgacqqy10qdB6xa_V9iEv,0x1f8110,384,other
_ZN10w6qzgacqqy10inV3xabTUgERK10C8THgaTQxFS2_S2_,0x1f8290,644,other
_ZN10w6qzgacqqy10RYCHxaSojYERK10C8THgaTQxF,0x1f8514,428,other
_ZN10w6qzgacqqy10tVKHxa34pYERK10C8THgaTQxFiS2_,0x1f86c0,552,other
_ZN10w6qzgacqqy10t3IHxaxwoYERK10C8THgaTQxF,0x1f88e8,428,other
_ZN10w6qzgacqqy10yA23xatN0gERK10C8THgaTQxF,0x1f8a94,556,other
_ZN10w6qzgacqqy10UYP3xa0kQgERK10C8THgaTQxF,0x1f8cc0,1116,other
_ZN10w6qzgacqqy10jnj8xacVBkERK10C8THgaTQxF,0x1f911c,800,other
_ZN10w6qzgacqqy10t3H3xaxGJgERK10C8THgaTQxF,0x1f943c,156,other
_ZN10w6qzgacqqy10iYRayaj0KmERK10C8THgaTQxFj,0x1f94d8,588,other
_ZN10w6qzgacqqy10Nsh8xaZiAkERK10C8THgaTQxF,0x1f9724,428,other
_ZN10w6qzgacqqy10N8r0fa3h_4ERK10C8THgaTQxFj,0x1f98d0,588,other
_ZN10w6qzgacqqy10K_Z9xaxM0lERK10C8THgaTQxF,0x1f9b1c,596,other
_ZN10w6qzgacqqy10tSuUgarA8PEP10MpGzgariDy,0x1f9d70,420,other
_ZN10w6qzgacqqy10gEu9xasoBlEv,0x1f9f14,388,other
_ZN10w6qzgacqqy10IgN9xaO3QlEiiiiiPi,0x1fa098,792,other
_ZN10w6qzgacqqy10D6p9xajAxlERK10C8THgaTQxFiiiiiPi,0x1fa3b0,1012,other
_ZN10w6qzgacqqy10pRMUgaDInQEddiibRK10C8THgaTQxF,0x1fa7a4,800,other
_ZN10w6qzgacqqy10REidya8iOoEdd,0x1faad0,580,other
_ZN10w6qzgacqqy10_1gdyanXMoEii,0x1fad20,440,other
_ZN10w6qzgacqqy10Hbo9xauYvlEP10zF9VgaBKxR,0x1faed8,700,other
_ZN10w6qzgacqqy10pnp8xaiYGkERK10C8THgaTQxF,0x1fb194,428,other
_ZN10w6qzgacqqy10kS55xaiyKiERK10C8THgaTQxF,0x1fb340,428,other
_ZN10w6qzgacqqy10P937xa16okERK10C8THgaTQxF,0x1fb4ec,472,other
_ZN10w6qzgacqqy10I3b8xaMLvkERK10C8THgaTQxF,0x1fb6c4,472,other
_ZN10w6qzgacqqy10gNjCHa1fRiEP10LBgVgaqANQddRK10C8THgaTQxFS4_,0x1fb89c,968,other
_ZN10w6qzgacqqy10ia_ayalVRmEdddddddRK10C8THgaTQxFS2_S2_,0x1fbc80,1936,other
_ZN10w6qzgacqqy10WVodyawAToEddi,0x1fc440,660,other
_ZN10w6qzgacqqy10x42cyarcBoEddi,0x1fc6e0,660,other
_ZN10w6qzgacqqy10pYadyawQHoEdd,0x1fc980,616,other
_ZN10w6qzgacqqy10BUGcyafIhoEii,0x1fcbf0,472,other
_ZN10w6qzgacqqy10wYEcyaD4foEddiiibb,0x1fcdc8,784,other
_ZN10w6qzgacqqy10EKG7xaTz4jEP10pTy_fadYe4,0x1fd0e0,416,other
_ZN10w6qzgacqqy10mtd6xaoXQiEP10LBgVgaqANQ,0x1fd280,444,other
_ZN10w6qzgacqqy10axT8xazk5kEP10MpGzgariDyP10LBgVgaqANQddi,0x1fd43c,1168,other
_ZN10w6qzgacqqy10Jp08xaiYblEdddP10LBgVgaqANQ,0x1fd8e0,752,other
_ZN10w6qzgacqqy10krLoLaAwruERK10C8THgaTQxF,0x1fdbe0,512,other
_ZN10w6qzgacqqy10WpAcyavfcoEiiddb,0x1fdde0,672,other
_ZN10w6qzgacqqy10LF69xaTd7lERK10C8THgaTQxF,0x1fe088,428,other
_ZN10w6qzgacqqy10AXO7xaRtbkERK10C8THgaTQxF,0x1fe234,428,other
_ZN10w6qzgacqqy10OBj7xat6LjERK10C8THgaTQxFS2_S2_,0x1fe3e0,656,other
_ZN10w6qzgacqqy10HG56xazoAjERK10C8THgaTQxFS2_S2_S2_,0x1fe670,752,other
_ZN10w6qzgacqqy10KAd7xaF2GjERK10C8THgaTQxF,0x1fe960,456,other
_ZN10w6qzgacqqy10WZb7xaNHFjERK10C8THgaTQxF,0x1feb28,428,other
_ZN10w6qzgacqqy10mDH6xaOjfjERK10C8THgaTQxFS2_,0x1fecd4,844,other
_ZN10w6qzgacqqy10vVu6xa5C4iERK10C8THgaTQxFS2_,0x1ff020,664,other
_ZN10w6qzgacqqy10looaya47lmEP10RH6ygazf9xb,0x1ff2b8,1032,other
_ZN10w6qzgacqqy10mxMgKaFrJxEbRK10C8THgaTQxF,0x1ff6c0,520,other
_ZN10w6qzgacqqy10s5iIxacGTYEi,0x1ff8c8,472,other
_ZN10w6qzgacqqy10d4N8xa7J0kERK10C8THgaTQxF,0x1ffaa0,428,other
_ZN10w6qzgacqqy10Y33yga716xEiRK10C8THgaTQxF,0x1ffc4c,32,other
_ZN10w6qzgacqqy10da7AgaaEQzEv,0x1ffc6c,64,other
_ZN10SDrvgadS3uD1Ev,0x1ffcfc,124,other
_ZN10SDrvgadS3uD2Ev,0x1ffcfc,124,other
_ZN10SDrvgadS3uD0Ev,0x1ffd78,32,other
_ZN10SDrvgadS3uC1ERK10C8THgaTQxF,0x1ffd98,208,other
_ZN10SDrvgadS3uC2ERK10C8THgaTQxF,0x1ffd98,208,other
_ZN10SDrvgadS3u10PlC2Sa1SOVERK10C8THgaTQxF,0x1ffe68,80,other
_ZN10SDrvgadS3u5clearEv,0x1ffeb8,8,other
_ZN10SDrvgadS3u4saveEb,0x1ffec0,568,other
_ZN10SDrvgadS3u10t0Nyga0GTxERK10C8THgaTQxF,0x2000f8,3392,other
_ZN10SDrvgadS3u10TaMglbQ8IvEv,0x200e38,304,other
_ZN10SDrvgadS3u10VOtvgawH5uERK10C8THgaTQxF,0x200f68,92,other
_ZN10SDrvgadS3u10ZV7XSathcREPS_RK10C8THgaTQxF,0x200fc4,820,other
_ZN10SDrvgadS3u10KDwgLab4vnEv,0x2012f8,196,other
_Z10pPpP2aRkSZv,0x2013bc,48,other
_Z10BNZB2amBzOv,0x2013ec,20,other
_ZN10uq9xgaUxlx10Be7Mcb0HWmEb,0x201498,40,other
_ZN10uq9xgaUxlx10SgxMcbYBrmEv,0x2014c0,24,other
_ZN10uq9xgaUxlx10tPUMcbVpLmERK10C8THgaTQxF,0x201534,132,other
_ZN10uq9xgaUxlx10Ab3_ZatiFMEv,0x2015b8,24,other
_ZN10uq9xgaUxlx10OJerHac0w9Ev,0x2015d0,60,other
_ZN10uq9xgaUxlx10Kl9qHa2ts9ERK10C8THgaTQxF,0x201610,68,other
_ZN10uq9xgaUxlx10LPjGHaiidmERK10C8THgaTQxF,0x201658,52,other
_ZN10uq9xgaUxlx10T92XYa_g8TERK10C8THgaTQxFNS_10DDSNcb4zznE,0x201690,224,other
_ZN10uq9xgaUxlx10zO9xgagSlxERK10C8THgaTQxF,0x201770,288,other
_ZN10uq9xgaUxlx10mP6ygaUl9xERK10C8THgaTQxF,0x201890,308,other
_ZN10uq9xgaUxlx6ignoreERK10C8THgaTQxF,0x2019c4,52,other
_ZN10uq9xgaUxlx10CtDMcbyPwmEv,0x2019fc,240,other
_Z10bjRB2aIssOv,0x201aec,56,other
_ZN10uq9xgaUxlx10kxkYYaDTmUEv,0x201b24,16,other
_ZN10psSDxavq9U10u6jtYa4whuEv,0x201b34,76,other
_ZN10psSDxavq9U10NDntYaevkuEv,0x201b80,76,other
_ZN10psSDxavq9U10rBztYaczuuEv,0x201bcc,124,other
_ZN10psSDxavq9UD1Ev,0x201c48,184,other
_ZN10psSDxavq9UD2Ev,0x201c48,184,other
_ZN10psSDxavq9UD0Ev,0x201d00,32,other
_ZN10psSDxavq9U5resetEv,0x201d20,236,other
_ZN10psSDxavq9UC1EP10u3cBgayBVz,0x201e0c,192,other
_ZN10psSDxavq9UC2EP10u3cBgayBVz,0x201e0c,192,other
_ZN10psSDxavq9U10_F9jYa7KzmEv,0x201ecc,1236,other
_ZN10psSDxavq9U10YW8MSai8XHERK10C8THgaTQxF,0x2023a0,740,other
_ZN10psSDxavq9U10YfGuSa79psERK10C8THgaTQxF,0x202684,8,other
_ZN10psSDxavq9U10w0hMYa9LeKEj,0x20268c,244,other
_ZN10psSDxavq9U10gUchYaVs5jEv,0x202780,12,other
_ZN10psSDxavq9U10ANMBYarFoBERK10C8THgaTQxFPhi,0x20278c,248,other
_ZN10psSDxavq9U10XSrzYaV3qzEv,0x202884,928,other
_ZN10psSDxavq9U10_b1AYaNCLAEv,0x202c24,196,other
_ZN10psSDxavq9U10fMeBYag2WAEv,0x202ce8,268,other
_ZN10psSDxavq9U10da7AgaaEQzEv,0x202df4,500,other
_ZN10psSDxavq9U10_h1tSaWHSrERK10C8THgaTQxFS2_S2_,0x202fe8,204,other
_ZN10psSDxavq9U10Y33yga716xEiRK10C8THgaTQxF,0x2030b4,1900,other
_ZN10psSDxavq9U10_MckYa0mCmEv,0x203820,228,other
_ZN10psSDxavq9U10BA2wSawNpuERK10C8THgaTQxFS2_S2_,0x203904,228,other
_ZN10psSDxavq9U10GicwSasYHtERK10C8THgaTQxF,0x2039e8,616,other
_ZN10psSDxavq9U10NVAjYahG5lEv,0x203c50,1572,other
_ZN10psSDxavq9U4readEv,0x204274,312,other
_ZN10psSDxavq9U10VrWDYaaNcDEv,0x2043ac,24,other
_ZN10psSDxavq9U10Sf9Aga1oSzEb,0x2043c4,40,other
_ZN10psSDxavq9U10ze1AgaTELzERK10C8THgaTQxF,0x2043ec,80,other
_ZN10psSDxavq9U10S12AgafaNzERK10C8THgaTQxF,0x20443c,80,other
_ZN10psSDxavq9U10QJ5AgaerPzERK10C8THgaTQxF,0x20448c,72,other
_ZNK10psSDxavq9U10S86dLaeDulEv,0x2044d4,24,other
_ZN10psSDxavq9U10xafqgaAnHqERK10C8THgaTQxFS2_,0x2044ec,172,other
_ZN10ZAuvgaUl6u10sIKqHa0U68ERK10C8THgaTQxF,0x204600,584,other
_ZN10ZAuvgaUl6u10FjFqHahn28ERK10C8THgaTQxF,0x204848,340,other
_ZN20ZAuvgaUl6uPropertiesC1Ev,0x204c5c,156,other
_ZN20ZAuvgaUl6uPropertiesC2Ev,0x204c5c,156,other
_ZN10ZAuvgaUl6u10qFWEHayY2kEv,0x204cf8,100,other
_ZN10ZAuvgaUl6u10zs2GHaFGPmEv,0x204d5c,480,other
_ZN10ZAuvgaUl6u10PiREHavsZkEv,0x204f3c,196,other
_ZN10ZAuvgaUl6u10MaUqHaJSe9Ev,0x205000,212,other
_ZN10ZAuvgaUl6u10jmyFHamwzlEv,0x2050d4,140,other
_ZN10ZAuvgaUl6u10S_sFHaF0ulEv,0x205160,68,other
_ZN10ZAuvgaUl6u10grEGHaCDumEv,0x2051a4,92,other
_ZN10ZAuvgaUl6uC1ERK10C8THgaTQxFS2_iS2_S2_b,0x205200,472,other
_ZN10ZAuvgaUl6uC2ERK10C8THgaTQxFS2_iS2_S2_b,0x205200,472,other
_ZN10ZAuvgaUl6u10S8MEHaeYVkEb,0x205520,76,other
_ZN10ZAuvgaUl6uD1Ev,0x20556c,252,other
_ZN10ZAuvgaUl6uD2Ev,0x20556c,252,other
_ZN10ZAuvgaUl6uD0Ev,0x205668,32,other
_ZN10ZAuvgaUl6u10uNHEHafsRkEv,0x205688,44,other
_ZN10ZAuvgaUl6u10da7AgaaEQzEv,0x2056b4,124,other
_ZN10ZAuvgaUl6u10IFzGHaKCqmEv,0x205730,544,other
_ZN10ZAuvgaUl6u10OtjFHaQ_mlEv,0x205958,2748,other
_ZN10ZAuvgaUl6u4readEv,0x206414,240,other
_ZN10ZAuvgaUl6u10LPjGHaiidmEv,0x206504,48,other
_ZN10ZAuvgaUl6u10xreGHaNL8lERK10C8THgaTQxFRS0_RiS3_Rb,0x206534,596,other
_ZN10ZAuvgaUl6u10o3rGHaydkmERK10C8THgaTQxFb,0x2069e8,476,other
_ZN10ZAuvgaUl6u10i90qHavAl9ERK10C8THgaTQxFS2_jb,0x206bc4,532,other
_ZN10ZAuvgaUl6u10cQ2PgaA_oMERK10C8THgaTQxFS2_b,0x206ed4,876,other
_ZN10ZAuvgaUl6u10OJerHac0w9Ev,0x207240,184,other
_ZN10ZAuvgaUl6u10rk1ugaOJIuERK10C8THgaTQxF,0x2072f8,228,other
_ZN10ZAuvgaUl6u10Kl9qHa2ts9ERK10C8THgaTQxF,0x2073dc,32,other
_ZN10ZAuvgaUl6u10LPjGHaiidmERK10C8THgaTQxF,0x2073fc,44,other
_Z10yFkqHaG_L8v,0x207428,188,other
_ZN10ZAuvgaUl6u10VfWAgaaDGzEv,0x2074e4,116,other
_ZN10ZAuvgaUl6u10DBNGHaolCmEv,0x207558,1684,other
_ZN10ZAuvgaUl6u10ZdIGHasPxmEv,0x207bec,460,other
_ZN10ZAuvgaUl6u10_xWAgaiSGzEv,0x207db8,1168,other
_ZN20ZAuvgaUl6uPropertiesD1Ev,0x208248,28,other
_ZN20ZAuvgaUl6uPropertiesD2Ev,0x208248,28,other
_ZThn16_N20ZAuvgaUl6uPropertiesD1Ev,0x208264,8,other
_ZN20ZAuvgaUl6uPropertiesD0Ev,0x20826c,56,other
_ZThn16_N20ZAuvgaUl6uPropertiesD0Ev,0x2082a4,8,other
_ZN10xiYWfajld110RnDvLaKKdAERK10C8THgaTQxF,0x208484,88,other
_ZN10xiYWfajld110stx4GaoMqRERK10C8THgaTQxF,0x2084dc,604,other
_ZN10xiYWfajld110BnLhIaAtySEv,0x208738,112,other
_ZN10xiYWfajld110mEwWfay4Q0Ev,0x2087a8,76,other
_ZN10xiYWfajld110YDwtLaj4ryEv,0x2087f4,476,other
_ZN10xiYWfajld110aS6uLaeoNzEv,0x2089d0,916,other
_ZN10xiYWfajld110p33cLaz1BkERK10C8THgaTQxFb,0x208d64,172,other
_ZN10xiYWfajld110VA8rLaQQhxERK10C8THgaTQxFbb,0x208e10,144,other
_ZN10xiYWfajld110JI4uLahALzEb,0x208ea0,924,other
_ZN10xiYWfajld110XfUrLacX4wEb,0x20923c,100,other
_ZN10xiYWfajld110cU8hIaX5SSEv,0x2092a0,348,other
_Z10kFhhLast9nv,0x2093fc,140,other
_Z10R2LlLa41Vrv,0x209488,56,other
_ZN10xiYWfajld110JPTsLagAVxEi,0x2094c0,2772,other
_ZN10xiYWfajld110K_DrLargSwEv,0x209fa8,104,other
_ZN10xiYWfajld110cForLaemFwEv,0x20a010,484,other
_ZN10xiYWfajld110iVlvLaT2ZzERK10C8THgaTQxFS2_i,0x20a1f4,788,other
_ZN10XJLBgarMnA10WzoBga0h4zEP10u3cBgayBVz,0x20a6f0,124,other
_ZN10XJLBgarMnA10da7AgaaEQzEv,0x20a76c,124,other
_ZN20XJLBgarMnAPropertiesC1Ev,0x20a7e8,176,other
_ZN20XJLBgarMnAPropertiesC2Ev,0x20a7e8,176,other
_ZN10XJLBgarMnA10j9gLgaw2nIEv,0x20a898,92,other
_ZN10XJLBgarMnAC1ERK10C8THgaTQxF,0x20a8f4,84,other
_ZN10XJLBgarMnAC2ERK10C8THgaTQxF,0x20a8f4,84,other
_Z20XJLBgarMnAE7Bm2aaHDBRK10C8THgaTQxF,0x20a948,48,other
_ZN10XJLBgarMnA6acceptEv,0x20a978,268,other
_ZN10XJLBgarMnAC1Ev,0x20aa84,136,other
_ZN10XJLBgarMnAC2Ev,0x20aa84,136,other
_ZN10XJLBgarMnA10nZIBgaeslAEv,0x20ab0c,152,crypto-like
_ZN10XJLBgarMnAD1Ev,0x20aba4,160,other
_ZN10XJLBgarMnAD2Ev,0x20aba4,160,other
_ZN10XJLBgarMnAD0Ev,0x20ac44,32,other
_ZN10XJLBgarMnA10EQfBga1WXzERK10C8THgaTQxFi,0x20ac64,20,other
_ZN10XJLBgarMnA10ptmBgalw2zEv,0x20ac78,56,other
_ZN10XJLBgarMnA10gLmBgarL2zEv,0x20acb4,104,other
_ZN10XJLBgarMnA10YgoBgaY13zEv,0x20ad3c,60,other
_ZN10XJLBgarMnA7connectERK10C8THgaTQxFi,0x20ad98,596,other
_ZN10XJLBgarMnA10Sf9Aga1oSzEb,0x20aff0,40,other
_ZN10XJLBgarMnA10ze1AgaTELzERK10C8THgaTQxF,0x20b01c,80,other
_ZN10XJLBgarMnA10S12AgafaNzERK10C8THgaTQxF,0x20b070,80,other
_ZN10XJLBgarMnA10QJ5AgaerPzERK10C8THgaTQxF,0x20b0c4,72,other
_ZN10XJLBgarMnA4sendERK10C8THgaTQxF,0x20b110,8,other
_ZN10XJLBgarMnA10cg0AgacQKzERK10C8THgaTQxFS2_i,0x20b11c,152,other
_ZN10XJLBgarMnA5closeEv,0x20b1b8,60,other
_ZN10XJLBgarMnA10xS6AgaBoQzEv,0x20b1f8,468,other
_ZN10XJLBgarMnA4readEv,0x20b3f0,772,other
_Z10CzDAgaHUqzv,0x20b6f4,152,other
_ZN10XJLBgarMnA10PWkBgafe1zEv,0x20b78c,32,other
_ZN10XJLBgarMnA10MXSAgaXQDzEi,0x20b7ac,428,other
_ZN10XJLBgarMnA4bindEib,0x20b958,636,other
_ZN10XJLBgarMnA10VfWAgaaDGzEv,0x20bbd8,68,other
_ZN10XJLBgarMnA10_xWAgaiSGzEv,0x20bc1c,900,other
_ZN20XJLBgarMnAPropertiesD1Ev,0x20bfa0,28,other
_ZN20XJLBgarMnAPropertiesD2Ev,0x20bfa0,28,other
_ZThn16_N20XJLBgarMnAPropertiesD1Ev,0x20bfbc,8,other
_ZN20XJLBgarMnAPropertiesD0Ev,0x20bfc4,56,other
_ZThn16_N20XJLBgarMnAPropertiesD0Ev,0x20bffc,8,other
_Z10Ui191aGI2qv,0x20c008,16,other
_Z10dsmb2ajvasRK10C8THgaTQxF,0x20c20c,344,other
_ZN10u3cBgayBVz10q1msLaOZtxERK10C8THgaTQxFS2_,0x20c370,24,other
_Z10eTta2a2KqrRK10C8THgaTQxFS1_,0x20c388,4,other
_ZN10u3cBgayBVzC1Ev,0x20c38c,120,other
_ZN10u3cBgayBVzC2Ev,0x20c38c,120,other
_ZNK10u3cBgayBVz10nq1pgaTOvqEv,0x20c404,20,other
_ZN10u3cBgayBVz10uRCZ1aIishEv,0x20c418,4,other
_ZN10u3cBgayBVz10jfaZ1ate4gEv,0x20c41c,80,other
_ZN10u3cBgayBVz10InLZ1aBtzhEv,0x20c46c,16,other
_ZNK10u3cBgayBVz10qYcf1arwpFEv,0x20c47c,8,other
_ZNK10u3cBgayBVz10NiLe1azp1EEv,0x20c484,84,other
_ZNK10u3cBgayBVz10rIMe1a_A2EEv,0x20c4d8,120,other
_ZNK10u3cBgayBVz10V3je1a4uFEEv,0x20c550,76,other
_ZN10u3cBgayBVz10WzkZ1a0VchEv,0x20c59c,792,other
_ZN10u3cBgayBVz10KE4tLaWwVyEi,0x20c8b4,44,other
_ZN10u3cBgayBVz11closeSocketEv,0x20c8e0,72,other
_ZN10u3cBgayBVzD1Ev,0x20c928,140,other
_ZN10u3cBgayBVzD2Ev,0x20c928,140,other
_ZN10u3cBgayBVz10tBP_1a80siEib,0x20c9b4,404,other
_ZN10u3cBgayBVz10nwb31aWiilEv,0x20cb48,400,other
_ZN10u3cBgayBVz10n9sqgau8SqERK10C8THgaTQxFi,0x20ccd8,628,other
_ZN10u3cBgayBVz10Sf9Aga1oSzEb,0x20cf4c,36,other
_ZN10u3cBgayBVz10ywcTAa082DEv,0x20cf70,260,other
_ZN10u3cBgayBVz10r7U21aYF3kEv,0x20d074,292,other
_ZN10u3cBgayBVz10QJ5AgaerPzERK10C8THgaTQxF,0x20d198,68,other
_Z10QSA91aUDGqj,0x20d1dc,48,other
_Z10cR191aka3qRK10C8THgaTQxF,0x20d20c,40,other
_ZNK10u3cBgayBVz10YgoBgaY13zEv,0x20d234,36,other
_ZN10u3cBgayBVz10Y33yga716xEPKvi,0x20d258,852,other
_ZN10u3cBgayBVz10NUvb1arsiCEPKviRK10C8THgaTQxFi,0x20d5ac,104,other
_ZN10u3cBgayBVz4readEv,0x20d614,928,other
_Z10wu_Z0aobMrv,0x20d9b4,88,other
_Z10YJ4ayasBWmv,0x20da0c,168,other
_Z10OYaS2aPQb1v,0x20dab4,76,other
_Z10TO_L1aAs_5v,0x20db00,20,other
_Z10mNHZ0adswrRK10C8THgaTQxFS1_i,0x20db14,684,other
_ZN10reub2aL2gsD1Ev,0x20ddc0,20,other
_ZN10reub2aL2gsD2Ev,0x20ddc0,20,other
_ZN10reub2aL2gsD0Ev,0x20ddd4,48,other
_ZN10uK2SHaPVVw10UulXHaGHxAERK10C8THgaTQxF,0x20de04,96,crypto-like
_ZN10uK2SHaPVVw10utRSHaqBLwEv,0x20de64,44,crypto-like
_ZN10uK2SHaPVVw10btKSHa7HFwERK10C8THgaTQxFS2_,0x20de90,316,crypto-like
_ZN10uK2SHaPVVw10WSqXHa_dCAERK10C8THgaTQxF,0x20dfcc,136,crypto-like
_Z10IMaXHaJGoAv,0x20e054,48,other
_ZN10uK2SHaPVVw4loadEv,0x20e084,292,crypto-like
_ZN10uK2SHaPVVw10NZoXHaKDAAEbb,0x20e1a8,336,crypto-like
_ZN10uK2SHaPVVw10S5XSHaIaRwD1Ev,0x20e2f8,64,crypto-like
_ZN10uK2SHaPVVw10S5XSHaIaRwD2Ev,0x20e2f8,64,crypto-like
_ZN10uK2SHaPVVw10S5XSHaIaRwD0Ev,0x20e338,72,crypto-like
_ZN10y3t2LaCUH110UpiB7az6Z_ERK10C8THgaTQxF,0x20e380,20,other
_ZN10y3t2LaCUH110qW4fLaLL8mEv,0x20e394,60,other
_ZN10y3t2LaCUH110rBLjva6EeYERK10C8THgaTQxF,0x20e3d0,220,other
_Z10LG6O2aDeCZv,0x20e4ac,48,other
_Z10ZdoB2ay_3Nv,0x20e4dc,4,other
_Z10E3UikbICwHv,0x20e4e0,12,other
_Z10Tqmikbou3Gv,0x20e4ec,12,other
_Z10LK7hkb_7RGv,0x20e4f8,40,other
_Z10AHcikboiWGhRK10C8THgaTQxF,0x20e520,132,other
_Z10OLphkbZhgGP10vy1JgaKVkH,0x20e5a4,112,other
_Z10d5ahkbYW3Fv,0x20e614,144,other
_Z10aJiy_azmteiRK10C8THgaTQxF,0x20e6a4,132,other
_Z10A0fhkbd57Fv,0x20e728,144,other
_Z10J0azkbmTcVv,0x20e7b8,196,other
_Z10zDJzkbV_FVv,0x20e87c,48,other
_Z10Wh1ykbSH4Uv,0x20e8ac,144,other
_Z10wlXykbJx0Uv,0x20e93c,24,other
_Z10KpzP2app_Zv,0x20e954,136,other
_Z10syQC_aHPhiv,0x20e9dc,184,other
_Z10aC0C_aG7qiv,0x20ea94,40,other
_ZN10Uk7XgagNbTD1Ev,0x20eb80,64,other
_ZN10Uk7XgagNbTD2Ev,0x20eb80,64,other
_ZN10Uk7XgagNbTD0Ev,0x20ebc0,72,other
_Z10Lp4mSakk1lv,0x20edb0,124,other
_ZN10RH6ygazf9xD1Ev,0x20ef60,236,other
_ZN10RH6ygazf9xD2Ev,0x20ef60,236,other
_ZN10RH6ygazf9xD0Ev,0x20f04c,32,other
_Z10_yMA_aetygRK10C8THgaTQxF,0x20f0e4,212,other
_Z10jv8XYa1LcUv,0x20f1b8,576,other
_Z10PPxXSam4HQRK10C8THgaTQxF,0x20f3f8,236,other
_Z10e3y_Sao6eTRK10C8THgaTQxF,0x20f4e4,260,other
_Z10k1gxobOWBfRK10C8THgaTQxF,0x20f5e8,260,other
_ZN20RH6ygazf9xPropertiesC1Ev,0x20f6ec,176,other
_ZN20RH6ygazf9xPropertiesC2Ev,0x20f6ec,176,other
_ZN10RH6ygazf9xC1EPS_,0x20f79c,512,other
_ZN10RH6ygazf9xC2EPS_,0x20f79c,512,other
_ZN10RH6ygazf9x10mP6ygaUl9xEb,0x20f99c,372,other
_ZN10RH6ygazf9x10p9OuobCExdEv,0x20fb20,76,other
_ZN10RH6ygazf9x10gBYEva1A4eERK10C8THgaTQxF,0x20fb6c,400,other
_Z10sj2klb4yjzRK10C8THgaTQxF,0x20fcfc,72,other
_ZN10RH6ygazf9x10d8oxobALIfERK10C8THgaTQxF,0x20fd44,196,other
_Z10JTgP2aDPKZv,0x20fe08,160,other
_Z10aJyB2azPcOv,0x20fea8,68,other
_ZN10RH6ygazf9x10JlvxobWZNfEv,0x20feec,324,other
_Z10thaoSapgXmP10RH6ygazf9xRK10C8THgaTQxFb,0x210038,316,other
_ZN10RH6ygazf9x4loadEv,0x210174,2012,other
_Z10by20SakLuURK10C8THgaTQxF,0x210958,256,other
_ZN10RH6ygazf9x10ufTmSaK5RlEv,0x210a94,308,other
_ZN10RH6ygazf9x10TrDxob8NUfEv,0x210bc8,236,other
_ZN20RH6ygazf9xPropertiesD1Ev,0x210cb8,28,other
_ZN20RH6ygazf9xPropertiesD2Ev,0x210cb8,28,other
_ZThn16_N20RH6ygazf9xPropertiesD1Ev,0x210cd4,8,other
_ZN20RH6ygazf9xPropertiesD0Ev,0x210cdc,56,other
_ZThn16_N20RH6ygazf9xPropertiesD0Ev,0x210d14,8,other
_ZN10u3cBgayBVz10yTymkbsYAKEv,0x210d1c,168,other
_Z10HWyrga7_Nrv,0x2130b0,20,other
_ZN10giqpgaXJ_p10LlopgaY5YpEv,0x2131cc,76,other
_ZN10giqpgaXJ_p10mgCpgamO9pEv,0x213218,124,other
_ZN10giqpgaXJ_p10tfvpgaJU3pEv,0x2132a0,124,other
_ZN10giqpgaXJ_p10iJypgaNP6pEi,0x213328,56,other
_ZN10giqpgaXJ_p10a67ogaLqLpEi,0x213360,104,other
_ZN10giqpgaXJ_p10nn9ogamvMpEi,0x2133d0,104,other
_ZN10giqpgaXJ_pD1Ev,0x213440,20,other
_ZN10giqpgaXJ_pD2Ev,0x213440,20,other
_ZN10giqpgaXJ_p10Ym2oga0BGpEi,0x213454,156,other
_ZN10giqpgaXJ_p10B8wpgaSu5pEv,0x2134f0,168,other
_ZN10giqpgaXJ_pD0Ev,0x213598,48,other
_ZN10G0gxgajWBw10zYM_faGOq4Ev,0x21364c,24,other
_ZN10G0gxgajWBw10rVjVga1mQQERK10C8THgaTQxF,0x213664,96,other
_ZN10G0gxgajWBw10rVjVga1mQQE10RiQ7IaxCcA,0x2136c4,100,other
_ZN10G0gxgajWBw10J89mga585nEi,0x213824,140,other
_ZN10G0gxgajWBw10PWkBgafe1zEv,0x213a54,312,other
_ZN10G0gxgajWBw10I75gMaeM_dEv,0x213b8c,20,other
_ZN10G0gxgajWBw10fZngMa6ModEP10KKhLga4xoI,0x213ba0,148,other
_ZN10G0gxgajWBw10Zl6EMabYbyEP10vy1JgaKVkH,0x213c34,80,other
_ZN10G0gxgajWBw10_xWAgaiSGzEv,0x213c84,16,other
_Z10DBp3Mai9tTPKvS0_,0x213c94,200,other
_ZN10G0gxgajWBw10Gd3lMafkaiEb,0x213d5c,28,other
_ZN10G0gxgajWBw10qZtgManQtdEjRK10CanTfaz6bZPPS_,0x213d78,192,other
_ZN10G0gxgajWBw10VfWAgaaDGzEv,0x213e38,116,other
_ZN10G0gxgajWBw10qZtgManQtdERK10CanTfaz6bZPPS_,0x213eac,200,other
_ZN10G0gxgajWBw10FbVnMayJJjEv,0x213f74,112,other
_ZN20G0gxgajWBwPropertiesC1Ev,0x213fe4,176,other
_ZN20G0gxgajWBwPropertiesC2Ev,0x213fe4,176,other
_ZN10G0gxgajWBwC1ERK10CanTfaz6bZ,0x214094,144,other
_ZN10G0gxgajWBwC2ERK10CanTfaz6bZ,0x214094,144,other
_ZN10G0gxgajWBw10HHw5Mav7fVERK10CanTfaz6bZ,0x214124,128,other
_ZN10G0gxgajWBw10nqc9LaT3l7Ev,0x2141a4,64,other
_ZN10G0gxgajWBw10bl3gMauqYdEv,0x214204,124,other
_ZN10G0gxgajWBw10EecTfa3U2YEPS_,0x214280,188,other
_ZN10G0gxgajWBw10jqmngaPtgoEv,0x21433c,260,other
_ZN10G0gxgajWBw10yDABga_qeAEPS_,0x214444,132,other
_ZN10G0gxgajWBw10eK_EMazo6xEPS_,0x2144c8,88,other
_ZN10G0gxgajWBw10w6jsMacxrnEbbb,0x214520,532,other
_ZN10G0gxgajWBw10zLOVfaKjf0Ev,0x214884,80,other
_ZN10G0gxgajWBw10yYChMazoreEv,0x21490c,220,other
_ZN10G0gxgajWBw10NIyWfarPS0ERK10C8THgaTQxF,0x2149e8,44,other
_ZN10G0gxgajWBw10fssWfaryN0ERK10C8THgaTQxF,0x214a4c,40,other
_Z10_jfDMawvDwPKcSt9__va_list,0x214a78,1252,other
_ZN10G0gxgajWBw10uLjcMaFeZ9EdRK10C8THgaTQxFPS_,0x214f5c,88,other
_ZN10G0gxgajWBw10hH2bMa5SK9ERK10C8THgaTQxF,0x214fc4,16,other
_ZN10G0gxgajWBw10XzgcMa1yW9Ev,0x214fd8,16,other
_ZN10G0gxgajWBw10lhv_fahWb4ERK10C8THgaTQxF,0x214fec,40,other
_ZN10G0gxgajWBw10lhv_fahWb4EP10zW2NgaU4IK,0x215014,40,other
_ZN10G0gxgajWBw10ctWGMa8NJzEv,0x21503c,16,other
_ZN10G0gxgajWBw10K31GMaUlPzEv,0x21504c,40,other
_ZN10G0gxgajWBw10PADGMaKVtzERK10C8THgaTQxFPS_,0x215074,88,other
_ZN10G0gxgajWBw10PADGMaKVtzERK10C8THgaTQxFS2_,0x2150cc,124,other
_ZN10G0gxgajWBw10SkGGMakewzERK10C8THgaTQxFPKcz,0x215148,328,other
_ZN10G0gxgajWBw10FDFHMa6DlAE10RiQ7IaxCcA,0x215290,20,other
_ZN10G0gxgajWBw10nBwpMa214kEv,0x2152a4,20,other
_ZN10G0gxgajWBw10CodpMarTPkEd,0x2152bc,68,other
_ZN10G0gxgajWBw10AGqGMay3izEv,0x21530c,24,other
_ZN10G0gxgajWBw10vfOeMaLT3bEb,0x215324,76,other
_ZN10G0gxgajWBw10wCKpMa1PglEv,0x215378,24,other
_ZN10G0gxgajWBw10GXtpMaRO2kEb,0x215394,20,other
_ZN10G0gxgajWBw10QKRlMaaQ_hEv,0x2153ac,24,other
_ZN10G0gxgajWBw10QgrlMaWyEhEi,0x2153c8,52,other
_ZN10G0gxgajWBw10Qf4pga_byqEv,0x215400,160,other
_ZN10G0gxgajWBw10vTuiMapBafEv,0x2154a0,64,other
_ZN10G0gxgajWBw10gi98La2qj7ERK10C8THgaTQxFj,0x2154e0,380,other
_ZN10G0gxgajWBw10eGW8LacZ76ERK10C8THgaTQxFj,0x215660,324,other
_ZN10G0gxgajWBw10xJkbMaW288ERK10C8THgaTQxF,0x2157a8,312,other
_ZN10G0gxgajWBw10HdbMMaa38DERK10C8THgaTQxFd,0x2158e4,272,other
_ZN10G0gxgajWBw10yKnMMaNAjEERK10C8THgaTQxF,0x2159f4,240,other
_ZN10G0gxgajWBw10z4AoMazOikEPS_,0x215ae4,168,other
_ZN10G0gxgajWBw10VeIqMaeQ4lEiPS_,0x215b90,164,other
_ZN10G0gxgajWBw10PUcuMatt1oEPS_,0x215c38,344,other
_ZN10G0gxgajWBw10zjRtMabtJoEv,0x215d90,176,other
_ZN10G0gxgajWBw10tpNgMa2aKdEv,0x215e40,16,other
_ZN10G0gxgajWBw10nNGgMaeCEdEv,0x215e50,132,other
_ZN10G0gxgajWBw10Pw_gMahdVdEv,0x215ed4,64,other
_ZN10G0gxgajWBw10KXhiMa0I_eEv,0x215f14,76,other
_ZN10G0gxgajWBwD1Ev,0x215f60,216,other
_ZN10G0gxgajWBwD2Ev,0x215f60,216,other
_ZN10G0gxgajWBwD0Ev,0x216038,32,other
_ZN10G0gxgajWBw10JGEjIaHQ8TEd,0x216068,168,other
_ZN10G0gxgajWBw10IS1sMaMb2nEid,0x216110,100,other
_ZN10G0gxgajWBw10VBZsMaAr_nEiRK10C8THgaTQxF,0x216174,156,other
_ZN10G0gxgajWBw10F2BxMaZCTrEiPS_,0x216210,112,other
_ZN10G0gxgajWBw10EtbngaAg7nEi,0x216280,164,other
_ZN10G0gxgajWBw10yj7DMaaMmxEv,0x216324,44,other
_ZN10G0gxgajWBw10pjSNGaWizCERK10C8THgaTQxFPKcz,0x216350,260,other
_ZN10G0gxgajWBw10JGPAHaB5AhERK10C8THgaTQxF,0x216454,192,other
_ZN10G0gxgajWBw10MFApgaUs8pEi,0x216514,68,other
_ZN10G0gxgajWBw10wu6lMao4ciEv,0x216558,516,other
_ZN10G0gxgajWBw10VkenganG9nEv,0x2167f4,316,other
_ZN10G0gxgajWBw10LfDmgaVDEnEv,0x216938,48,other
_ZN10G0gxgajWBw10c_H_fa_Cm4ERK10C8THgaTQxF,0x216968,112,other
_ZN10G0gxgajWBw10BRcLgaJqkIERK10C8THgaTQxF,0x2169d8,68,other
_ZN10G0gxgajWBw10BRcLgaJqkIERK10C8THgaTQxFPS_,0x216a1c,72,other
_ZN10G0gxgajWBw10BRcLgaJqkIEiPPKc,0x216c1c,316,other
_ZN10G0gxgajWBw10BRcLgaJqkIERK10C8THgaTQxFPKcz,0x216d58,296,other
_ZN10G0gxgajWBw10rVjVga1mQQERK10C8THgaTQxFS2_PS_,0x216e80,108,other
_ZN10G0gxgajWBw10rVjVga1mQQERK10C8THgaTQxF10RiQ7IaxCcAPS_,0x216eec,172,other
_ZN10G0gxgajWBw10td7uMa2GNpERK10C8THgaTQxF,0x216f98,512,other
_ZN10G0gxgajWBw10Z1jrMamtBmERK10C8THgaTQxF,0x217198,224,other
_ZN10G0gxgajWBw10VtHbMaXbs9Eb,0x21727c,440,other
_ZN10G0gxgajWBw10y55fMaiK9cERK10C8THgaTQxFS2_b,0x217444,780,other
_ZN10G0gxgajWBw10VVjmgapnonEP10vuuHgangcFRK10C8THgaTQxF,0x217754,552,other
_ZN10G0gxgajWBw10sbidMalVNaEv,0x21797c,852,other
_ZN10G0gxgajWBw10pfzdMaFg1aERK10C8THgaTQxFj,0x217d2c,156,other
_ZN10G0gxgajWBw10yrNtMaOcGoEv,0x217dcc,184,other
_ZN10G0gxgajWBw10c7E_faDck4Ei,0x217e84,68,other
_ZN10G0gxgajWBw10BtS9LaxrV7ERK10C8THgaTQxFS2_b,0x217ec8,316,other
_ZN10G0gxgajWBw10v18tMaTcZoERK10C8THgaTQxF,0x21805c,216,other
_ZN10G0gxgajWBw10oRlmgaC_pnERK10C8THgaTQxF,0x218134,820,other
_ZN10G0gxgajWBw10gVHMMaRyAEERK10C8THgaTQxFS2_,0x218468,240,other
_ZN10G0gxgajWBw10gVHMMaRyAEERK10C8THgaTQxF,0x218558,228,other
_ZN10G0gxgajWBw10wmLaMazsF8ERK10C8THgaTQxF,0x21863c,380,other
_ZN10G0gxgajWBw10YyvaMa69r8EP10vuuHgangcF,0x2187bc,180,other
_ZN10G0gxgajWBw11writeToFileERK10C8THgaTQxFS2_jbbi,0x218954,456,other
_ZN10G0gxgajWBw10sV3ZfaXUP3Ed,0x218b94,176,other
_ZN10G0gxgajWBw10w6q9Ga6pyVERK10CanTfaz6bZ,0x218c50,164,other
_ZN10G0gxgajWBw10lJVsMaKaXnEPS_,0x218cf4,124,other
_ZN10G0gxgajWBw10MSgsMaQOonERK10C8THgaTQxF,0x218d70,200,other
_ZN10G0gxgajWBw10LlNnga37CoEiPS_,0x218e3c,184,other
_ZN10G0gxgajWBw10OEwsMa54BnEPS_,0x219050,1404,other
_ZN10G0gxgajWBw10r59DMah6oxEPS_,0x2195d0,436,other
_ZN10G0gxgajWBw5cloneEv,0x219784,68,other
_ZN10G0gxgajWBw10Cu3DMaoyjxEPS_,0x2197c8,432,other
_ZN10G0gxgajWBw10UzIaMaT6C8ERK10C8THgaTQxFb,0x219c9c,560,other
_ZN10G0gxgajWBw10E3ArMaINPmEv,0x219ed0,1912,other
_ZN10G0gxgajWBw10KerMMa3wmEEP10vuuHgangcF,0x21a64c,484,other
_ZN10G0gxgajWBw10yH7aMag5Y8ERK10C8THgaTQxF,0x21a830,316,other
_ZN10G0gxgajWBw10krOlgaG2XmEid,0x21a970,156,other
_ZN10G0gxgajWBw10E453HaEJ3GEiRK10CanTfaz6bZ,0x21aa0c,164,other
_ZN10G0gxgajWBw10M4msgaG1tsEiPS_,0x21aab0,164,other
_Z10S4hxMaMPCrv,0x21ab54,68,other
_ZN10G0gxgajWBw10m6pngaXzjoERK10CanTfaz6bZ,0x21ab98,540,other
_ZN20G0gxgajWBwPropertiesD1Ev,0x21adb4,28,other
_ZN20G0gxgajWBwPropertiesD2Ev,0x21adb4,28,other
_ZThn16_N20G0gxgajWBwPropertiesD1Ev,0x21add0,8,other
_ZN20G0gxgajWBwPropertiesD0Ev,0x21add8,56,other
_ZThn16_N20G0gxgajWBwPropertiesD0Ev,0x21ae10,8,other
_ZN10DzJhMaIXweD1Ev,0x21ae18,20,other
_ZN10DzJhMaIXweD2Ev,0x21ae18,20,other
_ZN10DzJhMaIXweD0Ev,0x21ae2c,48,other
_ZN10G0gxgajWBw10eU79LaTf87ERK10C8THgaTQxFb,0x21ae5c,1160,other
_ZN10zW2NgaU4IK10XmPXfa5PW1Ev,0x21b324,136,other
_ZN10PRPTfaXeAZC1Eh,0x21b3ac,20,other
_ZN10PRPTfaXeAZC2Eh,0x21b3ac,20,other
_ZN10PRPTfaXeAZC1Ehd,0x21b3c0,16,other
_ZN10PRPTfaXeAZC2Ehd,0x21b3c0,16,other
_ZN10PRPTfaXeAZC1EhRK10CanTfaz6bZ,0x21b3d0,52,other
_ZN10PRPTfaXeAZC2EhRK10CanTfaz6bZ,0x21b3d0,52,other
_ZN20AICTfaebpZPropertiesC1Ev,0x21b404,140,other
_ZN20AICTfaebpZPropertiesC2Ev,0x21b404,140,other
_ZN10AICTfaebpZC1EP10zW2NgaU4IKRK10C8THgaTQxFii,0x21b490,216,other
_ZN10AICTfaebpZC2EP10zW2NgaU4IKRK10C8THgaTQxFii,0x21b490,216,other
_ZN10AICTfaebpZ10XWgTfahS6YEv,0x21b568,144,other
_ZN10AICTfaebpZ10h2dTfavq4YEP10l8eTfaIl5Y,0x21b5f8,76,other
_ZN10AICTfaebpZ10Yw3SfaqAWYEv,0x21b644,124,other
_ZN10AICTfaebpZD1Ev,0x21b6c0,72,other
_ZN10AICTfaebpZD2Ev,0x21b6c0,72,other
_ZN10AICTfaebpZD0Ev,0x21b708,32,other
_ZN10zW2NgaU4IKC1ERK10C8THgaTQxF,0x21b728,508,other
_ZN10zW2NgaU4IKC2ERK10C8THgaTQxF,0x21b728,508,other
_ZN10zW2NgaU4IK5clearEv,0x21b924,240,other
_ZN10zW2NgaU4IK5resetEv,0x21ba14,60,other
_ZN10zW2NgaU4IK10Yw3SfaqAWYEv,0x21ba50,76,other
_ZN10zW2NgaU4IK10Dy0WfaM4f1EP10G0gxgajWBw,0x21ba9c,16,other
_ZN10zW2NgaU4IK10GBVWfal4a1EP10G0gxgajWBw,0x21baac,80,other
_ZN10zW2NgaU4IK10NIyWfarPS0EPS_,0x21bafc,116,other
_ZN10zW2NgaU4IK10fssWfaryN0EPS_,0x21bb70,84,other
_ZN10zW2NgaU4IK10X1lSfak9kYEv,0x21bbc4,116,other
_ZN10zW2NgaU4IKD1Ev,0x21bc38,196,other
_ZN10zW2NgaU4IKD2Ev,0x21bc38,196,other
_ZN10zW2NgaU4IKD0Ev,0x21bcfc,32,other
_ZN10zW2NgaU4IK10lWtWfaGNO0ERK10C8THgaTQxFS2_i,0x21bd1c,460,other
_ZN10zW2NgaU4IK10oteOgakNSKERK10C8THgaTQxFii,0x21bee8,500,other
_ZN10zW2NgaU4IK10EpeWfajKB0ERK10C8THgaTQxF,0x21c0dc,564,other
_ZN10zW2NgaU4IK10KWpWfaarL0ERK10C8THgaTQxF,0x21c310,336,other
_ZN10zW2NgaU4IK10iYjWfappG0EP10vy1JgaKVkHRK10C8THgaTQxF,0x21c460,380,other
_ZN10zW2NgaU4IK10QQ5Vfadxu0EP10G0gxgajWBw,0x21c5dc,380,other
_ZN10zW2NgaU4IK10WKUVfagmk0EP10G0gxgajWBw,0x21c758,496,other
_ZN10zW2NgaU4IK10yNYVfajLn0Ev,0x21c948,76,other
_ZN10zW2NgaU4IK10WCAVfaxq3_Ev,0x21c994,116,other
_ZN10zW2NgaU4IK10poCVfa8U4_ERK10C8THgaTQxFdd,0x21ca08,304,other
_ZN10zW2NgaU4IK10AoxZfajIn3Ev,0x21cb38,216,other
_ZN10zW2NgaU4IK10ejpZfaRUg3Ev,0x21cc10,896,other
_ZN10zW2NgaU4IK10NmvZfaW_l3Ev,0x21cf90,40,other
_ZN10zW2NgaU4IK10pKjZfaKdc3ERK10C8THgaTQxF,0x21cfb8,2400,other
_ZN10zW2NgaU4IK10IXGXfaTKP1ERK10C8THgaTQxF,0x21d918,12,other
_ZN10zW2NgaU4IK10CoVXfalU01ERK10C8THgaTQxF,0x21d924,252,other
_ZN10zW2NgaU4IK10wvN0faegh5Ev,0x21da20,116,other
_ZN10zW2NgaU4IK10fjZ0faMbr5EP10G0gxgajWBw,0x21da94,212,other
_ZN10zW2NgaU4IK10pH_0fadms5EiRK10C8THgaTQxFj,0x21db68,632,other
_ZN10zW2NgaU4IK10rjF0faYma5EiRK10C8THgaTQxFj,0x21dde0,536,other
_Z10AlE0faNy94v,0x21dff8,48,other
_Z10QSc0faUrN4v,0x21e028,48,other
_ZN10zW2NgaU4IK10JkKVfa5Ab0EP10vuuHgangcFRK10C8THgaTQxF,0x21e058,1176,other
_ZN20AICTfaebpZPropertiesD1Ev,0x21e4f8,28,other
_ZN20AICTfaebpZPropertiesD2Ev,0x21e4f8,28,other
_ZThn16_N20AICTfaebpZPropertiesD1Ev,0x21e514,8,other
_ZN20AICTfaebpZPropertiesD0Ev,0x21e51c,56,other
_ZThn16_N20AICTfaebpZPropertiesD0Ev,0x21e554,8,other
_ZN10hYSWfaoR80D1Ev,0x21e55c,20,other
_ZN10hYSWfaoR80D2Ev,0x21e55c,20,other
_ZN10hYSWfaoR80D0Ev,0x21e570,48,other
_ZN10__dSfaNoeYD1Ev,0x21e5a0,56,other
_ZN10__dSfaNoeYD2Ev,0x21e5a0,56,other
_ZN10__dSfaNoeYD0Ev,0x21e5d8,64,other
_ZN10D6TlgajP1m10nYwjIaul2TERK10C8THgaTQxF,0x21e618,72,other
_ZN10D6TlgajP1m10ZHqjIaH4XTEv,0x21e660,152,other
_ZN10D6TlgajP1m10UlzjIa6l4TEv,0x21e6f8,80,other
_ZN10D6TlgajP1m4initEv,0x21e748,96,other
_ZN10D6TlgajP1m5clearEv,0x21e7a8,160,other
_ZN10D6TlgajP1m10_ymjIa8AUTEv,0x21e848,116,other
_ZN10D6TlgajP1m10BPMlga2GWmEb,0x21e8bc,176,other
_ZN10D6TlgajP1m10FJplga9fDmEPK10vy1JgaKVkHb,0x21e96c,128,other
_ZN10D6TlgajP1m10I4logaIb6oEPK10vuuHgangcFb,0x21e9ec,180,other
_ZN10D6TlgajP1m10M203Ha_u_GERK10C8THgaTQxFb,0x21eaa0,228,other
_ZN10D6TlgajP1m10fvw3HaSXzGEP10G0gxgajWBwb,0x21eb84,144,other
_ZN10D6TlgajP1m10aWO3HavsPGEP10G0gxgajWBw,0x21ec14,188,other
_ZN10D6TlgajP1m10R8CcIadyeOEP10G0gxgajWBw,0x21ecd0,64,other
_Z10lke3HaOFkGv,0x21ed10,1872,other
_ZN10ToQnQaIHFGC1Ev,0x21f5b8,40,other
_ZN10ToQnQaIHFGC2Ev,0x21f5b8,40,other
_ZN10ToQnQaIHFG5resetEv,0x21f5e0,36,other
_ZN10ToQnQaIHFG10OEwsMa54BnEPS_,0x21f604,152,other
_ZN10ToQnQaIHFG10biVtPaYOMVEP10G0gxgajWBw,0x21f69c,232,other
_ZN10ToQnQaIHFG10Lb8tPayvYVEP10G0gxgajWBw,0x21f784,152,other
_ZN10ToQnQaIHFG10W5ytPaM8tVEP10cWWYfaxbT2P10G0gxgajWBw,0x21f81c,264,other
_ZN20l8eTfaIl5YPropertiesC1Ev,0x21f924,156,other
_ZN20l8eTfaIl5YPropertiesC2Ev,0x21f924,156,other
_ZN10l8eTfaIl5YC1ERK10CanTfaz6bZ,0x21f9c0,260,other
_ZN10l8eTfaIl5YC2ERK10CanTfaz6bZ,0x21f9c0,260,other
_ZN10l8eTfaIl5Y5clearEv,0x21fac4,116,other
_ZN10l8eTfaIl5Y10yKiTfaTn8YEv,0x21fb38,284,other
_ZN10yVOJMa8r9BC1Ev,0x21fc54,256,other
_ZN10yVOJMa8r9BC2Ev,0x21fc54,256,other
_ZN10mTAogaaEip10AIMAPa8Ay0Ev,0x21fd54,184,other
_ZN10mTAogaaEip10SeLnPabmBQEib,0x21fe0c,176,other
_ZN10mTAogaaEip10yC0jPa37rNEv,0x21febc,188,other
_ZN10mTAogaaEipD1Ev,0x21ff78,332,other
_ZN10mTAogaaEipD2Ev,0x21ff78,332,other
_ZN10mTAogaaEip10KmtlPaNjGOEv,0x2200c4,140,other
_ZN10mTAogaaEipC1Ev,0x220150,340,other
_ZN10mTAogaaEipC2Ev,0x220150,340,other
_ZN10mTAogaaEip10RGsmPaPKvPEP10G0gxgajWBwRK10C8THgaTQxFPS_,0x2202a4,88,other
_ZN10mTAogaaEip10vlUlPaO01OEv,0x2202fc,8,other
_ZN10mTAogaaEip10XiRpPaJsmSEP10G0gxgajWBwP10vy1JgaKVkH,0x220304,264,other
_ZN10mTAogaaEip10lGWhMajZHeEP10G0gxgajWBw,0x22040c,440,other
_ZN10mTAogaaEip10xxpwPaW5SXEP10G0gxgajWBwRK10CanTfaz6bZPP10cWWYfaxbT2PS1_b,0x2205c4,3392,other
_ZN10ToQnQaIHFG10hWvtPaItrVEP10mTAogaaEipb,0x221304,164,other
_ZN10ToQnQaIHFG10M1htPa9MfVEP10mTAogaaEip,0x2213a8,116,other
_ZN10ToQnQaIHFG10SSVxPaQi9YEP10mTAogaaEipb,0x22141c,192,other
_ZN10ToQnQaIHFG10HGSxPazC6YEP10mTAogaaEipb,0x2214dc,328,other
_ZN10ToQnQaIHFG10GAixPaBfDYEP10mTAogaaEipb,0x221630,344,other
_ZN10ToQnQaIHFG10PofxPaEzAYEP10mTAogaaEipb,0x221788,24,other
_ZN10ToQnQaIHFG10N6CwPanw3XEP10mTAogaaEip,0x2217a0,196,other
_ZN10ToQnQaIHFG10jI2vPaYTzXEP10mTAogaaEip,0x221864,196,other
_ZN10mTAogaaEip10xxpwPaW5SXEP10G0gxgajWBwRK10C8THgaTQxFPP10cWWYfaxbT2PS1_b,0x221928,112,other
_ZN10mTAogaaEip10FZzOPaCT9bEP10cWWYfaxbT2P10G0gxgajWBwPS3_,0x221998,180,other
_ZN10mTAogaaEip10CKUNPaXlBbEv,0x221a4c,276,other
_ZN10mTAogaaEip10QDHNPahkqbEv,0x221b60,184,other
_Z10E1kNPa7i7aP10G0gxgajWBwi,0x221c20,280,other
_ZN10mTAogaaEip10m7ERPaTcLeEv,0x221d38,112,other
_ZN10mTAogaaEip10tjsRPa5qAeEv,0x221db0,320,other
_ZN10mTAogaaEip6assignEv,0x221ef8,664,other
_ZN10mTAogaaEip10tyPQPaCZ2dEd,0x222190,136,other
_ZN10mTAogaaEip7compareEv,0x222218,700,other
_ZN10mTAogaaEip10Z9kTPa5pagEd,0x2224e0,288,other
_ZN10mTAogaaEip10vHLSPajKGfEv,0x222608,796,other
_ZN10mTAogaaEip10F2qFPaZmt4ERK10C8THgaTQxFi,0x222924,1200,other
_ZN10mTAogaaEip10icnYOaW7ouEP10G0gxgajWBwRK10CanTfaz6bZPvcPKci,0x222dd4,3412,other
_ZN10mTAogaaEip10QaxNJaNwh8EP10G0gxgajWBwRK10C8THgaTQxFd,0x223b30,60,other
_ZN10mTAogaaEip10hx8JOaGNqiEi,0x223b6c,388,other
_ZN10mTAogaaEip10rGDNOaj_mlEv,0x223cf0,496,other
_ZN10mTAogaaEip10_HfqPaIPHSEv,0x223ee0,444,other
_ZN10mTAogaaEip10QgaLgaQfiIEv,0x22409c,460,other
_ZN10mTAogaaEip10gf0MOawPQkEv,0x224270,336,other
_ZN10mTAogaaEip10vb4MOai8TkEv,0x2243c8,396,other
_ZN10mTAogaaEip10PmFMOaYpykEv,0x224560,368,other
_ZN10mTAogaaEip10EroMOaUakkEv,0x2246d8,388,other
_ZN10mTAogaaEip10LFsMOaTJnkEv,0x224868,636,other
_ZN10mTAogaaEip10nVJygaSeQxEv,0x224af0,212,other
_ZN10mTAogaaEip10iW1LOaDe1jEv,0x224bd0,264,other
_ZN10mTAogaaEip10ZdNLOay1OjEv,0x224cd8,148,other
_ZN10mTAogaaEip10LRQLOaT4RjEv,0x224d78,256,other
_ZN10mTAogaaEip10DVzLOadQDjEv,0x224e78,556,other
_ZN10mTAogaaEip10Fr9POaVyunEv,0x2250b0,332,other
_ZN10mTAogaaEip10wscQOaI5wnEv,0x225208,84,other
_ZN10mTAogaaEip10JtTLgaLhUIEv,0x22525c,344,other
_ZN10mTAogaaEip10FKXPOaUSjnEv,0x2253b4,580,other
_ZN10mTAogaaEip10FVxPOaf9YmEv,0x225600,388,other
_ZN10mTAogaaEip10PP8NOam2NlEv,0x225784,120,other
_ZN10mTAogaaEip10tSmOOarRZlEi,0x2257fc,84,other
_ZN10mTAogaaEip10B8wpgaSu5pEP10OV5NOaoBLl,0x225850,228,other
_ZN10mTAogaaEip10Ym2oga0BGpEiP10OV5NOaoBLl,0x225934,104,other
_ZN10mTAogaaEip10CeRaPa1oKFEv,0x22599c,460,other
_ZN10mTAogaaEip10wPOzHaYmKgEv,0x225b68,152,other
_ZN10mTAogaaEip10pK2aPaEVUFERK10C8THgaTQxFPP10G0gxgajWBwPS0_,0x225c00,492,other
_ZN10mTAogaaEip10fljLOayTpjEv,0x225dec,184,other
_ZN10mTAogaaEip10hLCogasdkpERK10C8THgaTQxFb,0x225ea4,856,other
_ZN10mTAogaaEip10Q80oPa6zFREv,0x2261fc,168,other
_ZN10mTAogaaEip10HvBoPapajREv,0x2262a4,168,other
_ZN10mTAogaaEip10O_koPavh5QEv,0x22634c,148,other
_ZN10mTAogaaEip10AoZdPajgnIEP10AICTfaebpZi,0x2263e0,632,other
_ZN10mTAogaaEip10E9HKOaLLUiEv,0x226658,44,other
_ZN10mTAogaaEip10_PuzZarytpEv,0x226684,1340,other
_ZN10mTAogaaEip10ytQVPauLgiEv,0x226bc0,72,other
_ZN10mTAogaaEip10_hwWPaWMQiEP10AICTfaebpZi,0x226c08,416,other
_ZN10mTAogaaEip10KcycPanoaHEv,0x226da8,228,other
_ZN10mTAogaaEip10g161OaEwoyEv,0x226e8c,40,other
_ZN10mTAogaaEip10mDp0OaIaYwEP10zW2NgaU4IK,0x226eb4,332,other
_ZN10mTAogaaEip10dbdqPa6HFSEv,0x227000,132,other
_ZN10mTAogaaEip10PLsqPaUOSSERK10C8THgaTQxFS2_d,0x227084,596,other
_ZN10mTAogaaEip10Q2ooPa9G8QEv,0x2272d8,116,other
_ZN10mTAogaaEip10Spk2OaxNzyEP10AICTfaebpZ,0x22734c,148,other
_ZN10mTAogaaEip10bK31OaqLlyEP10G0gxgajWBw,0x2273e0,136,other
_ZN10mTAogaaEip10Bou6Oaqb4BEP10G0gxgajWBw,0x227468,64,other
_ZN10mTAogaaEip10bPEZSaDXtSERK10C8THgaTQxFb,0x2274a8,728,other
_Z10DgaM1aDf85v,0x227780,48,other
_ZN10l8eTfaIl5YD1Ev,0x2277b0,88,other
_ZN10l8eTfaIl5YD2Ev,0x2277b0,88,other
_ZN10l8eTfaIl5YD0Ev,0x227808,32,other
_ZN10yVOJMa8r9BD1Ev,0x227828,500,other
_ZN10yVOJMa8r9BD2Ev,0x227828,500,other
_ZN10mTAogaaEip8setStateEP10yVOJMa8r9B,0x227a1c,612,other
_ZN10mTAogaaEip10_hwWPaWMQiEP10G0gxgajWBwP10AICTfaebpZi,0x227c80,1252,other
_ZN10mTAogaaEip10i9OHOapEtgER10C8THgaTQxF,0x228164,1936,other
_ZN10mTAogaaEip10moJOOa5NhmEv,0x228900,440,other
_ZN10mTAogaaEip10uSMgPasJJKEv,0x228ab8,15688,other
_ZN10OV5NOaoBLlD1Ev,0x22c810,72,other
_ZN10OV5NOaoBLlD2Ev,0x22c810,72,other
_ZN20l8eTfaIl5YPropertiesD1Ev,0x22c858,28,other
_ZN20l8eTfaIl5YPropertiesD2Ev,0x22c858,28,other
_ZThn16_N20l8eTfaIl5YPropertiesD1Ev,0x22c874,8,other
_ZN20l8eTfaIl5YPropertiesD0Ev,0x22c87c,56,other
_ZThn16_N20l8eTfaIl5YPropertiesD0Ev,0x22c8b4,8,other
_ZN10OV5NOaoBLlD0Ev,0x22c8bc,80,other
_Z10yOwyJa9cFWdd,0x22c910,316,other
_ZN10OV5NOaoBLl10tfvpgaJU3pEv,0x22ca58,64,other
_ZN10OV5NOaoBLl10mgCpgamO9pEv,0x22caa0,64,other
_ZN10OV5NOaoBLl10LlopgaY5YpEv,0x22cae8,8,other
_ZN10OV5NOaoBLl10nn9ogamvMpEi,0x22caf0,64,other
_ZN10OV5NOaoBLl10a67ogaLqLpEi,0x22cb38,64,other
_ZN10OV5NOaoBLl10iJypgaNP6pEi,0x22cb80,8,other
_ZN10OV5NOaoBLl10B8wpgaSu5pEv,0x22cb88,12,other
_ZN10OV5NOaoBLl10Ym2oga0BGpEi,0x22cb94,12,other
_ZN10cWWYfaxbT210LfDmgaVDEnEP10G0gxgajWBw,0x22cbc0,108,other
_ZN10c76BgaJBGAD1Ev,0x22cc48,116,other
_ZN10c76BgaJBGAD2Ev,0x22cc48,116,other
_ZThn16_N10c76BgaJBGAD1Ev,0x22ccbc,8,other
_ZN10c76BgaJBGAD0Ev,0x22ccc4,32,other
_ZThn16_N10c76BgaJBGAD0Ev,0x22cce4,8,other
_ZN10c76BgaJBGA10cmfCgafxNAEv,0x22ccec,152,other
_ZN10q4yI2aq75T10m6pngaXzjoEP10G0gxgajWBwRK10C8THgaTQxF,0x22cd84,60,other
_ZN10KGeN2aIY1X10m6pngaXzjoEP10G0gxgajWBwRK10C8THgaTQxF,0x22cdc0,96,other
_ZN10KGeN2aIY1X10Cu3DMaoyjxEP10G0gxgajWBwS1_,0x22ce20,128,other
_ZN10ScpN2avPaY10Cu3DMaoyjxEP10G0gxgajWBwS1_,0x22cea0,128,other
_ZN10ScpN2avPaY10m6pngaXzjoEP10G0gxgajWBwRK10C8THgaTQxF,0x22cf20,148,other
_ZN10cWWYfaxbT210yj7DMaaMmxEP10G0gxgajWBw,0x22cfb4,436,other
_ZN10cWWYfaxbT210VkenganG9nEP10G0gxgajWBw,0x22d168,552,other
_ZN10cWWYfaxbT210JGEjIaHQ8TEP10G0gxgajWBwd,0x22d390,1320,other
_ZN10cWWYfaxbT210m6pngaXzjoEP10G0gxgajWBwRK10C8THgaTQxF,0x22d8c0,1196,other
_ZN10cWWYfaxbT210Cu3DMaoyjxEP10G0gxgajWBwS1_,0x22dd6c,1620,other
_Z10n8NK2aKNZVP10c76BgaJBGAP10G0gxgajWBw,0x22e3c8,212,other
_ZN10c76BgaJBGAC1ERK10C8THgaTQxFS2_,0x22e49c,204,other
_ZN10c76BgaJBGAC2ERK10C8THgaTQxFS2_,0x22e49c,204,other
_ZN10c76BgaJBGA10_TCjIaUk7TEv,0x22e568,480,other
_Z10nYwjIaul2TRK10C8THgaTQxF,0x22e748,72,other
_ZN10VxVm2aj1TBC1ERK10C8THgaTQxFPFP10G0gxgajWBwS2_E,0x22e790,168,other
_ZN10VxVm2aj1TBC2ERK10C8THgaTQxFPFP10G0gxgajWBwS2_E,0x22e790,168,other
_ZN10cWWYfaxbT2C1ERK10CanTfaz6bZ,0x22e838,52,other
_ZN10cWWYfaxbT2C2ERK10CanTfaz6bZ,0x22e838,52,other
_ZN10cWWYfaxbT2C1ERK10C8THgaTQxFb,0x22e86c,224,other
_ZN10cWWYfaxbT2C2ERK10C8THgaTQxFb,0x22e86c,224,other
_ZN10cWWYfaxbT25cloneEv,0x22e94c,148,other
_ZN10cWWYfaxbT210VHrJ2aDVQUEP10c76BgaJBGAcPvS2_RK10C8THgaTQxF,0x22e9e0,60,other
_ZN10cWWYfaxbT210hFWn2apYKCEP10c76BgaJBGAP10C7do2a8u_Ci,0x22ea1c,1336,other
_ZN10cWWYfaxbT210mVBJ2aXvZUEP10c76BgaJBGAcRK10C8THgaTQxFPvS4_b,0x22ef54,500,other
_ZN10cWWYfaxbT210DpbOGacdQCEP10c76BgaJBGAP10sXw2GaJkKPi,0x22f148,1016,other
_Z10dNXM2a4UNXv,0x22f540,20,other
_ZN10VxVm2aj1TBD1Ev,0x22f554,20,other
_ZN10VxVm2aj1TBD2Ev,0x22f554,20,other
_ZN10VxVm2aj1TBD0Ev,0x22f568,48,other
_ZN10cWWYfaxbT2D1Ev,0x22f598,64,other
_ZN10cWWYfaxbT2D2Ev,0x22f598,64,other
_ZN10cWWYfaxbT2D0Ev,0x22f5d8,72,other
_ZN10ScpN2avPaYD1Ev,0x22f620,64,other
_ZN10ScpN2avPaYD2Ev,0x22f620,64,other
_ZN10ScpN2avPaYD0Ev,0x22f660,72,other
_ZN10KGeN2aIY1XD1Ev,0x22f6a8,64,other
_ZN10KGeN2aIY1XD2Ev,0x22f6a8,64,other
_ZN10KGeN2aIY1XD0Ev,0x22f6e8,72,other
_ZN10q4yI2aq75TD1Ev,0x22f730,64,other
_ZN10q4yI2aq75TD2Ev,0x22f730,64,other
_ZN10q4yI2aq75TD0Ev,0x22f770,72,other
_ZN10c76BgaJBGA10jrpwgaz0SvEPS_,0x22f7b8,164,other
_ZN10pWihMaQxaeD1Ev,0x22f860,84,other
_ZN10pWihMaQxaeD2Ev,0x22f860,84,other
_ZN10pWihMaQxaeD0Ev,0x22f960,32,other
_ZN10pWihMaQxaeC1ERK10C8THgaTQxF,0x22f9a0,104,other
_ZN10pWihMaQxaeC2ERK10C8THgaTQxF,0x22f9a0,104,other
_ZN10pWihMaQxae10Wo35fbLtI9Ev,0x22fa08,196,other
_ZN10SEPCMa33gwC1ERK10C8THgaTQxFS2_,0x22facc,148,other
_ZN10SEPCMa33gwC2ERK10C8THgaTQxFS2_,0x22facc,148,other
_ZN10SEPCMa33gw10inC6fbhUaaEP10G0gxgajWBwRK10C8THgaTQxF,0x22fb60,268,other
_ZN10pWihMaQxae10inC6fbhUaaERK10C8THgaTQxFP10G0gxgajWBwS2_,0x22fc6c,228,other
_ZN10SEPCMa33gw10TOy5fbuUh9EP10G0gxgajWBw,0x22fd50,172,other
_ZN10pWihMaQxae10TOy5fbuUh9ERK10C8THgaTQxFP10G0gxgajWBw,0x22fdfc,124,other
_ZN10FOb5fbmyZ8C1ERK10C8THgaTQxFRK10CanTfaz6bZP10G0gxgajWBw,0x22fe78,428,other
_ZN10FOb5fbmyZ8C2ERK10C8THgaTQxFRK10CanTfaz6bZP10G0gxgajWBw,0x22fe78,428,other
_ZN10FOb5fbmyZ8D1Ev,0x230024,76,other
_ZN10FOb5fbmyZ8D2Ev,0x230024,76,other
_ZN10yXeHMaPb_zC1EdRK10C8THgaTQxFP10G0gxgajWBw,0x230070,244,other
_ZN10yXeHMaPb_zC2EdRK10C8THgaTQxFP10G0gxgajWBw,0x230070,244,other
_ZN10yXeHMaPb_zD1Ev,0x230164,52,other
_ZN10yXeHMaPb_zD2Ev,0x230164,52,other
_ZN10N67CMatrxw10ilmTfbBpbZEv,0x230198,124,other
_ZN10N67CMatrxw10flS_fbykv4Ev,0x230214,52,other
_ZN10N67CMatrxw10ctWGMa8NJzEv,0x230248,84,other
_ZN10N67CMatrxw10vZIuMassspERK10C8THgaTQxF,0x23029c,4,other
_ZN10N67CMatrxw10vcTVfae3i0ERK10C8THgaTQxFS2_S2_,0x2302a0,720,other
_ZN10N67CMatrxw10vcTVfae3i0EP10G0gxgajWBwRK10C8THgaTQxFS4_,0x230570,464,other
_ZN10N67CMatrxw10MwXXfbkH21ERK10C8THgaTQxF,0x230740,208,other
_ZN10N67CMatrxw10TOy5fbuUh9ERK10C8THgaTQxFS2_,0x230810,256,other
_ZN10N67CMatrxw10mkKXfbJAS1ERK10C8THgaTQxFS2_,0x230910,120,other
_ZN10N67CMatrxw10nBwpMa214kEv,0x230988,8,other
_ZN10N67CMatrxw10qWpVfbRqV_Ev,0x230990,152,other
_ZN10N67CMatrxw10l93Ufbs6C_Ev,0x230a28,380,other
_ZN10N67CMatrxw10FDFHMa6DlAE10RiQ7IaxCcA,0x230ba4,72,other
_ZN10N67CMatrxw10KPoXfbhvA1E10RiQ7IaxCcAP10zW2NgaU4IK,0x230bec,192,other
_ZN10N67CMatrxw10B0GWfbeOZ0E10RiQ7IaxCcA,0x230cac,24,other
_ZN10N67CMatrxw10vZjWfbmqG0E10RiQ7IaxCcA,0x230cc4,24,other
_ZN10N67CMatrxw10fssWfaryN0EP10zW2NgaU4IK,0x230cdc,320,other
_ZN10N67CMatrxw10X1lSfak9kYEv,0x230e1c,100,other
_ZN10N67CMatrxw10EKRSfbTPLYEb,0x230e80,44,other
_ZN10N67CMatrxw10JFyTfbLMlZEv,0x230eac,312,other
_ZN10N67CMatrxw10fssWfaryN0ERK10C8THgaTQxF,0x230fe4,136,other
_ZN10N67CMatrxw10xuDUfbpQf_Ev,0x23106c,180,other
_ZN10N67CMatrxw10KFUqMaMhfmERK10C8THgaTQxF,0x231120,96,other
_ZN10N67CMatrxw10mtG7fbil4aERK10CanTfaz6bZS2_b,0x231180,656,other
_ZN10N67CMatrxw10CodpMarTPkEd,0x231410,352,other
_ZN10N67CMatrxw10dCDpPaPWaSEP10yVOJMa8r9B,0x231578,176,other
_ZN10N67CMatrxw10nbeVPagyLhEd,0x231628,100,other
_ZN10N67CMatrxw10PADGMaKVtzEP10AICTfaebpZP10G0gxgajWBwbP10mTAogaaEip,0x23168c,500,other
_ZN10N67CMatrxw10A2WRfbUh_XERK10C8THgaTQxFP10FOb5fbmyZ8,0x231880,956,other
_ZN10N67CMatrxw10wI3Rfb4J5XEP10FOb5fbmyZ8,0x231c3c,472,other
_ZN10N67CMatrxw10hvRRfb_CVXEP10G0gxgajWBwP10FOb5fbmyZ8,0x231e14,256,other
_ZN10N67CMatrxw10FIvRfbdiDXEP10G0gxgajWBwRK10C8THgaTQxFdi,0x231f14,588,other
_ZN10N67CMatrxw10uSMgPasJJKERK10C8THgaTQxFS2_P10G0gxgajWBw,0x232160,960,other
_ZN10N67CMatrxw10cLiSfbhoiYEP10FOb5fbmyZ8,0x232520,1060,other
_ZN10N67CMatrxw10oaqhMalDgeEv,0x232944,124,other
_ZN10N67CMatrxw10rVjVga1mQQERK10C8THgaTQxFS2_P10G0gxgajWBw,0x2329c0,1156,other
_ZN10N67CMatrxw10PCrWfbqRM0Ev,0x232e44,132,other
_ZN10N67CMatrxwC1EP10G0gxgajWBw,0x232ec8,244,other
_ZN10N67CMatrxwC2EP10G0gxgajWBw,0x232ec8,244,other
_ZN10N67CMatrxw10lhv_fahWb4EP10zW2NgaU4IK,0x232fbc,180,other
_ZN10N67CMatrxw10lhv_fahWb4ERK10C8THgaTQxF,0x233070,164,other
_ZN10N67CMatrxw10NIyWfarPS0ERK10C8THgaTQxFb,0x233114,408,other
_ZN10N67CMatrxw10NIyWfarPS0EP10zW2NgaU4IK,0x2332ac,128,other
_ZN10N67CMatrxw10dOBHMaPpiAERK10C8THgaTQxFRK10CanTfaz6bZP10G0gxgajWBw,0x23332c,1464,other
_ZN10N67CMatrxw10uLjcMaFeZ9EdRK10C8THgaTQxFP10G0gxgajWBw,0x2338e4,208,other
_ZN10N67CMatrxw10XzgcMa1yW9Ev,0x2339b4,180,other
_ZN10N67CMatrxw10hH2bMa5SK9ERK10C8THgaTQxF,0x233a68,328,other
_ZN10N67CMatrxw10aamHMa7f5zEv,0x233bb0,64,other
_ZN10N67CMatrxw10Gr_GMaW8MzEv,0x233bf0,732,other
_ZN10N67CMatrxw10_xWAgaiSGzEv,0x233ed8,892,other
_ZN10SEPCMa33gwD1Ev,0x234254,176,other
_ZN10SEPCMa33gwD2Ev,0x234254,176,other
_ZN10SEPCMa33gwD0Ev,0x234304,32,other
_ZN10SEPCMa33gw10Lpq6fbkQ09EP10G0gxgajWBw,0x234324,172,other
_ZN10pWihMaQxae10Lpq6fbkQ09ERK10C8THgaTQxFP10G0gxgajWBw,0x2343d0,164,other
_ZN10N67CMatrxw10T4wrMaNrMmERK10C8THgaTQxFS2_,0x234474,68,other
_ZN10pWihMaQxae10Lpq6fbkQ09EP10G0gxgajWBw,0x2344b8,156,other
_ZN10N67CMatrxw10jpuKOaZbJiEv,0x234554,416,other
_ZN10N67CMatrxw10qFYqMasEimERK10C8THgaTQxF,0x2346f4,96,other
_ZN10N67CMatrxw10WjiYfbs1k2Ev,0x234754,124,other
_ZN10N67CMatrxw10PWkBgafe1zEv,0x2347d0,132,other
_ZN10N67CMatrxwD1Ev,0x234854,104,other
_ZN10N67CMatrxwD2Ev,0x234854,104,other
_ZN10SEPCMa33gw10rVjVga1mQQEP10G0gxgajWBw,0x2348bc,288,other
_ZN10pWihMaQxae10rVjVga1mQQERK10C8THgaTQxFP10G0gxgajWBw,0x2349dc,88,other
_ZN10N67CMatrxw10HsHbZaTas5ERK10C8THgaTQxF,0x234a34,228,other
_ZN10R94BFa3XECD1Ev,0x234b64,92,other
_ZN10R94BFa3XECD2Ev,0x234b64,92,other
_ZN10R94BFa3XECD0Ev,0x234bc0,32,other
_ZN10e4ZYfa8PV210JGEjIaHQ8TEd,0x234be0,60,other
_ZN10e4ZYfa8PV210m6pngaXzjoERK10CanTfaz6bZ,0x234c1c,96,other
_ZN10e4ZYfa8PV210c4C_ua6tiHERK10C8THgaTQxF,0x234c7c,76,other
_ZN10e4ZYfa8PV210nXQ0vaE9jyERK10C8THgaTQxFS2_,0x234cc8,100,other
_ZN10e4ZYfa8PV210nXQ0vaE9jyERK10C8THgaTQxFS2_S2_,0x234d2c,108,other
_ZN10e4ZYfa8PV210eh9ZuaaqUGEP10LBgVgaqANQ,0x234d98,28,other
_ZN10e4ZYfa8PV210hgXZuahtJGEP10MpGzgariDy,0x234db4,28,other
_ZN10R94BFa3XECC1EP10G0gxgajWBw,0x234dd0,232,other
_ZN10R94BFa3XECC2EP10G0gxgajWBw,0x234dd0,232,other
_ZN20e4ZYfa8PV2PropertiesC1Ev,0x234eb8,156,other
_ZN20e4ZYfa8PV2PropertiesC2Ev,0x234eb8,156,other
_ZN10e4ZYfa8PV210yuvfLak6EmEh,0x234f54,152,other
_ZN10e4ZYfa8PV210I75gMaeM_dEv,0x234fec,20,other
_ZN10e4ZYfa8PV210ufZhMaE8JeEP10G0gxgajWBw,0x235000,16,other
_ZN10e4ZYfa8PV210qBXhIa5KISEP10G0gxgajWBw,0x235010,204,other
_ZN10e4ZYfa8PV2C1Ev,0x2350dc,848,other
_ZN10e4ZYfa8PV2C2Ev,0x2350dc,848,other
_ZN10e4ZYfa8PV210Cr20uaSFuIEv,0x23542c,576,other
_ZN10e4ZYfa8PV210z0n1ua6OMIEv,0x23566c,88,other
_ZN10e4ZYfa8PV210Q2Q_ua3euHEb,0x2356dc,488,other
_ZN10e4ZYfa8PV210mSTCxaqCkUEb,0x2358d0,276,other
_ZN10e4ZYfa8PV210xqSLua2oTuEv,0x2359e4,108,other
_ZN10e4ZYfa8PV210WR0Lua3k0uEP10mTAogaaEip,0x235a50,76,other
_ZN10e4ZYfa8PV210a5b2ua0MsJEv,0x235a9c,140,other
_ZN10e4ZYfa8PV2D1Ev,0x235b28,208,other
_ZN10e4ZYfa8PV2D2Ev,0x235b28,208,other
_ZN10e4ZYfa8PV2D0Ev,0x235bf8,32,other
_ZN10e4ZYfa8PV210AzqjvazYXXERK10C8THgaTQxF,0x235c18,48,other
_ZN10e4ZYfa8PV210_d5_faz0G4ERK10C8THgaTQxFb,0x235c48,388,other
_ZN10e4ZYfa8PV210aUFLuaVRIuERK10C8THgaTQxFS2_,0x2366ec,404,other
_ZN10e4ZYfa8PV210FRaLuaNKiuERK10C8THgaTQxFS2_iS2_,0x236880,172,other
_ZN10e4ZYfa8PV210q7CfLaXwLmEv,0x23692c,172,other
_ZN10e4ZYfa8PV210_3ffLa37rmEv,0x2369d8,136,other
_ZN10e4ZYfa8PV210fNjKua0fAtERK10C8THgaTQxF,0x236a60,32,other
_ZN10e4ZYfa8PV210PoZKuaEg8tERK10C8THgaTQxFP10u3cBgayBVz,0x236a80,644,other
_Z10NJLNuahMtwv,0x236d04,20,other
_ZN20e4ZYfa8PV2PropertiesD1Ev,0x236d18,28,other
_ZN20e4ZYfa8PV2PropertiesD2Ev,0x236d18,28,other
_ZThn16_N20e4ZYfa8PV2PropertiesD1Ev,0x236d34,8,other
_ZN20e4ZYfa8PV2PropertiesD0Ev,0x236d3c,56,other
_ZThn16_N20e4ZYfa8PV2PropertiesD0Ev,0x236d74,8,other
_ZN10JE42uaVwcK10c7E_faDck4Ei,0x236d7c,28,other
_ZN10JE42uaVwcKD1Ev,0x236d98,20,other
_ZN10JE42uaVwcKD2Ev,0x236d98,20,other
_ZN10JE42uaVwcKD0Ev,0x236dac,48,other
_ZN10NgNBgaN3oA10YYTtMa4HLoEb,0x236de0,28,other
_ZN20NgNBgaN3oAPropertiesC1Ev,0x236dfc,164,other
_ZN20NgNBgaN3oAPropertiesC2Ev,0x236dfc,164,other
_ZN10NgNBgaN3oAC1ERK10C8THgaTQxF,0x236ea0,224,other
_ZN10NgNBgaN3oAC2ERK10C8THgaTQxF,0x236ea0,224,other
_Z20NgNBgaN3oAE7Bm2aaHDBRK10C8THgaTQxF,0x236f80,48,other
_ZN10NgNBgaN3oA10nrLqgaDw7qEv,0x236fb0,124,other
_ZN10NgNBgaN3oAD1Ev,0x23702c,48,other
_ZN10NgNBgaN3oAD2Ev,0x23702c,48,other
_ZN10NgNBgaN3oAD0Ev,0x23705c,32,other
_ZN10NgNBgaN3oA10T1g_wagX_mEv,0x23707c,368,other
_ZN20mH33wa4I1qPropertiesC1Ev,0x2371ec,136,other
_ZN20mH33wa4I1qPropertiesC2Ev,0x2371ec,136,other
_ZN10mH33wa4I1qC1ERK10C8THgaTQxF,0x237274,80,other
_ZN10mH33wa4I1qC2ERK10C8THgaTQxF,0x237274,80,other
_Z20mH33wa4I1qE7Bm2aaHDBRK10C8THgaTQxF,0x2372c4,48,other
_Z10Drb4waZe8qv,0x2372f4,224,other
_ZN20NgNBgaN3oAPropertiesD1Ev,0x2373d4,28,other
_ZN20NgNBgaN3oAPropertiesD2Ev,0x2373d4,28,other
_ZThn16_N20NgNBgaN3oAPropertiesD1Ev,0x2373f0,8,other
_ZN20mH33wa4I1qPropertiesD1Ev,0x2373f8,28,other
_ZN20mH33wa4I1qPropertiesD2Ev,0x2373f8,28,other
_ZThn16_N20mH33wa4I1qPropertiesD1Ev,0x237414,8,other
_ZN20NgNBgaN3oAPropertiesD0Ev,0x23741c,56,other
_ZThn16_N20NgNBgaN3oAPropertiesD0Ev,0x237454,8,other
_ZN20mH33wa4I1qPropertiesD0Ev,0x23745c,56,other
_ZThn16_N20mH33wa4I1qPropertiesD0Ev,0x237494,8,other
_ZN10mH33wa4I1qD1Ev,0x23749c,20,other
_ZN10mH33wa4I1qD2Ev,0x23749c,20,other
_ZN10mH33wa4I1qD0Ev,0x2374b0,48,other
_ZN10G0gxgajWBw10zuM9LarpQ7ERK10C8THgaTQxF,0x237dc0,264,other
_ZN10G0gxgajWBw10tNsxZakQLnEP10yajl_gen_tb,0x237ec8,1816,YAJL
_ZN10G0gxgajWBw10QoDcMazLeaEi,0x2385e0,516,other
_ZN20zeksfaZDrCPropertiesC1Ev,0x2387f4,136,other
_ZN20zeksfaZDrCPropertiesC2Ev,0x2387f4,136,other
_ZN10zeksfaZDrCC1ERK10C8THgaTQxF,0x23887c,116,other
_ZN10zeksfaZDrCC2ERK10C8THgaTQxF,0x23887c,116,other
_Z10K01rfahjcCv,0x2388f0,48,other
_ZN20zeksfaZDrCPropertiesD1Ev,0x238920,28,other
_ZN20zeksfaZDrCPropertiesD2Ev,0x238920,28,other
_ZThn16_N20zeksfaZDrCPropertiesD1Ev,0x23893c,8,other
_ZN20zeksfaZDrCPropertiesD0Ev,0x238944,56,other
_ZThn16_N20zeksfaZDrCPropertiesD0Ev,0x23897c,8,other
_ZN10tAT1BaincC10gJq1BaL5OBEP10nenvgaH9_uPsib,0x238984,604,other
_ZN10tAT1BaincC10MoB5BaB4jFEP10nenvgaH9_uPs,0x238be0,704,other
_ZN10yB4QvadugpC1Ev,0x238f30,24,other
_ZN10yB4QvadugpC2Ev,0x238f30,24,other
_ZN10kyTzgazlOy10e0CVvaMq5sEv,0x238f48,976,other
_ZN10kyTzgazlOy10ZevVvaoUZsEv,0x239318,24,other
_ZN10kyTzgazlOy10qq8UvaWHGsERK10C8THgaTQxF,0x239330,1136,other
_ZN10kyTzgazlOy10mKkUvaB3_rERK10C8THgaTQxF,0x2397a0,420,other
_ZN10kyTzgazlOy10NOVzgaofQyEv,0x239944,316,other
_ZN10kyTzgazlOy10IFgYvaQDjvERK10C8THgaTQxFS2_iii,0x239a80,716,other
_ZN10kyTzgazlOy10wLMzgaHDIyERK10C8THgaTQxF,0x239d6c,208,other
_ZN10kyTzgazlOy10d3VXvans1uERK10C8THgaTQxF,0x239e3c,212,other
_ZN10kyTzgazlOy10u92QvaHgfpEv,0x239f14,120,other
_ZN10kyTzgazlOy10ZxfiLanHYoEv,0x239f8c,908,other
_ZN10kyTzgazlOy10t_qbLaakejER10CanTfaz6bZRiS2_,0x23a318,320,other
_ZN10kyTzgazlOy10t_qbLaakejER10C8THgaTQxFRiS2_,0x23a458,320,other
_ZN10kyTzgazlOy10cWUzgaxvPyEP10W6NzgawMJyRK10C8THgaTQxF,0x23a598,724,other
_Z10A73Vva64stv,0x23a86c,164,other
_Z10K5cWvauDAtv,0x23a910,56,other
_ZN10w7keKa2nGvC1Eb,0x23a954,80,other
_ZN10w7keKa2nGvC2Eb,0x23a954,80,other
_ZN10w7keKa2nGv10khjdKaaQOuEv,0x23a9a4,52,other
_ZN10w7keKa2nGvD1Ev,0x23a9d8,4,other
_ZN10w7keKa2nGvD2Ev,0x23a9d8,4,other
_ZN10w7keKa2nGv10ZpOMfay1FTEv,0x23a9dc,228,other
_ZN10w7keKa2nGv10yXNcKaPDnuEv,0x23aac0,20,other
_ZN10w7keKa2nGv10DnLcKawtluEii,0x23aad4,36,other
_ZN10w7keKa2nGv10SUScKaCOruEiib,0x23aaf8,136,other
_ZN10w7keKa2nGv10rvAYJa3jAhEv,0x23ab80,20,other
_ZN10w7keKa2nGv10KQm_ga7P4UEv,0x23ab94,408,other
_ZN10w7keKa2nGv10N2HYJa6FGhEii,0x23ad2c,36,other
_ZN10w7keKa2nGv10i9EYJapeEhEiib,0x23ad50,200,other
_ZN10BEXWLaNNcXC1Eb,0x23ae18,20,other
_ZN10BEXWLaNNcXC2Eb,0x23ae18,20,other
_ZN10BEXWLaNNcXD1Ev,0x23ae2c,140,other
_ZN10BEXWLaNNcXD2Ev,0x23ae2c,140,other
_ZN10BEXWLaNNcX10S6EXJascOgEii,0x23aeb8,304,other
_ZN10BEXWLaNNcX10zDeXJa0VrgEii,0x23afe8,592,other
_ZN10BEXWLaNNcX10oX_WJaFzfgEii,0x23b240,296,other
_ZN10BEXWLaNNcX10_57WJaKqmgEii,0x23b368,296,other
_ZN10BEXWLaNNcX10Sq9XJanydhEP10Fcx_gaoydV,0x23b490,60,other
_ZN10BEXWLaNNcX10ZFvXJa0fGgEiiiiP10Fcx_gaoydV,0x23b4cc,1632,other
_ZN10BEXWLaNNcX10XL8VLa1ZwWEii,0x23bb2c,780,other
_Z10DkrWJa_BMfv,0x23be3c,48,other
_Z10Jr4_Ja4lGjv,0x23be6c,4,other
_ZN10OeCAJa7MpYC1EP10ULeBJaZ1WYj,0x23be70,104,other
_ZN10OeCAJa7MpYC2EP10ULeBJaZ1WYj,0x23be70,104,other
_ZN10Ox9zJa6D1XC1Ev,0x23bee0,104,other
_ZN10Ox9zJa6D1XC2Ev,0x23bee0,104,other
_ZN10Ox9zJa6D1XD1Ev,0x23bf48,132,other
_ZN10Ox9zJa6D1XD2Ev,0x23bf48,132,other
_ZN10Ox9zJa6D1X10rhe4IahDaxEv,0x23bfcc,164,other
_ZN10Ox9zJa6D1X10pIS3IaYDSwEv,0x23c070,72,other
_ZN10Ox9zJa6D1X10h_hJFa4KIIEf,0x23c0bc,92,other
_ZN10Ox9zJa6D1X10TOCHFaugjHEf,0x23c120,116,other
_ZN10Ox9zJa6D1X10LUgIFavQRHEf,0x23c1b0,184,other
_ZN10Ox9zJa6D1X10jn0IFaiWtIERK10V6P7faBscb,0x23c268,360,other
_ZN10Ox9zJa6D1X10ev3zJaRyXXE10zdGAJa27sY10BBfAJamK6Xf,0x23c3e8,1152,other
_ZN10tJIwIaYe835clearEv,0x23c880,96,other
_ZN10tJIwIaYe83C1Ev,0x23c8e0,32,other
_ZN10tJIwIaYe83C2Ev,0x23c8e0,32,other
_ZNK10tJIwIaYe8310tWnLFaUKtKEv,0x23c900,20,other
_ZN10tJIwIaYe8310cKDLFar2GKEf,0x23c918,104,other
_ZNK10tJIwIaYe8310CZfLFaz3mKEv,0x23c988,20,other
_ZN10tJIwIaYe8310hacLFaeRjKEf,0x23c9a0,104,other
_ZN10tJIwIaYe8310ZYFLFa5VIKEv,0x23ca10,132,other
_ZN10tJIwIaYe8310RIVxIapa94ERK10V6P7faBscb,0x23ca94,244,other
_ZN10tJIwIaYe8310J08NFagcOMEv,0x23cb8c,136,other
_ZNK10tJIwIaYe8310MKKOFa0WiNEv,0x23cc14,256,other
_ZN10tJIwIaYe8310bScOFafrRMERK10C8THgaTQxF,0x23cd14,272,other
_ZN10tJIwIaYe8310ibwOFabH6MERK10C8THgaTQxF,0x23ce24,204,other
_ZNK10tJIwIaYe8310f8iOFawIWMEv,0x23cef0,48,other
_ZN10tJIwIaYe8310q2VNFaKrCMEi,0x23cf20,56,other
_ZNK10tJIwIaYe8310vcSNFa8czMEv,0x23cf58,24,other
_ZN10tJIwIaYe8310kn6NFajZLMEb,0x23cf70,316,other
_ZN10tJIwIaYe8310GboOFazY_MERK10C8THgaTQxF10RiQ7IaxCcAP10G0gxgajWBw,0x23d0ac,92,other
_ZN10tJIwIaYe8310hoANFa0dkMEP10G0gxgajWBw,0x23d108,140,other
_ZNK10tJIwIaYe8310Z1gNFamX3LEPfS0_,0x23d194,256,other
_ZNK10tJIwIaYe8310rTcNFals0LEPfS0_,0x23d294,260,other
_ZN10tJIwIaYe8310G3rNFaKddMEv,0x23d398,84,other
_ZN10tJIwIaYe8310GcoNFapZ9LEv,0x23d3ec,44,other
_ZN10tJIwIaYe8310ztVLFavYVKEv,0x23d418,124,other
_ZN10tJIwIaYe83D1Ev,0x23d494,56,other
_ZN10tJIwIaYe83D2Ev,0x23d494,56,other
_ZN10Ox9zJa6D1X5clearEv,0x23d4cc,152,other
_ZN10tJIwIaYe8310YQEnJalZvNEPS_,0x23d564,412,other
_ZN10Ox9zJa6D1X10ma5rJapYeREP10eODlJaQ5OL,0x23d700,316,other
_ZN10tJIwIaYe8310i7_MFaJIQLEi,0x23d83c,136,other
_ZNK10tJIwIaYe8310a3VMFaksMLERK10qdSBga_dtA,0x23d8c4,464,other
_ZN10tJIwIaYe8310uhJMFakIBLERK10C8THgaTQxF,0x23da94,356,other
_ZNK10tJIwIaYe8310um6MFaDYVLEv,0x23dbf8,168,other
_ZN10tJIwIaYe8310Cj1NFa8IHMERK10C8THgaTQxF,0x23dca0,220,other
_ZN10tJIwIaYe8310keENFaKsnMERK10C8THgaTQxF,0x23dd7c,280,other
_ZN10eODlJaQ5OL10gkQVgaDDgREv,0x23e124,8,other
_ZN10eODlJaQ5OLD1Ev,0x23e4e4,120,other
_ZN10eODlJaQ5OLD2Ev,0x23e4e4,120,other
_ZN10eODlJaQ5OLD0Ev,0x23e55c,32,other
_ZN10eODlJaQ5OL10MP0FfajjYNEP10W6NzgawMJy,0x23e57c,488,other
_ZN10eODlJaQ5OL10rVjVga1mQQERK10C8THgaTQxF10RiQ7IaxCcAP10G0gxgajWBw,0x23e764,108,other
_ZN10eODlJaQ5OL10VkenganG9nEv,0x23e7d0,1132,other
_ZN10eODlJaQ5OL10py0qgaE4krERK10C8THgaTQxF,0x23ec4c,4,other
_ZN10kd5l5aU_b7C1Ev,0x23ee20,64,other
_ZN10kd5l5aU_b7C2Ev,0x23ee20,64,other
_ZN10kd5l5aU_b710nNGgMaeCEdEv,0x23ee60,124,other
_ZN10kd5l5aU_b7D1Ev,0x23eedc,48,other
_ZN10kd5l5aU_b7D2Ev,0x23eedc,48,other
_ZN10kd5l5aU_b73AddEP10eODlJaQ5OL,0x23ef0c,308,other
_ZN10kd5l5aU_b710ygM0XaEdg6Ei,0x23f040,68,other
_ZN10kd5l5aU_b710Jmv5XaM_eaEi,0x23f084,140,other
_ZN20eODlJaQ5OLPropertiesC1Ev,0x23f110,156,other
_ZN20eODlJaQ5OLPropertiesC2Ev,0x23f110,156,other
_ZN10eODlJaQ5OLC1EP10zF9VgaBKxR,0x23f1ac,232,other
_ZN10eODlJaQ5OLC2EP10zF9VgaBKxR,0x23f1ac,232,other
_ZN10eODlJaQ5OL10t2ZgIaHOUREv,0x23f294,232,other
_ZN10eODlJaQ5OL10cuc8IaZ6vAEb,0x23f37c,84,other
_ZN10eODlJaQ5OL10jqR8WaJy3mEi,0x23f3d0,12,other
_ZN10eODlJaQ5OL10NE5cXa4mDqEv,0x23f3dc,8,other
_ZN10eODlJaQ5OL10rhe4IahDaxEP10Ox9zJa6D1XP10tJIwIaYe83,0x23f3e4,716,other
_ZN10eODlJaQ5OL10rhe4IahDaxEv,0x23f6b0,44,other
_ZN10eODlJaQ5OL10pIS3IaYDSwEv,0x23f6dc,72,other
_ZN10eODlJaQ5OL10JhjWgazQFREv,0x23f728,272,other
_ZNK10eODlJaQ5OL10X7tcXanY6pEv,0x23f838,368,other
_ZN10eODlJaQ5OL10Z6dcXaFuUpEiiii,0x23f9a8,88,other
_ZN10eODlJaQ5OL10UFnwIa1wR3EP10W6NzgawMJyfffiP10Ox9zJa6D1XP10tJIwIaYe83,0x23fa00,344,other
_ZN10eODlJaQ5OL10PJRvIajPp3EP10W6NzgawMJyfffibP10Ox9zJa6D1XP10tJIwIaYe83,0x23fb58,932,other
_ZN10eODlJaQ5OL10TThbXaHF6oEP10W6NzgawMJyfffiP10tJIwIaYe83,0x23fefc,164,other
_ZN10eODlJaQ5OL10fYVvIagnt3EP10W6NzgawMJyiiP10Ox9zJa6D1XP10tJIwIaYe83,0x23ffa0,836,other
_ZN10eODlJaQ5OL10tIIEga1dSCEP10W6NzgawMJy,0x2402f8,784,other
_ZN10eODlJaQ5OL10QJ7UWae7FaEv,0x240608,256,other
_ZN10eODlJaQ5OL10zE8FfaRT3NEv,0x240708,180,other
_ZN10eODlJaQ5OL10AZ3YWarYZdERK10C8THgaTQxF,0x2407d0,144,other
_ZN10eODlJaQ5OL10A_jZWanrceERK10C8THgaTQxF,0x240860,52,other
_ZN10eODlJaQ5OL10WoSUWaLnsaERK10C8THgaTQxF,0x240894,52,other
_ZN10eODlJaQ5OL10wIsYWaaMtdERK10C8THgaTQxFS2_S2_,0x2408c8,92,other
_ZN10eODlJaQ5OL10__VUWaHpvaERK10C8THgaTQxF,0x240924,52,other
_ZN10eODlJaQ5OL10nvvZWa56leERK10C8THgaTQxF,0x240958,52,other
_ZN10eODlJaQ5OL10__VUWaHpvaEiP10G0gxgajWBw,0x24098c,84,other
_ZN10eODlJaQ5OL10MtfZWaID8dERK10C8THgaTQxF,0x2409e0,52,other
_ZN10eODlJaQ5OL10m6pngaXzjoERK10CanTfaz6bZ,0x240a14,580,other
_ZN10eODlJaQ5OL10gtHggaibFiEP10W6NzgawMJyfffbP10Ox9zJa6D1XP10tJIwIaYe83,0x240c58,848,other
_ZN10eODlJaQ5OL10fnHVWae68aEP10W6NzgawMJy,0x240fa8,276,other
_ZN10eODlJaQ5OL10gtHggaibFiEP10W6NzgawMJy,0x2410bc,152,other
_ZN10eODlJaQ5OL10fAkcNaaWZ_EP10MpGzgariDyi,0x241154,1288,other
_ZN10eODlJaQ5OL10yr4wgaUlrwEv,0x241680,120,other
_ZN10eODlJaQ5OL10Q1ZqgadOjrERK10V6P7faBscb,0x241734,172,other
_ZN10eODlJaQ5OL10jlavgawjQuEv,0x241824,36,other
_ZN10eODlJaQ5OL10ogTcHau6rYERK10C8THgaTQxF,0x241868,72,other
_ZN10eODlJaQ5OL10OSgaYaSOfeEi,0x2418b4,64,other
_ZN10eODlJaQ5OL10Bn9cHauvGYEi,0x2418f8,52,other
_ZN10eODlJaQ5OL10UgsKFaUoHJERK10C8THgaTQxF,0x241930,52,other
_ZN10eODlJaQ5OL10TPzvIaqLa3Ev,0x241968,76,other
_ZN10eODlJaQ5OL10kcRIFa3mlIERK10C8THgaTQxF,0x2419d4,4,other
_ZN10eODlJaQ5OL10FSUSXaJsOZEv,0x2419dc,8,other
_ZN10eODlJaQ5OL10MJuWXagtP1Ev,0x2419e8,32,other
_ZN10eODlJaQ5OL10AaGVXaD570Ei,0x241a0c,76,other
_ZN10eODlJaQ5OL10VwE_WanIjfEiP10LBgVgaqANQ,0x241a5c,132,other
_ZN10eODlJaQ5OL10XR4cHaaICYEb,0x241ae0,52,other
_ZN10eODlJaQ5OL10hoANFa0dkMEP10G0gxgajWBw,0x241b18,52,other
_ZN10eODlJaQ5OL10l7cPgaSEHLERK10C8THgaTQxF,0x241b50,52,other
_ZN10eODlJaQ5OL10AceLgadzlIERK10C8THgaTQxF,0x241b88,52,other
_ZN10eODlJaQ5OL10VRp9Xa8mxdEv,0x241bc0,88,other
_ZN10eODlJaQ5OL10myF7XaBz3bEv,0x241c1c,8,other
_ZN10eODlJaQ5OL10Osj7Xa_ZLbEb,0x241c28,428,other
_ZN10eODlJaQ5OL10hvx3Xa_NA8Ev,0x241de4,40,other
_ZN10eODlJaQ5OL10pPR7XaXTdcERK10V6P7faBscb,0x241e48,272,other
_Z10soSA2abnDNv,0x241f94,48,other
_ZN20eODlJaQ5OLPropertiesD1Ev,0x241fc4,28,other
_ZN20eODlJaQ5OLPropertiesD2Ev,0x241fc4,28,other
_ZThn16_N20eODlJaQ5OLPropertiesD1Ev,0x241fe0,8,other
_ZN20eODlJaQ5OLPropertiesD0Ev,0x241fe8,56,other
_ZThn16_N20eODlJaQ5OLPropertiesD0Ev,0x242020,8,other
_ZN10pdnkJaZ8KK10rVjVga1mQQERK10C8THgaTQxF10RiQ7IaxCcAP10G0gxgajWBw,0x242228,104,other
_ZN10ULeBJaZ1WYD1Ev,0x2422f4,160,other
_ZN10ULeBJaZ1WYD2Ev,0x2422f4,160,other
_ZN10ULeBJaZ1WYD0Ev,0x242394,32,other
_Z10EdrBJadw6Yfff,0x24247c,268,other
_ZN20ULeBJaZ1WYPropertiesC1Ev,0x242588,156,other
_ZN20ULeBJaZ1WYPropertiesC2Ev,0x242588,156,other
_ZN10ULeBJaZ1WYC1E10jIVAJaS9FYff,0x242624,228,other
_ZN10ULeBJaZ1WYC2E10jIVAJaS9FYff,0x242624,228,other
_ZN10ULeBJaZ1WY10V9SAJa70DYERK10C8THgaTQxFS2_ff,0x242708,308,other
_ZN10ULeBJaZ1WY7processEP10Ox9zJa6D1XP10OeCAJa7MpYbjf,0x242850,684,other
_ZN20pdnkJaZ8KKPropertiesC1Ev,0x242b18,176,other
_ZN20pdnkJaZ8KKPropertiesC2Ev,0x242b18,176,other
_ZN10pdnkJaZ8KKC1EP10eODlJaQ5OL,0x242bc8,536,other
_ZN10pdnkJaZ8KKC2EP10eODlJaQ5OL,0x242bc8,536,other
_ZN10pdnkJaZ8KK10OpHnJat8xNEP10Ox9zJa6D1X,0x242de8,144,other
_ZN10pdnkJaZ8KK10SoLnJaBuBNEv,0x242e78,76,other
_ZN10pdnkJaZ8KK10AXXnJaR2LNEP10Ox9zJa6D1X,0x242ec4,120,other
_ZN10pdnkJaZ8KK10KkIoJa6UoOEv,0x242f3c,120,other
_ZN10pdnkJaZ8KK10KQdpJa1fQOEv,0x242fb8,312,other
_ZN10pdnkJaZ8KKD1Ev,0x2430f4,104,other
_ZN10pdnkJaZ8KKD2Ev,0x2430f4,104,other
_ZN10pdnkJaZ8KKD0Ev,0x24315c,32,other
_ZN10pdnkJaZ8KK10H6RnJah8GNEP10vy1JgaKVkHRK10C8THgaTQxFff,0x24317c,188,other
_ZN10pdnkJaZ8KK10KOPpJalclPERK10C8THgaTQxFff,0x243238,124,other
_ZN10pdnkJaZ8KK10_LMpJa4DiPERK10C8THgaTQxFff,0x243324,124,other
_ZN10pdnkJaZ8KK10hggpJahiSOERK10C8THgaTQxFff,0x243410,124,other
_ZN10pdnkJaZ8KK10gZQiJadbtJEv,0x2434fc,92,other
_ZN10pdnkJaZ8KK10pPXiJaXWyJEv,0x24355c,92,other
_ZN10pdnkJaZ8KK10kAOlJafaYLEi,0x2435bc,516,other
_ZN10pdnkJaZ8KK10ULfmJaZSkMEi,0x2437c4,40,other
_ZN10pdnkJaZ8KK10Gt6lJaI3cMEi,0x2437f0,28,other
_ZN10pdnkJaZ8KK10dCvmJaJcyMEb,0x243810,68,other
_ZN10pdnkJaZ8KK10gR2rJau0cREjf,0x243858,256,other
_ZN10pdnkJaZ8KK10whxrJasCMQEj,0x243960,224,other
_ZN10pdnkJaZ8KK10Ge5qJa_0oQEP10Ox9zJa6D1Xjf,0x243a48,1612,other
_ZN10pdnkJaZ8KK10MP0FfajjYNEP10W6NzgawMJy,0x2440b0,608,other
_ZN10pdnkJaZ8KK10MdwwIafJY3EP10Ox9zJa6D1XP10rizMgadjtJ,0x244310,1800,other
_ZN10pdnkJaZ8KK10tIIEga1dSCEP10W6NzgawMJy,0x244a1c,1192,other
_ZN10pdnkJaZ8KK10U0VggaxqRiEv,0x244ec8,444,other
_ZNK10pdnkJaZ8KK10yk7yIa0M95Ev,0x245084,140,other
_Z10F60yIafy45v,0x245114,224,other
_Z10L7ezIahlg6v,0x2451f4,76,other
_ZN10pdnkJaZ8KK10KiaPgaqhFLERK10V6P7faBscbjb,0x245240,1216,other
_ZN10pdnkJaZ8KK10HaOnJaEPDNEP10Ox9zJa6D1Xjf,0x245794,300,other
_ZN10pdnkJaZ8KK10za3nJawhRNEP10Ox9zJa6D1Xjb,0x2458c0,84,other
_ZN10pdnkJaZ8KK10KLWrJaP26QEjf,0x245914,408,other
_ZN10pdnkJaZ8KK7processEv,0x245aac,592,other
_ZN20ULeBJaZ1WYPropertiesD1Ev,0x245d00,28,other
_ZN20ULeBJaZ1WYPropertiesD2Ev,0x245d00,28,other
_ZThn16_N20ULeBJaZ1WYPropertiesD1Ev,0x245d1c,8,other
_ZN20pdnkJaZ8KKPropertiesD1Ev,0x245d24,28,other
_ZN20pdnkJaZ8KKPropertiesD2Ev,0x245d24,28,other
_ZThn16_N20pdnkJaZ8KKPropertiesD1Ev,0x245d40,8,other
_ZN20ULeBJaZ1WYPropertiesD0Ev,0x245d48,56,other
_ZThn16_N20ULeBJaZ1WYPropertiesD0Ev,0x245d80,8,other
_ZN20pdnkJaZ8KKPropertiesD0Ev,0x245d88,56,other
_ZThn16_N20pdnkJaZ8KKPropertiesD0Ev,0x245dc0,8,other
_ZN10OtwAJaQWkYD1Ev,0x245dc8,20,other
_ZN10OtwAJaQWkYD2Ev,0x245dc8,20,other
_ZN10OtwAJaQWkYD0Ev,0x245ddc,48,other
_ZN10oAgxlbdzBJ5clearEv,0x245e40,44,other
_ZN10oAgxlbdzBJD1Ev,0x245e6c,4,other
_ZN10oAgxlbdzBJD2Ev,0x245e6c,4,other
_ZN10oAgxlbdzBJ10l95wlbsNsJEPhRK10i7FHgaP2lF,0x245e70,40,other
_ZN10oAgxlbdzBJ10NuRwlbFCfJEPhRK10i7FHgaP2lF,0x245e98,132,other
_ZN10oAgxlbdzBJ10Nrjwlb2YNIEv,0x245f1c,148,other
_ZN10VRFGJa8Pv2C1EP10ieJzgaIFFy,0x245fb0,164,other
_ZN10VRFGJa8Pv2C2EP10ieJzgaIFFy,0x245fb0,164,other
_ZN10VRFGJa8Pv25clearEv,0x246054,116,other
_ZN10VRFGJa8Pv210kAXG_a9JKlEi,0x2460c8,156,other
_ZN10VRFGJa8Pv210wgSQgaCg5MEv,0x246164,96,other
_ZN10VRFGJa8Pv2D1Ev,0x2461c4,120,other
_ZN10VRFGJa8Pv2D2Ev,0x2461c4,120,other
_ZN10VRFGJa8Pv2D0Ev,0x24623c,32,other
_ZN10VRFGJa8Pv210py0qgaE4krERK10C8THgaTQxF,0x24625c,4,other
_ZN10VRFGJa8Pv210u08vlb1bFIERK10C8THgaTQxFiiii,0x246260,908,other
_ZN10VRFGJa8Pv210tIIEga1dSCERK10C8THgaTQxFffffiiii,0x2465ec,188,other
_Z10a9OO2ahEmZv,0x2466a8,68,other
_Z10IjhR2akbr0v,0x2466ec,20,other
_ZN10Dq2rua2Ece10JhjWgazQFREv,0x246730,136,other
_ZN10Dq2rua2Ece10tIIEga1dSCEP10W6NzgawMJy,0x2467c0,244,other
_ZN20Dq2rua2EcePropertiesC1Ev,0x2468b4,156,other
_ZN20Dq2rua2EcePropertiesC2Ev,0x2468b4,156,other
_ZN10Dq2rua2EceC1EP10zF9VgaBKxR,0x246950,76,other
_ZN10Dq2rua2EceC2EP10zF9VgaBKxR,0x246950,76,other
_ZN10Dq2rua2Ece10MzWVgaRTlREv,0x24699c,800,other
_Z10jt7uualUNgv,0x246cbc,48,other
_ZN20Dq2rua2EcePropertiesD1Ev,0x246cec,28,other
_ZN20Dq2rua2EcePropertiesD2Ev,0x246cec,28,other
_ZThn16_N20Dq2rua2EcePropertiesD1Ev,0x246d08,8,other
_ZN20Dq2rua2EcePropertiesD0Ev,0x246d10,56,other
_ZThn16_N20Dq2rua2EcePropertiesD0Ev,0x246d48,8,other
_ZN10Dq2rua2EceD1Ev,0x246d50,20,other
_ZN10Dq2rua2EceD2Ev,0x246d50,20,other
_ZN10Dq2rua2EceD0Ev,0x246d64,48,other
_ZN10irqhGaERgb10JhjWgazQFREv,0x246e28,136,other
_ZN10irqhGaERgb10tIIEga1dSCEP10W6NzgawMJy,0x246f44,428,other
_ZN20irqhGaERgbPropertiesC1Ev,0x2470f8,156,other
_ZN20irqhGaERgbPropertiesC2Ev,0x2470f8,156,other
_ZN10irqhGaERgbC1EP10zF9VgaBKxR,0x247194,80,other
_ZN10irqhGaERgbC2EP10zF9VgaBKxR,0x247194,80,other
_Z10DsHgGaPaFav,0x2471e4,44,other
_Z10IBCgGan5Aav,0x247210,48,other
_ZN20irqhGaERgbPropertiesD1Ev,0x247240,28,other
_ZN20irqhGaERgbPropertiesD2Ev,0x247240,28,other
_ZThn16_N20irqhGaERgbPropertiesD1Ev,0x24725c,8,other
_ZN20irqhGaERgbPropertiesD0Ev,0x247264,56,other
_ZThn16_N20irqhGaERgbPropertiesD0Ev,0x24729c,8,other
_ZN10irqhGaERgbD1Ev,0x2472a4,52,other
_ZN10irqhGaERgbD2Ev,0x2472a4,52,other
_ZN10irqhGaERgbD0Ev,0x2472d8,60,other
_ZN10fJ8VgaKXwR10JhjWgazQFREv,0x247318,116,other
_ZN10fJ8VgaKXwRD1Ev,0x24738c,68,other
_ZN10fJ8VgaKXwRD2Ev,0x24738c,68,other
_ZN10fJ8VgaKXwRD0Ev,0x2473d0,32,other
_ZN10fJ8VgaKXwR10tIIEga1dSCEP10W6NzgawMJy,0x2473f0,444,other
_ZN20fJ8VgaKXwRPropertiesC1Ev,0x2475ac,136,other
_ZN20fJ8VgaKXwRPropertiesC2Ev,0x2475ac,136,other
_ZN10fJ8VgaKXwRC1EP10zF9VgaBKxR,0x247634,88,other
_ZN10fJ8VgaKXwRC2EP10zF9VgaBKxR,0x247634,88,other
_ZN10fJ8VgaKXwR10MzWVgaRTlREv,0x24768c,2512,other
_Z10HoJUgawOkQv,0x248078,48,other
_ZN20fJ8VgaKXwRPropertiesD1Ev,0x2480a8,28,other
_ZN20fJ8VgaKXwRPropertiesD2Ev,0x2480a8,28,other
_ZThn16_N20fJ8VgaKXwRPropertiesD1Ev,0x2480c4,8,other
_ZN20fJ8VgaKXwRPropertiesD0Ev,0x2480cc,56,other
_ZThn16_N20fJ8VgaKXwRPropertiesD0Ev,0x248104,8,other
_ZN10dJ10YaC3tX10JhjWgazQFREv,0x248114,136,other
_ZN10dJ10YaC3tX10tIIEga1dSCEP10W6NzgawMJy,0x2481f4,216,other
_ZN20dJ10YaC3tXPropertiesC1Ev,0x2482cc,156,other
_ZN20dJ10YaC3tXPropertiesC2Ev,0x2482cc,156,other
_ZN10dJ10YaC3tX10tLt0YaEE0WEb,0x248368,8,other
_ZN10dJ10YaC3tXC1EP10zF9VgaBKxR,0x248370,88,other
_ZN10dJ10YaC3tXC2EP10zF9VgaBKxR,0x248370,88,other
_ZN10dJ10YaC3tX6AssignEP10vuuHgangcF,0x2483c8,420,other
_Z10O7rR2aehA0v,0x24856c,48,other
_ZN20dJ10YaC3tXPropertiesD1Ev,0x24859c,28,other
_ZN20dJ10YaC3tXPropertiesD2Ev,0x24859c,28,other
_ZThn16_N20dJ10YaC3tXPropertiesD1Ev,0x2485b8,8,other
_ZN20dJ10YaC3tXPropertiesD0Ev,0x2485c0,56,other
_ZThn16_N20dJ10YaC3tXPropertiesD0Ev,0x2485f8,8,other
_ZN10dJ10YaC3tXD1Ev,0x248600,52,other
_ZN10dJ10YaC3tXD2Ev,0x248600,52,other
_ZN10dJ10YaC3tXD0Ev,0x248634,60,other
_ZN10k1h4JaIMdn10JhjWgazQFREv,0x2486bc,152,other
_ZN10k1h4JaIMdn10tIIEga1dSCEP10W6NzgawMJy,0x248754,508,other
_ZN20k1h4JaIMdnPropertiesC1Ev,0x248968,156,other
_ZN20k1h4JaIMdnPropertiesC2Ev,0x248968,156,other
_ZN10k1h4JaIMdnC1EP10zF9VgaBKxR,0x248a04,80,other
_ZN10k1h4JaIMdnC2EP10zF9VgaBKxR,0x248a04,80,other
_Z10Xtw3JaTWzmv,0x248a54,48,other
_ZN20k1h4JaIMdnPropertiesD1Ev,0x248a84,28,other
_ZN20k1h4JaIMdnPropertiesD2Ev,0x248a84,28,other
_ZThn16_N20k1h4JaIMdnPropertiesD1Ev,0x248aa0,8,other
_ZN20k1h4JaIMdnPropertiesD0Ev,0x248aa8,56,other
_ZThn16_N20k1h4JaIMdnPropertiesD0Ev,0x248ae0,8,other
_ZN10k1h4JaIMdnD1Ev,0x248ae8,52,other
_ZN10k1h4JaIMdnD2Ev,0x248ae8,52,other
_ZN10k1h4JaIMdnD0Ev,0x248b1c,60,other
_ZN10gId5RaV8_610JhjWgazQFREv,0x248bec,136,other
_ZN10gId5RaV8_610tIIEga1dSCEP10W6NzgawMJy,0x248c74,220,other
_ZN20gId5RaV8_6PropertiesC1Ev,0x248d50,156,other
_ZN20gId5RaV8_6PropertiesC2Ev,0x248d50,156,other
_ZN10gId5RaV8_6C1EP10zF9VgaBKxR,0x248dec,76,other
_ZN10gId5RaV8_6C2EP10zF9VgaBKxR,0x248dec,76,other
_ZN10gId5RaV8_610MzWVgaRTlREv,0x248e38,3272,other
_Z10Lm_Q2aU4b0v,0x249b10,48,other
_ZN20gId5RaV8_6PropertiesD1Ev,0x249b40,28,other
_ZN20gId5RaV8_6PropertiesD2Ev,0x249b40,28,other
_ZThn16_N20gId5RaV8_6PropertiesD1Ev,0x249b5c,8,other
_ZN20gId5RaV8_6PropertiesD0Ev,0x249b64,56,other
_ZThn16_N20gId5RaV8_6PropertiesD0Ev,0x249b9c,8,other
_ZN10gId5RaV8_6D1Ev,0x249ba4,20,other
_ZN10gId5RaV8_6D2Ev,0x249ba4,20,other
_ZN10gId5RaV8_6D0Ev,0x249bb8,48,other
_ZN10X0HXmbuEQV10JhjWgazQFREv,0x249be8,136,other
_ZN10X0HXmbuEQV10tIIEga1dSCEP10W6NzgawMJy,0x249c70,280,other
_ZN20X0HXmbuEQVPropertiesC1Ev,0x249d90,136,other
_ZN20X0HXmbuEQVPropertiesC2Ev,0x249d90,136,other
_ZN10X0HXmbuEQVC1EP10zF9VgaBKxR,0x249e18,76,other
_ZN10X0HXmbuEQVC2EP10zF9VgaBKxR,0x249e18,76,other
_ZN10X0HXmbuEQV10MzWVgaRTlREv,0x249e64,40,other
_Z10fz9Q2aeFk0v,0x249e8c,48,other
_ZN20X0HXmbuEQVPropertiesD1Ev,0x249ebc,28,other
_ZN20X0HXmbuEQVPropertiesD2Ev,0x249ebc,28,other
_ZThn16_N20X0HXmbuEQVPropertiesD1Ev,0x249ed8,8,other
_ZN20X0HXmbuEQVPropertiesD0Ev,0x249ee0,56,other
_ZThn16_N20X0HXmbuEQVPropertiesD0Ev,0x249f18,8,other
_ZN10X0HXmbuEQVD1Ev,0x249f20,20,other
_ZN10X0HXmbuEQVD2Ev,0x249f20,20,other
_ZN10X0HXmbuEQVD0Ev,0x249f34,48,other
_ZN20C2t_vaQTaxPropertiesC1Ev,0x249f9c,156,other
_ZN20C2t_vaQTaxPropertiesC2Ev,0x249f9c,156,other
_ZN10C2t_vaQTaxC1EP10zF9VgaBKxR,0x24a038,80,other
_ZN10C2t_vaQTaxC2EP10zF9VgaBKxR,0x24a038,80,other
_Z10yHC_vamaixv,0x24a088,48,other
_ZN20C2t_vaQTaxPropertiesD1Ev,0x24a0b8,28,other
_ZN20C2t_vaQTaxPropertiesD2Ev,0x24a0b8,28,other
_ZThn16_N20C2t_vaQTaxPropertiesD1Ev,0x24a0d4,8,other
_ZN20C2t_vaQTaxPropertiesD0Ev,0x24a0dc,56,other
_ZThn16_N20C2t_vaQTaxPropertiesD0Ev,0x24a114,8,other
_ZN10C2t_vaQTaxD1Ev,0x24a11c,48,other
_ZN10C2t_vaQTaxD2Ev,0x24a11c,48,other
_ZN10C2t_vaQTaxD0Ev,0x24a14c,56,other
_Z16DetectFridaLoop2bb,0x24a1ac,44,other
_Z10KgvHgaQVcFi,0x24a268,68,other
_Z16DetectFridaLoop1bbb,0x24a2e8,1796,other
atexit,0x24f3c0,8,other
_Z10npMAGa2kyrv,0x24f3c8,116,other
_Z15find_mem_stringmmPcj,0x24f43c,160,other
_Z24scan_executable_segmentsPc,0x24f4dc,268,other
_Z14read_one_line2iPcj,0x24f5e8,160,other
_Z18detect_frida_loop2Pv,0x24f688,92,other
__set_errno_internal,0x24f6e4,36,other
_Z10ksLXGawxTKP10_thLgaWjoI,0x24f708,12,other
_Z10T3ZXGaXP4KRK10C8THgaTQxF,0x24f714,68,other
_Z10H6TXGanP_KRK10C8THgaTQxFS1_,0x24f758,456,other
_Z10Z3jXGa2uwKRK10C8THgaTQxF,0x24f920,284,other
_Z10IWJPHa2f8tRK10C8THgaTQxFS1_,0x24fa3c,440,other
_Z10puGWGabmZJv,0x24fbf4,116,other
_Z10By2MgaQLSJv,0x24fc68,36,other
_Z10pkTVGaM9iJv,0x24fc8c,292,other
_Z10NVs_GanX9Mv,0x24fdb0,76,other
_Z10_Sn_GaYH5Mv,0x2502f4,716,other
_Z10w45YGaqJ0Lv,0x2505c0,132,other
Java_com_quattroplay_GraalClassic_Natives_QPlayMain,0x250644,1092,JNI
Java_com_quattroplay_GraalClassic_Natives_onSizeChanged,0x250a88,100,JNI
Java_com_quattroplay_GraalClassic_Natives_onMouseEvent,0x250aec,220,JNI
_Z10J0L4Gam0CRv,0x250bc8,412,other
_Z10L_1XHasi7Av,0x250d64,372,other
Java_com_quattroplay_GraalClassic_Natives_QPlayLoop,0x250ee0,1560,JNI
Java_com_quattroplay_GraalClassic_Natives_onKeyEvent,0x251500,308,JNI
Java_com_quattroplay_GraalClassic_Natives_onRegisterEvent,0x251634,316,JNI
Java_com_quattroplay_GraalClassic_Natives_onAddScriptFunction,0x251770,272,JNI
Java_com_quattroplay_GraalClassic_Natives_onAccelerator,0x251880,36,JNI
Java_com_quattroplay_GraalClassic_Natives_onReloadTextures,0x2518a4,16,JNI
Java_com_quattroplay_GraalClassic_Natives_onTextEntered,0x2518b4,244,JNI
Java_com_quattroplay_GraalClassic_Natives_onVideoLoaded,0x2519a8,128,JNI
Java_com_quattroplay_GraalClassic_Natives_onVideoFinished,0x251a28,180,JNI
Java_com_quattroplay_GraalClassic_Natives_onAppEnterBackground,0x251adc,208,JNI
Java_com_quattroplay_GraalClassic_Natives_onAppLeaveBackground,0x251bac,88,JNI
Java_com_quattroplay_GraalClassic_Natives_onAppPause,0x251c04,72,JNI
Java_com_quattroplay_GraalClassic_Natives_onAppResume,0x251c4c,208,JNI
Java_com_quattroplay_GraalClassic_Natives_onAmazonUser,0x251d1c,332,JNI
Java_com_quattroplay_GraalClassic_Natives_onAmazonPurchase,0x251e68,708,JNI
Java_com_quattroplay_GraalClassic_Natives_onAmazonHistory,0x25212c,592,JNI
Java_com_quattroplay_GraalClassic_Natives_onMobirooUser,0x25237c,332,JNI
Java_com_quattroplay_GraalClassic_Natives_onMobirooInAppItems,0x2524c8,332,JNI
Java_com_quattroplay_GraalClassic_Natives_onMobirooPurchase,0x252614,332,JNI
Java_com_quattroplay_GraalClassic_Natives_onMobirooPurchaseUpdate,0x252760,332,JNI
Java_com_quattroplay_GraalClassic_Natives_onAmazonHistoryDone,0x2528ac,224,JNI
Java_com_quattroplay_GraalClassic_Natives_onGooglePlayInitialized,0x25298c,108,JNI
Java_com_quattroplay_GraalClassic_Natives_onGooglePlayPurchase,0x2529f8,580,JNI
Java_com_quattroplay_GraalClassic_Natives_onUpdateVideoPlayerRectangle,0x252c3c,28,JNI
_Z10Z3iMga2EfJv,0x252c58,116,other
_Z10l6QLgaWhSIPv,0x252ccc,124,other
_Z10A5RLgaq7SIPviiii,0x252d48,180,other
_Z10dXRLgau_SIPvb,0x252dfc,136,other
_Z10oESLgaAATIPvb,0x252e84,136,other
_Z10MpSLgaroTIPvRK10C8THgaTQxF,0x252f0c,300,other
_Z10GuSLgassTIPvRK10C8THgaTQxF,0x253038,300,other
_Z10_al0FaXqUXPKcPc,0x253164,136,other
_Z10gla0FatjLXv,0x253304,104,other
_Z10ZwR_FarEuXv,0x25336c,20,other
Java_com_quattroplay_GraalClassic_Natives_onInvokeEvent,0x253380,452,JNI
_ZN7_JNIEnv16CallObjectMethodEP8_jobjectP10_jmethodIDz,0x253b94,140,other
_ZN7_JNIEnv22CallStaticObjectMethodEP7_jclassP10_jmethodIDz,0x253c20,140,other
_ZN7_JNIEnv19CallStaticIntMethodEP7_jclassP10_jmethodIDz,0x253cac,140,other
_ZN10aROxJaio3V10qMQh2ar0CxEv,0x253d38,224,other
_ZN10aROxJaio3V10EMnh2azCexEv,0x253e18,364,other
_ZN10aROxJaio3V4initEv,0x253f84,56,other
des_ecb_encrypt,0x254224,288,crypto-like
des_ecb_decrypt,0x254344,288,crypto-like
des3_ecb_encrypt,0x254464,324,crypto-like
des3_ecb_decrypt,0x2545a8,324,crypto-like
des_keysize,0x2546ec,96,crypto-like
des3_keysize,0x25474c,96,crypto-like
_Z6deskeyPKhsPm,0x2547ac,628,crypto-like
des_setup,0x254a60,212,crypto-like
des_test,0x254b34,344,crypto-like
des3_setup,0x254c8c,312,crypto-like
des3_test,0x254ee0,40,crypto-like
crypt_argchk,0x254f08,60,other
find_cipher,0x254f44,144,other
find_hash,0x254fd4,144,other
find_prng,0x255064,144,crypto-like
find_cipher_id,0x2550f4,92,other
find_hash_id,0x255150,84,other
find_cipher_any,0x2551a4,168,other
find_hash_any,0x25524c,164,other
register_cipher,0x2552f0,236,other
unregister_cipher,0x2553dc,180,other
register_hash,0x255490,248,other
unregister_hash,0x255588,156,other
register_prng,0x255624,256,crypto-like
unregister_prng,0x255724,172,crypto-like
cipher_is_valid,0x2557d0,60,other
hash_is_valid,0x25580c,52,other
prng_is_valid,0x255840,60,crypto-like
unzStringFileNameCompare2,0x257940,140,other
unzGetGlobalInfo2,0x2579cc,32,other
unzGetCurrentFileInfo2,0x2579ec,72,other
unzGoToFirstFile2,0x257a34,96,other
unzOpen22,0x257a94,2256,other
unzOpen1,0x258364,8,other
unzGoToNextFile2,0x25836c,172,other
unzLocateFile2,0x258418,292,other
unzGetFilePos1,0x25853c,60,other
unzGoToFilePos1,0x258578,108,other
unzReadCurrentFile1,0x2585e4,940,other
unztell1,0x258990,28,other
unzeof1,0x2589ac,36,other
unzGetLocalExtrafield1,0x2589d0,192,other
unzCloseCurrentFile1,0x258a90,144,other
unzClose1,0x258b20,76,other
unzOpenCurrentFile4,0x258b6c,912,other
unzOpenCurrentFile1,0x258efc,20,other
unzOpenCurrentFilePassword2,0x258f10,20,other
unzOpenCurrentFile22,0x258f24,8,other
unzGetGlobalComment2,0x258f2c,180,other
unzGetOffset1,0x258fe0,76,other
_Z13unzSetOffset1Pvm,0x25902c,100,other
_Z15fopen_file_funcPvPKci,0x259090,76,other
_Z15fread_file_funcPvS_S_m,0x2590dc,24,other
_Z16fwrite_file_funcPvS_PKvm,0x2590f4,24,other
_Z15ftell_file_funcPvS_,0x25910c,8,other
_Z15fseek_file_funcPvS_mi,0x259114,76,other
_Z16fclose_file_funcPvS_,0x259160,8,other
_Z16ferror_file_funcPvS_,0x259168,8,other
fill_fopen_filefunc2,0x259170,92,other
FT_RoundFix,0x2591d0,36,FreeType/TrueType
FT_CeilFix,0x2591f4,40,FreeType/TrueType
FT_FloorFix,0x25921c,28,FreeType/TrueType
FT_MulDiv,0x259238,272,FreeType/TrueType
FT_MulDiv_No_Round,0x259348,236,FreeType/TrueType
FT_MulFix,0x259434,120,FreeType/TrueType
FT_DivFix,0x2594ac,168,FreeType/TrueType
FT_Matrix_Multiply_Scaled,0x259554,240,FreeType/TrueType
FT_Vector_Transform_Scaled,0x259644,144,FreeType/TrueType
FT_SqrtFixed,0x2596d4,84,FreeType/TrueType
ft_corner_orientation,0x259728,228,FreeType/TrueType
ft_corner_is_flat,0x25980c,88,FreeType/TrueType
FT_GlyphLoader_Rewind,0x259864,64,FreeType/TrueType
FT_GlyphLoader_Prepare,0x2598a4,128,FreeType/TrueType
FT_GlyphLoader_Add,0x259924,316,FreeType/TrueType
ft_service_list_lookup,0x259a60,100,FreeType/TrueType
ft_validator_init,0x259ac4,20,FreeType/TrueType
ft_validator_run,0x259ad8,8,FreeType/TrueType
ft_validator_error,0x259ae0,32,FreeType/TrueType
FT_Set_Transform,0x259b00,168,FreeType/TrueType
FT_Match_Size,0x259ba8,320,FreeType/TrueType
ft_synthesize_vertical_metrics,0x259ce8,76,FreeType/TrueType
FT_Select_Metrics,0x259d34,276,FreeType/TrueType
FT_Request_Metrics,0x259e48,780,FreeType/TrueType
FT_Select_Size,0x25a154,132,FreeType/TrueType
FT_Request_Size,0x25a1d8,204,FreeType/TrueType
FT_Set_Char_Size,0x25a2a4,124,FreeType/TrueType
FT_Set_Pixel_Sizes,0x25a320,116,FreeType/TrueType
FT_Get_Kerning,0x25a394,320,FreeType/TrueType
FT_Get_Track_Kerning,0x25a4d4,192,FreeType/TrueType
FT_Select_Charmap,0x25a594,276,FreeType/TrueType
FT_Get_Charmap_Index,0x25a6a8,92,FreeType/TrueType
FT_Get_Char_Index,0x25a704,60,FreeType/TrueType
FT_Get_Next_Char,0x25a740,104,FreeType/TrueType
FT_Get_First_Char,0x25a7a8,104,FreeType/TrueType
FT_Get_Name_Index,0x25a810,172,FreeType/TrueType
FT_Get_Glyph_Name,0x25a8bc,200,FreeType/TrueType
FT_Get_Postscript_Name,0x25a984,144,FreeType/TrueType
FT_Get_Sfnt_Table,0x25aa14,120,FreeType/TrueType
FT_Load_Sfnt_Table,0x25aa8c,204,FreeType/TrueType
FT_Sfnt_Table_Info,0x25ab58,196,FreeType/TrueType
FT_Get_CMap_Language_ID,0x25ac1c,112,FreeType/TrueType
FT_Get_CMap_Format,0x25ac8c,112,FreeType/TrueType
FT_Set_Charmap,0x25acfc,176,FreeType/TrueType
FT_Face_GetCharVariantIndex,0x25adac,204,FreeType/TrueType
FT_Face_GetCharVariantIsDefault,0x25ae78,172,FreeType/TrueType
FT_Face_GetVariantSelectors,0x25af24,148,FreeType/TrueType
FT_Face_GetVariantsOfChar,0x25afb8,168,FreeType/TrueType
FT_Face_GetCharsOfVariant,0x25b060,168,FreeType/TrueType
FT_Activate_Size,0x25b108,40,FreeType/TrueType
FT_Lookup_Renderer,0x25b130,80,FreeType/TrueType
FT_Get_Renderer,0x25b180,8,FreeType/TrueType
FT_Get_Module,0x25b188,140,FreeType/TrueType
FT_Get_Module_Interface,0x25b214,44,FreeType/TrueType
ft_module_get_service,0x25b240,168,FreeType/TrueType
FT_Library_Version,0x25b2e8,60,FreeType/TrueType
FT_Set_Debug_Hook,0x25b324,40,FreeType/TrueType
FT_Get_TrueType_Engine_Type,0x25b34c,76,FreeType/TrueType
FT_Get_SubGlyph_Info,0x25b398,120,FreeType/TrueType
FT_Outline_Decompose,0x25b410,1112,FreeType/TrueType
FT_Outline_Check,0x25b868,120,FreeType/TrueType
FT_Outline_Copy,0x25b8e0,176,FreeType/TrueType
FT_Outline_Get_CBox,0x25b990,628,FreeType/TrueType
FT_Outline_Translate,0x25bc04,72,FreeType/TrueType
FT_Outline_Reverse,0x25bc4c,180,FreeType/TrueType
FT_Vector_Transform,0x25bd00,124,FreeType/TrueType
FT_Outline_Transform,0x25bd7c,84,FreeType/TrueType
FT_Outline_Get_Orientation,0x25bdd0,1400,FreeType/TrueType
FT_Raccess_Guess,0x25c370,296,FreeType/TrueType
FT_Stream_OpenMemory,0x25c498,28,FreeType/TrueType
FT_Stream_Close,0x25c4b4,36,FreeType/TrueType
FT_Stream_Seek,0x25c4d8,84,FreeType/TrueType
FT_Stream_Skip,0x25c52c,24,FreeType/TrueType
FT_Stream_Pos,0x25c544,8,FreeType/TrueType
FT_Stream_ReadAt,0x25c54c,168,FreeType/TrueType
FT_Stream_Read,0x25c5f4,20,FreeType/TrueType
FT_Stream_TryRead,0x25c608,132,FreeType/TrueType
FT_Stream_GetChar,0x25c68c,40,FreeType/TrueType
FT_Stream_GetShort,0x25c6b4,56,FreeType/TrueType
FT_Stream_GetShortLE,0x25c6ec,56,FreeType/TrueType
FT_Stream_GetOffset,0x25c724,68,FreeType/TrueType
FT_Stream_GetLong,0x25c768,76,FreeType/TrueType
FT_Stream_GetLongLE,0x25c7b4,76,FreeType/TrueType
FT_Stream_ReadChar,0x25c800,148,FreeType/TrueType
FT_Stream_ReadShort,0x25c894,172,FreeType/TrueType
FT_Raccess_Get_HeaderInfo,0x25c940,764,FreeType/TrueType
FT_Stream_ReadShortLE,0x25cc3c,172,FreeType/TrueType
FT_Stream_ReadOffset,0x25cce8,188,FreeType/TrueType
FT_Stream_ReadLong,0x25cda4,196,FreeType/TrueType
FT_Stream_ReadLongLE,0x25ce68,196,FreeType/TrueType
FT_Cos,0x25cf2c,236,FreeType/TrueType
FT_Sin,0x25d018,12,FreeType/TrueType
FT_Tan,0x25d024,220,FreeType/TrueType
FT_Atan2,0x25d100,400,FreeType/TrueType
FT_Vector_Unit,0x25d290,252,FreeType/TrueType
FT_Vector_Rotate,0x25d38c,616,FreeType/TrueType
FT_Vector_Length,0x25d5f4,404,FreeType/TrueType
FT_Vector_Polarize,0x25d788,492,FreeType/TrueType
FT_Vector_From_Polar,0x25d974,16,FreeType/TrueType
FT_Angle_Diff,0x25d984,92,FreeType/TrueType
FT_Outline_Embolden,0x25d9e0,656,FreeType/TrueType
ft_mem_qalloc,0x25dc70,88,FreeType/TrueType
ft_mem_alloc,0x25dcc8,84,FreeType/TrueType
FT_GlyphLoader_New,0x25dd1c,68,FreeType/TrueType
ft_mem_free,0x25dd60,32,FreeType/TrueType
FT_GlyphLoader_Reset,0x25dd80,136,FreeType/TrueType
FT_GlyphLoader_Done,0x25de08,56,FreeType/TrueType
FT_Stream_New,0x25de40,268,FreeType/TrueType
FT_Stream_Free,0x25df4c,76,FreeType/TrueType
FT_Attach_Stream,0x25df98,160,FreeType/TrueType
FT_Attach_File,0x25e038,64,FreeType/TrueType
ft_glyphslot_free_bitmap,0x25e078,88,FreeType/TrueType
ft_glyphslot_set_bitmap,0x25e0d0,40,FreeType/TrueType
ft_glyphslot_alloc_bitmap,0x25e0f8,108,FreeType/TrueType
FT_New_GlyphSlot,0x25e164,416,FreeType/TrueType
FT_New_Library,0x25e36c,168,FreeType/TrueType
FT_Outline_Done_Internal,0x25e414,144,FreeType/TrueType
FT_Outline_Done,0x25e4a4,20,FreeType/TrueType
FT_Stream_ReleaseFrame,0x25e4b8,48,FreeType/TrueType
FT_Stream_EnterFrame,0x25e4e8,280,FreeType/TrueType
FT_Stream_ExtractFrame,0x25e600,56,FreeType/TrueType
FT_Stream_ExitFrame,0x25e638,56,FreeType/TrueType
FT_Stream_ReadFields,0x25e670,572,FreeType/TrueType
ft_mem_qrealloc,0x25e8ac,264,FreeType/TrueType
ft_mem_realloc,0x25e9b4,120,FreeType/TrueType
FT_GlyphLoader_CreateExtra,0x25ea2c,156,FreeType/TrueType
FT_GlyphLoader_CheckPoints,0x25eac8,520,FreeType/TrueType
FT_GlyphLoader_CopyPoints,0x25ecd0,312,FreeType/TrueType
FT_GlyphLoader_CheckSubGlyphs,0x25ee08,188,FreeType/TrueType
FT_CMap_Done,0x25eec4,356,FreeType/TrueType
FT_Outline_New_Internal,0x25f028,304,FreeType/TrueType
FT_Outline_New,0x25f158,20,FreeType/TrueType
FT_Raccess_Get_DataOffsets,0x25f16c,596,FreeType/TrueType
FT_CMap_New,0x25f3c0,328,FreeType/TrueType
FT_Done_GlyphSlot,0x25f508,212,FreeType/TrueType
ft_mem_dup,0x25f5dc,100,FreeType/TrueType
ft_mem_strdup,0x25f640,84,FreeType/TrueType
ft_mem_strcpyn,0x25f694,96,FreeType/TrueType
FT_List_Find,0x25f6f4,44,FreeType/TrueType
FT_List_Add,0x25f720,40,FreeType/TrueType
FT_New_Size,0x25f748,312,FreeType/TrueType
FT_List_Insert,0x25f880,40,FreeType/TrueType
FT_List_Remove,0x25f8a8,44,FreeType/TrueType
FT_Done_Size,0x25f8d4,296,FreeType/TrueType
FT_List_Up,0x25f9fc,56,FreeType/TrueType
FT_Set_Renderer,0x25fa34,212,FreeType/TrueType
FT_Render_Glyph_Internal,0x25fb08,256,FreeType/TrueType
FT_Render_Glyph,0x25fc08,36,FreeType/TrueType
FT_Load_Glyph,0x25fc2c,1112,FreeType/TrueType
FT_Load_Char,0x260084,72,FreeType/TrueType
FT_Outline_Render,0x2600cc,260,FreeType/TrueType
FT_Outline_Get_Bitmap,0x2601d0,96,FreeType/TrueType
FT_List_Iterate,0x260230,88,FreeType/TrueType
FT_List_Finalize,0x260288,120,FreeType/TrueType
FT_Remove_Module,0x260440,572,FreeType/TrueType
FT_Add_Module,0x26067c,764,FreeType/TrueType
FT_Done_Face,0x260978,416,FreeType/TrueType
FT_Open_Face,0x260b18,1708,FreeType/TrueType
FT_New_Face,0x2611c4,60,FreeType/TrueType
FT_New_Memory_Face,0x261200,76,FreeType/TrueType
FT_Done_Library,0x26124c,228,FreeType/TrueType
ft_highpow2,0x261330,24,FreeType/TrueType
FT_Add_Default_Modules,0x261348,68,FreeType/TrueType
FT_Init_FreeType,0x26138c,140,FreeType/TrueType
FT_Done_FreeType,0x261418,44,FreeType/TrueType
FT_GlyphSlot_Own_Bitmap,0x261444,200,FreeType/TrueType
FT_GlyphSlot_Embolden,0x26150c,424,FreeType/TrueType
ft_alloc,0x2616b4,8,FreeType/TrueType
ft_realloc,0x2616bc,12,FreeType/TrueType
ft_free,0x2616c8,8,FreeType/TrueType
ft_ansi_stream_close,0x2616d0,44,FreeType/TrueType
ft_ansi_stream_io,0x2616fc,72,FreeType/TrueType
FT_Stream_Open,0x261744,168,FreeType/TrueType
FT_New_Memory,0x2617ec,72,FreeType/TrueType
FT_Done_Memory,0x261834,32,FreeType/TrueType
tt_cmap_init,0x261860,12,FreeType/TrueType
tt_cmap0_char_index,0x26186c,28,FreeType/TrueType
tt_cmap0_char_next,0x261888,64,FreeType/TrueType
tt_cmap0_get_info,0x2618c8,36,FreeType/TrueType
tt_cmap2_char_next,0x2618ec,344,FreeType/TrueType
tt_cmap2_get_info,0x261a44,40,FreeType/TrueType
tt_cmap4_init,0x261a6c,48,FreeType/TrueType
tt_cmap4_get_info,0x261a9c,40,FreeType/TrueType
tt_cmap6_char_index,0x261ac4,72,FreeType/TrueType
tt_cmap6_char_next,0x261b0c,164,FreeType/TrueType
tt_cmap6_get_info,0x261bb0,40,FreeType/TrueType
tt_cmap8_char_index,0x261bd8,216,FreeType/TrueType
tt_cmap8_char_next,0x261cb0,228,FreeType/TrueType
tt_cmap8_get_info,0x261d94,56,FreeType/TrueType
tt_cmap10_char_index,0x261dcc,112,FreeType/TrueType
tt_cmap10_char_next,0x261e3c,188,FreeType/TrueType
tt_cmap10_get_info,0x261ef8,56,FreeType/TrueType
tt_cmap12_init,0x261f30,56,FreeType/TrueType
tt_cmap12_get_info,0x261f68,56,FreeType/TrueType
tt_cmap14_init,0x261fa0,60,FreeType/TrueType
tt_cmap14_char_index,0x261fdc,8,FreeType/TrueType
tt_cmap14_char_next,0x261fe4,12,FreeType/TrueType
tt_cmap14_get_info,0x261ff0,24,FreeType/TrueType
tt_cmap0_validate,0x262290,160,FreeType/TrueType
tt_cmap2_validate,0x262330,548,FreeType/TrueType
tt_cmap4_validate,0x262554,1116,FreeType/TrueType
tt_cmap6_validate,0x2629b0,244,FreeType/TrueType
tt_cmap8_validate,0x262aa4,760,FreeType/TrueType
tt_cmap10_validate,0x262d9c,264,FreeType/TrueType
tt_cmap12_validate,0x262ea4,468,FreeType/TrueType
tt_cmap14_validate,0x263078,896,FreeType/TrueType
tt_cmap14_done,0x2633f8,56,FreeType/TrueType
sfnt_get_interface,0x263a4c,12,FreeType/TrueType
tt_cmap2_char_index,0x2656dc,232,FreeType/TrueType
tt_cmap14_variants,0x2657c4,224,FreeType/TrueType
tt_cmap12_char_index,0x2658a4,232,FreeType/TrueType
tt_cmap14_char_variants,0x26598c,640,FreeType/TrueType
tt_cmap14_char_var_isdefault,0x265c0c,752,FreeType/TrueType
tt_cmap14_char_var_index,0x265efc,768,FreeType/TrueType
tt_cmap4_char_next,0x2661fc,2212,FreeType/TrueType
tt_cmap12_char_next,0x266aa0,912,FreeType/TrueType
tt_cmap4_char_index,0x266e30,1072,FreeType/TrueType
tt_cmap14_variant_chars,0x267260,2772,FreeType/TrueType
TT_Load_Glyph_Header,0x26b8c4,144,FreeType/TrueType
Read_CVT,0x26b9c4,12,other
Write_CVT,0x26b9d0,12,other
Move_CVT,0x26b9dc,20,other
TT_Load_Simple_Glyph,0x26c4b4,1200,FreeType/TrueType
TT_Access_Glyph_Frame,0x26ca28,144,FreeType/TrueType
TT_Forget_Glyph_Frame,0x26cfa0,8,FreeType/TrueType
TT_Load_Composite_Glyph,0x26cfa8,596,FreeType/TrueType
tt_get_interface,0x26da5c,116,FreeType/TrueType
Read_CVT_Stretched,0x26ef8c,204,other
Write_CVT_Stretched,0x26f058,220,other
Move_CVT_Stretched,0x26f134,200,other
TT_RunIns,0x272a58,10156,FreeType/TrueType
TT_New_Context,0x275204,312,FreeType/TrueType
af_autofitter_init,0x276370,68,FreeType/TrueType
af_autofitter_done,0x277768,216,FreeType/TrueType
af_autofitter_load_glyph,0x27e644,952,FreeType/TrueType
_Z26af_glyph_hints_dump_pointsP17AF_GlyphHintsRec_,0x27e9fc,4,crypto-like
_Z28af_glyph_hints_dump_segmentsP17AF_GlyphHintsRec_,0x27ea00,4,crypto-like
_Z25af_glyph_hints_dump_edgesP17AF_GlyphHintsRec_,0x27ea04,4,crypto-like
FT_Bitmap_New,0x27ea08,36,FreeType/TrueType
FT_Bitmap_Copy,0x27ea2c,296,FreeType/TrueType
FT_Bitmap_Convert,0x27eb54,2144,FreeType/TrueType
FT_Bitmap_Done,0x27f3b4,108,FreeType/TrueType
FT_Bitmap_Embolden,0x27f420,2496,FreeType/TrueType
ft_bitmap_glyph_bbox,0x27fde0,68,FreeType/TrueType
ft_outline_glyph_prepare,0x27fe24,60,FreeType/TrueType
ft_bitmap_glyph_copy,0x27fe60,40,FreeType/TrueType
ft_bitmap_glyph_done,0x27fe88,12,FreeType/TrueType
ft_outline_glyph_init,0x27fe94,116,FreeType/TrueType
ft_outline_glyph_copy,0x27ff08,80,FreeType/TrueType
ft_outline_glyph_done,0x27ff58,12,FreeType/TrueType
ft_outline_glyph_transform,0x27ff64,72,FreeType/TrueType
ft_outline_glyph_bbox,0x27ffac,8,FreeType/TrueType
ft_bitmap_glyph_init,0x27ffb4,192,FreeType/TrueType
FT_Matrix_Multiply,0x280074,204,FreeType/TrueType
FT_Matrix_Invert,0x280140,164,FreeType/TrueType
FT_Glyph_Transform,0x2801e4,120,FreeType/TrueType
FT_Glyph_Get_CBox,0x28025c,228,FreeType/TrueType
FT_Done_Glyph,0x280340,76,FreeType/TrueType
FT_Glyph_Copy,0x28038c,228,FreeType/TrueType
FT_Get_Glyph,0x280470,328,FreeType/TrueType
FT_Glyph_To_Bitmap,0x2805b8,520,FreeType/TrueType
BZ2_bzCompressInit,0x281088,652,bzip2
BZ2_bzCompress,0x281314,472,bzip2
BZ2_bzCompressEnd,0x2814ec,156,bzip2
BZ2_bzDecompressInit,0x281588,236,bzip2
_Z14BZ2_indexIntoFiPi,0x281674,56,bzip2
BZ2_bzDecompress,0x2816ac,3156,bzip2
BZ2_bzDecompressEnd,0x282300,156,bzip2
BZ2_bzBuffToBuffCompress,0x28239c,324,bzip2
BZ2_bzBuffToBuffDecompress,0x2824e0,316,bzip2
BZ2_bzlibVersion,0x28261c,12,bzip2
_Z15BZ2_bsInitWriteP6EState,0x2861a0,12,bzip2
_Z17BZ2_compressBlockP6EStateh,0x2861ac,3932,bzip2
_Z14BZ2_decompressP6DState,0x287120,12616,bzip2
_Z21BZ2_hbMakeCodeLengthsPhPiii,0x28a280,1460,bzip2
_Z17BZ2_hbAssignCodesPiPhiii,0x28a834,96,bzip2
_Z24BZ2_hbCreateDecodeTablesPiS_S_Phiii,0x28a894,716,bzip2
_Z13BZ2_blockSortP6EState,0x28ca40,296,bzip2
compress2,0x28cb68,208,other
compress,0x28cc38,8,other
compressBound,0x28cc40,20,other
get_crc_table,0x28ce54,12,other
crc32,0x28ce60,828,zlib
crc32_combine,0x28d19c,4,zlib
_Z15crc32_combine64mml,0x28d1a0,4,other
deflateSetDictionary,0x28ed08,312,zlib
deflateReset,0x28ee40,336,zlib
deflateSetHeader,0x28ef90,44,zlib
deflatePrime,0x28efbc,52,zlib
deflateTune,0x28eff0,44,zlib
deflateBound,0x28f01c,264,zlib
deflate,0x28f124,7120,zlib
deflateParams,0x290cf4,244,zlib
deflateEnd,0x290de8,244,zlib
deflateInit2_,0x290edc,680,zlib
deflateInit_,0x291184,28,zlib
deflateCopy,0x2911a0,440,zlib
inflateReset,0x291358,124,zlib
inflateReset2,0x2913d4,176,zlib
inflateInit2_,0x291484,260,zlib
inflateInit_,0x291588,20,zlib
inflatePrime,0x29159c,108,zlib
inflate,0x291608,8496,zlib
inflateEnd,0x293738,96,zlib
inflateSetDictionary,0x293798,560,zlib
inflateGetHeader,0x2939c8,44,zlib
inflateSync,0x2939f4,660,zlib
inflateSyncPoint,0x293c88,56,zlib
inflateCopy,0x293cc0,352,zlib
inflateUndermine,0x293e20,36,zlib
inflateMark,0x293e44,92,zlib
uncompress,0x296ee0,224,other
zlibVersion,0x296fc0,12,zlib
zlibCompileFlags,0x296fcc,12,zlib
zError,0x296fd8,24,zlib
adler32,0x297000,1452,zlib
adler32_combine,0x2975ac,220,zlib
_Z17adler32_combine64mml,0x297688,220,other
jpeg_CreateDecompress,0x298208,280,JPEG-like
jpeg_destroy_decompress,0x298320,4,JPEG-like
jpeg_abort_decompress2,0x298324,4,JPEG-like
jpeg_consume_input,0x298328,708,JPEG-like
jpeg_read_header,0x2985ec,164,JPEG-like
jpeg_input_complete,0x298690,76,JPEG-like
jpeg_has_multiple_scans,0x2986dc,76,JPEG-like
jpeg_finish_decompress,0x298728,236,JPEG-like
jpeg_start_decompress,0x298814,504,JPEG-like
jpeg_read_scanlines,0x298a0c,240,JPEG-like
jpeg_read_raw_data,0x298afc,308,JPEG-like
jpeg_start_output,0x298c30,376,JPEG-like
jpeg_finish_output,0x298da8,188,JPEG-like
jpeg_stdio_dest,0x298fcc,96,JPEG-like
jpeg_stdio_src,0x29920c,168,JPEG-like
_Z22jinit_input_controllerP22jpeg_decompress_struct,0x299fb8,112,JPEG-like
jpeg_resync_to_restart,0x29c198,768,JPEG-like
_Z19jinit_marker_readerP22jpeg_decompress_struct,0x29c498,248,JPEG-like
jpeg_save_markers,0x29c590,280,JPEG-like
jpeg_set_marker_processor,0x29c6a8,108,JPEG-like
jpeg_calc_output_dimensions,0x29c920,876,JPEG-like
jpeg_new_colormap,0x29cc8c,164,JPEG-like
_Z23jinit_master_decompressP22jpeg_decompress_struct,0x29cd30,1308,JPEG-like
_Z22jinit_merged_upsamplerP22jpeg_decompress_struct,0x29d808,416,JPEG-like
_Z19jinit_phuff_decoderP22jpeg_decompress_struct,0x29ea4c,284,JPEG-like
_Z23jinit_d_post_controllerP22jpeg_decompress_structi,0x29ef00,220,JPEG-like
_Z15jinit_upsamplerP22jpeg_decompress_struct,0x29fc9c,640,JPEG-like
jpeg_std_error,0x2a00fc,108,JPEG-like
_Z16jinit_memory_mgrP18jpeg_common_struct,0x2a21b8,416,JPEG-like
_Z14jpeg_get_smallP18jpeg_common_structm,0x2a2358,8,JPEG-like
_Z15jpeg_free_smallP18jpeg_common_structPvm,0x2a2360,8,JPEG-like
_Z14jpeg_get_largeP18jpeg_common_structm,0x2a2368,8,JPEG-like
_Z15jpeg_free_largeP18jpeg_common_structPvm,0x2a2370,8,JPEG-like
_Z18jpeg_mem_availableP18jpeg_common_structlll,0x2a2378,8,JPEG-like
_Z23jpeg_open_backing_storeP18jpeg_common_structP20backing_store_structl,0x2a2380,40,JPEG-like
_Z13jpeg_mem_initP18jpeg_common_struct,0x2a23a8,8,JPEG-like
_Z13jpeg_mem_termP18jpeg_common_struct,0x2a23b0,4,JPEG-like
_Z21jinit_1pass_quantizerP22jpeg_decompress_struct,0x2a2f88,1880,JPEG-like
_Z21jinit_2pass_quantizerP22jpeg_decompress_struct,0x2a4f70,692,JPEG-like
_Z13jdiv_round_upll,0x2a52b0,16,JPEG-like
_Z9jround_upll,0x2a52c0,24,other
_Z17jcopy_sample_rowsPPhiS0_iij,0x2a52d8,96,JPEG-like
_Z15jcopy_block_rowPA64_sS0_j,0x2a5338,20,JPEG-like
_Z9jzero_farPvm,0x2a534c,12,other
jpeg_CreateCompress2,0x2a5358,268,JPEG-like
jpeg_destroy_compress2,0x2a5464,4,JPEG-like
jpeg_abort_compress2,0x2a5468,4,JPEG-like
jpeg_suppress_tables,0x2a546c,148,JPEG-like
jpeg_finish_compress,0x2a5500,360,JPEG-like
jpeg_write_marker,0x2a5668,180,JPEG-like
jpeg_write_m_header,0x2a571c,112,JPEG-like
jpeg_write_m_byte,0x2a578c,32,JPEG-like
jpeg_write_tables,0x2a57ac,136,JPEG-like
jpeg_start_compress,0x2a5834,176,JPEG-like
jpeg_write_scanlines,0x2a58e4,260,JPEG-like
jpeg_write_raw_data,0x2a59e8,328,JPEG-like
_Z19jinit_marker_writerP20jpeg_compress_struct,0x2a8b78,136,JPEG-like
jpeg_add_quant_table,0x2a8c00,372,JPEG-like
jpeg_set_linear_quality,0x2a8d74,96,JPEG-like
jpeg_quality_scaling,0x2a8dd4,72,JPEG-like
jpeg_set_quality,0x2a8e1c,48,JPEG-like
jpeg_set_colorspace,0x2a8e4c,840,JPEG-like
jpeg_default_colorspace,0x2a9194,180,JPEG-like
jpeg_set_defaults,0x2a9248,932,JPEG-like
jpeg_simple_progression,0x2a95ec,1124,JPEG-like
jpeg_abort,0x2a9a50,84,JPEG-like
jpeg_destroy,0x2a9aa4,48,JPEG-like
jpeg_alloc_quant_table,0x2a9ad4,44,JPEG-like
jpeg_alloc_huff_table,0x2a9b00,44,JPEG-like
_Z23jinit_d_coef_controllerP22jpeg_decompress_structi,0x2aad18,448,JPEG-like
_Z23jinit_color_deconverterP22jpeg_decompress_struct,0x2ab454,1064,JPEG-like
_Z17jinit_inverse_dctP22jpeg_decompress_struct,0x2abc20,168,JPEG-like
_Z23jpeg_make_d_derived_tblP22jpeg_decompress_structiiPP13d_derived_tbl,0x2abcc8,2680,JPEG-like
_Z20jpeg_fill_bit_bufferP21bitread_working_statelii,0x2ac8b8,388,JPEG-like
_Z16jpeg_huff_decodeP21bitread_working_stateliP13d_derived_tbli,0x2aca3c,360,JPEG-like
_Z18jinit_huff_decoderP22jpeg_decompress_struct,0x2ad09c,108,JPEG-like
_Z23jinit_d_main_controllerP22jpeg_decompress_structi,0x2ad964,496,JPEG-like
_Z15jpeg_idct_floatP22jpeg_decompress_structP19jpeg_component_infoPsPPhj,0x2adb54,892,JPEG-like
_Z15jpeg_idct_ifastP22jpeg_decompress_structP19jpeg_component_infoPsPPhj,0x2adee0,1136,JPEG-like
_Z15jpeg_idct_islowP22jpeg_decompress_structP19jpeg_component_infoPsPPhj,0x2ae350,1380,JPEG-like
_Z13jpeg_idct_4x4P22jpeg_decompress_structP19jpeg_component_infoPsPPhj,0x2ae8b4,856,JPEG-like
_Z13jpeg_idct_2x2P22jpeg_decompress_structP19jpeg_component_infoPsPPhj,0x2aec0c,664,JPEG-like
_Z13jpeg_idct_1x1P22jpeg_decompress_structP19jpeg_component_infoPsPPhj,0x2aeea4,52,JPEG-like
_Z21jinit_compress_masterP20jpeg_compress_struct,0x2aeed8,232,JPEG-like
_Z23jinit_c_coef_controllerP20jpeg_compress_structi,0x2afe2c,336,JPEG-like
_Z21jinit_color_converterP20jpeg_compress_struct,0x2b0354,776,JPEG-like
_Z17jinit_forward_dctP20jpeg_compress_struct,0x2b1070,240,JPEG-like
_Z23jpeg_make_c_derived_tblP20jpeg_compress_structiiPP13c_derived_tbl,0x2b1e78,1216,JPEG-like
_Z22jpeg_gen_optimal_tableP20jpeg_compress_structP9JHUFF_TBLPl,0x2b2524,1008,JPEG-like
_Z18jinit_huff_encoderP20jpeg_compress_struct,0x2b2a2c,128,JPEG-like
_Z23jinit_c_main_controllerP20jpeg_compress_structi,0x2b2c2c,220,JPEG-like
_Z22jinit_c_master_controlP20jpeg_compress_structi,0x2b44c8,932,JPEG-like
_Z19jinit_phuff_encoderP20jpeg_compress_struct,0x2b78c4,100,JPEG-like
_Z23jinit_c_prep_controllerP20jpeg_compress_structi,0x2b7eb4,1016,JPEG-like
_Z17jinit_downsamplerP20jpeg_compress_struct,0x2b92c8,508,JPEG-like
_Z15jpeg_fdct_floatPf,0x2b94d0,924,JPEG-like
_Z15jpeg_fdct_ifastPi,0x2b98b0,924,JPEG-like
_Z15jpeg_fdct_islowPi,0x2b9c60,808,JPEG-like
DGifGetScreenDesc,0x2ba590,676,GIF
DGifOpenFileHandle,0x2ba834,452,GIF
DGifOpenFileName,0x2ba9f8,72,GIF
DGifOpen,0x2baa40,468,GIF
DGifGetRecordType,0x2bac14,264,GIF
DGifGetImageDesc,0x2bad1c,1192,GIF
DGifGetExtensionNext,0x2bb1e0,232,GIF
DGifGetExtension,0x2bb2c8,216,GIF
DGifExtensionToGCB,0x2bb3a0,96,GIF
DGifSavedExtensionToGCB,0x2bb400,160,GIF
DGifCloseFile,0x2bb4a0,276,GIF
DGifGetCodeNext,0x2bb5b4,248,GIF
DGifGetLine,0x2bb6ac,196,GIF
DGifGetPixel,0x2bb770,220,GIF
DGifGetCode,0x2bb84c,52,GIF
DGifGetLZCodes,0x2bb880,652,GIF
DGifSlurp,0x2bbb0c,644,GIF
GifErrorString,0x2bbd90,264,GIF
reallocarray,0x2bbe98,92,other
GifBitSize,0x2bbef4,132,GIF
GifMakeMapObject,0x2bbf78,204,GIF
GifFreeMapObject,0x2bc044,52,GIF
GifUnionColorMap,0x2bc078,1236,GIF
GifApplyTranslation,0x2bc54c,56,GIF
GifAddExtensionBlock,0x2bc584,240,GIF
GifFreeExtensions,0x2bc674,128,GIF
_Z18FreeLastSavedImageP11GifFileType,0x2bc6f4,108,other
GifMakeSavedImage,0x2bc760,336,GIF
GifFreeSavedImages,0x2bc8b0,164,GIF
yajl_status_to_string,0x2bc954,68,YAJL
yajl_alloc,0x2bc998,252,YAJL
yajl_config,0x2bca94,276,YAJL
yajl_free,0x2bcba8,88,YAJL
yajl_parse,0x2bcc00,116,YAJL
yajl_complete_parse,0x2bcc74,80,YAJL
yajl_get_error,0x2bccc4,20,YAJL
yajl_get_bytes_consumed,0x2bccd8,20,YAJL
yajl_free_error,0x2bccec,32,YAJL
_Z28yajl_set_default_alloc_funcsP16yajl_alloc_funcs,0x2bcd28,44,YAJL
_Z14yajl_buf_allocP16yajl_alloc_funcs,0x2bcd54,52,YAJL
_Z13yajl_buf_freeP10yajl_buf_t,0x2bcd88,104,YAJL
_Z15yajl_buf_appendP10yajl_buf_tPKvm,0x2bcdf0,304,YAJL
_Z14yajl_buf_clearP10yajl_buf_t,0x2bcf20,20,YAJL
_Z13yajl_buf_dataP10yajl_buf_t,0x2bcf34,8,YAJL
_Z12yajl_buf_lenP10yajl_buf_t,0x2bcf3c,8,YAJL
_Z17yajl_buf_truncateP10yajl_buf_tm,0x2bcf44,72,YAJL
yajl_gen_config,0x2bcf90,460,YAJL
yajl_gen_alloc,0x2bd15c,184,YAJL
yajl_gen_free,0x2bd214,96,YAJL
yajl_gen_integer,0x2bd274,536,YAJL
yajl_gen_double,0x2bd48c,600,YAJL
yajl_gen_number,0x2bd6f0,516,YAJL
yajl_gen_string,0x2bd8f4,616,YAJL
yajl_gen_null,0x2bdb5c,504,YAJL
yajl_gen_bool,0x2bdd54,532,YAJL
yajl_gen_map_open,0x2bdf68,492,YAJL
yajl_gen_map_close,0x2be154,480,YAJL
yajl_gen_array_open,0x2be334,492,YAJL
yajl_gen_array_close,0x2be520,480,YAJL
yajl_gen_get_buf,0x2be700,100,YAJL
yajl_gen_clear,0x2be764,32,YAJL
_Z14yajl_lex_allocP16yajl_alloc_funcsjj,0x2be784,108,YAJL
_Z13yajl_lex_freeP12yajl_lexer_t,0x2be7f0,56,YAJL
_Z12yajl_lex_lexP12yajl_lexer_tPKhmPmPS2_S3_,0x2be828,4668,YAJL
_Z24yajl_lex_error_to_string14yajl_lex_error,0x2bfa64,176,YAJL
_Z18yajl_lex_get_errorP12yajl_lexer_t,0x2bfb14,20,YAJL
_Z21yajl_lex_current_lineP12yajl_lexer_t,0x2bfb28,8,YAJL
_Z21yajl_lex_current_charP12yajl_lexer_t,0x2bfb30,8,YAJL
_Z13yajl_lex_peekP12yajl_lexer_tPKhmm,0x2bfb38,132,YAJL
_Z18yajl_parse_integerPKhj,0x2bfbc0,236,YAJL
_Z24yajl_render_error_stringP13yajl_handle_tPKhmi,0x2bfcac,1096,YAJL
_Z13yajl_do_parseP13yajl_handle_tPKhm,0x2c00f4,2180,YAJL
_Z14yajl_do_finishP13yajl_handle_t,0x2c0988,196,YAJL
_Z18yajl_string_encodePFvPvPKcmES_PKhmi,0x2c0a4c,456,YAJL
_Z18yajl_string_decodeP10yajl_buf_tPKhm,0x2c0c14,1088,YAJL
_Z25yajl_string_validate_utf8PKhm,0x2c1054,284,YAJL
_ZN6CyaInt19RsaPrivateKeyDecodeEPKhPjPNS_6RsaKeyEj,0x2c1908,1792,CyaSSL
_ZN6CyaInt13ToTraditionalEPhj,0x2c2008,764,CyaSSL
_ZN6CyaInt18RsaPublicKeyDecodeEPKhPjPNS_6RsaKeyEj,0x2c2304,1304,CyaSSL
_ZN6CyaInt15InitDecodedCertEPNS_11DecodedCertEPhjPv,0x2c281c,104,CyaSSL
_ZN6CyaInt12FreeAltNamesEPNS_9DNS_entryEPv,0x2c2884,72,CyaSSL
_ZN6CyaInt15FreeDecodedCertEPNS_11DecodedCertE,0x2c28cc,116,CyaSSL
_ZN6CyaInt12ValidateDateEPKhhi,0x2c2940,788,CyaSSL
_ZN6CyaInt11DecodeToKeyEPNS_11DecodedCertEi,0x2c2c54,2576,CyaSSL
_ZN6CyaInt15EncodeSignatureEPhPKhji,0x2c3664,680,CyaSSL
_ZN6CyaInt17ParseCertRelativeEPNS_11DecodedCertEiiPv,0x2c3b80,3764,CyaSSL
_ZN6CyaInt9ParseCertEPNS_11DecodedCertEiiPv,0x2c4a34,200,CyaSSL
_ZN6CyaInt10MakeSignerEPv,0x2c4afc,44,CyaSSL
_ZN6CyaInt11FreeSignersEPNS_6SignerEPv,0x2c4b28,88,CyaSSL
_Z13AesCbcEncryptP3AesPhPKhj,0x2c4b80,1548,crypto-like
_Z13AesCbcDecryptP3AesPhPKhj,0x2c518c,1564,crypto-like
_Z8AesSetIVP3AesPKh,0x2c57a8,44,crypto-like
_Z9AesSetKeyP3AesPKhjS2_i,0x2c57d4,1668,crypto-like
_Z10Arc4SetKeyP4Arc4PKhj,0x2c5e60,340,crypto-like
_Z11Arc4ProcessP4Arc4PhPKhj,0x2c60c0,116,crypto-like
_ZN6CyaInt20CheckRunTimeSettingsEv,0x2c6140,8,CyaSSL
_ZN6CyaInt7mp_initEPNS_6mp_intE,0x2c6148,72,CyaSSL
_ZN6CyaInt8mp_clearEPNS_6mp_intE,0x2c6190,100,CyaSSL
_ZN6CyaInt13mp_init_multiEPNS_6mp_intES1_S1_S1_S1_S1_,0x2c61f4,380,CyaSSL
_ZN6CyaInt13mp_count_bitsEPNS_6mp_intE,0x2c6370,60,CyaSSL
_ZN6CyaInt20mp_unsigned_bin_sizeEPNS_6mp_intE,0x2c63ac,52,CyaSSL
_ZN6CyaInt7mp_growEPNS_6mp_intEi,0x2c63e0,124,CyaSSL
_ZN6CyaInt7mp_copyEPNS_6mp_intES1_,0x2c645c,196,CyaSSL
_ZN6CyaInt12mp_init_copyEPNS_6mp_intES1_,0x2c6520,60,CyaSSL
_ZN6CyaInt7mp_zeroEPNS_6mp_intE,0x2c655c,52,CyaSSL
_ZN6CyaInt8mp_clampEPNS_6mp_intE,0x2c6590,64,CyaSSL
_ZN6CyaInt7mp_exchEPNS_6mp_intES1_,0x2c65d0,52,CyaSSL
_ZN6CyaInt7mp_rshdEPNS_6mp_intEi,0x2c6604,120,CyaSSL
_ZN6CyaInt9mp_mod_2dEPNS_6mp_intEiS1_,0x2c667c,252,CyaSSL
_ZN6CyaInt9mp_div_2dEPNS_6mp_intEiS1_S1_,0x2c6778,448,CyaSSL
_ZN6CyaInt18mp_to_unsigned_binEPNS_6mp_intEPh,0x2c6938,196,CyaSSL
_ZN6CyaInt7mp_lshdEPNS_6mp_intEi,0x2c69fc,520,CyaSSL
_ZN6CyaInt9mp_mul_2dEPNS_6mp_intEiS1_,0x2c6c04,344,CyaSSL
_ZN6CyaInt20mp_read_unsigned_binEPNS_6mp_intEPKhi,0x2c6d5c,212,CyaSSL
_ZN6CyaInt6mp_absEPNS_6mp_intES1_,0x2c6e30,48,CyaSSL
_ZN6CyaInt10mp_cmp_magEPNS_6mp_intES1_,0x2c6e60,164,CyaSSL
_ZN6CyaInt6mp_cmpEPNS_6mp_intES1_,0x2c6f04,60,CyaSSL
_ZN6CyaInt8mp_cmp_dEPNS_6mp_intEj,0x2c6f40,68,CyaSSL
_ZN6CyaInt6mp_setEPNS_6mp_intEj,0x2c6f84,60,CyaSSL
_ZN6CyaInt8mp_div_2EPNS_6mp_intES1_,0x2c6fc0,324,CyaSSL
_ZN6CyaInt8s_mp_addEPNS_6mp_intES1_S1_,0x2c7104,488,CyaSSL
_ZN6CyaInt8s_mp_subEPNS_6mp_intES1_S1_,0x2c72ec,420,CyaSSL
_ZN6CyaInt6mp_addEPNS_6mp_intES1_S1_,0x2c7490,148,CyaSSL
_ZN6CyaInt25fast_mp_montgomery_reduceEPNS_6mp_intES1_j,0x2c7524,1252,CyaSSL
_ZN6CyaInt20mp_montgomery_reduceEPNS_6mp_intES1_j,0x2c7a08,388,CyaSSL
_ZN6CyaInt12mp_dr_reduceEPNS_6mp_intES1_j,0x2c7b8c,312,CyaSSL
_ZN6CyaInt6mp_subEPNS_6mp_intES1_S1_,0x2c7cc4,140,CyaSSL
_ZN6CyaInt6mp_divEPNS_6mp_intES1_S1_S1_,0x2c7d50,648,CyaSSL
_ZN6CyaInt6mp_modEPNS_6mp_intES1_S1_,0x2c7fd8,176,CyaSSL
_ZN6CyaInt14fast_mp_invmodEPNS_6mp_intES1_S1_,0x2c8088,768,CyaSSL
_ZN6CyaInt14mp_invmod_slowEPNS_6mp_intES1_S1_,0x2c8388,1096,CyaSSL
_ZN6CyaInt9mp_invmodEPNS_6mp_intES1_S1_,0x2c87d0,80,CyaSSL
_ZN6CyaInt17mp_reduce_is_2k_lEPNS_6mp_intE,0x2c8820,84,CyaSSL
_ZN6CyaInt15mp_reduce_is_2kEPNS_6mp_intE,0x2c8874,156,CyaSSL
_ZN6CyaInt16mp_dr_is_modulusEPNS_6mp_intE,0x2c8910,76,CyaSSL
_ZN6CyaInt19mp_montgomery_setupEPNS_6mp_intEPj,0x2c895c,76,CyaSSL
_ZN6CyaInt11mp_dr_setupEPNS_6mp_intEPj,0x2c89a8,24,CyaSSL
_ZN6CyaInt8mp_2exptEPNS_6mp_intEi,0x2c89c0,128,CyaSSL
_ZN6CyaInt18mp_reduce_2k_setupEPNS_6mp_intEPj,0x2c8a40,200,CyaSSL
_ZN6CyaInt8mp_mul_dEPNS_6mp_intEjS1_,0x2c8b08,356,CyaSSL
_ZN6CyaInt12mp_reduce_2kEPNS_6mp_intES1_j,0x2c8c6c,244,CyaSSL
_ZN6CyaInt8mp_mul_2EPNS_6mp_intES1_,0x2c8d60,336,CyaSSL
_ZN6CyaInt12mp_init_sizeEPNS_6mp_intEi,0x2c8eb0,208,CyaSSL
_ZN6CyaInt8mp_div_3EPNS_6mp_intES1_Pj,0x2c8f80,272,CyaSSL
_ZN6CyaInt13fast_s_mp_sqrEPNS_6mp_intES1_,0x2c9090,924,CyaSSL
_ZN6CyaInt18fast_s_mp_mul_digsEPNS_6mp_intES1_S1_i,0x2c9440,872,CyaSSL
_ZN6CyaInt8s_mp_sqrEPNS_6mp_intES1_,0x2c97c0,316,CyaSSL
_ZN6CyaInt6mp_sqrEPNS_6mp_intES1_,0x2c98fc,88,CyaSSL
_ZN6CyaInt13s_mp_mul_digsEPNS_6mp_intES1_S1_i,0x2c9954,332,CyaSSL
_ZN6CyaInt6mp_mulEPNS_6mp_intES1_S1_,0x2c9aa0,164,CyaSSL
_ZN6CyaInt9mp_mulmodEPNS_6mp_intES1_S1_S1_,0x2c9b44,144,CyaSSL
_ZN6CyaInt14mp_reduce_2k_lEPNS_6mp_intES1_S1_,0x2c9bd4,236,CyaSSL
_ZN6CyaInt32mp_montgomery_calc_normalizationEPNS_6mp_intES1_,0x2c9cc0,252,CyaSSL
_ZN6CyaInt15mp_exptmod_fastEPNS_6mp_intES1_S1_S1_i,0x2c9dbc,1548,CyaSSL
_ZN6CyaInt15mp_reduce_setupEPNS_6mp_intES1_,0x2ca3c8,88,CyaSSL
_ZN6CyaInt20mp_reduce_2k_setup_lEPNS_6mp_intES1_,0x2ca420,144,CyaSSL
_ZN6CyaInt12s_mp_exptmodEPNS_6mp_intES1_S1_S1_i,0x2ca4b0,1332,CyaSSL
_ZN6CyaInt10mp_exptmodEPNS_6mp_intES1_S1_S1_,0x2ca9e4,424,CyaSSL
_ZN6CyaInt23fast_s_mp_mul_high_digsEPNS_6mp_intES1_S1_i,0x2cab8c,744,CyaSSL
_ZN6CyaInt18s_mp_mul_high_digsEPNS_6mp_intES1_S1_i,0x2cae90,352,CyaSSL
_ZN6CyaInt9mp_reduceEPNS_6mp_intES1_S1_,0x2caff0,392,CyaSSL
_ZN6CyaInt10mp_set_intEPNS_6mp_intEm,0x2cb178,120,CyaSSL
_Z19CyaSSL_SetLoggingCbPFviPKcE,0x2cb1f0,8,other
_Z19CyaSSL_Debugging_ONv,0x2cb1f8,8,other
_Z20CyaSSL_Debugging_OFFv,0x2cb200,4,other
_Z7InitMd5P3Md5,0x2cbc5c,64,crypto-like
_Z9Md5UpdateP3Md5PKhj,0x2cbc9c,2828,crypto-like
_Z8Md5FinalP3Md5Ph,0x2cc7a8,244,crypto-like
_Z17RNG_GenerateBlockP3RNGPhj,0x2cc89c,72,crypto-like
_Z16RNG_GenerateByteP3RNG,0x2cc8e4,36,crypto-like
_Z12GenerateSeedP7OS_SeedPhj,0x2cc908,172,other
_Z7InitRngP3RNG,0x2cc9b4,92,crypto-like
_ZN6CyaInt10InitRsaKeyEPNS_6RsaKeyEPv,0x2cca10,48,CyaSSL
_ZN6CyaInt10FreeRsaKeyEPNS_6RsaKeyE,0x2cca40,120,CyaSSL
_ZN6CyaInt16RsaPublicEncryptEPKhjPhjPNS_6RsaKeyEP3RNG,0x2ccab8,764,CyaSSL
_ZN6CyaInt23RsaPrivateDecryptInlineEPhjPS0_PNS_6RsaKeyE,0x2ccdb4,972,CyaSSL
_ZN6CyaInt17RsaPrivateDecryptEPKhjPhjPNS_6RsaKeyE,0x2cd180,192,CyaSSL
_ZN6CyaInt19RsaSSL_VerifyInlineEPhjPS0_PNS_6RsaKeyE,0x2cd240,756,CyaSSL
_ZN6CyaInt13RsaSSL_VerifyEPKhjPhjPNS_6RsaKeyE,0x2cd534,192,CyaSSL
_ZN6CyaInt11RsaSSL_SignEPKhjPhjPNS_6RsaKeyEP3RNG,0x2cd5f4,928,CyaSSL
_ZN6CyaInt14RsaEncryptSizeEPNS_6RsaKeyE,0x2cd994,4,CyaSSL
_Z7InitShaP3Sha,0x2cebc8,76,crypto-like
_Z9ShaUpdateP3ShaPKhj,0x2cec14,5576,crypto-like
_Z8ShaFinalP3ShaPh,0x2d01dc,720,crypto-like
_Z10InitSha256P6Sha256,0x2d0934,112,crypto-like
_Z12Sha256UpdateP6Sha256PKhj,0x2d09a4,376,crypto-like
_Z11Sha256FinalP6Sha256Ph,0x2d0b1c,736,crypto-like
_ZN6CyaInt16CyaSSL_SetIORecvEPNS_10CYASSL_CTXEPFiPNS_6CYASSLEPciPvE,0x2d0dfc,8,CyaSSL
_ZN6CyaInt16CyaSSL_SetIOSendEPNS_10CYASSL_CTXEPFiPNS_6CYASSLEPciPvE,0x2d0e04,8,CyaSSL
_ZN6CyaInt19CyaSSL_SetIOReadCtxEPNS_6CYASSLEPv,0x2d0e0c,8,CyaSSL
_ZN6CyaInt20CyaSSL_SetIOWriteCtxEPNS_6CYASSLEPv,0x2d0e14,8,CyaSSL
_ZN6CyaInt21CyaSSL_SetIOReadFlagsEPNS_6CYASSLEi,0x2d0e1c,8,CyaSSL
_ZN6CyaInt22CyaSSL_SetIOWriteFlagsEPNS_6CYASSLEi,0x2d0e24,8,CyaSSL
_ZN6CyaInt9mystrnstrEPKcS1_j,0x2d0e2c,192,CyaSSL
_ZN6CyaInt15CyaSSL_CTX_freeEPNS_10CYASSL_CTXE,0x2d0eec,12,CyaSSL
_ZN6CyaInt10CyaSSL_newEPNS_10CYASSL_CTXE,0x2d0ef8,100,CyaSSL
_ZN6CyaInt11CyaSSL_freeEPNS_6CYASSLE,0x2d0f5c,12,CyaSSL
_ZN6CyaInt13CyaSSL_set_fdEPNS_6CYASSLEi,0x2d0f68,36,CyaSSL
_ZN6CyaInt13CyaSSL_get_fdEPKNS_6CYASSLE,0x2d0f8c,8,CyaSSL
_ZN6CyaInt25CyaSSL_set_using_nonblockEPNS_6CYASSLEi,0x2d0f94,16,CyaSSL
_ZN6CyaInt25CyaSSL_get_using_nonblockEPNS_6CYASSLE,0x2d0fa4,8,CyaSSL
_ZN6CyaInt11CyaSSL_dtlsEPNS_6CYASSLE,0x2d0fac,8,CyaSSL
_ZN6CyaInt20CyaSSL_dtls_set_peerEPNS_6CYASSLEPvj,0x2d0fb4,8,CyaSSL
_ZN6CyaInt20CyaSSL_dtls_get_peerEPNS_6CYASSLEPvPj,0x2d0fbc,8,CyaSSL
_ZN6CyaInt20CyaSSL_GetObjectSizeEv,0x2d0fc4,8,CyaSSL
_ZN6CyaInt15CyaSSL_SetTmpDHEPNS_6CYASSLEPKhiS3_i,0x2d0fcc,376,CyaSSL
_ZN6CyaInt12CyaSSL_writeEPNS_6CYASSLEPKvi,0x2d1144,32,CyaSSL
_ZN6CyaInt11CyaSSL_peekEPNS_6CYASSLEPvi,0x2d1164,48,CyaSSL
_ZN6CyaInt11CyaSSL_readEPNS_6CYASSLEPvi,0x2d1194,48,CyaSSL
_ZN6CyaInt11CyaSSL_sendEPNS_6CYASSLEPKvii,0x2d11c4,48,CyaSSL
_ZN6CyaInt11CyaSSL_recvEPNS_6CYASSLEPvii,0x2d11f4,48,CyaSSL
_ZN6CyaInt15CyaSSL_shutdownEPNS_6CYASSLE,0x2d1224,136,CyaSSL
_ZN6CyaInt16CyaSSL_get_errorEPNS_6CYASSLEi,0x2d12ac,72,CyaSSL
_ZN6CyaInt24CyaSSL_get_alert_historyEPNS_6CYASSLEPNS_20CYASSL_ALERT_HISTORYE,0x2d12f4,28,CyaSSL
_ZN6CyaInt16CyaSSL_want_readEPNS_6CYASSLE,0x2d1310,16,CyaSSL
_ZN6CyaInt17CyaSSL_want_writeEPNS_6CYASSLE,0x2d1320,16,CyaSSL
_ZN6CyaInt23CyaSSL_ERR_error_stringEmPc,0x2d1330,56,CyaSSL
_ZN6CyaInt25CyaSSL_ERR_error_string_nEmPcm,0x2d1368,12,CyaSSL
_ZN6CyaInt17CyaSSL_KeepArraysEPNS_6CYASSLE,0x2d1374,16,CyaSSL
_ZN6CyaInt17CyaSSL_FreeArraysEPNS_6CYASSLE,0x2d1384,32,CyaSSL
_ZN6CyaInt22CyaSSL_CertManagerFreeEPNS_19CYASSL_CERT_MANAGERE,0x2d13a4,80,CyaSSL
_ZN6CyaInt21CyaSSL_CertManagerNewEv,0x2d13f4,116,CyaSSL
_ZN6CyaInt26CyaSSL_ERR_print_errors_fpEP7__sFILEi,0x2d1468,60,CyaSSL
_ZN6CyaInt14CyaSSL_pendingEPNS_6CYASSLE,0x2d14a4,8,CyaSSL
_ZN6CyaInt29CyaSSL_CTX_set_group_messagesEPNS_10CYASSL_CTXE,0x2d14ac,32,CyaSSL
_ZN6CyaInt25CyaSSL_set_group_messagesEPNS_6CYASSLE,0x2d14cc,32,CyaSSL
_ZN6CyaInt17CyaSSL_SetVersionEPNS_6CYASSLEi,0x2d14ec,176,CyaSSL
_ZN6CyaInt13AlreadySignerEPNS_19CYASSL_CERT_MANAGEREPh,0x2d159c,136,CyaSSL
_ZN6CyaInt5GetCAEPvPh,0x2d1624,120,CyaSSL
_ZN6CyaInt5AddCAEPNS_19CYASSL_CERT_MANAGERENS_7buffertEii,0x2d169c,464,CyaSSL
_ZN6CyaInt11CyaSSL_InitEv,0x2d186c,160,CyaSSL
_ZN6CyaInt14CyaSSL_CTX_newEPNS_13CYASSL_METHODE,0x2d190c,144,CyaSSL
_ZN6CyaInt8PemToDerEPKhliPNS_7buffertEPvPNS_13EncryptedInfoEPi,0x2d199c,980,CyaSSL
_ZN6CyaInt30CyaSSL_CertManagerVerifyBufferEPNS_19CYASSL_CERT_MANAGEREPKhli,0x2d22c4,220,CyaSSL
_ZN6CyaInt11ProcessFileEPNS_10CYASSL_CTXEPKciiPNS_6CYASSLEiPNS_10CYASSL_CRLE,0x2d23a0,668,CyaSSL
_ZN6CyaInt32CyaSSL_CTX_load_verify_locationsEPNS_10CYASSL_CTXEPKcS3_,0x2d279c,24,CyaSSL
_ZN6CyaInt24CyaSSL_CertManagerVerifyEPNS_19CYASSL_CERT_MANAGEREPKci,0x2d27b4,304,CyaSSL
_ZN6CyaInt27CyaSSL_CertManagerEnableCRLEPNS_19CYASSL_CERT_MANAGEREi,0x2d28e4,20,CyaSSL
_ZN6CyaInt28CyaSSL_CertManagerDisableCRLEPNS_19CYASSL_CERT_MANAGERE,0x2d28f8,24,CyaSSL
_ZN6CyaInt28CyaSSL_CTX_check_private_keyEPNS_10CYASSL_CTXE,0x2d2910,8,CyaSSL
_ZN6CyaInt31CyaSSL_CTX_use_certificate_fileEPNS_10CYASSL_CTXEPKci,0x2d2918,48,CyaSSL
_ZN6CyaInt30CyaSSL_CTX_use_PrivateKey_fileEPNS_10CYASSL_CTXEPKci,0x2d2948,48,CyaSSL
_ZN6CyaInt37CyaSSL_CTX_use_certificate_chain_fileEPNS_10CYASSL_CTXEPKc,0x2d2978,52,CyaSSL
_ZN6CyaInt21CyaSSL_CTX_set_verifyEPNS_10CYASSL_CTXEiPFiiPNS_21CYASSL_X509_STORE_CTXEE,0x2d29ac,60,CyaSSL
_ZN6CyaInt17CyaSSL_set_verifyEPNS_6CYASSLEiPFiiPNS_21CYASSL_X509_STORE_CTXEE,0x2d29e8,60,CyaSSL
_ZN6CyaInt18CyaSSL_CTX_SetCACbEPNS_10CYASSL_CTXEPFvPhiiE,0x2d2a24,20,CyaSSL
_ZN6CyaInt25CyaSSL_load_error_stringsEv,0x2d2a38,4,CyaSSL
_ZN6CyaInt19CyaSSL_library_initEv,0x2d2a3c,36,CyaSSL
_ZN6CyaInt33CyaSSL_CTX_set_session_cache_modeEPNS_10CYASSL_CTXEl,0x2d2a60,48,CyaSSL
_ZN6CyaInt26CyaSSL_CTX_set_cipher_listEPNS_10CYASSL_CTXEPKc,0x2d2a90,36,CyaSSL
_ZN6CyaInt22CyaSSL_set_cipher_listEPNS_6CYASSLEPKc,0x2d2ab4,84,CyaSSL
_ZN6CyaInt31CyaSSL_dtls_get_current_timeoutEPNS_6CYASSLE,0x2d2b08,8,CyaSSL
_ZN6CyaInt23CyaSSL_dtls_got_timeoutEPNS_6CYASSLE,0x2d2b10,8,CyaSSL
_ZN6CyaInt22CyaSSLv3_client_methodEv,0x2d2b18,56,CyaSSL
_ZN6CyaInt24CyaSSL_CertManagerLoadCAEPNS_19CYASSL_CERT_MANAGEREPKcS3_,0x2d2b50,124,CyaSSL
_ZN6CyaInt14CyaSSL_connectEPNS_6CYASSLE,0x2d2bcc,500,CyaSSL
_ZN6CyaInt16CyaSSL_negotiateEPNS_6CYASSLE,0x2d2dc0,68,CyaSSL
_ZN6CyaInt19CyaSSL_connect_certEPNS_6CYASSLE,0x2d2e04,60,CyaSSL
_ZN6CyaInt14CyaSSL_CleanupEv,0x2d2e40,160,CyaSSL
_ZN6CyaInt21CyaSSL_flush_sessionsEPNS_10CYASSL_CTXEl,0x2d2ee0,4,CyaSSL
_ZN6CyaInt18CyaSSL_set_timeoutEPNS_6CYASSLEj,0x2d2ee4,24,CyaSSL
_ZN6CyaInt22CyaSSL_CTX_set_timeoutEPNS_10CYASSL_CTXEj,0x2d2efc,24,CyaSSL
_ZN6CyaInt10GetSessionEPNS_6CYASSLEPh,0x2d2f14,500,CyaSSL
_ZN6CyaInt18CyaSSL_get_sessionEPNS_6CYASSLE,0x2d3108,16,CyaSSL
_ZN6CyaInt10SetSessionEPNS_6CYASSLEPNS_14CYASSL_SESSIONE,0x2d3118,152,CyaSSL
_ZN6CyaInt18CyaSSL_set_sessionEPNS_6CYASSLEPNS_14CYASSL_SESSIONE,0x2d31b0,16,CyaSSL
_ZN6CyaInt10AddSessionEPNS_6CYASSLE,0x2d31c0,408,CyaSSL
_ZN6CyaInt24CyaSSL_check_domain_nameEPNS_6CYASSLEPKc,0x2d3358,132,CyaSSL
_ZN6CyaInt22CyaSSL_set_compressionEPNS_6CYASSLE,0x2d33dc,8,CyaSSL
_ZN6CyaInt13CyaSSL_writevEPNS_6CYASSLEPK5ioveci,0x2d33e4,500,CyaSSL
_ZN6CyaInt29CyaSSL_CTX_load_verify_bufferEPNS_10CYASSL_CTXEPKhli,0x2d35d8,228,CyaSSL
_ZN6CyaInt33CyaSSL_CTX_use_certificate_bufferEPNS_10CYASSL_CTXEPKhli,0x2d36bc,20,CyaSSL
_ZN6CyaInt32CyaSSL_CTX_use_PrivateKey_bufferEPNS_10CYASSL_CTXEPKhli,0x2d36d0,20,CyaSSL
_ZN6CyaInt39CyaSSL_CTX_use_certificate_chain_bufferEPNS_10CYASSL_CTXEPKhl,0x2d36e4,24,CyaSSL
_ZN6CyaInt29CyaSSL_use_certificate_bufferEPNS_6CYASSLEPKhli,0x2d36fc,24,CyaSSL
_ZN6CyaInt28CyaSSL_use_PrivateKey_bufferEPNS_6CYASSLEPKhli,0x2d3714,24,CyaSSL
_ZN6CyaInt35CyaSSL_use_certificate_chain_bufferEPNS_6CYASSLEPKhl,0x2d372c,28,CyaSSL
_ZN6CyaInt23CyaSSL_is_init_finishedEPNS_6CYASSLE,0x2d3748,28,CyaSSL
_ZN6CyaInt27CyaSSL_X509_get_issuer_nameEPNS_11CYASSL_X509E,0x2d3764,4,CyaSSL
_ZN6CyaInt28CyaSSL_X509_get_subject_nameEPNS_11CYASSL_X509E,0x2d3768,8,CyaSSL
_ZN6CyaInt24CyaSSL_X509_NAME_onelineEPNS_16CYASSL_X509_NAMEEPci,0x2d3770,144,CyaSSL
_ZN6CyaInt27CyaSSL_get_peer_certificateEPNS_6CYASSLE,0x2d3800,20,CyaSSL
_ZN6CyaInt19CyaSSL_get_shutdownEPKNS_6CYASSLE,0x2d3814,24,CyaSSL
_ZN6CyaInt21CyaSSL_session_reusedEPNS_6CYASSLE,0x2d382c,8,CyaSSL
_ZN6CyaInt18CyaSSL_get_versionEPNS_6CYASSLE,0x2d3834,160,CyaSSL
_ZN6CyaInt31CyaSSL_get_current_cipher_suiteEPNS_6CYASSLE,0x2d38d4,28,CyaSSL
_ZN6CyaInt25CyaSSL_get_current_cipherEPNS_6CYASSLE,0x2d38f0,16,CyaSSL
_ZN6CyaInt22CyaSSL_CIPHER_get_nameEPKNS_13CYASSL_CIPHERE,0x2d3900,360,CyaSSL
_ZN6CyaInt17CyaSSL_get_cipherEPNS_6CYASSLE,0x2d3a68,24,CyaSSL
_ZN6CyaInt16CyaSSL_X509_freeEPNS_11CYASSL_X509E,0x2d3a80,4,CyaSSL
_ZN6CyaInt25CyaSSL_X509_get_subjectCNEPNS_11CYASSL_X509E,0x2d3a84,16,CyaSSL
_ZN6CyaInt27CyaSSL_CTX_OCSP_set_optionsEPNS_10CYASSL_CTXEl,0x2d3a94,8,CyaSSL
_ZN6CyaInt32CyaSSL_CTX_OCSP_set_override_urlEPNS_10CYASSL_CTXEPKc,0x2d3a9c,8,CyaSSL
_ZN6CyaInt16BuildTlsFinishedEPNS_6CYASSLEPNS_6HashesEPKh,0x2d44dc,240,CyaSSL
_ZN6CyaInt9MakeTLSv1Ev,0x2d45cc,24,CyaSSL
_ZN6CyaInt11MakeTLSv1_1Ev,0x2d45e4,24,CyaSSL
_ZN6CyaInt11MakeTLSv1_2Ev,0x2d45fc,8,CyaSSL
_ZN6CyaInt13DeriveTlsKeysEPNS_6CYASSLE,0x2d4604,2628,CyaSSL
_ZN6CyaInt19MakeTlsMasterSecretEPNS_6CYASSLE,0x2d5048,152,CyaSSL
_ZN6CyaInt20CyaSSL_make_eap_keysEPNS_6CYASSLEPvjPKc,0x2d50e0,172,CyaSSL
_ZN6CyaInt8TLS_hmacEPNS_6CYASSLEPhPKhjii,0x2d518c,328,CyaSSL
_ZN6CyaInt22CyaTLSv1_client_methodEv,0x2d52d4,56,CyaSSL
_ZN6CyaInt24CyaTLSv1_1_client_methodEv,0x2d530c,56,CyaSSL
_ZN6CyaInt24CyaTLSv1_2_client_methodEv,0x2d5344,56,CyaSSL
_ZN6CyaInt23CyaSSLv23_client_methodEv,0x2d537c,64,CyaSSL
_Z13Base64_DecodePKhjPhPj,0x2d53bc,504,crypto-like
_Z10HmacSetKeyP4HmaciPKhj,0x2d55b4,536,crypto-like
_Z10HmacUpdateP4HmacPKhj,0x2d57cc,252,crypto-like
_Z9HmacFinalP4HmacPh,0x2d58c8,388,crypto-like
_ZN6CyaInt5IsTLSEPKNS_6CYASSLE,0x2d5f40,40,CyaSSL
_ZN6CyaInt16IsAtLeastTLSv1_2EPKNS_6CYASSLE,0x2d5f68,72,CyaSSL
_ZN6CyaInt7c32to24EjPh,0x2d6214,24,CyaSSL
_ZN6CyaInt14InitSSL_MethodEPNS_13CYASSL_METHODENS_15ProtocolVersionE,0x2d622c,20,CyaSSL
_ZN6CyaInt19SSL_CtxResourceFreeEPNS_10CYASSL_CTXE,0x2d6240,100,CyaSSL
_ZN6CyaInt11InitCiphersEPNS_6CYASSLE,0x2d62a4,28,CyaSSL
_ZN6CyaInt11FreeCiphersEPNS_6CYASSLE,0x2d62c0,80,CyaSSL
_ZN6CyaInt15InitCipherSpecsEPNS_11CipherSpecsE,0x2d6310,48,CyaSSL
_ZN6CyaInt10InitSuitesEPNS_6SuitesENS_15ProtocolVersionEhhhhhhi,0x2d6340,624,CyaSSL
_ZN6CyaInt10FreeArraysEPNS_6CYASSLEi,0x2d65b0,68,CyaSSL
_ZN6CyaInt9MakeSSLv3Ev,0x2d65f4,8,CyaSSL
_ZN6CyaInt11LowResTimerEv,0x2d65fc,28,CyaSSL
_ZN6CyaInt18ShrinkOutputBufferEPNS_6CYASSLE,0x2d6618,68,CyaSSL
_ZN6CyaInt17ShrinkInputBufferEPNS_6CYASSLEi,0x2d665c,176,CyaSSL
_ZN6CyaInt16SSL_ResourceFreeEPNS_6CYASSLE,0x2d670c,292,CyaSSL
_ZN6CyaInt22FreeHandshakeResourcesEPNS_6CYASSLE,0x2d6830,152,CyaSSL
_ZN6CyaInt12SendBufferedEPNS_6CYASSLE,0x2d68c8,252,CyaSSL
_ZN6CyaInt15GrowInputBufferEPNS_6CYASSLEii,0x2d69c4,220,CyaSSL
_ZN6CyaInt18CheckAvalaibleSizeEPNS_6CYASSLEi,0x2d6aa0,260,CyaSSL
_ZN6CyaInt10DoFinishedEPNS_6CYASSLEPKhPji,0x2d6ba4,364,CyaSSL
_ZN6CyaInt16SendChangeCipherEPNS_6CYASSLE,0x2d6d10,140,CyaSSL
_ZN6CyaInt12SendFinishedEPNS_6CYASSLE,0x2d6d9c,1412,CyaSSL
_ZN6CyaInt15SendCertificateEPNS_6CYASSLE,0x2d7320,436,CyaSSL
_ZN6CyaInt22SendCertificateRequestEPNS_6CYASSLE,0x2d74d4,396,CyaSSL
_ZN6CyaInt8SendDataEPNS_6CYASSLEPKvi,0x2d7660,824,CyaSSL
_ZN6CyaInt9SendAlertEPNS_6CYASSLEii,0x2d7998,732,CyaSSL
_ZN6CyaInt17DoApplicationDataEPNS_6CYASSLEPhPj,0x2d7c74,604,CyaSSL
_ZN6CyaInt12ProcessReplyEPNS_6CYASSLE,0x2d85c0,3284,CyaSSL
_ZN6CyaInt11ReceiveDataEPNS_6CYASSLEPhii,0x2d9294,276,CyaSSL
_ZN6CyaInt14SetErrorStringEiPc,0x2d93a8,20,CyaSSL
_ZN6CyaInt13SetCipherListEPNS_6SuitesEPKc,0x2d93bc,908,CyaSSL
_ZN6CyaInt15SendClientHelloEPNS_6CYASSLE,0x2d9748,800,CyaSSL
_ZN6CyaInt21SendClientKeyExchangeEPNS_6CYASSLE,0x2d9a68,596,CyaSSL
_ZN6CyaInt21SendCertificateVerifyEPNS_6CYASSLE,0x2d9cbc,1176,CyaSSL
_ZN6CyaInt9InitMutexEPi,0x2da154,8,CyaSSL
_ZN6CyaInt11InitSSL_CtxEPNS_10CYASSL_CTXEPNS_13CYASSL_METHODE,0x2da15c,240,CyaSSL
_ZN6CyaInt9FreeMutexEPi,0x2da24c,8,CyaSSL
_ZN6CyaInt9LockMutexEPi,0x2da254,8,CyaSSL
_ZN6CyaInt11UnLockMutexEPi,0x2da25c,8,CyaSSL
_ZN6CyaInt11FreeSSL_CtxEPNS_10CYASSL_CTXE,0x2da264,120,CyaSSL
_ZN6CyaInt7FreeSSLEPNS_6CYASSLE,0x2da2dc,44,CyaSSL
_ZN6CyaInt7InitSSLEPNS_6CYASSLEPNS_10CYASSL_CTXE,0x2da308,1000,CyaSSL
_ZN6CyaInt14SetCipherSpecsEPNS_6CYASSLE,0x2da6f0,568,CyaSSL
_ZN6CyaInt9StoreKeysEPNS_6CYASSLEPKh,0x2da928,616,CyaSSL
_ZN6CyaInt10DeriveKeysEPNS_6CYASSLE,0x2dab90,616,CyaSSL
_ZN6CyaInt16MakeMasterSecretEPNS_6CYASSLE,0x2db060,16,CyaSSL
